0.000000,0.002533,0.000000,0.000681,0.001169,0.008263
1.000000,0.007859,0.001293,0.001106,0.001459,0.017275
2.000000,0.010840,0.002818,0.001872,0.001956,0.009941
3.000000,0.011648,0.004336,0.000880,0.001249,-0.000943
4.000000,0.010083,0.005825,0.001458,0.001599,0.015880
5.000000,0.012569,0.007551,0.002732,0.002305,0.020690
6.000000,0.005444,0.006652,0.001504,0.001775,-0.018349
7.000000,0.001595,0.006217,0.002051,0.001924,-0.009302
8.000000,0.001970,0.006809,0.002734,0.001366,0.000934
9.000000,0.000376,0.005229,0.003253,0.001988,0.007905
10.000000,-0.005530,0.003519,0.001760,0.001627,-0.008839
11.000000,0.002302,0.003873,0.002583,0.002028,0.020810
12.000000,-0.003583,-0.000994,0.000912,0.000916,-0.038727
13.000000,-0.018475,-0.008252,-0.001958,-0.002164,-0.073523
14.000000,-0.016202,-0.007913,-0.001044,-0.001665,0.019270
15.000000,-0.015542,-0.010536,-0.001493,-0.001690,-0.005540
16.000000,-0.016199,-0.006949,-0.000149,-0.001314,0.017522
17.000000,-0.008653,-0.006118,0.000050,-0.000672,-0.000993
18.000000,0.002847,-0.007814,-0.000502,-0.000782,-0.016024
19.000000,-0.002121,-0.009161,-0.001966,-0.000885,-0.005568
20.000000,0.003604,-0.005969,-0.001225,-0.000817,0.023082
21.000000,0.003737,-0.006231,-0.001179,-0.000355,0.018187
22.000000,0.003252,-0.002700,-0.001847,-0.000292,-0.003415
23.000000,0.001308,0.002078,-0.003087,-0.000613,-0.025744
24.000000,0.001315,-0.000403,-0.004158,-0.000830,-0.005532
25.000000,-0.001894,0.000855,-0.004841,-0.000710,0.007035
26.000000,-0.003241,0.000248,-0.003351,-0.000016,0.011451
27.000000,-0.004148,-0.000448,-0.003283,-0.000116,-0.007952
28.000000,-0.000905,0.000202,-0.003806,-0.000268,-0.009526
29.000000,0.001607,0.001461,-0.003850,-0.000823,0.007028
30.000000,0.002587,0.000347,-0.002811,-0.000701,0.011935
31.000000,-0.000396,-0.001819,-0.004025,-0.001392,-0.003466
32.000000,-0.002966,-0.003557,-0.003129,-0.002417,-0.020800
33.000000,-0.002025,-0.001465,0.000306,-0.002547,-0.004823
34.000000,-0.004451,-0.001422,-0.000912,-0.003246,-0.005102
35.000000,-0.007043,-0.002228,-0.000687,-0.003970,-0.001024
36.000000,-0.005430,-0.002913,-0.001333,-0.003205,0.004598
37.000000,-0.004042,-0.003504,-0.001976,-0.003357,-0.013857
38.000000,0.001319,-0.000353,-0.000076,-0.002655,0.021979
39.000000,0.002945,-0.000753,0.000354,-0.002818,0.003029
40.000000,0.004756,-0.001143,-0.000398,-0.002255,0.008032
41.000000,0.003837,-0.000797,-0.001308,-0.002949,0.000000
42.000000,-0.053613,-0.028827,-0.016192,-0.011695,-0.301105
43.000000,-0.045312,-0.021997,-0.011731,-0.007128,0.063482
44.000000,-0.043022,-0.020039,-0.010730,-0.007288,0.014479
45.000000,-0.036785,-0.016014,-0.009121,-0.005796,0.039221
46.000000,-0.033802,-0.014983,-0.008948,-0.005883,0.014912
47.000000,0.024635,-0.014489,-0.008996,-0.006147,-0.008921
48.000000,0.007468,-0.018922,-0.009638,-0.006358,-0.022351
49.000000,0.003101,-0.019961,-0.010357,-0.006418,-0.007357
50.000000,-0.010740,-0.023762,-0.012453,-0.008186,-0.029984
51.000000,-0.015634,-0.024718,-0.012757,-0.009111,-0.009557
52.000000,-0.014491,0.005072,-0.011878,-0.009104,-0.003206
53.000000,-0.006078,0.000695,-0.010651,-0.007589,0.019714
54.000000,-0.008806,-0.002853,-0.011446,-0.008105,-0.021000
55.000000,-0.001911,-0.006326,-0.011170,-0.008189,0.004492
56.000000,-0.002059,-0.008847,-0.011915,-0.008914,-0.010296
57.000000,0.000257,-0.007117,-0.010803,-0.008370,0.008374
58.000000,-0.005879,-0.005979,-0.012450,-0.008418,-0.010964
59.000000,-0.001420,-0.005113,-0.012537,-0.008609,0.001296
60.000000,-0.004271,-0.003091,-0.013427,-0.009332,-0.009763
61.000000,-0.002211,-0.002135,-0.013427,-0.009217,0.000000
62.000000,0.003938,0.002097,0.003585,-0.007219,0.039120
63.000000,0.007759,0.000940,0.000818,-0.006787,0.008143
64.000000,0.010472,0.004526,0.000837,-0.006122,0.014861
65.000000,0.009827,0.002778,-0.001774,-0.006521,-0.012991
66.000000,0.009203,0.003496,-0.002675,-0.006778,-0.003118
67.000000,0.007772,0.005855,-0.000631,-0.005251,0.031963
68.000000,0.005780,0.006770,0.000395,-0.006044,-0.001817
69.000000,0.002322,0.006397,0.000642,-0.006226,-0.002427
70.000000,0.000373,0.005100,0.001004,-0.007251,-0.022735
71.000000,0.002730,0.005966,0.001915,-0.006962,0.008663
72.000000,-0.004651,0.001560,0.001829,0.002910,-0.004941
73.000000,-0.004164,0.000808,0.000874,0.000814,0.000619
74.000000,0.003254,0.002788,0.003657,0.001487,0.034664
75.000000,0.011590,0.005982,0.004380,0.000811,0.018947
76.000000,0.016548,0.009639,0.006567,0.001429,0.033452
77.000000,0.015713,0.005531,0.005693,0.001423,-0.009117
78.000000,0.015704,0.005770,0.006270,0.002187,0.000572
79.000000,0.010366,0.006810,0.006604,0.002698,0.007977
80.000000,0.005667,0.008629,0.006864,0.003546,-0.004551
81.000000,-0.001480,0.007534,0.006750,0.003788,-0.002283
82.000000,-0.001148,0.007282,0.004421,0.003647,-0.007456
83.000000,-0.007341,0.004181,0.002494,0.001976,-0.030394
84.000000,-0.007164,0.001601,0.002195,0.002972,0.008863
85.000000,-0.006961,-0.000647,0.002667,0.002704,-0.003536
86.000000,-0.013595,-0.007537,0.001051,0.001866,-0.035450
87.000000,-0.011981,-0.006565,-0.000517,0.001607,0.000611
88.000000,-0.008486,-0.007914,-0.001072,0.001542,-0.012919
89.000000,0.004651,-0.001256,0.002777,0.003984,0.074550
90.000000,0.009792,0.001415,0.005022,0.005048,0.022166
91.000000,0.019673,0.003039,0.005287,0.005513,0.013955
92.000000,0.018995,0.003507,0.005395,0.004117,-0.002775
93.000000,0.028678,0.010096,0.007139,0.005028,0.035494
94.000000,0.011393,0.008022,0.004812,0.004137,-0.011873
95.000000,0.007069,0.008430,0.003891,0.004588,0.000543
96.000000,0.005144,0.012408,0.002435,0.004837,0.004331
97.000000,0.006777,0.012886,0.003161,0.003951,0.005388
98.000000,-0.000430,0.014124,0.003105,0.003993,-0.000537
99.000000,0.004084,0.007739,0.003241,0.004431,0.010695
100.000000,0.007769,0.007419,0.004417,0.005821,0.018968
101.000000,0.013171,0.009157,0.006098,0.006577,0.031341
102.000000,0.009651,0.008214,0.005860,0.006334,-0.012214
103.000000,0.003897,0.001734,0.005915,0.005337,-0.029304
104.000000,0.001695,0.002889,0.005456,0.004171,-0.000316
105.000000,-0.004220,0.001775,0.005102,0.003186,-0.010605
106.000000,-0.009424,0.001873,0.007141,0.002248,0.005316
107.000000,-0.005292,0.002179,0.007533,0.002834,0.008448
108.000000,-0.000697,0.001600,0.007862,0.002603,-0.006329
109.000000,0.000264,0.000979,0.004359,0.002487,0.004487
110.000000,-0.000641,-0.002430,0.002494,0.002135,-0.015126
111.000000,-0.000212,-0.004818,0.002170,0.002459,0.007459
112.000000,-0.000526,-0.002909,0.002652,0.002937,0.006877
113.000000,-0.000530,-0.000613,0.000560,0.003739,-0.006346
114.000000,-0.001427,-0.000582,0.001154,0.003443,0.000000
115.000000,0.001598,0.000479,0.001127,0.003561,0.000000
116.000000,-0.003426,-0.001819,0.000027,0.004154,-0.017662
117.000000,-0.010942,-0.005734,-0.001778,0.003110,-0.030704
118.000000,-0.008231,-0.004380,-0.001390,0.003781,0.007212
119.000000,-0.010231,-0.005829,-0.002425,0.000963,-0.010000
120.000000,0.001585,0.001592,-0.000419,0.002193,0.059080
121.000000,0.003956,0.000265,-0.002277,0.001535,-0.005806
122.000000,0.016453,0.002756,-0.000077,0.002687,0.031782
123.000000,0.019454,0.005611,0.002499,0.002244,0.022213
124.000000,0.025348,0.007558,0.003488,0.003289,0.019470
125.000000,0.013236,0.007411,0.003945,0.003221,-0.001477
126.000000,0.010317,0.007137,0.002659,0.002397,-0.020404
127.000000,0.008632,0.012543,0.003404,0.002996,0.023355
128.000000,0.003904,0.011679,0.003649,0.002966,-0.001425
129.000000,-0.000197,0.012575,0.003373,0.002575,-0.001033
130.000000,-0.000790,0.006223,0.003907,0.001795,-0.004441
131.000000,0.005162,0.007739,0.004002,0.001062,0.009353
132.000000,-0.001182,0.003725,0.003240,0.001190,-0.008364
133.000000,-0.002086,0.000909,0.003260,0.001969,-0.005946
134.000000,-0.000592,-0.000394,0.003582,0.002194,0.006440
135.000000,-0.000198,-0.000494,0.003458,0.002465,-0.002472
136.000000,-0.001574,0.001794,0.004465,0.002370,0.002472
137.000000,0.003623,0.001220,0.006881,0.002676,0.017622
138.000000,0.005974,0.001944,0.006811,0.003081,0.005806
139.000000,0.004975,0.002191,0.007383,0.002979,0.001446
140.000000,0.004213,0.002007,0.004115,0.003274,-0.006282
141.000000,0.006988,0.002707,0.005223,0.003570,0.016347
142.000000,0.003177,0.003400,0.003562,0.003293,-0.001432
143.000000,0.000578,0.003276,0.002092,0.003265,-0.007189
144.000000,0.000961,0.002968,0.001287,0.003377,0.003361
145.000000,0.001064,0.002638,0.001072,0.003185,-0.005769
146.000000,-0.001340,0.002824,0.002309,0.003918,0.004330
147.000000,0.000286,0.001732,0.001476,0.005165,0.006699
148.000000,0.004377,0.002477,0.002211,0.005367,0.013264
149.000000,0.001813,0.001387,0.001789,0.005385,-0.009456
150.000000,0.000674,0.000869,0.001438,0.003033,-0.011467
151.000000,0.001244,-0.000048,0.001330,0.003466,0.007182
152.000000,0.007212,0.003749,0.003575,0.003625,0.036538
153.000000,0.000939,0.002658,0.002967,0.002281,-0.018102
154.000000,0.000948,0.001381,0.002174,0.001318,-0.009412
155.000000,0.003996,0.002335,0.002487,0.001493,0.003775
156.000000,-0.002593,-0.000674,0.001075,0.001314,-0.025765
157.000000,-0.010288,-0.001538,0.000097,0.000471,-0.001935
158.000000,-0.006087,-0.002574,-0.000048,0.000616,0.002901
159.000000,-0.002570,-0.000811,0.000288,0.000923,0.008175
160.000000,-0.004092,-0.000048,0.000410,0.000943,-0.003839
161.000000,0.002020,-0.000287,-0.000167,0.000791,0.004796
162.000000,0.002885,-0.003702,0.000024,0.001149,0.002389
163.000000,0.005148,-0.000469,0.001094,0.001821,0.014218
164.000000,-0.002797,-0.002683,-0.000651,0.000555,-0.031551
165.000000,-0.003296,-0.003694,-0.000680,0.000426,-0.006334
166.000000,0.000096,0.001058,0.000192,0.001069,0.021756
167.000000,-0.005517,-0.001316,-0.001427,-0.000374,-0.025673
168.000000,-0.009542,-0.002197,-0.002385,-0.000764,-0.005906
169.000000,0.000582,-0.001108,-0.000959,-0.000177,0.019067
170.000000,0.005781,0.001242,0.000597,0.000688,0.019660
171.000000,0.001240,0.000668,0.000190,0.000111,-0.000950
172.000000,0.005994,0.000238,-0.001732,0.000095,-0.001903
173.000000,0.006029,-0.001757,-0.001113,0.000144,-0.005731
174.000000,-0.000194,0.000194,-0.001245,-0.000370,-0.012045
175.000000,-0.007252,-0.000736,-0.002215,-0.000698,-0.015633
176.000000,-0.003839,-0.001300,-0.000121,-0.000305,0.016118
177.000000,-0.003943,0.001025,-0.000145,-0.000610,-0.002425
178.000000,0.000096,0.003062,0.000433,-0.000570,0.014465
179.000000,-0.002831,-0.001513,-0.001310,-0.001144,-0.026681
180.000000,-0.003477,-0.005365,-0.002061,-0.001390,-0.018859
181.000000,-0.002535,-0.003187,-0.001260,-0.000935,0.020824
182.000000,-0.002443,-0.003193,-0.001477,-0.002219,-0.001965
183.000000,-0.005631,-0.002768,-0.002262,-0.001665,-0.001476
184.000000,0.000098,-0.001367,-0.000586,-0.001285,0.001968
185.000000,0.003870,0.000197,-0.000270,-0.001411,0.000000
186.000000,-0.000688,-0.001612,-0.001456,-0.000618,-0.001968
187.000000,0.001274,-0.000585,0.000220,-0.000292,0.007847
188.000000,0.009049,0.001709,0.002385,0.000858,0.037396
189.000000,0.009031,0.004565,0.001526,0.000648,0.001881
190.000000,0.004567,0.004218,-0.000573,0.000032,-0.022323
191.000000,0.005056,0.002184,-0.000502,-0.000112,0.000480
192.000000,0.001848,0.001561,-0.000816,-0.000465,-0.008195
193.000000,-0.011028,-0.000990,-0.001879,-0.001838,-0.026982
194.000000,-0.015930,-0.003449,-0.002408,-0.001541,-0.022631
195.000000,-0.010097,-0.002765,-0.001284,-0.001101,0.006843
196.000000,-0.012224,-0.003584,-0.002598,-0.002165,-0.010155
197.000000,-0.009313,-0.003733,-0.002159,-0.001097,0.006359
198.000000,-0.006983,-0.009005,-0.003648,-0.001412,-0.015330
199.000000,0.000711,-0.007610,-0.001522,-0.001519,0.015837
200.000000,0.003952,-0.003073,0.000573,-0.001406,0.023047
201.000000,0.009225,-0.001499,0.000342,-0.000834,0.016213
202.000000,0.004116,-0.002599,-0.000519,-0.001410,-0.019189
203.000000,0.009552,0.001285,0.000147,-0.000824,0.011852
204.000000,0.008533,0.004622,0.000586,-0.000065,0.010742
205.000000,0.002755,0.003353,0.000294,0.000262,-0.005845
206.000000,-0.000488,0.004369,0.000392,-0.000276,0.000000
207.000000,0.004713,0.004414,0.000341,0.000032,0.006816
208.000000,0.003021,0.006286,-0.001359,-0.000337,0.003391
209.000000,-0.002837,0.002848,-0.002381,-0.000066,-0.018546
210.000000,-0.002062,0.000346,-0.001363,0.000497,-0.001972
211.000000,0.004062,0.001787,0.000144,0.000824,0.030622
212.000000,0.003844,0.004279,0.000840,0.001080,0.005728
213.000000,0.013824,0.008423,0.004854,0.002906,0.053290
214.000000,0.016448,0.006805,0.005714,0.002659,-0.005430
215.000000,0.016570,0.007254,0.005303,0.002614,-0.001362
216.000000,0.014938,0.009500,0.006934,0.003428,0.022463
217.000000,0.012634,0.008239,0.006327,0.002974,-0.005792
218.000000,0.004815,0.009320,0.007803,0.002200,0.014197
219.000000,0.013423,0.014935,0.008892,0.003391,0.037610
220.000000,0.010013,0.013291,0.006819,0.003522,-0.018412
221.000000,0.006899,0.010918,0.006353,0.003735,0.006891
222.000000,0.004157,0.008395,0.006337,0.003358,-0.019502
223.000000,0.001054,0.002935,0.005679,0.004214,-0.001314
224.000000,-0.003682,0.004870,0.005838,0.005433,0.013925
225.000000,0.002235,0.006124,0.006689,0.005577,0.011173
226.000000,0.001624,0.004262,0.006881,0.006043,0.003839
227.000000,0.004671,0.004414,0.006327,0.005689,-0.004266
228.000000,0.005702,0.003378,0.006349,0.006328,0.003840
229.000000,0.004867,0.000592,0.007764,0.006125,0.009748
230.000000,0.005397,0.003816,0.008554,0.005818,0.013822
231.000000,-0.000939,0.000343,0.005631,0.004349,-0.027838
232.000000,-0.001804,0.001434,0.004915,0.004703,-0.008591
233.000000,0.002034,0.003868,0.003401,0.005075,0.023029
234.000000,-0.001694,0.001586,0.003228,0.004421,-0.008893
235.000000,-0.003018,0.001189,0.003657,0.004856,0.007205
236.000000,0.002465,0.000763,0.002512,0.004842,-0.000422
237.000000,0.005279,0.001738,0.003076,0.004797,0.005477
238.000000,-0.005124,-0.001545,0.000917,0.003718,-0.028988
239.000000,-0.003605,-0.002650,-0.001029,0.004293,-0.001298
240.000000,-0.006611,-0.004815,-0.000499,0.004097,-0.007826
241.000000,-0.001868,0.000299,0.000321,0.003853,0.023297
242.000000,-0.003732,0.000774,0.001104,0.003534,-0.003845
243.000000,0.008883,0.001879,0.002874,0.002894,0.034087
244.000000,0.007647,0.002021,0.001804,0.002826,-0.007475
245.000000,0.017620,0.005504,0.003347,0.004273,0.042038
246.000000,0.013121,0.005627,0.003195,0.003550,0.000799
247.000000,0.013570,0.004919,0.003328,0.003690,-0.001599
248.000000,0.006993,0.007938,0.003196,0.003257,0.001199
249.000000,0.008567,0.008107,0.002729,0.002017,0.000399
250.000000,-0.001525,0.008048,0.001617,0.002350,-0.008422
251.000000,0.000797,0.006959,0.003629,0.002534,0.012408
252.000000,-0.001445,0.006062,0.003418,0.002757,-0.012810
253.000000,0.001195,0.004094,0.002987,0.003280,0.014400
254.000000,0.001433,0.005000,0.003511,0.002869,0.001587
255.000000,-0.002594,-0.002059,0.001723,0.001545,-0.028556
256.000000,-0.004750,-0.001976,0.001825,0.001471,0.001631
257.000000,-0.003331,-0.002388,0.001265,0.001423,-0.005719
258.000000,-0.004905,-0.001855,0.003041,0.001513,0.006533
259.000000,-0.006283,-0.002425,0.002841,0.001011,-0.005305
260.000000,-0.000490,-0.001542,0.003253,0.000564,0.000409
261.000000,0.001299,-0.001725,0.002617,0.001844,0.010578
262.000000,0.001225,-0.001053,0.002505,0.001928,-0.006089
263.000000,0.000407,-0.002249,0.000922,0.001241,0.002440
264.000000,0.002602,-0.001841,0.001580,0.001727,0.005670
265.000000,0.005884,0.002697,0.000319,0.002047,0.016821
266.000000,0.003530,0.002415,0.000219,0.002022,-0.001192
267.000000,-0.004696,-0.001736,-0.002062,0.000265,-0.047221
268.000000,-0.012226,-0.005910,-0.003882,0.000058,-0.035210
269.000000,-0.006652,-0.002025,-0.002225,0.001219,0.033542
270.000000,-0.014663,-0.004389,-0.002966,0.000705,-0.023232
271.000000,-0.009770,-0.003120,-0.002423,0.000705,0.023274
272.000000,-0.007215,-0.005956,-0.003504,-0.000315,-0.034447
273.000000,-0.006852,-0.009539,-0.005894,-0.002565,-0.033395
274.000000,-0.011958,-0.009305,-0.005573,-0.002049,0.008011
275.000000,-0.009720,-0.012191,-0.004747,-0.003851,-0.012040
276.000000,-0.015003,-0.012387,-0.004986,-0.003983,-0.003145
277.000000,-0.004104,-0.005659,-0.003698,-0.003261,0.020050
278.000000,0.005900,-0.000476,-0.003193,-0.002747,0.016623
279.000000,-0.001692,-0.006825,-0.004425,-0.003758,-0.029945
280.000000,-0.002437,-0.006078,-0.005234,-0.004003,-0.015770
281.000000,0.001792,-0.006606,-0.004863,-0.003817,0.018002
282.000000,-0.000530,-0.002317,-0.004136,-0.003109,0.008439
283.000000,0.006572,0.006236,-0.001652,-0.001851,0.052133
284.000000,0.016222,0.007265,-0.001020,-0.001294,0.018303
285.000000,0.027612,0.012588,0.000198,0.001031,0.041185
286.000000,0.027852,0.014822,0.001218,0.001617,0.019197
287.000000,0.024606,0.012038,0.003189,0.001548,-0.007791
288.000000,0.012530,0.009551,0.004537,0.001055,-0.008247
289.000000,0.010205,0.013213,0.003194,0.001454,0.006681
290.000000,0.005309,0.016461,0.005191,0.001998,0.016703
291.000000,0.000000,0.013926,0.003660,0.001400,-0.007346
292.000000,0.001791,0.013198,0.005441,0.001642,0.001163
293.000000,0.012310,0.012420,0.009328,0.003039,0.044351
294.000000,0.015592,0.012899,0.010082,0.003620,0.023091
295.000000,0.009846,0.007577,0.010082,0.002658,-0.012029
296.000000,0.012631,0.006316,0.010569,0.002917,0.006579
297.000000,0.013416,0.007603,0.009821,0.004661,0.005087
298.000000,-0.002537,0.004887,0.007219,0.004654,-0.035415
299.000000,-0.006705,0.004443,0.008828,0.003611,0.002251
300.000000,-0.005653,0.002097,0.009279,0.004160,-0.006767
301.000000,0.002606,0.007618,0.010772,0.004980,0.047874
302.000000,0.002306,0.007861,0.010530,0.006247,0.003589
303.000000,0.008887,0.003175,0.007797,0.007277,-0.002511
304.000000,0.005178,-0.000764,0.006067,0.006467,-0.016296
305.000000,0.002921,-0.001366,0.003106,0.006266,-0.018052
306.000000,-0.010179,-0.003787,0.001264,0.005784,-0.017627
307.000000,-0.017513,-0.007603,0.000000,0.004013,-0.033080
308.000000,-0.018030,-0.004572,0.000157,0.003289,-0.005097
309.000000,-0.017303,-0.006062,-0.000809,0.003865,-0.012658
310.000000,-0.008661,-0.002870,-0.000387,0.005229,0.025159
311.000000,-0.012973,-0.011576,-0.001979,0.003323,-0.039190
312.000000,0.006540,-0.005486,0.001187,0.005191,0.064488
313.000000,0.008089,-0.004971,-0.000898,0.003541,0.002646
314.000000,0.008724,-0.004289,-0.002527,0.002615,-0.009482
315.000000,-0.003288,-0.005974,-0.003670,0.000079,-0.034901
316.000000,-0.009677,-0.011325,-0.007556,-0.002932,-0.071137
317.000000,-0.020803,-0.007131,-0.007367,-0.002377,0.008859
318.000000,-0.015619,-0.003765,-0.004168,-0.001150,0.028567
319.000000,-0.011530,-0.001403,-0.003733,-0.001007,0.010960
320.000000,-0.007724,-0.005506,-0.004188,-0.002093,-0.015870
321.000000,0.007893,-0.000892,-0.006234,-0.001617,0.006949
322.000000,0.006284,-0.007260,-0.006373,-0.001628,0.000814
323.000000,-0.003874,-0.009746,-0.007359,-0.003847,-0.022223
324.000000,-0.003749,-0.007640,-0.005965,-0.004231,0.011585
325.000000,-0.003810,-0.005767,-0.005871,-0.004369,-0.016173
326.000000,0.008766,0.008330,-0.001498,-0.002261,0.069829
327.000000,0.011698,0.008991,0.000930,-0.001915,0.015474
328.000000,0.017825,0.006975,0.001605,-0.000454,0.008410
329.000000,0.018830,0.007540,0.003069,0.000025,0.016610
330.000000,0.021164,0.008677,0.001586,0.000100,-0.004503
331.000000,0.002788,0.005777,0.002442,-0.002230,-0.022054
332.000000,0.001986,0.006842,-0.000209,-0.001968,0.011468
333.000000,-0.000916,0.008455,-0.000646,-0.002087,-0.006100
334.000000,-0.001051,0.008889,0.000625,-0.001013,0.015934
335.000000,0.003060,0.012112,0.003173,0.000124,0.016054
336.000000,0.004787,0.003787,0.006058,0.000264,-0.013423
337.000000,-0.002371,-0.000192,0.004400,0.000556,-0.024317
338.000000,0.001903,0.000494,0.003735,0.001235,0.015267
339.000000,-0.002881,-0.001966,0.002787,0.001390,-0.007986
340.000000,-0.003588,-0.000264,0.004207,0.000969,0.012522
341.000000,0.000300,0.002543,0.004160,0.002476,0.006015
342.000000,-0.000539,-0.001455,0.002694,-0.000624,-0.028514
343.000000,-0.008987,-0.003542,0.002456,-0.001611,-0.026971
344.000000,-0.004870,-0.003875,0.002507,-0.000875,0.012599
345.000000,-0.002657,-0.003122,0.004495,0.001074,0.023585
346.000000,-0.003402,-0.001551,0.001118,0.003522,0.002290
347.000000,0.005553,0.002507,0.001157,0.003769,0.016261
348.000000,0.009667,0.000340,0.000417,0.002603,-0.006397
349.000000,0.012658,0.003894,0.000964,0.003156,0.027552
350.000000,0.012731,0.005037,0.002387,0.004484,0.023949
351.000000,0.014909,0.005753,0.004148,0.004691,0.013179
352.000000,0.009951,0.007752,0.003148,0.004380,-0.008529
353.000000,0.008933,0.009300,0.002879,0.004738,-0.011486
354.000000,0.003855,0.008257,0.002191,0.004424,0.002164
355.000000,-0.003691,0.004520,0.000699,0.004503,-0.013783
356.000000,-0.004292,0.005308,0.001879,0.002515,0.010175
357.000000,-0.001577,0.004187,0.003347,0.002167,0.005049
358.000000,0.003507,0.006220,0.003280,0.002351,0.013931
359.000000,0.006939,0.005397,0.004646,0.002442,0.019323
360.000000,0.008789,0.002549,0.003793,0.002441,-0.004534
361.000000,0.005632,0.000670,0.003212,0.002989,-0.005608
362.000000,0.000646,-0.000465,0.003643,0.001944,-0.019880
363.000000,-0.000568,0.001469,0.005385,0.002409,0.007857
364.000000,-0.000557,0.003191,0.005724,0.002524,0.019377
365.000000,-0.001333,0.003728,0.004124,0.001709,-0.008409
366.000000,0.000386,0.003009,0.004159,0.002256,0.002986
367.000000,0.005098,0.002872,0.003530,0.003189,0.003677
368.000000,0.008019,0.003725,0.004973,0.003429,0.022465
369.000000,0.009139,0.004291,0.004844,0.004527,0.024976
370.000000,0.013207,0.005937,0.004243,0.004508,0.011929
371.000000,0.012214,0.006300,0.003485,0.004241,-0.001978
372.000000,0.013971,0.009534,0.004535,0.005607,0.012463
373.000000,0.006787,0.007403,0.004436,0.006058,-0.013454
374.000000,0.001660,0.005399,0.004295,0.005616,-0.000661
375.000000,-0.002452,0.005377,0.004553,0.004542,-0.008632
376.000000,0.002883,0.007549,0.005279,0.005289,0.024701
377.000000,-0.001046,0.006463,0.004667,0.004507,-0.007183
378.000000,0.002691,0.004739,0.004232,0.004895,0.005229
379.000000,-0.006518,-0.002429,0.000931,0.002420,-0.046706
380.000000,-0.008098,-0.005275,0.000331,0.001070,-0.016529
381.000000,-0.009459,-0.003288,0.001506,0.001227,0.017894
382.000000,-0.010770,-0.005908,0.001813,0.001054,-0.013736
383.000000,-0.011056,-0.004183,0.001610,0.001563,0.003796
384.000000,-0.000684,-0.003601,0.000899,0.001663,0.005154
385.000000,-0.000975,-0.004536,0.000420,0.001523,-0.017981
386.000000,-0.008571,-0.009015,-0.000733,0.000514,-0.020089
387.000000,-0.008476,-0.009623,-0.001580,-0.000096,-0.013259
388.000000,-0.001036,-0.006046,-0.000654,0.000806,0.040995
389.000000,-0.001652,-0.001168,-0.001799,0.000231,0.002075
390.000000,0.002428,0.000727,-0.002274,0.000463,0.002416
391.000000,0.005962,-0.001305,-0.002296,0.000569,-0.002416
392.000000,0.003150,-0.002663,-0.004285,0.000321,-0.027322
393.000000,-0.007120,-0.004078,-0.004130,-0.000286,-0.010352
394.000000,-0.006390,-0.004021,-0.003811,-0.000741,0.005725
395.000000,-0.039927,-0.018750,-0.011643,-0.005970,-0.165272
396.000000,-0.042754,-0.018396,-0.013706,-0.006621,-0.016550
397.000000,-0.037119,-0.016985,-0.013304,-0.006715,0.000855
398.000000,-0.033007,-0.020063,-0.013055,-0.007123,0.010209
399.000000,-0.041566,-0.023978,-0.012573,-0.009192,-0.037073
400.000000,-0.001776,-0.020851,-0.010062,-0.008467,0.033682
401.000000,0.005820,-0.018467,-0.009886,-0.007687,0.021425
402.000000,0.001788,-0.017666,-0.010164,-0.008745,-0.019304
403.000000,-0.001274,-0.017140,-0.010609,-0.008467,-0.005098
404.000000,0.006821,-0.017373,-0.010697,-0.008332,0.003401
405.000000,-0.000340,-0.001058,-0.009904,-0.008115,-0.002124
406.000000,-0.005563,0.000128,-0.009134,-0.009094,-0.004690
407.000000,0.000000,0.000894,-0.008045,-0.008571,0.008511
408.000000,0.003462,0.001094,-0.009484,-0.008338,0.012213
409.000000,0.003117,0.004969,-0.009505,-0.006726,0.001673
410.000000,0.008086,0.003873,-0.008489,-0.005417,0.022724
411.000000,0.007548,0.000993,-0.008737,-0.006260,-0.007380
412.000000,0.007077,0.003538,-0.007064,-0.005597,0.006154
413.000000,0.004470,0.003966,-0.006587,-0.005751,-0.000818
414.000000,0.006658,0.004887,-0.006243,-0.005502,0.012609
415.000000,0.003483,0.005784,0.002363,-0.004674,0.006848
416.000000,0.001884,0.004716,0.002422,-0.004517,-0.015372
417.000000,0.001629,0.004353,0.002623,-0.003913,0.004880
418.000000,0.001712,0.003091,0.002093,-0.005293,-0.000406
419.000000,0.002251,0.004454,0.004712,-0.004852,0.015304
420.000000,0.000721,0.002102,0.002988,-0.004959,-0.000800
421.000000,0.001300,0.001592,0.001292,-0.005294,-0.012478
422.000000,-0.000406,0.000612,0.002075,-0.004505,-0.003652
423.000000,0.001939,0.001825,0.002896,-0.003783,0.011318
424.000000,-0.007244,-0.002497,0.001195,-0.004994,-0.030608
425.000000,-0.005023,-0.002151,0.001817,0.000859,0.010307
426.000000,-0.002691,-0.000695,0.002010,0.001383,-0.000821
427.000000,-0.003775,-0.002091,0.001131,0.001052,-0.009072
428.000000,-0.005956,-0.002009,0.000541,0.000726,0.000414
429.000000,-0.001080,-0.004162,0.000146,0.001754,-0.006231
430.000000,0.003093,-0.000965,0.000569,0.001670,0.031176
431.000000,0.007177,0.002243,0.001917,0.001609,0.019597
432.000000,0.003205,-0.000285,0.000163,0.001288,-0.028929
433.000000,0.003285,-0.001335,0.000245,0.001485,0.000815
434.000000,0.002320,0.000620,-0.000938,0.001003,-0.011059
435.000000,-0.000972,0.001061,-0.000545,0.001565,0.014718
436.000000,-0.007588,-0.000205,-0.000450,0.001272,-0.013483
437.000000,-0.001555,0.000825,-0.000633,0.001029,0.001233
438.000000,-0.001718,0.000784,-0.000613,0.000622,0.000000
439.000000,-0.004751,-0.001216,-0.002689,-0.000308,-0.026224
440.000000,-0.009304,-0.005138,-0.003051,-0.001334,-0.008046
441.000000,-0.005674,-0.006631,-0.002194,-0.000932,0.004666
442.000000,0.000328,-0.000613,-0.000449,-0.000096,0.031246
443.000000,-0.002813,-0.002266,-0.001801,-0.000592,-0.015709
444.000000,0.000337,-0.002207,-0.000794,-0.001361,-0.010471
445.000000,0.002703,-0.003301,-0.001120,-0.001463,0.003782
446.000000,0.024054,0.009190,0.004492,0.002763,0.111424
447.000000,0.022185,0.011257,0.006041,0.003330,0.021897
448.000000,0.024370,0.010778,0.005781,0.003184,-0.004784
449.000000,0.030914,0.015626,0.007205,0.003416,0.022252
450.000000,0.022959,0.012831,0.003847,0.002243,-0.035994
451.000000,0.002647,0.013350,0.003360,0.002987,0.009861
452.000000,-0.003930,0.009127,0.004257,0.002743,-0.010984
453.000000,0.002274,0.013322,0.005528,0.003240,0.026235
454.000000,-0.005189,0.012862,0.005328,0.003758,-0.015066
455.000000,0.002601,0.012780,0.004740,0.003513,0.002957
456.000000,0.005803,0.004225,0.006707,0.004403,0.025871
457.000000,0.008000,0.002035,0.006646,0.004706,0.000000
458.000000,0.005184,0.003729,0.007254,0.005097,0.012156
459.000000,0.006914,0.000862,0.008244,0.005091,-0.006417
460.000000,0.007961,0.005281,0.009056,0.004325,0.008192
461.000000,0.005814,0.005808,0.009579,0.004176,0.015138
462.000000,0.008245,0.008122,0.008625,0.005545,0.012155
463.000000,0.006296,0.005740,0.009531,0.005599,0.002413
464.000000,0.009635,0.008274,0.010568,0.006310,0.010278
465.000000,0.007997,0.007979,0.010379,0.005819,0.000000
466.000000,0.000976,0.003395,0.003810,0.005603,-0.019966
467.000000,-0.002781,0.002732,0.002384,0.005341,-0.006628
468.000000,0.000069,0.003183,0.003456,0.005897,0.016661
469.000000,-0.001505,0.004065,0.002464,0.006851,0.002407
470.000000,0.000341,0.004169,0.004725,0.007427,0.009229
471.000000,0.002075,0.001526,0.003667,0.006895,-0.011292
472.000000,0.002020,-0.000380,0.003871,0.005623,-0.006906
473.000000,-0.002355,-0.001143,0.002299,0.005973,-0.005211
474.000000,0.002864,0.000679,0.004477,0.007272,0.028500
475.000000,0.005834,0.003087,0.005533,0.007949,0.024081
476.000000,0.015425,0.008750,0.006073,0.005457,0.036663
477.000000,0.013012,0.007516,0.005124,0.004094,-0.018975
478.000000,0.017849,0.007747,0.005465,0.004886,0.018975
479.000000,0.014303,0.008584,0.006324,0.004504,0.010773
480.000000,0.013172,0.009503,0.006836,0.006318,0.018424
481.000000,0.003537,0.009481,0.005503,0.005605,-0.011514
482.000000,0.007769,0.010390,0.005005,0.006044,0.002189
483.000000,0.001397,0.009623,0.004240,0.004740,-0.012887
484.000000,0.002754,0.008529,0.004604,0.005828,0.017561
485.000000,-0.004632,0.004270,0.003679,0.005112,-0.018510
486.000000,0.002797,0.003167,0.005959,0.005104,0.025634
487.000000,0.003958,0.005864,0.006690,0.005371,0.007993
488.000000,0.007086,0.004241,0.005994,0.005057,0.002752
489.000000,-0.003259,-0.000252,0.004166,0.004132,-0.034165
490.000000,0.002016,-0.001308,0.004098,0.004121,0.007868
491.000000,-0.007805,-0.002504,0.003489,0.002834,-0.023471
492.000000,-0.012769,-0.004405,0.002992,0.001868,-0.016829
493.000000,-0.023702,-0.008308,0.000657,0.000057,-0.051912
494.000000,-0.011175,-0.007217,0.000656,0.000664,0.028467
495.000000,-0.007116,-0.002550,0.000860,0.001603,0.028166
496.000000,0.001024,-0.003390,-0.000112,0.002842,0.017229
497.000000,0.005790,-0.003489,0.001187,0.003297,0.007000
498.000000,0.013105,-0.005298,-0.000528,0.002230,-0.015336
499.000000,0.009079,-0.001048,-0.000650,0.002428,0.008336
500.000000,0.007679,0.000282,-0.000513,0.002826,0.021166
501.000000,0.003293,0.002159,-0.000172,0.003045,-0.004700
502.000000,0.002958,0.004374,-0.000016,0.003453,0.005325
503.000000,0.003953,0.008529,0.000111,0.003281,-0.010363
504.000000,0.003042,0.006060,-0.000578,0.002457,0.003781
505.000000,-0.010130,-0.001226,-0.001888,0.000165,-0.044695
506.000000,-0.010576,-0.003641,-0.003516,-0.001288,-0.006930
507.000000,-0.006477,-0.001759,-0.002624,0.000205,0.025823
508.000000,0.017634,0.010793,0.002748,0.003245,0.110189
509.000000,0.024198,0.013620,0.006286,0.004107,0.036605
510.000000,0.033749,0.011810,0.006046,0.003594,0.003060
511.000000,0.039096,0.014260,0.008209,0.004638,0.019803
512.000000,0.036260,0.014892,0.009633,0.004953,0.011642
513.000000,0.007877,0.012756,0.010642,0.004326,-0.031723
514.000000,0.004953,0.014576,0.010318,0.004473,0.021985
515.000000,0.004233,0.018991,0.008883,0.005072,-0.000544
516.000000,-0.000709,0.019193,0.007776,0.004054,-0.004907
517.000000,-0.001513,0.017373,0.007807,0.004042,0.007623
518.000000,0.012128,0.010003,0.010398,0.005166,0.036484
519.000000,0.010793,0.007873,0.010747,0.006815,0.015311
520.000000,0.011262,0.007748,0.009779,0.006613,0.001801
521.000000,0.008245,0.003768,0.009014,0.006729,-0.019993
522.000000,0.004399,0.001443,0.008167,0.006903,-0.011607
523.000000,-0.008385,0.001872,0.007314,0.007719,-0.027436
524.000000,-0.007237,0.001778,0.008177,0.007472,0.021048
525.000000,-0.004524,0.003369,0.011180,0.007045,0.015369
526.000000,-0.004134,0.002056,0.010625,0.005869,-0.018042
527.000000,0.007141,0.005770,0.011572,0.007128,0.044766
528.000000,0.013088,0.002352,0.006177,0.007716,0.002301
529.000000,0.009338,0.001050,0.004462,0.007515,0.002296
530.000000,0.005601,0.000538,0.004143,0.006698,-0.003318
531.000000,0.004501,0.000183,0.001976,0.006070,-0.023543
532.000000,-0.001233,0.002954,0.002199,0.006430,0.016100
533.000000,0.001831,0.007459,0.004666,0.007362,0.017618
534.000000,0.005529,0.007434,0.004606,0.007929,0.020790
535.000000,0.003849,0.004725,0.004047,0.009028,-0.011719
536.000000,0.009758,0.007129,0.004593,0.009459,0.006002
537.000000,0.007731,0.003249,0.004510,0.008798,0.005966
538.000000,0.007355,0.004593,0.003472,0.005649,0.015737
539.000000,0.001285,0.003407,0.002229,0.004110,-0.009560
540.000000,0.004121,0.003985,0.002262,0.004090,0.002460
541.000000,0.002920,0.006339,0.003261,0.003430,0.000000
542.000000,-0.000298,0.003717,0.003335,0.002705,-0.010125
543.000000,-0.002652,0.002351,0.004905,0.003894,0.003963
544.000000,-0.003328,-0.001022,0.003206,0.002730,-0.012939
545.000000,-0.001480,0.001321,0.003023,0.003138,0.011702
546.000000,-0.003070,-0.000075,0.003527,0.003037,-0.007952
547.000000,-0.006098,-0.003198,0.000026,0.001940,-0.025267
548.000000,-0.005007,-0.003829,0.000382,0.001038,0.009423
549.000000,-0.007502,-0.005415,-0.001004,-0.000319,-0.025415
550.000000,0.008860,0.003690,0.003838,0.002738,0.093512
551.000000,0.016009,0.006469,0.006404,0.004331,0.027789
552.000000,0.029407,0.011654,0.007685,0.006108,0.041724
553.000000,0.029019,0.012006,0.007179,0.007272,0.007482
554.000000,0.037234,0.014866,0.006922,0.007093,0.015663
555.000000,0.022676,0.015768,0.008544,0.007271,0.020721
556.000000,0.015035,0.015522,0.007724,0.007525,-0.010413
557.000000,0.004672,0.017039,0.006921,0.005697,-0.010091
558.000000,0.001616,0.015317,0.005744,0.005360,-0.007799
559.000000,-0.000822,0.018206,0.006396,0.005399,0.003474
560.000000,-0.012429,0.005123,0.004407,0.004266,-0.037315
561.000000,-0.008465,0.003285,0.004877,0.005364,0.009404
562.000000,-0.002606,0.001033,0.006343,0.005468,0.019204
563.000000,0.004005,0.002810,0.007408,0.005723,0.025258
564.000000,0.003140,0.001159,0.008012,0.005001,-0.000853
565.000000,0.009619,-0.001405,0.007181,0.005228,-0.004919
566.000000,0.007866,-0.000300,0.007611,0.005049,0.000643
567.000000,0.005733,0.001563,0.009301,0.005135,0.008534
568.000000,0.009492,0.006748,0.011033,0.006079,0.044054
569.000000,0.017594,0.010367,0.014287,0.007719,0.039658
570.000000,0.018304,0.013962,0.009542,0.007592,-0.001369
571.000000,0.016486,0.012176,0.007731,0.007310,-0.008449
572.000000,0.012437,0.009085,0.005059,0.007257,-0.011710
573.000000,0.007188,0.008340,0.005575,0.007719,0.017808
574.000000,0.000507,0.009051,0.005105,0.008359,0.006256
575.000000,0.000586,0.009445,0.004020,0.007936,-0.000975
576.000000,-0.002782,0.006852,0.003276,0.007358,-0.025288
577.000000,-0.000920,0.005758,0.003661,0.008120,-0.002404
578.000000,-0.004001,0.001593,0.004171,0.007886,0.002404
579.000000,-0.006860,-0.003176,0.003595,0.008466,-0.008035
580.000000,-0.004658,-0.002036,0.005963,0.005683,0.010034
581.000000,-0.001728,-0.002255,0.004961,0.004402,-0.010639
582.000000,-0.013266,-0.007093,0.000996,0.001008,-0.060095
583.000000,-0.012338,-0.008169,0.000085,0.000994,0.007048
584.000000,-0.013430,-0.010145,-0.000547,0.000022,-0.013498
585.000000,-0.020240,-0.012449,-0.001502,-0.001470,-0.024013
586.000000,-0.013223,-0.007475,-0.000312,-0.000308,0.024445
587.000000,-0.001852,-0.007559,-0.000900,-0.000079,-0.003239
588.000000,-0.006313,-0.009325,-0.003866,-0.000328,-0.015257
589.000000,-0.005910,-0.009670,-0.006423,-0.000827,-0.011487
590.000000,-0.003612,-0.011926,-0.006981,0.000000,-0.012520
591.000000,-0.005553,-0.009388,-0.005821,0.000178,0.014739
592.000000,-0.000563,-0.001207,-0.004150,0.000261,0.021709
593.000000,-0.003010,-0.004661,-0.006415,-0.001497,-0.027489
594.000000,0.000400,-0.002755,-0.006450,-0.001283,0.005559
595.000000,0.001658,-0.000977,-0.006713,-0.001327,-0.006228
596.000000,-0.002993,-0.004273,-0.005874,-0.001632,-0.008515
597.000000,-0.003943,-0.002253,-0.004906,-0.001351,0.016957
598.000000,0.001687,-0.000661,-0.004993,-0.002798,0.000663
599.000000,0.000044,0.000222,-0.004724,-0.004208,-0.002657
600.000000,0.002836,0.002247,-0.004839,-0.003905,0.007729
601.000000,0.007811,0.002409,-0.003489,-0.003078,0.016363
602.000000,0.000354,-0.001795,-0.001501,-0.003365,-0.020331
603.000000,0.003854,0.002771,-0.000945,-0.003353,0.018164
604.000000,0.006800,0.003422,0.000333,-0.003159,0.012072
605.000000,0.006706,0.004771,0.001897,-0.002885,0.007259
606.000000,0.011316,0.009564,0.002645,-0.000728,0.039417
607.000000,0.018306,0.009330,0.003538,-0.000161,0.014617
608.000000,0.015838,0.009846,0.004592,-0.000047,0.005827
609.000000,0.009417,0.008108,0.004165,-0.000447,-0.020035
610.000000,0.006611,0.006658,0.004453,-0.001007,-0.006769
611.000000,-0.002428,0.004444,0.003427,-0.000845,-0.005779
612.000000,-0.009365,0.004470,0.001338,0.000489,-0.020072
613.000000,-0.010193,0.002823,0.002797,0.000311,0.001688
614.000000,-0.007710,0.000853,0.002138,0.000507,-0.007619
615.000000,-0.006314,0.000149,0.002460,0.001314,0.000212
616.000000,-0.005456,-0.003942,0.002811,0.000450,-0.001488
617.000000,0.001053,-0.004156,0.002587,0.000973,0.012472
618.000000,-0.000295,-0.005244,0.002301,0.001314,-0.005055
619.000000,0.002659,-0.002525,0.002791,0.001935,0.007153
620.000000,0.003035,-0.001639,0.002510,0.002422,0.002094
621.000000,0.004210,-0.000623,0.001911,0.002077,0.004384
622.000000,0.002630,0.001841,0.003156,0.001506,0.004572
623.000000,0.001891,0.000798,0.001810,0.002130,-0.008746
624.000000,-0.003553,-0.000447,0.000203,0.001276,-0.020070
625.000000,-0.007286,-0.002125,-0.000988,0.000931,-0.016568
626.000000,-0.009294,-0.002542,-0.003242,0.001027,-0.005657
627.000000,-0.009816,-0.003593,-0.003875,0.000527,0.001962
628.000000,-0.004912,-0.001511,-0.003377,0.001030,0.015772
629.000000,-0.002361,-0.002957,-0.002741,0.000875,-0.007315
630.000000,0.007160,-0.000063,-0.000851,0.001652,0.031040
631.000000,0.007242,-0.001026,-0.000824,0.000932,-0.005247
632.000000,0.000305,-0.004756,-0.001457,0.000519,-0.032727
633.000000,-0.002763,-0.003838,-0.001520,-0.000072,0.000435
634.000000,0.004484,0.001061,0.000307,0.000489,0.028919
635.000000,0.002165,0.004663,0.001269,0.000895,0.019447
636.000000,0.004289,0.005766,0.001612,-0.000239,0.005370
637.000000,0.012434,0.006369,0.001388,-0.000460,0.008001
638.000000,0.017072,0.007155,0.002822,0.000133,0.023626
639.000000,0.012522,0.008503,0.002773,0.001007,0.006167
640.000000,0.003856,0.003011,0.001474,0.000436,-0.023885
641.000000,0.004481,0.004385,0.001679,0.000912,0.008495
642.000000,0.004485,0.008460,0.001852,0.001849,0.008024
643.000000,0.000518,0.008795,0.002479,0.001919,0.003789
644.000000,-0.004858,0.003832,0.002447,0.001482,-0.020715
645.000000,0.000081,0.001968,0.003316,0.001502,0.000813
646.000000,-0.001618,0.001432,0.003599,0.001552,0.000000
647.000000,-0.006622,-0.001068,0.002651,0.000569,-0.016996
648.000000,-0.007628,-0.003555,0.001800,0.000697,-0.001240
649.000000,-0.003072,-0.003965,0.002269,0.000527,0.002066
650.000000,-0.003937,-0.001928,0.000541,0.000340,-0.003514
651.000000,-0.002904,-0.002261,0.001062,0.000366,0.005164
652.000000,-0.002201,-0.004412,0.002024,-0.000236,-0.013481
653.000000,-0.008706,-0.008167,0.000314,-0.001070,-0.033765
654.000000,-0.005821,-0.004446,-0.000307,0.000149,0.016494
655.000000,-0.011288,-0.007612,-0.002822,-0.000327,-0.030851
656.000000,-0.016886,-0.009895,-0.004232,-0.000899,-0.022826
657.000000,-0.012983,-0.007592,-0.004330,-0.000764,0.006034
658.000000,-0.007931,-0.008318,-0.005937,-0.001573,-0.008503
659.000000,-0.008241,-0.007031,-0.005498,-0.000831,0.014944
660.000000,0.005148,-0.003070,-0.002499,-0.000662,0.036091
661.000000,0.009927,-0.003480,-0.002870,-0.000452,0.001067
662.000000,0.007607,-0.002688,-0.003550,0.000454,-0.005562
663.000000,-0.002761,-0.005346,-0.006756,-0.001572,-0.060343
664.000000,-0.007903,-0.008072,-0.006259,-0.002895,-0.010766
665.000000,-0.023397,-0.009124,-0.008368,-0.004923,-0.041379
666.000000,-0.026658,-0.008365,-0.009130,-0.005610,-0.015238
667.000000,-0.014176,-0.003284,-0.005438,-0.003981,0.056847
668.000000,0.000364,-0.001198,-0.004758,-0.004357,0.012357
669.000000,-0.004754,-0.006328,-0.006680,-0.005775,-0.036359
670.000000,-0.003389,-0.013393,-0.008231,-0.006130,-0.034552
671.000000,-0.001959,-0.014308,-0.008894,-0.006683,-0.008089
672.000000,-0.010785,-0.012481,-0.007584,-0.006527,0.012717
673.000000,-0.014524,-0.007080,-0.006213,-0.006864,-0.006338
674.000000,-0.010110,-0.007432,-0.007752,-0.006650,-0.014286
675.000000,0.019523,0.008067,-0.000529,-0.002890,0.113612
676.000000,0.016436,0.007238,-0.000564,-0.003674,-0.023525
677.000000,0.011750,0.000482,-0.001401,-0.003465,-0.010712
678.000000,0.011684,-0.001420,-0.001309,-0.003646,-0.006667
679.000000,0.016561,0.003226,-0.001551,-0.003378,0.010099
680.000000,-0.005659,0.006932,-0.003230,-0.003177,0.002509
681.000000,-0.001639,0.007398,-0.003455,-0.003463,-0.003423
682.000000,0.001097,0.006423,-0.003029,-0.002915,0.002967
683.000000,0.001150,0.006417,-0.000331,-0.002003,-0.006401
684.000000,-0.006687,0.004937,-0.001248,-0.003522,-0.029089
685.000000,-0.006859,-0.006259,0.000904,-0.002439,0.001652
686.000000,-0.005656,-0.003648,0.001795,-0.001592,0.002590
687.000000,-0.005499,-0.002201,-0.000859,-0.001668,0.003755
688.000000,-0.014850,-0.006850,-0.004135,-0.003156,-0.053157
689.000000,-0.030885,-0.018786,-0.007780,-0.007296,-0.109266
690.000000,-0.048593,-0.027726,-0.010397,-0.011396,-0.086886
691.000000,-0.037776,-0.021716,-0.007159,-0.009542,0.056674
692.000000,-0.032484,-0.018992,-0.006284,-0.008350,0.030212
693.000000,-0.011595,-0.013222,-0.003403,-0.004628,0.051293
694.000000,0.012290,-0.009298,-0.002180,-0.003931,0.010158
695.000000,0.025584,-0.011505,-0.008882,-0.003232,-0.020420
696.000000,0.017450,-0.010163,-0.006905,-0.002191,0.016005
697.000000,0.010677,-0.010904,-0.006552,-0.004207,-0.003651
698.000000,0.002394,-0.004600,-0.005725,-0.004290,0.009878
699.000000,0.000155,0.006223,-0.006282,-0.003113,-0.001035
700.000000,-0.005198,0.010193,-0.008767,-0.003534,-0.047186
701.000000,-0.009979,0.003735,-0.008991,-0.003528,-0.007903
702.000000,-0.005187,0.002745,-0.008123,-0.003274,0.020312
703.000000,-0.003655,-0.000630,-0.006926,-0.002478,0.017540
704.000000,-0.004081,-0.001963,-0.005630,-0.002108,-0.003166
705.000000,-0.006848,-0.006023,-0.008764,-0.007929,-0.061021
706.000000,-0.008609,-0.009294,-0.009729,-0.007702,-0.016712
707.000000,-0.015433,-0.010310,-0.010607,-0.007805,-0.013805
708.000000,-0.012669,-0.008162,-0.006381,-0.006537,0.031359
709.000000,-0.010136,-0.007109,-0.000443,-0.006557,0.009497
710.000000,-0.001693,-0.004270,0.002961,-0.007268,-0.018802
711.000000,0.010732,0.001061,0.002398,-0.005640,0.045412
712.000000,0.006944,-0.004244,-0.000750,-0.006830,-0.032745
713.000000,-0.005694,-0.009181,-0.004906,-0.007678,-0.031830
714.000000,-0.004897,-0.007517,-0.004740,-0.006259,0.013481
715.000000,0.002701,0.000504,-0.002759,-0.005674,0.019188
716.000000,-0.008065,0.001334,-0.003980,-0.006041,-0.008420
717.000000,-0.005444,0.000750,-0.004780,-0.006821,-0.019639
718.000000,0.006869,0.000588,-0.003787,-0.004058,0.029735
719.000000,0.014610,0.004857,-0.001126,0.001324,0.052186
720.000000,0.012039,0.007370,0.001550,0.004431,0.006336
721.000000,0.010968,0.001451,0.001256,0.002083,-0.013779
722.000000,0.018282,0.006419,0.001087,0.001640,0.016932
723.000000,0.030287,0.018578,0.004698,0.002922,0.089762
724.000000,0.014553,0.014581,0.003532,0.001701,-0.026487
725.000000,0.019206,0.015622,0.008063,0.003368,0.029599
726.000000,0.028638,0.019803,0.010568,0.003947,0.033383
727.000000,0.023627,0.020954,0.010852,0.003798,-0.008125
728.000000,0.010556,0.020422,0.010505,0.004282,0.024408
729.000000,0.014209,0.014381,0.009619,0.004043,-0.008223
730.000000,0.010478,0.014842,0.011106,0.005981,0.010949
731.000000,0.006685,0.017661,0.009556,0.006725,0.014415
732.000000,0.007638,0.015632,0.011026,0.005936,-0.003360
733.000000,0.000454,0.005505,0.012042,0.004967,-0.011509
734.000000,0.005252,0.009730,0.012156,0.005598,0.015763
735.000000,0.001357,0.005918,0.010770,0.007348,-0.008526
736.000000,-0.004112,0.001286,0.010545,0.007474,-0.012927
737.000000,-0.001577,0.003031,0.011992,0.008245,0.009315
738.000000,-0.007069,-0.003307,0.008557,0.005901,-0.038967
739.000000,-0.010080,-0.002414,0.005983,0.005608,0.000705
740.000000,-0.012649,-0.005646,0.004598,0.005522,-0.021373
741.000000,-0.009585,-0.006848,0.005407,0.004088,0.002398
742.000000,-0.012600,-0.007089,0.004272,0.004987,-0.005764
743.000000,-0.006840,-0.006954,-0.000725,0.005710,-0.010167
744.000000,-0.003508,-0.006794,0.001468,0.005839,0.017367
745.000000,0.001578,-0.005536,0.000191,0.005335,0.004057
746.000000,0.001289,-0.004148,-0.001431,0.005647,0.000952
747.000000,0.000865,-0.005868,-0.001419,0.006039,-0.007883
748.000000,0.007122,0.000141,-0.001583,0.005752,0.021118
749.000000,0.003790,0.000141,-0.001137,0.004036,0.000704
750.000000,0.006283,0.003930,-0.000858,0.004375,0.016522
751.000000,0.006553,0.003921,-0.001464,0.004911,0.002305
752.000000,0.011282,0.006074,-0.000507,0.004872,0.015763
753.000000,0.006332,0.006727,-0.000114,0.001759,-0.003633
754.000000,0.004547,0.004168,-0.001313,0.002368,-0.008223
755.000000,-0.002648,0.001817,-0.001859,0.000733,-0.019454
756.000000,-0.005415,0.000569,-0.001789,-0.000764,-0.011525
757.000000,-0.006777,0.002253,-0.001807,-0.000195,0.008950
758.000000,-0.009122,-0.001395,-0.000627,-0.001520,-0.015358
759.000000,-0.014800,-0.005127,-0.002493,-0.002467,-0.036615
760.000000,-0.022083,-0.012366,-0.004218,-0.004694,-0.055866
761.000000,-0.031557,-0.018486,-0.007282,-0.007138,-0.058896
762.000000,-0.028638,-0.017708,-0.005817,-0.006241,0.023543
763.000000,-0.030553,-0.019837,-0.006555,-0.006688,-0.024929
764.000000,-0.011069,-0.012935,-0.004383,-0.005187,0.060804
765.000000,0.003777,-0.009153,-0.003668,-0.004290,0.018363
766.000000,0.014580,-0.008488,-0.003960,-0.004022,-0.004881
767.000000,0.009304,-0.009667,-0.003707,-0.004427,-0.002837
768.000000,0.013617,-0.008468,-0.004931,-0.003241,-0.003363
769.000000,0.008933,-0.001068,-0.003097,-0.002018,0.037385
770.000000,0.003606,0.003692,-0.004337,-0.001581,-0.008272
771.000000,0.005587,0.010084,-0.004201,-0.001494,0.005021
772.000000,-0.001556,0.003874,-0.006917,-0.002587,-0.038550
773.000000,-0.009553,0.002032,-0.008903,-0.003693,-0.043352
774.000000,-0.013368,-0.002217,-0.007576,-0.003661,0.018315
775.000000,-0.011233,-0.003813,-0.006483,-0.003716,0.002399
776.000000,-0.016707,-0.005560,-0.007024,-0.004493,-0.022346
777.000000,-0.013012,-0.007284,-0.008475,-0.004899,-0.020075
778.000000,-0.010548,-0.010051,-0.009259,-0.006638,-0.031032
779.000000,-0.020853,-0.017110,-0.009089,-0.007768,-0.033210
780.000000,-0.027713,-0.019473,-0.007891,-0.009382,-0.031902
781.000000,-0.024840,-0.020774,-0.005345,-0.009725,-0.007983
782.000000,-0.022435,-0.017723,-0.006925,-0.010519,-0.008047
783.000000,-0.025449,-0.017999,-0.007983,-0.011935,-0.046106
784.000000,-0.017769,-0.019311,-0.010764,-0.011487,0.005193
785.000000,-0.003330,-0.015522,-0.009668,-0.009496,0.040291
786.000000,0.019208,-0.002816,-0.004188,-0.005622,0.104707
787.000000,0.016743,-0.002846,-0.005065,-0.006599,-0.020368
788.000000,0.020048,-0.002701,-0.006376,-0.007073,-0.029585
789.000000,0.014062,-0.001854,-0.009482,-0.006677,-0.024737
790.000000,0.004124,0.000397,-0.009538,-0.005128,-0.009398
791.000000,-0.021876,-0.001334,-0.011054,-0.004008,-0.025294
792.000000,-0.013721,0.001511,-0.008106,-0.004113,0.020409
793.000000,-0.004164,0.007942,-0.005028,-0.002675,0.018199
794.000000,-0.002734,0.005664,-0.006824,-0.005288,-0.017587
795.000000,0.009110,0.006617,-0.004452,-0.004239,0.049824
796.000000,0.014750,-0.003563,-0.003190,-0.003980,0.002906
797.000000,0.012977,-0.000372,-0.001609,-0.003501,0.011541
798.000000,0.006098,0.000967,-0.000867,-0.003928,-0.016195
799.000000,0.011992,0.004629,0.001388,-0.004778,0.011882
800.000000,-0.010946,-0.000918,-0.000261,-0.006665,-0.064865
801.000000,-0.005114,0.004818,0.001742,-0.005763,0.032066
802.000000,-0.001902,0.005537,0.003524,-0.003558,0.027600
803.000000,0.011445,0.008771,0.008356,-0.000429,0.050540
804.000000,0.002690,0.007341,0.006502,-0.002102,-0.031891
805.000000,0.002808,-0.004069,0.001274,-0.004325,-0.064273
806.000000,-0.003605,-0.004359,-0.003961,-0.003580,0.000000
807.000000,-0.015469,-0.008685,-0.004529,-0.003968,-0.031719
808.000000,-0.028921,-0.008738,-0.003886,-0.003491,-0.016722
809.000000,-0.017454,-0.007382,-0.001377,-0.001536,0.025445
810.000000,0.002710,0.002759,0.000921,0.000746,0.036545
811.000000,-0.006094,-0.004849,-0.000016,-0.000455,-0.044017
812.000000,0.001620,-0.006924,-0.000693,0.000041,0.006851
813.000000,-0.000382,-0.014652,-0.002940,0.000687,-0.026735
814.000000,0.002527,-0.007463,-0.000061,0.001847,0.039993
815.000000,-0.006813,-0.002052,-0.003060,0.000165,-0.010159
816.000000,0.000125,-0.002984,-0.003672,-0.003636,-0.009326
817.000000,0.006354,0.003987,-0.002349,-0.001690,0.037995
818.000000,0.007201,0.003409,-0.002665,-0.001454,-0.022500
819.000000,-0.001846,0.000341,-0.003521,-0.000804,-0.005241
820.000000,0.014211,0.003699,0.003229,0.001847,0.070126
821.000000,0.017168,0.008646,0.001899,0.002872,0.005461
822.000000,0.009110,0.007732,0.000404,0.002115,-0.002296
823.000000,0.010541,0.008871,-0.002890,0.000997,-0.015343
824.000000,0.011765,0.004959,-0.001252,0.001612,0.000875
825.000000,0.003712,0.008961,0.003455,0.000947,0.029862
826.000000,0.002846,0.010007,0.003511,0.000888,0.001131
827.000000,0.002285,0.005697,0.004842,0.000333,-0.005099
828.000000,0.006656,0.008599,0.006004,0.001090,0.006511
829.000000,0.006142,0.008953,0.004647,0.000637,-0.001694
830.000000,-0.000850,0.001431,0.002565,0.002629,-0.005101
831.000000,0.005628,0.004237,0.006442,0.002678,0.033523
832.000000,0.005822,0.004053,0.005893,0.001620,-0.004129
833.000000,-0.001132,0.002762,0.005816,-0.001006,-0.028258
834.000000,-0.002217,0.001963,0.003461,-0.000181,-0.007119
835.000000,-0.001999,-0.001425,0.003768,0.001828,-0.004009
836.000000,-0.012644,-0.003508,0.003249,0.001171,-0.019705
837.000000,-0.016676,-0.005427,0.000135,0.001419,-0.024290
838.000000,-0.012349,-0.006740,0.000929,0.001756,-0.006619
839.000000,-0.008107,-0.005162,0.001896,0.001377,0.014087
840.000000,-0.015383,-0.008691,-0.003630,-0.001187,-0.040388
841.000000,-0.011442,-0.012043,-0.003903,0.000280,0.000000
842.000000,-0.022510,-0.019593,-0.007770,-0.002603,-0.079630
843.000000,-0.017265,-0.014807,-0.006022,-0.001058,0.019605
844.000000,-0.026095,-0.017101,-0.007569,-0.003393,-0.030062
845.000000,-0.022544,-0.018964,-0.010194,-0.003809,-0.022635
846.000000,-0.024286,-0.017864,-0.010686,-0.003788,-0.008709
847.000000,-0.004205,-0.013357,-0.009392,-0.004362,0.020776
848.000000,-0.001785,-0.009525,-0.008133,-0.002556,0.031706
849.000000,0.005617,-0.010239,-0.007700,-0.002149,0.006948
850.000000,0.015672,-0.003436,-0.006063,-0.003565,0.027640
851.000000,0.015545,-0.004371,-0.008207,-0.004059,-0.009344
852.000000,0.018450,0.007123,-0.006235,-0.002806,0.035303
853.000000,0.012858,0.005537,-0.004635,-0.002169,0.003743
854.000000,0.014558,0.010087,-0.003507,-0.001684,0.015447
855.000000,0.011588,0.013630,-0.002667,-0.002253,0.012793
856.000000,0.013094,0.014319,-0.001772,-0.002351,-0.001818
857.000000,0.009341,0.013896,0.000269,-0.001630,0.016539
858.000000,0.012257,0.012557,0.001516,-0.001236,0.018322
859.000000,0.012593,0.013575,0.001668,-0.000608,0.017129
860.000000,0.011583,0.011586,0.004075,-0.000180,0.007742
861.000000,0.008257,0.010675,0.003152,-0.001913,-0.018450
862.000000,0.003635,0.006488,0.006805,-0.001994,-0.006568
863.000000,-0.001588,0.005335,0.005436,-0.001312,-0.007791
864.000000,-0.006316,0.003138,0.006613,-0.001292,-0.006515
865.000000,-0.008460,0.001562,0.007596,-0.001257,-0.002975
866.000000,-0.011497,-0.001620,0.006350,-0.001722,-0.033634
867.000000,-0.010306,-0.003336,0.005280,-0.000932,-0.000617
868.000000,-0.006357,-0.003972,0.004292,-0.000313,0.011954
869.000000,-0.007384,-0.006850,0.003363,-0.001171,-0.011646
870.000000,-0.008460,-0.008460,0.001563,-0.000103,-0.008358
871.000000,-0.006961,-0.009229,0.000723,-0.000975,-0.026139
872.000000,-0.002857,-0.006582,-0.000047,0.002343,0.019903
873.000000,-0.029565,-0.017961,-0.006313,-0.002363,-0.121583
874.000000,-0.018865,-0.013124,-0.004993,0.000034,0.041853
875.000000,-0.011779,-0.010120,-0.004279,0.001691,0.027069
876.000000,-0.013735,-0.010348,-0.005984,0.000784,-0.035916
877.000000,-0.026447,-0.014652,-0.008994,-0.001364,-0.043660
878.000000,0.003710,-0.012927,-0.008450,-0.001448,0.029202
879.000000,-0.002660,-0.010762,-0.008806,-0.001346,0.010005
880.000000,-0.010214,-0.010996,-0.009728,-0.002624,-0.010699
881.000000,0.000273,-0.006731,-0.007980,-0.001761,0.016518
882.000000,0.004449,-0.010999,-0.008791,-0.003698,-0.022783
883.000000,0.000692,0.002201,-0.007880,-0.003475,0.010420
884.000000,-0.000069,-0.001364,-0.007244,-0.003783,0.006201
885.000000,0.003645,-0.003284,-0.006702,-0.003948,0.007867
886.000000,0.008813,0.004543,-0.002902,-0.002475,0.042361
887.000000,0.017891,0.011170,-0.001741,-0.002273,0.022603
888.000000,0.012523,0.006608,-0.003160,-0.003431,-0.016418
889.000000,0.011866,0.005899,-0.002432,-0.003905,0.002917
890.000000,0.011390,0.007517,-0.001740,-0.003980,0.005487
891.000000,0.001950,0.005382,-0.000675,-0.003526,-0.004839
892.000000,-0.007349,0.005271,-0.002864,-0.004104,-0.023892
893.000000,0.001230,0.006876,0.004539,-0.002961,0.026476
894.000000,-0.002409,0.004728,0.001682,-0.003253,-0.015277
895.000000,-0.004097,0.003646,0.000181,-0.003253,-0.002952
896.000000,-0.001754,0.000098,0.002321,-0.001902,0.006875
897.000000,0.003936,-0.001707,0.004731,-0.001730,0.004557
898.000000,0.002819,0.002024,0.004316,-0.001432,0.020891
899.000000,0.006065,0.001828,0.003863,-0.001012,0.000954
900.000000,0.006337,0.001120,0.004319,-0.000786,-0.001590
901.000000,0.003236,0.000741,0.003061,-0.000203,-0.008630
902.000000,0.001166,0.002551,0.003911,-0.001059,-0.005795
903.000000,0.001142,0.001980,0.004428,0.003686,0.020771
904.000000,-0.001531,0.002267,0.003498,0.001877,-0.012411
905.000000,-0.004116,0.001111,0.002379,0.000491,-0.014514
906.000000,-0.003628,-0.000196,-0.000049,0.001482,-0.006192
907.000000,-0.055800,-0.027317,-0.014512,-0.005951,-0.266656
908.000000,-0.072731,-0.035795,-0.016885,-0.009054,-0.063884
909.000000,-0.069523,-0.035527,-0.016850,-0.009267,0.003633
910.000000,-0.069726,-0.036921,-0.017900,-0.009428,-0.015533
911.000000,-0.057297,-0.030463,-0.014861,-0.008113,0.055956
912.000000,-0.004838,-0.030319,-0.013884,-0.007499,-0.004363
913.000000,0.010718,-0.031007,-0.014513,-0.007383,0.013895
914.000000,0.013072,-0.028225,-0.012979,-0.007077,0.015405
915.000000,0.014473,-0.027627,-0.013258,-0.007623,-0.008529
916.000000,0.008856,-0.024220,-0.012208,-0.008106,0.027873
917.000000,0.008559,0.001861,-0.012728,-0.009054,-0.005848
918.000000,0.005109,0.007913,-0.013941,-0.008619,-0.003357
919.000000,0.002364,0.007718,-0.013904,-0.008660,0.001680
920.000000,0.004991,0.009732,-0.013595,-0.008690,0.004605
921.000000,-0.000584,0.004136,-0.013163,-0.008528,0.000000
922.000000,0.004556,0.006558,-0.011881,-0.007070,0.019852
923.000000,0.003335,0.004222,-0.013393,-0.008268,-0.009463
924.000000,0.000921,0.001642,-0.013291,-0.008105,-0.010389
925.000000,0.000750,0.002871,-0.012378,-0.007882,0.003752
926.000000,0.002491,0.000953,-0.011633,-0.007821,0.008701
927.000000,0.000409,0.002483,0.002172,-0.007658,0.009444
928.000000,0.000413,0.001874,0.004894,-0.008669,-0.009444
929.000000,0.002820,0.001871,0.004794,-0.008646,0.001649
930.000000,0.010537,0.005644,0.007688,-0.007182,0.042336
931.000000,0.006254,0.004373,0.004254,-0.007318,-0.012714
932.000000,0.007382,0.003895,0.005226,-0.006622,0.015080
933.000000,0.013093,0.006753,0.005487,-0.006677,0.019115
934.000000,0.014839,0.008830,0.005236,-0.005918,0.010379
935.000000,0.006601,0.008569,0.005720,-0.005396,0.001147
936.000000,0.008838,0.007546,0.004250,-0.005240,-0.001529
937.000000,0.008180,0.007781,0.005132,0.004041,0.011789
938.000000,0.004282,0.008687,0.005281,0.006158,-0.000378
939.000000,0.002584,0.008711,0.005291,0.006100,0.001889
940.000000,-0.006049,0.000276,0.002960,0.005217,-0.042018
941.000000,-0.003668,0.002585,0.003479,0.003698,0.010379
942.000000,-0.013448,-0.002634,0.000631,0.002606,-0.037111
943.000000,-0.022811,-0.009265,-0.001256,0.000570,-0.047194
944.000000,-0.022258,-0.009837,-0.000504,0.000212,0.004652
945.000000,-0.012929,-0.009489,-0.000460,0.000650,0.004631
946.000000,-0.013415,-0.008541,-0.000498,-0.000014,0.007948
947.000000,-0.004085,-0.008766,-0.000493,0.000499,0.009538
948.000000,0.002024,-0.010393,-0.000853,0.000056,-0.016646
949.000000,-0.001185,-0.011722,-0.001505,-0.000380,-0.011395
950.000000,0.001673,-0.005628,-0.002676,0.000097,0.018920
951.000000,-0.007731,-0.010573,-0.003994,-0.001205,-0.039071
952.000000,-0.015885,-0.009985,-0.006309,-0.002908,-0.031232
953.000000,-0.011664,-0.004820,-0.007042,-0.002444,0.004458
954.000000,-0.016448,-0.008816,-0.009327,-0.003275,-0.035314
955.000000,-0.019771,-0.009049,-0.009269,-0.003323,0.002301
956.000000,-0.008764,-0.008248,-0.008394,-0.003081,0.015964
957.000000,-0.004336,-0.010110,-0.009438,-0.003699,-0.009091
958.000000,-0.005228,-0.008446,-0.009420,-0.003384,0.000000
959.000000,0.001378,-0.007535,-0.009628,-0.003515,-0.002286
960.000000,-0.000460,-0.010116,-0.007872,-0.005156,-0.006889
961.000000,-0.002734,-0.005749,-0.008161,-0.004579,0.004598
962.000000,-0.005087,-0.004712,-0.007348,-0.005777,-0.020858
963.000000,-0.004152,-0.004690,-0.004755,-0.006258,0.004673
964.000000,-0.010813,-0.004718,-0.006767,-0.007791,-0.035591
965.000000,-0.015318,-0.007889,-0.008469,-0.008809,-0.029414
966.000000,-0.007954,-0.005344,-0.006796,-0.007378,0.041419
967.000000,-0.008125,-0.006606,-0.008358,-0.008494,-0.021714
968.000000,-0.052473,-0.028313,-0.018379,-0.015717,-0.217065
969.000000,-0.030750,-0.020782,-0.014158,-0.013346,0.073025
970.000000,-0.023743,-0.019531,-0.014823,-0.011758,0.005618
971.000000,-0.034848,-0.021401,-0.013575,-0.012574,-0.014105
972.000000,-0.076274,-0.042199,-0.023456,-0.018965,-0.228842
973.000000,-0.027922,-0.040197,-0.022444,-0.016569,0.024693
974.000000,-0.033667,-0.032208,-0.018463,-0.015247,0.044300
975.000000,-0.041571,-0.032657,-0.020273,-0.016532,-0.033902
976.000000,-0.041528,-0.038188,-0.021766,-0.017260,-0.013889
977.000000,0.002131,-0.037071,-0.021839,-0.017929,-0.010545
978.000000,0.005499,-0.011212,-0.019762,-0.015990,0.041528
979.000000,-0.006780,-0.020224,-0.020503,-0.016180,-0.017094
980.000000,-0.003478,-0.022525,-0.021028,-0.017390,-0.017392
981.000000,-0.007844,-0.024686,-0.023044,-0.017279,-0.035718
982.000000,0.004196,0.003164,-0.019518,-0.014582,0.049656
983.000000,0.004690,0.005094,-0.017551,-0.013264,0.044000
984.000000,0.008109,0.000664,-0.015772,-0.012087,0.000000
985.000000,0.006897,0.001709,-0.015474,-0.012946,-0.023452
986.000000,0.009931,0.001043,-0.018572,-0.014163,-0.020549
987.000000,-0.009931,-0.002868,-0.019969,-0.015515,-0.049656
988.000000,-0.020191,-0.007750,-0.009481,-0.015758,-0.007299
989.000000,-0.023888,-0.007889,-0.014057,-0.016298,-0.018485
990.000000,-0.026029,-0.009566,-0.016045,-0.017207,-0.034159
991.000000,-0.021920,-0.005994,-0.015340,-0.017360,0.000000
992.000000,-0.007408,-0.008670,-0.002753,-0.015902,0.022902
993.000000,-0.003697,-0.011944,-0.003425,-0.015682,0.011257
994.000000,-0.006832,-0.015360,-0.007348,-0.015635,-0.034159
995.000000,0.003824,-0.011103,-0.004697,-0.014017,0.019121
996.000000,-0.003113,-0.012516,-0.005736,-0.016554,-0.034686
997.000000,0.000753,-0.003327,-0.003098,-0.014422,0.042233
998.000000,0.000745,-0.001476,-0.004613,-0.006813,0.011215
999.000000,0.001538,-0.002647,-0.005268,-0.010253,-0.030191
1000.000000,0.004865,0.004344,-0.002611,-0.009249,0.035752
1001.000000,0.015102,0.005994,0.000000,-0.008229,0.016499
1002.000000,0.003725,0.002239,-0.003215,-0.001089,-0.014652
1003.000000,0.005138,0.002941,-0.004501,-0.001303,0.018282
1004.000000,0.003042,0.002290,-0.006535,-0.004135,-0.040671
1005.000000,-0.011802,-0.003469,-0.007286,-0.004287,-0.038466
1006.000000,-0.013539,0.000781,-0.005868,-0.003564,0.007813
1007.000000,-0.004478,-0.000377,-0.001852,-0.002191,0.030654
1008.000000,-0.003656,0.000741,-0.000368,-0.002829,0.022389
1009.000000,0.013849,0.008445,0.002899,-0.000697,0.046855
1010.000000,0.021542,0.004870,0.004607,-0.000117,0.000000
1011.000000,0.014265,0.000363,0.003179,0.000121,-0.028573
1012.000000,0.002251,-0.001113,0.000563,-0.002515,-0.029414
1013.000000,-0.012957,-0.008307,-0.002683,-0.005770,-0.053653
1014.000000,-0.027109,-0.006630,-0.002170,-0.006567,-0.023906
1015.000000,-0.021542,0.000000,-0.001734,-0.004857,0.027835
1016.000000,-0.014265,0.000000,0.000391,-0.003912,0.007813
1017.000000,-0.016320,-0.007034,-0.003705,-0.003579,-0.039688
1018.000000,-0.004781,-0.008869,-0.004064,-0.003201,0.004040
1019.000000,-0.005726,-0.016418,-0.003986,-0.003540,-0.028632
1020.000000,-0.011293,-0.016418,-0.005774,-0.002401,0.000000
1021.000000,-0.012856,-0.013560,-0.006599,-0.002401,0.000000
1022.000000,-0.004918,-0.010619,-0.005866,-0.003164,0.000000
1023.000000,0.000805,-0.001988,-0.005147,-0.002451,0.032656
1024.000000,0.002474,-0.001626,-0.004128,-0.001989,-0.020285
1025.000000,0.001653,-0.004820,-0.002410,-0.002763,-0.004107
1026.000000,0.004918,-0.003969,-0.001984,-0.001063,0.016327
1027.000000,0.017471,0.006277,-0.000379,-0.000378,0.062766
1028.000000,0.019864,0.010334,0.000733,0.000735,0.044617
1029.000000,0.020251,0.011363,-0.002528,0.001130,-0.018349
1030.000000,0.024013,0.012833,-0.001792,0.000429,0.014706
1031.000000,0.022203,0.013560,0.000000,0.000121,0.007273
1032.000000,0.001515,0.009493,-0.000563,-0.000746,-0.040671
1033.000000,-0.005904,0.006980,0.002496,-0.001105,0.007519
1034.000000,0.002941,0.011596,0.004985,0.001113,0.025879
1035.000000,0.000729,0.012371,0.003775,0.002517,0.003643
1036.000000,0.000000,0.011101,0.003566,0.002377,0.003630
1037.000000,0.012435,0.006975,0.006626,0.002073,0.021506
1038.000000,0.020622,0.007359,0.008847,0.002941,0.048452
1039.000000,0.012725,0.007833,0.009598,0.000926,-0.013606
1040.000000,0.011997,0.006363,0.009598,0.000926,0.000000
1041.000000,0.012636,0.006318,0.009939,0.002106,0.006826
1042.000000,0.001413,0.006924,0.008209,0.001933,-0.034606
1043.000000,-0.005480,0.007571,0.007275,0.004188,0.013986
1044.000000,-0.007680,0.002523,0.007059,0.004164,-0.024606
1045.000000,0.000684,0.006340,0.009356,0.004630,0.041818
1046.000000,-0.006218,0.003209,0.007155,0.003447,-0.027683
1047.000000,-0.084646,-0.041616,-0.017320,-0.009455,-0.426743
1048.000000,-0.086370,-0.045925,-0.019283,-0.009411,0.005362
1049.000000,-0.112636,-0.060158,-0.026162,-0.013654,-0.155935
1050.000000,-0.111242,-0.055279,-0.024458,-0.012028,0.048790
1051.000000,-0.089696,-0.047957,-0.020820,-0.009360,0.080043
1052.000000,0.002139,-0.041253,-0.017164,-0.008278,0.032435
1053.000000,-0.006522,-0.046446,-0.019438,-0.010632,-0.037945
1054.000000,0.020195,-0.046220,-0.021849,-0.010701,-0.022347
1055.000000,0.014907,-0.048168,-0.020914,-0.009819,0.022347
1056.000000,-0.004445,-0.047071,-0.021931,-0.010920,-0.016713
1057.000000,-0.003217,-0.000539,-0.021078,-0.011727,0.038572
1058.000000,0.010755,0.002116,-0.021904,-0.012150,0.031918
1059.000000,0.012058,0.016127,-0.022016,-0.012066,-0.015831
1060.000000,0.002198,0.008552,-0.023363,-0.013455,-0.026956
1061.000000,0.002235,-0.001105,-0.024531,-0.014248,-0.016529
1062.000000,-0.006594,-0.004906,-0.023079,-0.013078,-0.005571
1063.000000,-0.007468,0.001644,-0.022401,-0.012410,0.027550
1064.000000,-0.003217,0.004421,-0.020900,-0.013092,0.005420
1065.000000,0.065570,0.033884,-0.007142,-0.002648,0.316978
1066.000000,0.070444,0.036339,-0.005366,-0.002507,0.007843
1067.000000,0.072338,0.032872,0.016166,-0.003094,0.003899
1068.000000,0.063691,0.028112,0.015114,-0.005232,-0.015687
1069.000000,0.062607,0.029695,0.022911,-0.004779,0.000000
1070.000000,-0.007215,0.029177,0.018865,-0.005850,-0.032131
1071.000000,-0.010423,0.030010,0.014453,-0.006351,-0.008197
1072.000000,-0.003929,0.034204,0.014649,-0.003985,0.036368
1073.000000,0.001575,0.032633,0.017138,-0.004057,0.011834
1074.000000,0.016676,0.039642,0.022031,-0.000719,0.075508
1075.000000,0.020172,0.006478,0.020181,-0.002602,-0.014652
1076.000000,0.018087,0.003832,0.020086,-0.002300,-0.018623
1077.000000,0.010060,0.003065,0.017969,0.011799,-0.003766
1078.000000,0.009197,0.005386,0.016749,0.011871,0.007519
1079.000000,-0.011218,0.002729,0.016212,0.016184,-0.026567
1080.000000,-0.012957,0.003608,0.016392,0.013779,-0.023347
1081.000000,-0.011609,0.003239,0.016625,0.010715,-0.011881
1082.000000,0.001504,0.005782,0.019993,0.011694,0.061796
1083.000000,0.002235,0.005716,0.019174,0.013331,0.011173
1084.000000,0.008287,-0.001465,0.019088,0.014199,0.003697
1085.000000,0.012957,0.000000,0.003239,0.013454,0.000000
1086.000000,0.021867,0.005129,0.004481,0.015100,0.032671
1087.000000,0.006630,0.004067,0.003566,0.013335,-0.014389
1088.000000,0.007987,0.005111,0.005248,0.012869,0.017954
1089.000000,0.000737,0.004512,0.003621,0.012312,-0.032553
1090.000000,0.005100,0.009029,0.006318,0.013938,0.021819
1091.000000,-0.014437,0.003715,0.003477,0.012322,-0.065018
1092.000000,-0.008890,-0.001130,0.002326,0.012952,0.013346
1093.000000,-0.012481,-0.002247,0.001734,0.012034,0.000000
1094.000000,-0.002218,-0.000741,-0.001103,0.012479,0.018762
1095.000000,0.004271,0.004686,0.002343,0.003721,0.054263
1096.000000,0.047903,0.016733,0.010931,0.008565,0.153144
1097.000000,0.051187,0.021148,0.012608,0.009427,0.029764
1098.000000,0.058104,0.022811,0.013961,0.011103,0.034586
1099.000000,0.044480,0.021131,0.012821,0.009457,-0.049357
1100.000000,0.028808,0.016539,0.012784,0.009725,-0.024098
1101.000000,-0.005513,0.021195,0.012455,0.009383,-0.018462
1102.000000,-0.015228,0.017979,0.008425,0.007544,-0.018809
1103.000000,-0.022779,0.017662,0.007708,0.007044,-0.003170
1104.000000,-0.012908,0.015786,0.007523,0.004527,0.000000
1105.000000,-0.009362,0.009723,0.007204,0.004803,-0.006369
1106.000000,-0.003762,-0.004638,0.006048,0.005742,0.009539
1107.000000,0.000632,-0.007298,0.006925,0.005972,0.003160
1108.000000,-0.006452,-0.014616,0.004098,0.004435,-0.038590
1109.000000,-0.009758,-0.011333,0.004899,0.004770,-0.016529
1110.000000,-0.005178,-0.007270,0.004635,0.006099,0.016529
1111.000000,0.004382,0.000310,0.010752,0.008407,0.057341
1112.000000,0.001258,0.000945,0.009462,0.005931,-0.012461
1113.000000,0.006452,0.000000,0.008831,0.005138,-0.012618
1114.000000,0.009122,-0.000318,0.007734,0.004909,-0.003180
1115.000000,0.007086,0.000954,0.005338,0.005121,0.006349
1116.000000,0.006098,0.005240,0.000301,0.005778,0.052400
1117.000000,0.001250,0.001254,-0.003022,0.005035,-0.036701
1118.000000,-0.013119,-0.003334,-0.008975,0.001621,-0.084466
1119.000000,-0.011807,-0.001342,-0.006338,0.002819,0.003384
1120.000000,-0.020651,-0.006782,-0.007026,0.000829,-0.037870
1121.000000,-0.036825,-0.015363,-0.007527,0.002047,-0.028472
1122.000000,-0.029485,-0.014117,-0.006586,0.001602,0.000000
1123.000000,-0.002730,-0.007925,-0.003962,0.003246,0.049306
1124.000000,0.012443,0.000318,0.000000,0.005262,0.079249
1125.000000,0.025651,0.002500,0.001727,0.004392,0.028171
1126.000000,0.035015,-0.000905,0.002168,-0.000101,0.018349
1127.000000,0.037425,0.003970,0.002612,-0.000691,0.012048
1128.000000,0.028758,0.013014,0.004840,-0.001645,0.005970
1129.000000,0.002524,0.007483,0.003070,-0.001731,-0.051920
1130.000000,0.000000,0.012825,0.003022,-0.000409,0.015552
1131.000000,-0.004288,0.015363,0.000000,0.000103,-0.003091
1132.000000,-0.007318,0.015053,0.000468,0.000627,-0.003101
1133.000000,-0.004820,0.011969,0.002022,0.001348,0.018462
1134.000000,0.005565,0.004044,0.002181,0.001348,0.000000
1135.000000,-0.001860,-0.000930,0.000785,0.000841,-0.021572
1136.000000,0.009079,0.002395,0.000745,0.002243,0.051605
1137.000000,0.011466,0.002074,0.003022,0.002433,0.008837
1138.000000,0.006597,0.000889,0.006951,0.003523,-0.005882
1139.000000,0.008359,0.006962,0.007223,0.004368,0.008811
1140.000000,0.010321,0.004230,0.008528,0.003424,-0.011765
1141.000000,-0.001783,0.003648,0.009506,0.001216,-0.008915
1142.000000,0.011952,0.011709,0.013381,0.004215,0.077514
1143.000000,0.014779,0.010688,0.011329,0.004911,0.008253
1144.000000,0.006331,0.007345,0.005695,0.003903,-0.033429
1145.000000,0.012055,0.011188,0.005129,0.004253,0.016854
1146.000000,0.016054,0.007136,0.004766,0.002875,0.011080
1147.000000,0.007056,0.009504,0.005789,0.005183,0.032523
1148.000000,0.012222,0.013501,0.007195,0.009134,0.034079
1149.000000,0.022484,0.014408,0.010685,0.009618,0.017880
1150.000000,0.016565,0.014310,0.009270,0.010455,-0.012739
1151.000000,0.018912,0.017483,0.010565,0.012165,0.022815
1152.000000,0.006300,0.006678,0.009194,0.011147,-0.030537
1153.000000,-0.016654,-0.002216,0.004236,0.006814,-0.080689
1154.000000,-0.020791,0.000846,0.004096,0.004079,-0.002805
1155.000000,-0.030403,-0.006919,0.002134,0.001113,-0.060800
1156.000000,-0.045382,-0.013235,-0.003050,-0.001235,-0.052079
1157.000000,-0.049600,-0.021650,-0.006073,-0.003357,-0.051624
1158.000000,-0.033462,-0.025058,-0.005779,-0.003556,0.000000
1159.000000,-0.014562,-0.017677,-0.001635,0.001231,0.091691
1160.000000,0.016605,-0.006899,0.003705,0.003880,0.095035
1161.000000,0.028116,-0.008633,0.004425,0.004166,0.005479
1162.000000,0.032901,-0.008349,-0.000836,0.003346,-0.027703
1163.000000,0.038441,0.002490,0.000137,0.003654,0.027703
1164.000000,0.022817,0.004127,0.002487,0.004106,0.013569
1165.000000,-0.002766,0.006919,0.000000,0.003729,-0.032880
1166.000000,0.001633,0.014875,0.000820,0.002925,0.027474
1167.000000,0.007173,0.020037,-0.000806,0.002630,0.000000
1168.000000,0.002714,0.020578,-0.002240,0.003007,0.005405
1169.000000,-0.006020,0.008399,-0.004639,0.001710,-0.030098
1170.000000,0.001111,-0.000828,-0.003863,0.002194,0.002774
1171.000000,0.002156,0.001895,-0.003369,0.003582,0.032700
1172.000000,0.005875,0.006524,-0.000913,0.001618,0.018593
1173.000000,0.002677,0.002696,0.002593,0.000990,-0.010582
1174.000000,-0.000556,-0.003288,0.000420,0.000562,-0.046267
1175.000000,0.036372,0.018742,0.012830,0.006247,0.187415
1176.000000,0.027976,0.015066,0.014970,0.005568,-0.009281
1177.000000,0.027035,0.016455,0.018246,0.004947,0.013889
1178.000000,0.020699,0.011688,0.016133,0.002403,-0.042260
1179.000000,0.031862,0.015653,0.012026,0.002125,0.009547
1180.000000,-0.005146,0.015613,0.007393,0.002629,0.002372
1181.000000,0.008667,0.018321,0.010108,0.003861,0.059788
1182.000000,0.005889,0.016462,0.011493,0.004879,0.000000
1183.000000,0.012097,0.016398,0.009547,0.007194,-0.011223
1184.000000,0.004695,0.018279,0.007495,0.006373,-0.027462
1185.000000,-0.002864,-0.004005,0.007368,0.007218,-0.035423
1186.000000,-0.012908,-0.002120,0.006473,0.009273,0.009569
1187.000000,-0.013384,-0.003748,0.006354,0.010915,-0.002384
1188.000000,-0.005492,0.003302,0.007495,0.011856,0.028237
1189.000000,0.019862,0.012279,0.013966,0.012110,0.099310
1190.000000,0.020108,0.008622,0.012117,0.007802,-0.034191
1191.000000,0.016448,0.001770,0.010046,0.007329,-0.008734
1192.000000,0.013830,0.000223,0.008343,0.007736,-0.015470
1193.000000,0.012152,0.003330,0.009864,0.007475,0.019846
1194.000000,-0.023846,-0.001992,0.008143,0.004333,-0.080680
1195.000000,-0.024975,-0.002433,-0.003219,0.004101,-0.039836
1196.000000,-0.011742,0.002353,0.000116,0.005100,0.057432
1197.000000,-0.012878,0.000476,-0.001636,0.004395,-0.021152
1198.000000,-0.013082,-0.000465,0.001419,0.004842,0.018824
1199.000000,0.001180,-0.011333,0.000473,0.005533,-0.009368
1200.000000,0.014258,-0.005358,0.001632,0.006292,0.025553
1201.000000,-0.005183,-0.008462,-0.003346,0.003876,-0.039771
1202.000000,-0.000476,-0.006677,-0.003227,0.003336,0.002384
1203.000000,-0.003290,-0.008186,-0.002428,0.003847,0.004751
1204.000000,-0.004762,-0.001791,-0.001891,0.004832,-0.016727
1205.000000,-0.009391,0.002433,0.000000,-0.001335,0.002407
1206.000000,-0.009782,-0.007482,-0.002565,-0.002417,-0.041724
1207.000000,-0.016883,-0.008680,-0.004102,-0.003984,-0.033124
1208.000000,0.003290,0.000000,-0.000233,0.000946,0.105620
1209.000000,0.002395,-0.001183,-0.006258,-0.000079,-0.021202
1210.000000,0.004281,-0.002555,-0.003957,0.000236,0.011834
1211.000000,0.003970,-0.002906,-0.005684,-0.003199,-0.043276
1212.000000,0.006123,-0.005380,-0.006029,-0.003945,-0.022361
1213.000000,-0.018039,-0.007374,-0.007780,-0.004077,-0.015190
1214.000000,-0.024811,-0.011208,-0.006499,-0.004997,-0.055060
1215.000000,-0.004225,-0.004225,-0.004225,-0.004225,0.018692
1216.000000,-0.019062,-0.007546,-0.007514,-0.004225,-0.021391
1217.000000,-0.018410,-0.006143,-0.007411,-0.004782,-0.019100
1218.000000,-0.017588,-0.017813,-0.008907,-0.006093,-0.011080
1219.000000,-0.006020,-0.015415,-0.008299,-0.009310,0.002782
1220.000000,-0.003738,-0.013589,-0.008072,-0.007167,0.030098
1221.000000,-0.007714,-0.013388,-0.008147,-0.008252,-0.041271
1222.000000,-0.006154,-0.012282,-0.008831,-0.008113,-0.011300
1223.000000,0.000000,-0.008794,-0.008084,-0.008118,0.019691
1224.000000,-0.009675,-0.007847,-0.009527,-0.006949,-0.045592
1225.000000,-0.002714,-0.003226,-0.006403,-0.003457,0.064903
1226.000000,-0.006277,-0.006996,-0.007271,-0.007341,-0.059089
1227.000000,-0.004889,-0.005522,-0.005833,-0.006782,-0.004357
1228.000000,-0.013838,-0.006919,-0.012366,-0.008244,-0.025057
1229.000000,-0.005618,-0.007646,-0.011531,-0.008082,-0.004488
1230.000000,-0.019500,-0.011107,-0.012348,-0.009084,-0.004508
1231.000000,-0.009497,-0.007887,-0.010638,-0.008060,-0.009077
1232.000000,-0.003821,-0.004355,-0.008318,-0.007339,0.024025
1233.000000,0.002374,-0.005732,-0.007263,-0.007300,0.005917
1234.000000,0.004448,-0.000585,-0.004216,-0.006547,0.005882
1235.000000,-0.002424,-0.010962,-0.007094,-0.007922,-0.038869
1236.000000,-0.005547,-0.007522,-0.007259,-0.007355,-0.024693
1237.000000,-0.012236,-0.008029,-0.006775,-0.006565,-0.009419
1238.000000,-0.003572,-0.000599,-0.003759,-0.008444,0.049241
1239.000000,-0.003550,0.000449,-0.003599,-0.007537,0.005988
1240.000000,0.005414,0.001495,-0.004806,-0.007734,0.005952
1241.000000,0.007363,0.000908,-0.003490,-0.006789,-0.014948
1242.000000,0.000000,-0.006118,-0.005236,-0.007585,-0.046233
1243.000000,-0.003636,-0.003604,-0.004668,-0.006043,0.031058
1244.000000,0.002963,-0.000294,-0.000439,-0.002909,0.038985
