0.000000,-0.004964,-0.002224,0.003280,0.003630,0.002649
1.000000,-0.001822,-0.001812,0.004155,0.003731,0.011834
2.000000,0.002835,0.000258,0.004404,0.005396,0.023282
3.000000,0.005509,-0.001668,0.002249,0.004470,-0.012879
4.000000,0.000265,-0.002227,0.000199,0.002426,-0.023561
5.000000,0.000264,-0.002350,0.000132,0.002372,0.002646
6.000000,-0.000262,-0.001042,0.000131,0.003107,0.009205
7.000000,-0.005180,-0.001173,0.000461,0.003497,-0.001310
8.000000,0.001803,0.003656,0.000775,0.003465,0.022036
9.000000,-0.002935,-0.001335,-0.001522,0.001559,-0.047253
10.000000,-0.010579,-0.005157,-0.003690,0.000468,-0.035571
11.000000,-0.010204,-0.005233,-0.003522,0.001026,0.011080
12.000000,-0.010493,-0.007837,-0.003789,0.000324,-0.002759
13.000000,-0.014349,-0.006273,-0.003970,-0.000592,0.002759
14.000000,0.004518,0.000792,-0.000718,0.000397,0.047083
15.000000,-0.005364,-0.007971,-0.005161,-0.002569,-0.084983
16.000000,-0.008440,-0.009322,-0.005182,-0.003020,-0.004301
17.000000,-0.010783,-0.010638,-0.005905,-0.003239,-0.014472
18.000000,-0.012211,-0.013280,-0.004812,-0.003910,-0.004383
19.000000,-0.021921,-0.008701,-0.005018,-0.003915,-0.001465
20.000000,-0.010274,-0.007819,-0.006488,-0.005067,-0.026748
21.000000,-0.004064,-0.006252,-0.005742,-0.004432,0.026748
22.000000,-0.001170,-0.005976,-0.006906,-0.004518,0.000000
23.000000,0.000585,-0.005813,-0.006043,-0.004585,0.004389
24.000000,0.001170,-0.010376,-0.004792,-0.003937,0.001459
25.000000,0.005056,-0.002609,-0.005290,-0.004310,-0.007315
26.000000,-0.000293,-0.002179,-0.005750,-0.004181,0.000000
27.000000,0.000586,-0.000292,-0.005465,-0.004034,0.004396
28.000000,-0.000292,0.000146,-0.006567,-0.003159,0.000000
29.000000,0.004326,0.002748,-0.002977,-0.002429,0.024550
30.000000,0.011969,0.008513,0.000347,-0.001488,0.030901
31.000000,0.014444,0.007075,0.000412,-0.001470,0.012371
32.000000,0.012469,0.006527,0.000275,-0.002429,-0.005479
33.000000,0.006897,0.003303,-0.001255,-0.002928,-0.027857
34.000000,-0.004035,0.000146,-0.005115,-0.003146,-0.030110
35.000000,-0.008476,0.001747,-0.000431,-0.002944,0.008696
36.000000,-0.011239,0.001602,-0.000288,-0.003299,-0.001444
37.000000,-0.010722,0.000873,0.000291,-0.003352,-0.002894
38.000000,-0.004283,0.001307,0.000727,-0.003942,0.004338
39.000000,-0.003228,-0.003631,-0.000442,-0.003195,-0.024837
40.000000,-0.003787,-0.006132,0.001191,-0.001813,0.005900
41.000000,-0.004975,-0.008107,-0.000516,-0.002428,-0.007380
42.000000,-0.002039,-0.006381,0.000073,-0.001943,0.011782
43.000000,-0.005560,-0.004921,-0.000809,-0.002477,-0.013265
44.000000,0.000296,-0.001466,-0.000660,-0.003899,0.004441
45.000000,0.001465,-0.001161,0.000293,-0.000674,0.011748
46.000000,0.003233,-0.000871,0.000366,-0.000482,0.001459
47.000000,0.004345,0.001153,0.001013,0.000578,0.017341
48.000000,-0.000148,-0.002854,-0.000773,-0.000467,-0.035731
49.000000,-0.000592,-0.000148,-0.001890,-0.000344,0.002225
50.000000,-0.001760,-0.000147,-0.003139,0.000745,0.005908
51.000000,-0.001463,0.000885,-0.003611,-0.000049,0.002941
52.000000,-0.005814,-0.000735,-0.003558,-0.000196,-0.004415
53.000000,0.005130,0.002491,-0.001215,0.000291,0.018993
54.000000,0.002356,0.000882,-0.000292,-0.000146,-0.011645
55.000000,-0.000295,-0.001027,-0.001094,-0.000147,-0.007348
56.000000,-0.003257,-0.002360,-0.001615,-0.000543,-0.011870
57.000000,-0.000295,-0.003055,-0.000951,-0.000343,0.010394
58.000000,-0.009180,-0.002025,-0.002440,-0.001191,-0.025431
59.000000,0.004058,0.003207,0.001530,-0.000191,0.054546
60.000000,0.002928,0.001317,0.000585,-0.001654,-0.012997
61.000000,0.007614,0.002179,0.001532,-0.001681,0.011561
62.000000,0.003514,0.001609,0.000437,-0.001835,-0.010108
63.000000,0.010334,0.000577,0.001534,-0.000618,0.008671
64.000000,-0.000575,0.001742,0.001312,0.000386,0.000000
65.000000,0.000870,0.001899,0.000436,-0.000096,-0.005772
66.000000,0.002286,0.004950,0.001295,0.000573,0.018639
67.000000,0.005723,0.004618,0.000782,0.000905,0.007077
68.000000,0.001291,0.005813,0.001894,0.000311,-0.013490
69.000000,0.004271,0.001848,0.002528,0.001636,0.014899
70.000000,0.002874,0.001872,0.001594,0.001014,-0.012757
71.000000,0.006430,0.004358,0.003268,0.002474,0.036419
72.000000,0.000000,0.002861,0.002235,0.001245,-0.025071
73.000000,0.003261,0.002276,0.001427,0.001781,0.002817
74.000000,0.001683,0.002977,0.002359,0.001867,0.007008
75.000000,0.003114,0.002994,0.002447,0.001289,-0.005602
76.000000,-0.004170,0.001130,0.003040,0.001240,0.000000
77.000000,-0.000282,-0.000141,0.002239,0.000474,-0.005634
78.000000,-0.014887,-0.005813,0.000000,-0.000675,-0.070204
79.000000,-0.027186,-0.012751,-0.005452,-0.002565,-0.054488
80.000000,-0.025108,-0.010997,-0.004562,-0.002603,0.004789
81.000000,-0.022891,-0.013530,-0.004586,-0.002331,0.011085
82.000000,-0.021449,-0.010866,-0.004002,-0.002132,0.001574
83.000000,-0.007094,-0.010990,-0.004357,-0.002712,0.001571
84.000000,0.009377,-0.008904,-0.002964,-0.001395,0.027866
85.000000,0.008419,-0.008344,-0.002675,-0.001150,0.000000
86.000000,0.004362,-0.009265,-0.004067,-0.001061,-0.009203
87.000000,0.006801,-0.007324,-0.003733,-0.000949,0.013772
88.000000,0.005573,-0.000760,-0.003287,-0.000253,-0.004570
89.000000,0.000305,0.004841,-0.003955,-0.002021,0.001526
90.000000,0.000610,0.004514,-0.003241,-0.001537,0.001523
91.000000,0.002146,0.003254,-0.005138,-0.001973,-0.001523
92.000000,0.000607,0.003704,-0.003581,-0.001433,0.006079
93.000000,0.001824,0.003698,-0.003646,-0.001672,0.001514
94.000000,0.002123,0.001214,-0.003845,-0.001571,0.003021
95.000000,0.003321,0.001965,-0.003189,-0.001128,0.007513
96.000000,0.002725,0.002435,-0.003415,-0.001900,-0.004501
97.000000,-0.001826,-0.000610,-0.003967,-0.002692,-0.016680
98.000000,0.006841,0.004332,0.001786,-0.000747,0.044851
99.000000,-0.002123,0.000000,0.002420,-0.002637,-0.041797
100.000000,-0.009190,-0.002935,0.000790,-0.003139,-0.027823
101.000000,0.004167,0.003446,0.003350,-0.002277,0.062283
102.000000,0.013309,0.005741,0.004723,-0.000473,0.029030
103.000000,0.002036,0.004439,0.004069,-0.000951,-0.011511
104.000000,0.014691,0.006284,0.003749,-0.000469,0.021475
105.000000,0.018834,0.004822,0.003394,-0.000519,-0.007107
106.000000,0.004946,0.004556,0.003496,-0.000758,-0.007158
107.000000,0.001993,0.007651,0.003521,-0.000094,0.014266
108.000000,0.005425,0.003731,0.004031,0.002434,0.005650
109.000000,0.003092,0.008892,0.004446,0.004577,0.009811
110.000000,-0.000571,0.009131,0.003098,0.003570,-0.025425
111.000000,-0.003186,0.000880,0.002163,0.002526,-0.020232
112.000000,-0.003717,-0.000862,0.002440,0.002861,0.011611
113.000000,-0.006295,-0.000435,0.002002,0.002567,-0.007241
114.000000,-0.006521,-0.001714,0.002285,0.001928,0.008683
115.000000,-0.002592,-0.001582,0.001620,0.001735,-0.005780
116.000000,0.000000,-0.001593,0.001482,0.001800,-0.007273
117.000000,-0.003494,-0.003605,0.002023,0.001145,-0.005857
118.000000,-0.001166,-0.003731,0.000000,0.001444,0.004396
119.000000,-0.003488,-0.005005,0.001943,0.001296,-0.002928
120.000000,-0.002920,-0.002756,0.003188,0.001147,-0.002937
121.000000,-0.002645,-0.001323,-0.000221,0.001001,-0.005900
122.000000,-0.001770,-0.002632,-0.001747,0.000749,-0.001480
123.000000,0.006048,0.002441,0.001003,0.002148,0.043485
124.000000,0.004064,0.000288,-0.000713,0.001619,-0.012848
125.000000,0.004939,0.001009,-0.000286,0.001417,0.001436
126.000000,0.003228,0.000292,-0.000651,0.001085,-0.014451
127.000000,0.003233,0.000732,-0.001437,0.001592,-0.001457
128.000000,-0.008697,-0.001325,-0.002528,-0.000442,-0.016165
129.000000,-0.012143,-0.004039,-0.004522,-0.000051,-0.030077
130.000000,-0.011820,-0.003441,-0.003098,0.000978,0.003049
131.000000,-0.004713,-0.000742,-0.001032,-0.000395,0.021085
132.000000,-0.004720,-0.000743,-0.001688,-0.001412,-0.001491
133.000000,-0.001189,-0.004943,-0.001251,-0.000979,0.001491
134.000000,0.008372,-0.001885,-0.000799,-0.001104,0.017726
135.000000,0.005997,-0.002911,-0.000951,-0.001161,-0.008824
136.000000,0.000892,-0.001910,-0.000809,-0.001071,-0.004441
137.000000,-0.002402,-0.003561,-0.001415,-0.002145,-0.017965
138.000000,-0.000298,-0.000743,-0.001034,-0.001933,0.012012
139.000000,-0.007154,0.000609,-0.001715,-0.002812,-0.016554
140.000000,-0.009065,-0.001534,-0.002487,-0.002577,-0.018377
141.000000,0.011810,0.006351,0.002804,0.001429,0.099936
142.000000,0.012018,0.004808,0.002032,0.000478,-0.016926
143.000000,0.015226,0.007464,0.001261,0.001654,0.028052
144.000000,0.016591,0.004719,0.001417,0.001040,-0.009729
145.000000,0.016886,0.003911,0.000500,0.000670,-0.016902
146.000000,-0.001968,0.004921,0.001505,0.001101,0.005666
147.000000,0.001417,0.006718,0.001578,0.001296,0.000000
148.000000,-0.001667,0.006780,0.003018,0.001571,0.012632
149.000000,0.001946,0.009269,0.004939,0.001946,0.008333
150.000000,0.005603,0.011245,0.004855,0.002090,0.001382
151.000000,0.006940,0.002486,0.004419,0.002698,0.012354
152.000000,0.008571,0.004994,0.004901,0.003020,0.008152
153.000000,0.006855,0.002594,0.005029,0.001705,0.004051
154.000000,0.003292,0.002619,0.003669,0.001817,-0.009479
155.000000,0.001924,0.003764,0.003837,0.001588,-0.005457
156.000000,-0.003301,0.001820,0.003370,0.001610,-0.013774
157.000000,-0.006044,0.001263,0.003991,0.001473,-0.005563
158.000000,-0.006576,0.000139,0.003460,0.002059,0.001394
159.000000,-0.002464,0.000414,0.004841,0.003430,0.011080
160.000000,-0.001648,0.000138,0.005691,0.003283,-0.001378
161.000000,0.001657,-0.000822,0.000832,0.002672,0.002755
162.000000,0.008465,0.001211,0.003102,0.003671,0.028477
163.000000,0.013203,0.003314,0.002954,0.004457,0.025084
164.000000,0.007037,0.002287,0.002453,0.003208,-0.019750
165.000000,0.004366,0.001359,0.002561,0.003011,-0.014736
166.000000,0.000549,0.001103,0.001461,0.002615,-0.016327
167.000000,-0.004598,0.001934,0.001598,0.003305,0.002740
168.000000,0.003874,0.008539,0.004339,0.005153,0.067441
169.000000,0.008335,0.007686,0.004050,0.005790,0.002554
170.000000,0.015072,0.009719,0.004928,0.007034,0.018952
171.000000,0.020825,0.010687,0.004933,0.004117,0.012438
172.000000,0.025884,0.010643,0.005927,0.005616,0.028034
173.000000,0.016323,0.010098,0.006706,0.005335,0.019638
174.000000,0.017104,0.012719,0.007503,0.005875,0.006461
175.000000,0.010246,0.012659,0.007009,0.005927,-0.015340
176.000000,0.007759,0.014292,0.007698,0.005738,0.000000
177.000000,0.002152,0.014018,0.007976,0.005738,0.000000
178.000000,-0.002968,0.006677,0.007608,0.005118,-0.005963
179.000000,-0.000586,0.008259,0.007972,0.005453,0.018371
180.000000,0.000949,0.005598,0.007658,0.005152,-0.007663
181.000000,0.000000,0.003879,0.007283,0.004582,-0.004745
182.000000,-0.002874,-0.000361,0.005141,0.003831,-0.014372
183.000000,-0.001441,-0.002204,0.003947,0.003736,0.001206
184.000000,-0.001533,-0.001059,0.005830,0.004649,0.017911
185.000000,0.011944,0.006446,0.009553,0.006821,0.059719
186.000000,0.008155,0.004077,0.009185,0.006491,-0.023690
187.000000,0.013073,0.005100,0.009559,0.007017,0.010222
188.000000,0.010560,0.004560,0.005618,0.006592,-0.011364
189.000000,0.010152,0.004310,0.006284,0.006752,0.015873
190.000000,0.001333,0.006639,0.006118,0.007318,0.015625
191.000000,0.009802,0.008978,0.006429,0.007848,0.018651
192.000000,0.006230,0.009652,0.004645,0.006644,-0.007638
193.000000,0.010356,0.010458,0.004127,0.006117,0.009267
194.000000,0.005765,0.007959,0.003450,0.006540,-0.007079
195.000000,0.005462,0.003398,0.004922,0.007501,0.014108
196.000000,0.005785,0.007793,0.005935,0.008721,0.020267
197.000000,0.006890,0.006560,0.005830,0.008559,-0.002114
198.000000,0.001190,0.005773,0.005166,0.005670,-0.019231
199.000000,-0.003306,0.001230,0.002770,0.004600,-0.029559
200.000000,-0.009263,-0.001901,0.002369,0.003445,-0.015678
201.000000,-0.011743,-0.002979,0.003000,0.003293,0.007870
202.000000,-0.011096,-0.002103,0.003774,0.002396,0.001119
203.000000,0.002998,0.002094,0.006276,0.003449,0.051237
204.000000,0.005263,0.000979,0.004469,0.002626,-0.018231
205.000000,0.031474,0.011106,0.007252,0.006983,0.115375
206.000000,0.028157,0.008207,0.008000,0.006693,-0.008717
207.000000,0.024004,0.006454,0.006507,0.006038,-0.019647
208.000000,0.013359,0.008178,0.006976,0.006170,-0.001986
209.000000,0.018786,0.012025,0.006627,0.005855,0.008907
210.000000,-0.001549,0.014963,0.006531,0.006567,0.013699
211.000000,0.000583,0.014370,0.005696,0.006790,0.001942
212.000000,0.003150,0.013577,0.005737,0.007042,-0.006813
213.000000,0.002960,0.008159,0.005127,0.006904,-0.002934
214.000000,0.000000,0.009393,0.005186,0.006110,-0.005894
215.000000,-0.001757,-0.001653,0.004726,0.004283,0.004914
216.000000,-0.000583,0.000000,0.004104,0.005333,0.007813
217.000000,0.004060,0.003605,0.005029,0.005539,0.016402
218.000000,0.006741,0.004851,0.006514,0.006267,0.010471
219.000000,0.006780,0.003390,0.007708,0.005548,-0.005698
220.000000,0.007126,0.002685,0.008824,0.005249,0.006645
221.000000,0.008475,0.003946,0.009158,0.005112,0.014558
222.000000,0.004354,0.004207,0.008892,0.005227,-0.004205
223.000000,0.000189,0.003465,0.005812,0.004573,-0.010353
224.000000,0.001896,0.004338,0.006866,0.004903,0.002834
225.000000,0.010325,0.008726,0.003536,0.006059,0.048790
226.000000,0.004152,0.006314,0.003157,0.004840,-0.016305
227.000000,0.009330,0.006842,0.005223,0.005634,0.021681
228.000000,0.013887,0.007038,0.005944,0.006689,0.012434
229.000000,0.015950,0.008923,0.006157,0.008113,0.013152
230.000000,0.005844,0.008084,0.005385,0.008577,-0.001744
231.000000,0.009453,0.006803,0.005375,0.008373,0.001744
232.000000,0.007713,0.008522,0.006364,0.008768,0.012982
233.000000,0.001932,0.007910,0.005687,0.006511,-0.016472
234.000000,-0.001574,0.007188,0.005763,0.006973,-0.004380
235.000000,0.010040,0.007942,0.008334,0.005005,0.056329
236.000000,0.009027,0.009240,0.007777,0.005185,-0.003325
237.000000,0.011527,0.009620,0.008231,0.006689,0.025484
238.000000,0.013682,0.007807,0.007423,0.006565,-0.005698
239.000000,0.022716,0.010571,0.009747,0.007628,0.040789
240.000000,0.009402,0.009721,0.008903,0.006830,-0.010240
241.000000,0.009433,0.009230,0.008016,0.006660,-0.003172
242.000000,0.002581,0.007054,0.007788,0.006594,-0.008775
243.000000,0.011731,0.012706,0.010308,0.008027,0.040052
244.000000,0.006780,0.014748,0.010968,0.008758,0.016037
245.000000,0.009886,0.009644,0.008793,0.008771,0.005289
246.000000,0.010370,0.009901,0.009571,0.008485,-0.000754
247.000000,0.012426,0.007504,0.008562,0.007989,0.001507
248.000000,0.005916,0.008824,0.008315,0.007890,0.007502
249.000000,0.005897,0.006339,0.008455,0.008611,0.015941
250.000000,0.005500,0.007693,0.008707,0.008500,0.003305
251.000000,0.006383,0.008376,0.008803,0.008136,0.003659
252.000000,0.001051,0.006739,0.006896,0.007438,-0.025149
253.000000,0.000299,0.003107,0.007907,0.007908,0.003738
254.000000,-0.000074,0.002912,0.008830,0.008283,0.014080
255.000000,0.005923,0.005712,0.007678,0.007766,0.033288
256.000000,0.004621,0.005502,0.007702,0.008214,-0.002851
257.000000,0.006485,0.003768,0.005636,0.006964,-0.015828
258.000000,0.006172,0.003236,0.006030,0.006622,0.002173
259.000000,0.004870,0.002398,0.004369,0.006436,0.007569
260.000000,0.007406,0.006664,0.007179,0.008026,0.045965
261.000000,0.010701,0.007661,0.008019,0.008422,0.013624
262.000000,-0.001164,0.002661,0.004700,0.005485,-0.075149
263.000000,-0.003357,0.001408,0.002258,0.005741,-0.008791
264.000000,-0.009335,-0.002232,0.000340,0.005143,-0.022322
265.000000,-0.019584,-0.006089,-0.000189,0.003089,-0.005281
266.000000,0.018717,0.014709,0.010105,0.010037,0.205131
267.000000,0.024026,0.011431,0.007600,0.007568,-0.048605
268.000000,0.026945,0.011794,0.007515,0.007951,0.005805
269.000000,0.039105,0.014885,0.008642,0.007874,0.038478
270.000000,0.041026,0.010721,0.008693,0.008360,0.004322
271.000000,-0.004612,0.007053,0.007357,0.007697,-0.023061
272.000000,0.003844,0.013935,0.008298,0.007778,-0.006325
273.000000,-0.002069,0.012438,0.006923,0.005651,-0.023757
274.000000,-0.005267,0.016919,0.007344,0.005866,0.022487
275.000000,-0.012063,0.014481,0.004196,0.004701,-0.029660
276.000000,-0.005109,-0.004861,0.004924,0.005117,0.011711
277.000000,-0.002041,0.000901,0.006166,0.005367,0.009015
278.000000,0.005385,0.001658,0.006726,0.005563,0.013372
279.000000,0.001140,-0.002063,0.006411,0.005073,0.001264
280.000000,0.009583,-0.001240,0.004741,0.005382,0.012555
281.000000,0.008175,0.001533,0.004293,0.005415,0.004668
282.000000,0.008533,0.003246,0.008591,0.006614,0.010808
283.000000,0.003760,0.004572,0.008505,0.006140,-0.010497
284.000000,0.003507,0.002323,0.009621,0.005670,0.000000
285.000000,0.000871,0.005227,0.009854,0.004540,-0.000621
286.000000,-0.002940,0.002617,-0.001122,0.004155,-0.014389
287.000000,-0.009433,-0.000450,0.000226,0.003961,-0.021657
288.000000,-0.006178,-0.001209,0.000225,0.004081,0.005779
289.000000,-0.003128,0.000189,-0.000937,0.004337,0.015248
290.000000,0.000744,0.000808,-0.000216,0.003430,0.018739
291.000000,-0.000378,-0.001659,-0.000063,0.002309,-0.020001
292.000000,-0.001422,-0.005427,-0.001090,0.003918,-0.026873
293.000000,0.002545,-0.001817,0.001378,0.005065,0.025610
294.000000,0.000881,-0.001124,0.000600,0.006040,0.006929
295.000000,0.008481,0.004612,0.004920,0.008107,0.056740
296.000000,0.004988,0.002305,0.002461,0.000021,-0.037467
297.000000,0.011223,0.004900,0.002225,0.001784,0.004301
298.000000,0.006223,0.004384,0.001587,0.001611,0.000613
299.000000,0.001501,0.001191,0.000690,-0.000228,-0.016682
300.000000,-0.014129,-0.002824,-0.001008,-0.001085,-0.021411
301.000000,-0.006000,-0.000506,-0.001083,-0.000211,0.003178
302.000000,-0.002344,0.004440,-0.000494,0.000753,0.022586
303.000000,0.001222,0.003723,0.000953,0.002159,0.018439
304.000000,0.000870,0.001186,0.000031,0.000795,-0.018439
305.000000,0.003533,-0.005298,-0.000343,0.001514,-0.008097
306.000000,-0.001657,-0.003829,-0.000762,0.000365,-0.022771
307.000000,-0.015740,-0.009042,-0.002071,-0.001530,-0.047831
308.000000,-0.017159,-0.007969,-0.001792,-0.001598,0.011345
309.000000,-0.014535,-0.006833,-0.002821,-0.001817,-0.005323
310.000000,-0.011586,-0.004027,-0.003425,-0.002014,0.006649
311.000000,-0.011725,-0.006691,-0.003599,-0.002952,-0.023467
312.000000,-0.000134,-0.007937,-0.001749,-0.002975,0.010125
313.000000,0.001586,-0.007786,-0.002032,-0.001960,0.019947
314.000000,0.001330,-0.006603,-0.002709,-0.002180,-0.006605
315.000000,0.004845,-0.003371,-0.004334,-0.001352,0.024224
316.000000,0.003364,-0.004181,-0.004005,-0.001902,-0.030873
317.000000,-0.004208,-0.002171,-0.005606,-0.002104,-0.027733
318.000000,-0.012355,-0.005385,-0.006677,-0.002990,-0.020791
319.000000,-0.006328,-0.002499,-0.004666,-0.002714,0.023530
320.000000,-0.014901,-0.005028,-0.004527,-0.003960,-0.018641
321.000000,-0.017852,-0.007244,-0.006967,-0.004814,-0.045624
322.000000,-0.009696,-0.006952,-0.007445,-0.003483,0.013044
323.000000,-0.008731,-0.010543,-0.009165,-0.004869,-0.015966
324.000000,-0.008239,-0.007283,-0.006943,-0.004234,0.025994
325.000000,0.003865,-0.005518,-0.004444,-0.004729,0.041876
326.000000,0.012990,-0.002431,-0.003306,-0.003480,0.000000
327.000000,0.015909,0.003106,0.000468,-0.002702,0.027639
328.000000,0.016963,0.004116,-0.000634,-0.003079,-0.010695
329.000000,-0.002583,-0.005411,-0.003955,-0.004914,-0.071733
330.000000,-0.013720,-0.004928,-0.004978,-0.004661,-0.013813
331.000000,-0.017863,-0.002436,-0.004840,-0.005457,-0.020711
332.000000,-0.019541,-0.001816,-0.004384,-0.005568,0.019246
333.000000,-0.020208,-0.001622,-0.006083,-0.006651,-0.014028
334.000000,-0.003202,-0.002892,-0.005088,-0.005593,0.013294
335.000000,-0.001617,-0.007669,-0.006593,-0.005519,-0.005887
336.000000,0.000299,-0.008782,-0.005606,-0.005131,-0.011132
337.000000,-0.011466,-0.015504,-0.006199,-0.004856,-0.039579
338.000000,-0.009907,-0.015057,-0.005471,-0.005442,-0.006231
339.000000,-0.011942,-0.007572,-0.006491,-0.005161,0.003120
340.000000,-0.015812,-0.008714,-0.006821,-0.006223,-0.025238
341.000000,-0.001198,-0.000449,-0.001443,-0.003377,0.061939
342.000000,0.005060,-0.003203,-0.002510,-0.003991,-0.008293
343.000000,0.004022,-0.002942,-0.002282,-0.005036,-0.011420
344.000000,-0.001093,-0.006517,-0.004705,-0.005564,-0.022455
345.000000,0.001274,-0.007269,-0.007469,-0.006819,-0.013402
346.000000,-0.011273,-0.006235,-0.007509,-0.005816,-0.000794
347.000000,-0.007717,-0.001329,-0.008416,-0.004575,0.009486
348.000000,-0.003710,0.000156,-0.007451,-0.003595,0.008617
349.000000,-0.006851,-0.003972,-0.005772,-0.005651,-0.038160
350.000000,-0.001594,-0.000160,-0.004437,-0.004601,0.012883
351.000000,0.005793,-0.002740,-0.001595,-0.001875,0.036139
352.000000,0.004512,-0.001602,-0.002403,-0.002207,0.003082
353.000000,0.002327,-0.000692,-0.001817,-0.001752,-0.002310
354.000000,0.011188,0.002169,-0.002174,-0.002414,0.006149
355.000000,0.006455,0.002431,-0.002419,-0.004169,-0.010786
356.000000,0.005029,0.005411,-0.000412,-0.003202,0.029010
357.000000,0.010343,0.007428,0.003049,-0.003135,0.029654
358.000000,0.012116,0.007221,0.003689,-0.002560,0.006553
359.000000,0.008109,0.009649,0.002838,-0.000632,-0.013884
360.000000,0.010414,0.008434,0.004137,-0.000147,0.000736
361.000000,0.003136,0.004082,0.000671,0.000298,-0.007380
362.000000,-0.003537,0.003403,0.000900,-0.000468,-0.003711
363.000000,-0.006640,0.002738,0.001023,-0.000299,-0.008962
364.000000,-0.000885,0.003612,0.002891,-0.000245,0.014892
365.000000,-0.002516,0.003949,0.003190,-0.000297,-0.007418
366.000000,-0.001636,0.000750,0.003080,-0.000025,-0.002983
367.000000,-0.001343,-0.002440,0.002494,0.001220,-0.002243
368.000000,-0.005630,-0.006135,0.000543,0.000414,-0.030397
369.000000,-0.002379,-0.001632,0.004008,0.001348,0.031146
370.000000,-0.002850,-0.002683,0.002876,0.001864,-0.009771
371.000000,-0.003922,-0.002779,0.000652,-0.000479,-0.008343
372.000000,-0.001503,-0.001423,0.000990,0.000126,0.009852
373.000000,0.003518,-0.001056,0.000841,0.000330,-0.005293
374.000000,-0.005075,-0.003727,-0.000058,0.000685,-0.011821
375.000000,-0.003198,-0.003024,0.000463,0.001119,-0.000384
376.000000,0.001895,-0.001013,-0.000132,0.001716,0.017120
377.000000,0.000151,-0.000676,-0.001558,0.001437,0.001131
378.000000,-0.001675,0.000922,-0.002607,0.000669,-0.014422
379.000000,-0.003170,-0.004123,-0.002877,0.001298,-0.019298
380.000000,-0.007188,-0.005193,-0.003938,0.000186,-0.020473
381.000000,-0.008555,-0.003330,-0.003054,-0.000676,0.010289
382.000000,-0.010998,-0.005423,-0.003423,-0.001148,-0.011085
383.000000,-0.006212,-0.003943,-0.002500,-0.000754,0.009509
384.000000,0.000000,-0.001585,-0.002656,-0.000567,0.011760
385.000000,0.002844,-0.002172,-0.002598,-0.000416,-0.006255
386.000000,0.003744,-0.002405,-0.001709,-0.000890,0.014792
387.000000,0.004410,-0.003294,-0.001985,-0.002137,-0.007758
388.000000,0.003595,-0.001308,-0.000193,-0.002174,0.005437
389.000000,0.002633,0.001316,-0.001403,-0.001479,0.006947
390.000000,0.008897,0.005870,0.000339,-0.000668,0.025068
391.000000,0.005939,0.004842,0.000756,-0.000422,0.000000
392.000000,0.034796,0.019603,0.007090,0.004252,0.136528
393.000000,0.031073,0.017334,0.006696,0.004112,-0.013175
394.000000,0.032450,0.017541,0.007978,0.004076,0.013830
395.000000,0.028220,0.018558,0.008193,0.004454,0.003916
396.000000,0.026519,0.016229,0.006912,0.004270,-0.008505
397.000000,-0.009105,0.012846,0.004776,0.002959,-0.041589
398.000000,-0.009506,0.010784,0.004738,0.003466,-0.015183
399.000000,-0.012411,0.010019,0.005668,0.002404,-0.000696
400.000000,-0.015998,0.006111,0.005991,0.002263,-0.014016
401.000000,-0.015713,0.005403,0.005122,0.002305,-0.007082
402.000000,-0.007680,-0.008392,0.005605,0.001929,-0.001422
403.000000,-0.005785,-0.007646,0.004844,0.001915,-0.005710
404.000000,-0.003652,-0.008032,0.004755,0.002642,0.009972
405.000000,-0.002414,-0.009206,0.004676,0.002393,-0.007826
406.000000,0.001275,-0.007219,0.004505,0.002202,0.011364
407.000000,0.002967,-0.002356,0.005245,0.002398,0.007037
408.000000,0.000715,-0.002535,0.004124,0.002313,-0.016974
409.000000,-0.001708,-0.002680,0.003670,0.002885,-0.002142
410.000000,0.002837,0.000211,0.003161,0.004064,0.014899
411.000000,-0.001560,-0.000142,0.002630,0.003367,-0.010620
412.000000,-0.002541,0.000213,-0.004089,0.003808,0.002133
413.000000,-0.000571,0.000072,-0.003787,0.003253,-0.007128
414.000000,0.000143,-0.000783,-0.004407,0.002909,0.001430
415.000000,-0.002694,0.000071,-0.004567,0.003141,0.000714
416.000000,-0.000856,-0.001208,-0.004213,0.002601,-0.001429
417.000000,-0.004743,-0.003642,-0.002999,0.002282,-0.017304
418.000000,-0.003172,-0.001872,-0.002204,0.002125,0.000727
419.000000,-0.005210,-0.002534,-0.002607,0.001602,-0.008759
420.000000,-0.001433,-0.002063,-0.000926,0.001420,0.019601
421.000000,-0.003025,-0.001940,-0.001041,0.001107,-0.009390
422.000000,-0.000729,-0.002736,-0.001261,-0.003638,-0.005822
423.000000,-0.001312,-0.002242,-0.001085,-0.003272,-0.002192
424.000000,-0.002806,-0.004008,-0.002395,-0.004274,-0.016225
425.000000,-0.006132,-0.003782,-0.001855,-0.004306,0.002970
426.000000,-0.005593,-0.004309,-0.002758,-0.004245,-0.006694
427.000000,-0.007133,-0.003931,-0.003786,-0.003310,-0.013524
428.000000,-0.007149,-0.004231,-0.003051,-0.002879,-0.002272
429.000000,-0.005732,-0.004269,-0.003401,-0.003161,-0.009139
430.000000,-0.006020,-0.006076,-0.004070,-0.002643,0.001529
431.000000,-0.004376,-0.004984,-0.003462,-0.002356,0.001527
432.000000,-0.003203,-0.005168,-0.003952,-0.002563,-0.007657
433.000000,-0.005691,-0.006420,-0.004331,-0.002864,-0.014712
434.000000,-0.004958,-0.005345,-0.004676,-0.003378,-0.005475
435.000000,-0.002614,-0.004317,-0.004050,-0.002676,0.013245
436.000000,-0.004474,-0.004425,-0.004367,-0.003314,-0.007770
437.000000,-0.002475,-0.002839,-0.003385,-0.003470,0.002337
438.000000,0.000934,-0.002378,-0.003305,-0.002827,0.002332
439.000000,0.001095,-0.001931,-0.003100,-0.002911,-0.004669
440.000000,-0.004066,-0.003340,-0.004708,-0.003826,-0.012559
441.000000,-0.003621,-0.004047,-0.004516,-0.003657,-0.005545
442.000000,-0.004486,-0.003480,-0.004324,-0.003795,-0.001988
443.000000,-0.005191,-0.002129,-0.004274,-0.003597,-0.001195
444.000000,-0.007632,-0.003269,-0.004307,-0.004207,-0.016875
445.000000,-0.004796,-0.004431,-0.004374,-0.004177,0.001619
446.000000,-0.010937,-0.007279,-0.005852,-0.005338,-0.036248
447.000000,-0.014607,-0.009547,-0.006193,-0.005439,-0.020340
448.000000,-0.011141,-0.008166,-0.005272,-0.004925,0.016136
449.000000,-0.009628,-0.008630,-0.005281,-0.004943,-0.009310
450.000000,-0.013729,-0.009263,-0.006301,-0.006226,-0.018885
451.000000,-0.007000,-0.008969,-0.006508,-0.006000,-0.002603
452.000000,0.006569,-0.004019,-0.003750,-0.004222,0.047507
453.000000,0.003010,-0.004066,-0.003097,-0.004205,-0.001658
454.000000,0.010437,0.000404,-0.001432,-0.002736,0.027825
455.000000,0.020725,0.003498,-0.000467,-0.001750,0.032555
456.000000,0.030557,0.011778,0.002250,0.000025,0.046556
457.000000,0.025189,0.015879,0.003166,0.001164,0.020665
458.000000,0.026249,0.014630,0.003232,0.001362,0.003646
459.000000,0.028953,0.019695,0.005533,0.003045,0.041346
460.000000,0.019629,0.020177,0.005457,0.002525,-0.014065
461.000000,0.011307,0.020932,0.005982,0.002639,0.004945
462.000000,0.007456,0.016322,0.006152,0.002941,0.001408
463.000000,0.004177,0.015213,0.005574,0.003006,-0.012748
464.000000,-0.002955,0.012999,0.006702,0.003378,0.005686
465.000000,-0.000142,0.009744,0.006621,0.002937,0.000000
466.000000,-0.003555,0.003876,0.007827,0.002792,-0.012121
467.000000,-0.005421,0.001017,0.008448,0.002450,-0.007922
468.000000,0.001491,0.002834,0.008732,0.003099,0.021814
469.000000,-0.000852,-0.001903,0.008896,0.003054,-0.006032
470.000000,-0.003287,-0.001714,0.009231,0.003067,-0.012173
471.000000,0.000502,-0.001527,0.009703,0.003479,0.006821
472.000000,0.006264,0.000421,0.008372,0.004241,0.020889
473.000000,0.001761,0.001626,0.008420,0.004258,-0.000701
474.000000,0.004365,0.001756,0.007378,0.005053,0.006988
475.000000,0.003994,0.000354,0.005049,0.004532,-0.014025
476.000000,0.007927,0.004214,0.004045,0.006623,0.026482
477.000000,0.001675,0.003969,0.002493,0.006955,-0.010370
478.000000,0.003889,0.002825,0.002830,0.006763,0.010370
479.000000,0.000139,0.002252,0.000174,0.006681,-0.011761
480.000000,0.005846,0.004920,0.001603,0.007794,0.014508
481.000000,0.004623,0.006275,0.002374,0.008560,0.020367
482.000000,0.004263,0.002969,0.001695,0.006571,-0.012171
483.000000,0.006229,0.005059,0.003343,0.007300,0.020203
484.000000,0.007512,0.003826,0.002791,0.006194,-0.005348
485.000000,0.004342,0.005094,0.002724,0.005064,-0.001341
486.000000,0.000805,0.002714,0.003464,0.003601,0.002681
487.000000,-0.000136,0.002063,0.003016,0.002350,-0.016875
488.000000,-0.007056,-0.000414,0.001206,0.001749,-0.014399
489.000000,-0.005987,0.000763,0.001507,0.000370,0.000000
490.000000,-0.007522,-0.001590,0.001665,0.000539,-0.009018
491.000000,-0.014431,-0.006813,-0.000269,-0.000688,-0.031861
492.000000,-0.013808,-0.006972,-0.002002,-0.001194,-0.013763
493.000000,-0.011659,-0.009358,-0.002149,-0.000891,-0.003654
494.000000,-0.007601,-0.006794,-0.001484,-0.000404,0.020291
495.000000,-0.004226,-0.005874,-0.000390,-0.000142,0.007860
496.000000,0.003141,-0.005645,-0.001466,0.000428,0.004970
497.000000,0.004899,-0.004454,-0.001196,0.000526,-0.004970
498.000000,0.004560,-0.003550,-0.001982,-0.000379,-0.005352
499.000000,-0.000719,-0.004160,-0.001699,-0.000382,-0.006101
500.000000,-0.000856,-0.002541,-0.002065,0.000263,0.007174
501.000000,-0.007357,-0.002108,-0.004461,-0.000882,-0.027538
502.000000,-0.006217,-0.000659,-0.003815,-0.001554,0.000734
503.000000,-0.007956,-0.001698,-0.005528,-0.001999,-0.014048
504.000000,-0.008681,-0.004700,-0.005747,-0.002556,-0.009727
505.000000,-0.007873,-0.004364,-0.005119,-0.001715,0.011215
506.000000,-0.005815,-0.006586,-0.006116,-0.003172,-0.017248
507.000000,-0.005962,-0.006089,-0.005272,-0.002827,0.000000
508.000000,-0.000298,-0.004127,-0.003838,-0.002697,0.014270
509.000000,0.001349,-0.003666,-0.003913,-0.002354,-0.001493
510.000000,-0.003904,-0.005888,-0.004215,-0.003340,-0.015049
511.000000,0.001807,-0.002004,-0.002056,-0.003642,0.011308
512.000000,0.000453,-0.002754,-0.001706,-0.003462,-0.006769
513.000000,0.007321,0.003512,0.000907,-0.002515,0.048610
514.000000,0.004869,0.003109,-0.000795,-0.002795,-0.013753
515.000000,0.011705,0.003901,-0.000232,-0.002113,0.019131
516.000000,0.010940,0.006373,-0.000106,-0.001953,0.007480
517.000000,0.027591,0.014022,0.003967,0.001160,0.076488
518.000000,0.014287,0.010804,0.003339,0.001042,-0.017911
519.000000,0.017972,0.011421,0.003877,0.001198,0.004674
520.000000,0.011598,0.011652,0.002882,0.001074,-0.012739
521.000000,0.005461,0.008200,0.003098,0.001363,-0.023209
522.000000,-0.006278,0.010657,0.003951,0.002415,0.017796
523.000000,-0.004467,0.004910,0.004211,0.002241,-0.008859
524.000000,-0.005539,0.006217,0.004663,0.001542,-0.000685
525.000000,-0.005334,0.003132,0.003517,0.000890,-0.011712
526.000000,0.002607,0.004034,0.005204,0.001274,0.016495
527.000000,-0.001772,-0.004025,0.004999,0.001303,-0.004098
528.000000,0.000956,-0.001756,0.004524,0.001641,0.004780
529.000000,0.003530,-0.001004,0.005208,0.002250,0.012187
530.000000,0.007615,0.001141,0.006396,0.002301,0.008710
531.000000,0.003246,0.002926,0.005563,0.003041,-0.005351
532.000000,0.003662,0.000945,0.005801,0.002949,-0.002014
533.000000,0.002437,0.001697,0.003303,0.003373,-0.001345
534.000000,-0.000944,0.001293,0.003755,0.003540,-0.004722
535.000000,-0.002551,0.002532,0.002832,0.003188,0.000676
536.000000,-0.001887,0.000679,0.002357,0.003696,-0.002029
537.000000,-0.000538,0.001562,-0.001231,0.003853,0.004728
538.000000,-0.002165,0.000136,-0.000810,0.003062,-0.009479
539.000000,0.000135,-0.000405,-0.000704,0.003337,0.006780
540.000000,0.000000,-0.001276,-0.000068,0.003839,0.000000
541.000000,0.003357,0.000735,0.001831,0.003954,0.014755
542.000000,-0.000810,-0.000674,0.000136,0.003643,-0.016108
543.000000,-0.000409,-0.001287,0.000205,0.001773,-0.007470
544.000000,-0.002584,-0.001225,0.000034,0.002095,-0.004098
545.000000,-0.005897,-0.002948,-0.000208,0.000905,-0.016564
546.000000,-0.010245,-0.003444,-0.001382,0.000423,-0.006983
547.000000,-0.016641,-0.008726,-0.003582,-0.003729,-0.048090
548.000000,-0.014413,-0.007411,-0.003637,-0.003010,0.003670
549.000000,-0.017141,-0.009863,-0.005134,-0.003757,-0.017739
550.000000,-0.022515,-0.014206,-0.007741,-0.004780,-0.043435
551.000000,-0.026326,-0.018285,-0.008775,-0.004875,-0.026037
552.000000,-0.013222,-0.014931,-0.007803,-0.004887,0.017433
553.000000,-0.017282,-0.015848,-0.008567,-0.005146,-0.016634
554.000000,-0.014054,-0.015598,-0.008411,-0.005176,-0.001599
555.000000,-0.001564,-0.012040,-0.007494,-0.004152,0.019018
556.000000,0.000957,-0.012685,-0.008064,-0.005150,-0.013434
557.000000,0.002498,-0.005362,-0.007044,-0.004175,0.025139
558.000000,0.009514,-0.003884,-0.005647,-0.003720,0.018448
559.000000,0.016574,0.001260,-0.004301,-0.003002,0.033698
560.000000,0.010698,0.004567,-0.004820,-0.003638,-0.010363
561.000000,0.010084,0.005520,-0.006383,-0.004010,-0.016505
562.000000,0.007163,0.004830,-0.005050,-0.003592,0.010534
563.000000,0.003772,0.006643,-0.004602,-0.003497,0.001496
564.000000,-0.006435,0.005069,-0.005264,-0.003918,-0.017339
565.000000,-0.004667,0.003015,-0.004512,-0.003991,-0.001522
566.000000,0.002854,0.006469,-0.003108,-0.003220,0.021101
567.000000,0.001937,0.004550,-0.000406,-0.003179,0.005948
568.000000,0.001638,0.002705,-0.000590,-0.002863,0.000000
569.000000,0.008487,0.001026,0.001143,-0.002526,0.016906
570.000000,0.010966,0.003149,0.003858,-0.002163,0.010874
571.000000,0.007896,0.005375,0.005448,-0.002463,0.005751
572.000000,0.007565,0.004751,0.004790,-0.001783,0.004292
573.000000,0.009836,0.005737,0.006190,-0.001156,0.011356
574.000000,0.008001,0.008244,0.006657,-0.000762,0.007733
575.000000,0.007222,0.009094,0.006055,0.000023,0.006978
576.000000,0.003271,0.005583,0.006026,-0.000211,-0.014006
577.000000,0.004098,0.005831,0.005190,0.001673,0.008427
578.000000,0.004742,0.007289,0.004997,0.002037,0.014579
579.000000,0.001674,0.004837,0.002932,0.002374,-0.007610
580.000000,0.014742,0.010982,0.007066,0.006233,0.072321
581.000000,0.011377,0.007324,0.006349,0.006073,-0.030832
582.000000,0.007817,0.005957,0.005354,0.005179,-0.009371
583.000000,0.002602,0.003672,0.004704,0.005351,-0.011498
584.000000,0.007630,0.004652,0.006448,0.005988,0.017532
585.000000,-0.007503,0.003619,0.006357,0.005243,-0.003348
586.000000,0.000931,0.006154,0.005868,0.006069,0.011337
587.000000,0.005571,0.006694,0.006263,0.005692,0.013830
588.000000,0.005634,0.004118,0.005703,0.004704,-0.011181
589.000000,0.004625,0.006128,0.005483,0.003997,0.012488
590.000000,0.004509,-0.001497,0.004743,0.004211,-0.003927
591.000000,0.002897,0.001914,0.004619,0.004871,0.003273
592.000000,-0.002104,0.001733,0.003845,0.004147,-0.011173
593.000000,-0.000132,0.002751,0.003211,0.004053,-0.001323
594.000000,-0.000131,0.002247,0.003450,0.005048,0.012496
595.000000,0.004923,0.004716,0.004168,0.005810,0.021339
596.000000,-0.000262,0.001318,0.003736,0.004351,-0.022647
597.000000,0.003927,0.000911,0.003803,0.004479,0.009769
598.000000,0.003932,0.001900,0.003009,0.004436,-0.001297
599.000000,0.002081,0.000975,0.003551,0.003980,0.003239
600.000000,-0.001606,0.001658,0.000081,0.003714,0.002907
601.000000,-0.001181,-0.000722,0.000596,0.002839,-0.020525
602.000000,-0.003267,0.000330,0.001032,0.002674,-0.000659
603.000000,0.002066,0.002999,0.002875,0.003141,0.025367
604.000000,0.006115,0.004098,0.003173,0.003666,0.023486
605.000000,0.006660,0.002527,0.003621,0.003621,0.005630
606.000000,0.010140,0.004479,0.002898,0.003984,-0.003124
607.000000,0.013623,0.005178,0.003045,0.004261,0.016755
608.000000,0.007191,0.004628,0.003264,0.003549,-0.006792
609.000000,0.000751,0.003433,0.002204,0.003512,-0.008712
610.000000,-0.006724,-0.000032,0.000813,0.000043,-0.031749
611.000000,-0.006487,0.001827,0.000552,0.001006,-0.001937
612.000000,-0.010356,0.001633,0.000982,0.001232,-0.002589
613.000000,-0.009387,-0.001098,0.000951,0.001551,-0.001946
614.000000,-0.009209,-0.004229,-0.000065,0.000705,-0.007823
615.000000,-0.001684,-0.004204,-0.000839,0.001013,0.005873
616.000000,-0.006037,-0.006262,-0.000891,-0.000155,-0.023701
617.000000,-0.004191,-0.007274,-0.001048,-0.000395,0.006640
618.000000,-0.003538,-0.006462,-0.000917,0.000022,0.001323
619.000000,-0.001973,-0.005591,-0.001079,-0.000394,0.000000
620.000000,-0.003942,-0.002813,-0.001423,-0.000396,-0.003974
621.000000,0.001593,-0.002222,-0.000198,-0.000372,0.003974
622.000000,0.000924,-0.001633,0.000000,0.000110,0.003299
623.000000,-0.000728,-0.002133,-0.001615,-0.000077,-0.006941
624.000000,-0.001459,-0.001716,-0.002972,-0.000616,-0.003655
625.000000,-0.002538,-0.003240,-0.003722,-0.001639,-0.009365
626.000000,-0.005903,-0.002155,-0.004209,-0.001313,-0.012851
627.000000,-0.006971,-0.003023,-0.005149,-0.001706,-0.002044
628.000000,-0.002873,-0.001801,-0.004131,-0.001211,0.013550
629.000000,-0.002007,-0.001733,-0.003662,-0.001297,0.000673
630.000000,-0.002162,-0.002350,-0.002582,-0.001732,-0.010139
631.000000,0.000272,-0.002815,-0.002519,-0.001070,-0.000680
632.000000,-0.005533,-0.006252,-0.003943,-0.002084,-0.031069
633.000000,-0.007963,-0.005418,-0.003775,-0.002883,0.001402
634.000000,-0.002300,-0.002154,-0.001935,-0.002699,0.028988
635.000000,0.001084,-0.000539,-0.001890,-0.002661,0.006780
636.000000,-0.002050,-0.000889,-0.001522,-0.003102,-0.016349
637.000000,-0.000843,-0.003188,-0.003106,-0.004495,-0.025036
638.000000,-0.000983,-0.004473,-0.003137,-0.004245,0.000704
639.000000,-0.009901,-0.006100,-0.003917,-0.004475,-0.015603
640.000000,-0.011686,-0.005301,-0.003825,-0.003488,-0.002147
641.000000,-0.007131,-0.004591,-0.003703,-0.003209,0.006426
642.000000,-0.013397,-0.007120,-0.006686,-0.005002,-0.056363
643.000000,0.005962,0.002490,-0.001464,-0.001687,0.097498
644.000000,0.000000,-0.004950,-0.003552,-0.002940,-0.045415
645.000000,0.001000,-0.005343,-0.002941,-0.003041,0.002855
646.000000,0.000852,-0.003139,-0.002014,-0.002061,0.005686
647.000000,0.014520,0.000562,-0.001313,-0.001883,0.011976
648.000000,-0.006103,-0.000070,-0.002272,-0.002115,-0.005618
649.000000,0.004663,0.002331,-0.001884,-0.001834,0.008415
650.000000,0.003252,0.002126,-0.001587,-0.001842,-0.004199
651.000000,0.001131,0.000992,-0.001800,-0.002138,-0.004921
652.000000,-0.001688,0.006416,-0.000352,-0.002319,-0.002116
653.000000,-0.000705,-0.003404,-0.000457,-0.002111,-0.000706
654.000000,-0.002813,0.000925,-0.002013,-0.002060,-0.002122
655.000000,-0.000843,0.001204,-0.002069,-0.001559,0.005650
656.000000,-0.001983,-0.000426,-0.001783,-0.001485,-0.010620
657.000000,-0.003419,-0.002553,-0.000996,-0.001727,-0.009296
658.000000,-0.007635,-0.004170,-0.002120,-0.002904,-0.021787
659.000000,-0.007504,-0.005159,-0.001414,-0.002976,-0.001470
660.000000,-0.009076,-0.004960,-0.001417,-0.002712,-0.002208
661.000000,-0.011423,-0.006703,-0.002856,-0.003434,-0.022356
662.000000,-0.008512,-0.005965,0.000225,-0.002223,0.005261
663.000000,-0.008397,-0.008016,-0.005710,-0.002977,-0.021213
664.000000,-0.011501,-0.009503,-0.004289,-0.004509,-0.016989
665.000000,-0.011371,-0.010224,-0.004510,-0.004787,-0.001559
666.000000,-0.007368,-0.009396,-0.004911,-0.004320,-0.002343
667.000000,0.001196,-0.003658,-0.003106,-0.001883,0.048083
668.000000,0.004392,-0.002002,-0.003086,-0.002081,-0.005230
669.000000,0.007490,-0.002005,-0.003582,-0.001611,-0.001499
670.000000,0.006447,-0.002462,-0.003711,-0.001765,-0.006775
671.000000,0.003411,-0.001979,-0.004341,-0.002563,-0.017524
672.000000,-0.003609,-0.001207,-0.003586,-0.000252,0.012982
673.000000,0.000150,0.002271,-0.002872,-0.003050,0.013565
674.000000,-0.001355,0.003068,-0.003217,-0.001837,-0.009023
675.000000,0.004629,0.005538,-0.002343,-0.001160,0.023144
676.000000,0.007986,0.005698,-0.001849,-0.001375,-0.000738
677.000000,0.012357,0.004374,0.000358,-0.000613,0.034837
678.000000,0.015409,0.007779,0.002889,0.000536,0.028824
679.000000,0.012728,0.005687,0.001841,-0.000492,-0.022426
680.000000,0.007105,0.005867,0.001702,-0.000518,-0.004973
681.000000,0.009800,0.008893,0.003457,0.000070,0.012739
682.000000,-0.002151,0.005103,0.001948,-0.000690,-0.024921
683.000000,-0.010968,0.002221,0.002246,-0.001175,-0.015256
684.000000,-0.007363,0.002683,0.002875,-0.001251,-0.004402
685.000000,-0.008586,-0.000741,0.002399,-0.001809,-0.011091
686.000000,-0.013227,-0.001713,0.001993,-0.001804,-0.010463
687.000000,-0.012648,-0.007400,-0.001513,-0.002228,-0.022029
688.000000,-0.012693,-0.011830,-0.002025,-0.002018,-0.015480
689.000000,-0.014799,-0.011081,-0.002697,-0.002466,-0.014932
690.000000,-0.013374,-0.010980,-0.002557,-0.002525,-0.003967
691.000000,-0.003028,-0.008127,0.000383,-0.000404,0.041267
692.000000,-0.000154,-0.006401,-0.000649,-0.000835,-0.007657
693.000000,0.004016,-0.004339,-0.001059,0.000051,0.005366
694.000000,0.008373,-0.003213,-0.000265,0.000846,0.006857
695.000000,0.014116,0.000371,-0.000185,0.001723,0.024748
696.000000,0.004525,0.000749,-0.000482,0.001578,-0.006689
697.000000,0.011355,0.005601,-0.000900,0.000858,0.026492
698.000000,0.013737,0.008876,-0.001477,0.001608,0.017279
699.000000,0.011364,0.009869,-0.000606,0.001492,-0.005009
700.000000,0.006127,0.010122,-0.000429,0.001669,-0.001436
701.000000,0.011448,0.007987,-0.000070,0.002917,0.019915
702.000000,0.005586,0.008470,0.001035,0.002391,-0.002821
703.000000,0.003678,0.008708,0.002184,0.002196,0.007738
704.000000,0.003555,0.007460,0.002123,0.002310,-0.005622
705.000000,0.002853,0.004490,0.002431,0.001374,-0.004945
706.000000,-0.001413,0.005017,0.002883,0.001351,-0.001417
707.000000,0.014569,0.010077,0.007839,0.002759,0.077092
708.000000,0.016278,0.009978,0.009427,0.002341,0.016282
709.000000,0.015063,0.009309,0.009589,0.002699,-0.011696
710.000000,0.011022,0.006938,0.008530,0.002026,-0.025150
711.000000,0.011440,0.005013,0.006500,0.001624,0.000670
712.000000,-0.006134,0.004218,0.006344,0.002096,-0.010775
713.000000,-0.009526,0.003376,0.006042,0.002582,-0.000677
714.000000,-0.002499,0.006282,0.006871,0.003510,0.023436
715.000000,0.002531,0.006776,0.005633,0.003879,0.000000
716.000000,0.001468,0.006454,0.005736,0.004073,-0.004643
717.000000,0.004154,-0.000990,0.004544,0.004896,0.002656
718.000000,0.005612,-0.001957,0.004010,0.005632,0.006609
719.000000,-0.000132,-0.001316,0.003997,0.005954,-0.005284
720.000000,-0.004416,-0.000943,0.002997,0.005372,-0.021420
721.000000,0.000929,0.001198,0.003106,0.004733,0.022082
722.000000,-0.002133,0.001010,0.002614,0.004566,-0.012654
723.000000,-0.001057,0.002277,0.002827,0.004787,0.011992
724.000000,0.000265,0.000066,0.003174,0.004603,0.001324
725.000000,0.005341,0.000462,0.003619,0.003910,0.003960
726.000000,0.001451,0.001190,0.003822,0.004220,0.002632
727.000000,0.004899,0.001383,0.000197,0.003490,0.004589
728.000000,-0.001062,-0.001060,-0.001508,0.002320,-0.017816
729.000000,-0.003604,-0.001669,-0.001493,0.002108,-0.011383
730.000000,-0.004935,0.000203,-0.000370,0.002066,-0.002697
731.000000,-0.006817,-0.002683,-0.000742,0.001176,-0.006775
732.000000,-0.009235,-0.002168,-0.000579,0.001020,-0.007506
733.000000,-0.001202,-0.001132,0.000573,0.001507,0.022351
734.000000,0.002410,-0.000597,-0.000265,0.001917,0.006676
735.000000,0.001480,-0.001728,-0.000633,0.001837,-0.007346
736.000000,0.007603,0.000393,0.000792,0.002679,0.023842
737.000000,0.013506,0.002135,0.001759,0.000843,0.022007
738.000000,0.010439,0.004619,0.001780,0.000534,0.007018
739.000000,0.004474,0.003442,0.000886,0.000152,-0.023152
740.000000,0.002928,0.002204,0.001203,0.000488,-0.015077
741.000000,-0.003699,0.001952,-0.000365,0.000156,-0.009290
742.000000,-0.011326,0.001090,-0.000539,-0.000023,-0.016129
743.000000,-0.012324,-0.000942,-0.001037,0.000068,0.002030
744.000000,-0.007558,-0.001542,-0.001070,-0.000691,0.000676
745.000000,-0.001192,0.000868,-0.000430,-0.000133,0.016751
746.000000,-0.001472,-0.002585,-0.001096,-0.000334,-0.010688
747.000000,-0.003141,-0.007234,-0.002549,-0.001238,-0.024474
748.000000,0.000944,-0.005690,-0.000535,-0.000710,0.022458
749.000000,0.003217,-0.002170,0.000636,-0.000133,0.012040
750.000000,-0.000266,-0.000729,0.000737,0.000559,-0.000665
751.000000,0.002933,0.000731,0.001341,0.000000,0.005309
752.000000,0.008357,0.002608,0.001849,0.000510,0.002644
753.000000,0.007269,0.004107,0.001582,0.000677,0.017016
754.000000,0.006541,0.004879,0.001668,0.000913,0.008401
755.000000,0.000532,0.000133,0.000500,-0.000242,-0.030711
756.000000,-0.003741,-0.000404,-0.001495,-0.000865,-0.016054
757.000000,-0.003865,0.002246,-0.002494,-0.000951,0.002021
758.000000,-0.008348,-0.000540,-0.003115,-0.000537,-0.005398
759.000000,-0.019590,-0.006525,-0.004348,-0.001751,-0.047810
760.000000,-0.017898,-0.008683,-0.004706,-0.002403,-0.022247
761.000000,-0.011948,-0.007844,-0.003557,-0.001721,0.013694
762.000000,-0.011495,-0.007680,-0.002536,-0.001327,0.004286
763.000000,-0.016788,-0.012568,-0.004231,-0.003135,-0.031864
764.000000,-0.005176,-0.012383,-0.003752,-0.003015,0.010249
765.000000,-0.004402,-0.011150,-0.005509,-0.003383,-0.018376
766.000000,-0.002594,-0.007271,-0.003837,-0.003420,0.022737
767.000000,-0.004469,-0.007982,-0.002868,-0.004323,-0.005089
768.000000,0.016110,-0.000339,-0.000439,-0.002189,0.071032
769.000000,0.020079,0.007451,0.000463,-0.000415,0.030093
770.000000,0.024149,0.009873,0.000595,0.000154,0.001974
771.000000,0.023379,0.010393,0.001274,0.001093,0.018887
772.000000,0.025811,0.010671,0.001496,0.001866,0.007072
773.000000,0.010320,0.013215,0.000323,0.001584,-0.006427
774.000000,0.008638,0.014359,0.000988,0.002285,0.021685
775.000000,0.007738,0.015944,0.002397,0.001642,-0.002527
776.000000,-0.013338,0.005020,-0.001125,-0.000885,-0.086494
777.000000,-0.007573,0.009119,0.000569,0.001128,0.035900
778.000000,-0.003775,0.003272,0.001467,0.000798,0.012562
779.000000,-0.006933,0.000853,0.004152,0.000593,0.005896
780.000000,-0.013744,-0.003003,0.003435,-0.000604,-0.036585
781.000000,-0.002498,-0.007918,0.001237,-0.001790,-0.030264
782.000000,-0.009818,-0.008695,0.000988,-0.001901,-0.000699
783.000000,-0.012610,-0.008192,0.002511,-0.002515,-0.001399
784.000000,-0.015900,-0.011416,0.001471,-0.003147,-0.010552
785.000000,-0.001496,-0.007620,0.004162,-0.000942,0.035433
786.000000,0.007672,0.002587,0.003804,0.000112,0.015578
787.000000,0.009951,0.000067,0.004593,0.000401,0.010695
788.000000,0.009030,-0.001790,0.000741,0.000381,-0.006002
789.000000,0.010873,-0.002513,-0.000830,0.001930,-0.001339
790.000000,0.008159,0.003331,0.000164,0.003401,0.021862
791.000000,0.007648,0.007660,-0.000129,0.003378,0.013021
792.000000,0.005379,0.007665,-0.000515,0.003214,-0.000647
793.000000,0.003317,0.006174,-0.001009,0.003732,-0.016314
794.000000,0.005288,0.008080,-0.001668,0.003674,0.008516
795.000000,0.007587,0.007873,0.000126,0.005399,0.033358
796.000000,0.003590,0.005619,0.004103,0.004409,-0.006964
797.000000,0.009233,0.007306,0.003686,0.005497,0.027571
798.000000,0.012743,0.008030,0.003120,0.003171,0.001235
799.000000,0.015436,0.010362,0.003924,0.002900,0.021979
800.000000,-0.000379,0.003604,0.003468,0.001311,-0.045715
801.000000,0.003277,0.003433,0.005547,0.001058,0.011314
802.000000,-0.004374,0.002430,0.005047,0.000467,-0.010682
803.000000,-0.003613,0.004565,0.005369,0.000849,0.005041
804.000000,-0.008008,0.003714,0.005897,0.000126,0.000000
805.000000,-0.000760,-0.000569,0.003652,-0.000106,-0.009473
806.000000,0.001122,0.002199,0.003909,0.003468,0.020723
807.000000,0.005852,0.000739,0.004023,0.002704,0.012967
808.000000,0.002001,-0.000806,0.003612,0.001811,-0.014211
809.000000,0.001003,-0.003503,0.003430,0.001449,-0.004991
810.000000,0.003023,0.001131,0.002368,0.002689,0.000625
811.000000,-0.004272,-0.001575,0.000929,0.003173,-0.015748
812.000000,-0.007628,-0.000888,0.000771,0.003069,-0.003817
813.000000,-0.003769,-0.000884,0.001841,0.003285,0.005086
814.000000,-0.002644,-0.000820,0.001447,0.003658,0.000634
815.000000,-0.002263,0.000380,-0.000095,0.002561,0.002532
816.000000,0.002021,-0.001125,0.000537,0.002231,0.005673
817.000000,0.003162,-0.002233,-0.000747,0.001937,0.001884
818.000000,0.001893,-0.000938,-0.000872,0.002095,-0.001255
819.000000,0.002268,-0.000188,-0.001845,0.002224,0.002509
820.000000,0.007567,0.002652,0.001892,0.002462,0.029023
821.000000,0.003366,0.002694,0.000559,0.001517,-0.015333
822.000000,0.004957,0.004059,0.001585,0.001867,0.009840
823.000000,0.001876,0.001884,0.000500,0.001855,-0.016662
824.000000,0.001622,0.001945,0.000563,0.001613,0.001244
825.000000,-0.000488,0.003540,0.001960,0.001117,0.018473
826.000000,0.001968,0.002667,0.000771,0.001247,-0.003055
827.000000,-0.002711,0.001123,-0.000555,-0.000124,-0.013555
828.000000,0.003087,0.002482,0.000772,0.000246,0.012331
829.000000,0.005396,0.003509,0.001661,-0.000060,0.012786
830.000000,-0.001593,-0.001040,0.000806,0.000914,-0.016469
831.000000,-0.010168,-0.004100,-0.000703,-0.000994,-0.045934
832.000000,-0.005790,-0.004251,-0.000096,-0.000360,0.008336
833.000000,-0.009281,-0.003097,-0.000606,-0.000699,-0.005122
834.000000,-0.010431,-0.002517,-0.000286,-0.000464,0.007036
835.000000,-0.004478,-0.003035,0.000252,0.000295,0.013296
836.000000,-0.009089,-0.009629,-0.003481,-0.002696,-0.068993
837.000000,-0.003608,-0.004699,-0.001788,-0.001937,0.035742
838.000000,0.000769,-0.004256,-0.000887,-0.000904,0.016764
839.000000,-0.003472,-0.006951,-0.001721,-0.001210,-0.014166
840.000000,-0.008217,-0.006347,-0.003694,-0.001578,-0.010430
841.000000,0.005844,-0.001623,-0.002862,-0.001010,0.001310
842.000000,-0.003542,-0.003575,-0.003913,-0.001256,-0.011188
843.000000,-0.005444,-0.002338,-0.002717,-0.001183,0.007254
844.000000,-0.003269,-0.003370,-0.002944,-0.001314,-0.003291
845.000000,-0.003837,-0.006027,-0.004531,-0.001841,-0.013272
846.000000,-0.007876,-0.001016,-0.005322,-0.002659,-0.018881
847.000000,-0.005638,-0.004590,-0.004645,-0.002722,0.000000
848.000000,-0.005597,-0.005520,-0.004888,-0.002432,0.007460
849.000000,-0.006839,-0.005054,-0.006003,-0.002832,-0.009504
850.000000,-0.005417,-0.004627,-0.005487,-0.004005,-0.006158
851.000000,-0.003295,-0.005585,-0.003604,-0.003769,-0.008270
852.000000,-0.002328,-0.003983,-0.003779,-0.003936,0.004833
853.000000,0.000270,-0.002663,-0.002501,-0.002699,0.020451
854.000000,0.004985,-0.000927,-0.002149,-0.002272,0.014071
855.000000,0.008992,0.001788,-0.002120,-0.002425,0.013875
856.000000,0.011823,0.004264,0.001624,-0.002127,0.005888
857.000000,0.010726,0.004199,-0.000195,-0.001697,-0.000653
858.000000,0.006636,0.003453,-0.001034,-0.002108,0.000000
859.000000,0.003953,0.004469,-0.000293,-0.002512,0.000653
860.000000,0.001829,0.005410,0.000392,-0.001855,0.003256
861.000000,0.002721,0.007272,0.000844,0.000021,0.010349
862.000000,0.005155,0.007941,0.001979,0.000127,0.011516
863.000000,0.006170,0.006403,0.001870,0.000467,0.005076
864.000000,0.005279,0.004616,0.001844,0.000106,-0.003805
865.000000,0.003991,0.002910,0.002349,-0.000443,-0.003182
866.000000,-0.002200,0.000261,0.002263,0.001170,-0.020606
867.000000,-0.008313,-0.001579,0.001310,-0.000657,-0.019048
868.000000,-0.005518,0.000326,0.001890,-0.000580,0.019048
869.000000,0.003402,0.004340,0.004405,0.001252,0.040796
870.000000,0.001903,0.002947,0.004179,0.001243,-0.010675
871.000000,0.008658,0.003229,0.005251,0.001639,0.013170
872.000000,0.015682,0.003684,0.005813,0.002547,0.016070
873.000000,0.012484,0.003483,0.004943,0.002408,0.003061
874.000000,0.005422,0.004412,0.004514,0.002700,0.005486
875.000000,0.010933,0.006418,0.004664,0.003705,0.016878
876.000000,-0.005175,0.001741,0.001001,0.002089,-0.067372
877.000000,-0.016612,-0.000465,-0.001022,0.000718,-0.041115
878.000000,-0.010542,0.000971,0.000649,0.001583,0.033413
879.000000,-0.007557,-0.001068,0.001636,0.002581,0.020409
880.000000,-0.005453,0.002740,0.002843,0.003699,0.027399
881.000000,0.006912,0.000868,0.002049,0.003790,-0.005544
882.000000,0.009243,-0.003684,0.000000,0.002647,-0.029460
883.000000,0.001156,-0.004693,-0.000605,0.001731,-0.007022
884.000000,-0.003053,-0.005305,-0.000447,0.001241,-0.000641
885.000000,-0.004724,-0.005088,0.000665,0.001413,0.019048
886.000000,-0.000867,0.003023,0.002382,0.001675,0.013742
887.000000,0.008103,0.008673,0.004104,0.002210,0.015390
888.000000,0.009263,0.005210,0.003091,0.002169,-0.001222
889.000000,0.009758,0.003352,0.001142,0.002208,0.001833
890.000000,0.004601,-0.000061,0.001339,0.001875,-0.006738
891.000000,0.005386,0.002260,0.001564,0.002119,0.017667
892.000000,0.002670,0.005387,0.000851,0.001796,0.001810
893.000000,0.005192,0.007228,0.001267,0.002006,0.011388
894.000000,0.003150,0.006454,0.000574,0.001853,-0.008378
895.000000,0.006292,0.005446,0.000179,0.002259,0.008974
896.000000,0.005597,0.005492,0.004257,0.003419,0.014193
897.000000,0.004412,0.003541,0.006107,0.003916,-0.004119
898.000000,0.011914,0.008553,0.006882,0.004911,0.048902
899.000000,0.037483,0.020317,0.011834,0.007534,0.119466
900.000000,0.035489,0.020891,0.010415,0.007856,-0.000997
901.000000,0.030545,0.018071,0.010165,0.007066,-0.010529
902.000000,0.033773,0.019092,0.012240,0.006932,0.012024
903.000000,0.028133,0.020024,0.013626,0.007520,0.020701
904.000000,0.005116,0.021300,0.013877,0.007483,0.004381
905.000000,0.003951,0.019720,0.012583,0.006693,-0.006823
906.000000,0.009931,0.020238,0.012865,0.009584,0.019371
907.000000,0.005792,0.019783,0.011662,0.010666,-0.008671
908.000000,0.008500,0.018316,0.013435,0.010693,0.034240
909.000000,0.008370,0.006743,0.013530,0.010137,0.003733
910.000000,0.012785,0.008368,0.014629,0.009732,0.015253
911.000000,0.009278,0.009604,0.013838,0.009978,0.001833
912.000000,0.011012,0.008402,0.013747,0.010960,0.000000
913.000000,0.003246,0.005873,0.012948,0.011041,-0.004589
914.000000,0.008481,0.008426,0.014863,0.012060,0.029907
915.000000,0.003817,0.008301,0.014010,0.011156,-0.008068
916.000000,0.002457,0.005868,0.013053,0.010532,-0.004963
917.000000,-0.000183,0.005414,0.012598,0.009579,-0.013203
918.000000,-0.001292,0.000977,0.009647,0.009282,-0.010134
919.000000,-0.007737,0.000372,0.003557,0.009144,-0.002317
920.000000,-0.004644,-0.000414,0.003977,0.009615,0.007397
921.000000,-0.004575,-0.001059,0.004273,0.008872,-0.004617
922.000000,-0.003420,-0.001802,0.003300,0.008564,-0.007432
923.000000,-0.005064,-0.003178,0.001348,0.007573,-0.018349
924.000000,-0.003369,-0.005553,0.001436,0.008057,0.006154
925.000000,-0.001479,-0.003062,0.002620,0.008320,0.016846
926.000000,-0.001300,-0.002937,0.001465,0.007723,-0.003719
927.000000,0.004244,0.000412,0.002913,0.008536,0.020287
928.000000,0.007731,0.001334,0.001155,0.006876,-0.000913
929.000000,0.000189,-0.001590,-0.000609,0.001842,-0.031557
930.000000,0.001203,-0.000138,-0.000276,0.002605,0.021917
931.000000,-0.000840,-0.001070,-0.001064,0.002492,-0.013934
932.000000,-0.000640,0.001802,0.000000,0.002801,0.021287
933.000000,0.001093,0.004412,0.000617,0.002369,0.007754
934.000000,0.005304,0.002746,-0.001403,0.001873,-0.010505
935.000000,0.000645,0.000924,-0.001069,0.002054,-0.001378
936.000000,0.003248,0.001204,-0.000867,0.001378,-0.000920
937.000000,0.001642,0.000501,0.000456,0.002109,0.013257
938.000000,-0.003391,-0.001149,0.000093,0.000387,-0.017408
939.000000,-0.002495,0.001405,-0.000093,0.000062,-0.006026
940.000000,0.000826,0.000735,0.000299,0.000061,0.015225
941.000000,0.001924,0.002586,0.000758,0.000152,0.004568
942.000000,0.003779,0.002710,0.002256,0.000903,0.022534
943.000000,0.006457,0.001533,0.002973,0.000922,-0.004019
944.000000,0.008644,0.003074,0.002910,0.000089,0.004910
945.000000,0.014822,0.007824,0.004374,0.001895,0.046115
946.000000,0.012286,0.007105,0.004154,0.001790,-0.008111
947.000000,0.008464,0.006121,0.003311,0.002345,0.003423
948.000000,0.008925,0.007691,0.003271,0.002625,-0.001710
949.000000,0.005359,0.007002,0.004203,0.002272,-0.012920
950.000000,-0.002137,0.006342,0.003539,0.002313,0.008632
951.000000,-0.005211,0.003537,0.003061,0.001684,-0.023479
952.000000,-0.008999,-0.000268,0.001221,0.001415,-0.015518
953.000000,-0.012082,-0.001578,-0.000023,0.001456,-0.017125
954.000000,-0.009226,-0.001933,0.000571,0.001296,0.001363
955.000000,-0.011225,-0.006681,0.000571,0.000689,-0.001363
956.000000,-0.007714,-0.006462,0.000321,0.000615,-0.005927
957.000000,-0.005711,-0.007355,-0.000617,-0.000244,-0.005502
958.000000,-0.003392,-0.007737,-0.000023,-0.000398,-0.005533
959.000000,-0.005429,-0.007327,-0.000163,0.000360,-0.008823
960.000000,-0.004784,-0.008004,-0.000831,-0.000309,0.001864
961.000000,-0.003413,-0.005563,-0.001013,0.000187,0.000931
962.000000,0.029605,0.011947,0.005840,0.004796,0.159584
963.000000,0.021958,0.009283,0.003852,0.003079,-0.043767
964.000000,0.023888,0.009229,0.003648,0.003457,0.000828
965.000000,0.024259,0.009737,0.001528,0.003627,0.003718
966.000000,0.025224,0.010906,0.002222,0.003849,0.005757
967.000000,-0.007021,0.011292,0.001968,0.003353,-0.001641
968.000000,0.000579,0.011268,0.001766,0.003741,-0.005766
969.000000,-0.000996,0.011446,0.002059,0.003707,-0.007047
970.000000,0.005250,0.014754,0.003375,0.004364,0.034948
971.000000,0.004139,0.014681,0.004559,0.004219,0.000201
972.000000,0.002043,-0.002489,0.004729,0.003063,-0.012121
973.000000,-0.000248,0.000166,0.004724,0.002623,-0.017221
974.000000,0.002110,0.000557,0.004893,0.002618,0.004745
975.000000,-0.006159,-0.000455,0.004641,0.000867,-0.006400
976.000000,-0.001128,0.001506,0.006206,0.001983,0.025359
977.000000,0.003226,0.002634,0.006963,0.002190,0.009646
978.000000,0.008264,0.004008,0.007638,0.002513,0.007968
979.000000,0.007076,0.004593,0.008020,0.002904,-0.001191
980.000000,0.007401,0.000621,0.007688,0.002457,-0.004779
981.000000,0.000000,-0.000564,0.007059,0.002851,-0.011644
982.000000,-0.004859,-0.000816,-0.001653,0.002881,-0.014646
983.000000,-0.005389,0.001437,0.000801,0.003628,0.005314
984.000000,-0.006214,0.000431,0.000494,0.003406,-0.005314
985.000000,-0.005340,0.001030,0.000288,0.003438,-0.000410
986.000000,-0.002275,-0.001137,0.000184,0.003758,0.003683
987.000000,0.000736,-0.002061,0.000287,0.003955,0.000408
988.000000,-0.000940,-0.003165,0.000422,0.004037,-0.003067
989.000000,0.002201,-0.002006,0.001293,0.004678,0.010390
990.000000,-0.000410,-0.002875,-0.001127,0.004167,-0.013467
991.000000,-0.000245,-0.001260,-0.000912,0.004286,0.004509
992.000000,-0.002382,-0.000823,-0.000820,-0.001376,-0.010278
993.000000,-0.004515,-0.002727,-0.000645,-0.000375,-0.013730
994.000000,-0.006175,-0.001987,-0.000778,-0.000333,0.002092
995.000000,-0.000123,-0.000267,0.000382,0.000103,0.016790
996.000000,-0.002884,-0.001564,-0.001351,-0.000399,-0.009293
997.000000,0.000742,-0.000820,-0.001441,-0.000082,0.007853
998.000000,0.006187,0.000836,-0.001164,0.000560,0.013494
999.000000,0.005444,-0.000365,-0.001186,0.000740,-0.001626
1000.000000,0.002086,0.000981,-0.000947,-0.000424,0.000000
1001.000000,0.002228,-0.000328,-0.000794,-0.000717,-0.008580
1002.000000,0.000658,0.000700,-0.000062,-0.000313,0.000000
1003.000000,-0.003276,0.001456,-0.000636,0.000055,-0.006174
1004.000000,-0.000163,0.002640,0.000327,0.000362,0.013940
1005.000000,-0.000652,0.000717,0.000225,0.000493,-0.002446
1006.000000,0.003659,0.002944,0.000690,0.000081,0.012977
1007.000000,0.003256,0.001957,0.000568,-0.000308,-0.002017
1008.000000,0.005457,0.001091,0.000963,-0.000413,0.004833
1009.000000,0.006568,0.003203,0.001419,0.000277,0.019495
1010.000000,0.008236,0.003792,0.002387,0.000633,0.005893
1011.000000,0.002403,0.003031,0.001352,0.000481,-0.016190
1012.000000,0.003918,0.003587,0.002143,0.001155,0.005558
1013.000000,0.002872,0.004165,0.002810,0.000964,-0.000396
1014.000000,0.003747,0.005158,0.003899,0.001937,0.023871
1015.000000,-0.000942,0.003647,0.002182,0.001366,-0.017555
1016.000000,0.003238,0.002820,0.002882,0.001400,0.004711
1017.000000,0.002361,0.003140,0.002548,0.001425,0.001174
1018.000000,0.003065,0.002969,0.002030,0.001632,0.003125
1019.000000,-0.004063,-0.000158,0.001523,0.000893,-0.011769
1020.000000,-0.002057,-0.001500,0.001146,0.001091,-0.007526
1021.000000,-0.001179,0.001030,0.002030,0.001244,0.009104
1022.000000,0.000547,0.001454,0.002521,0.001914,0.009802
1023.000000,0.024628,0.013847,0.009006,0.006489,0.123532
1024.000000,0.027396,0.011667,0.008412,0.006488,0.002067
1025.000000,0.030409,0.014176,0.008912,0.006180,0.007542
1026.000000,0.025422,0.012122,0.007471,0.005962,-0.015835
1027.000000,0.022418,0.011482,0.007311,0.005526,-0.005218
1028.000000,-0.003759,0.010435,0.006702,0.004831,-0.007352
1029.000000,-0.000689,0.013353,0.006598,0.005466,0.017416
1030.000000,-0.001233,0.014588,0.006544,0.005627,0.004823
1031.000000,0.000139,0.012780,0.006905,0.005614,-0.008975
1032.000000,0.004415,0.013417,0.007435,0.006153,0.016165
1033.000000,0.005613,0.000927,0.007387,0.006313,-0.001366
1034.000000,0.001376,0.000344,0.006005,0.005723,-0.003765
1035.000000,0.001847,0.000307,0.007242,0.006043,0.007176
1036.000000,0.003642,0.001890,0.007006,0.005611,0.000000
1037.000000,0.001766,0.003091,0.007287,0.005904,0.006787
1038.000000,0.001633,0.003623,0.007029,0.005675,-0.002031
1039.000000,0.002928,0.002152,0.007753,0.005116,0.002707
1040.000000,-0.000068,0.000890,0.007739,0.004659,-0.007803
1041.000000,0.000408,0.002025,0.007403,0.005278,0.002381
1042.000000,-0.002245,-0.000239,0.006589,0.004877,-0.006477
1043.000000,-0.003211,-0.000789,0.000069,0.004662,-0.006863
1044.000000,-0.004235,-0.000654,-0.000155,0.003785,-0.002413
1045.000000,-0.002261,-0.001164,-0.000429,0.004440,0.002069
1046.000000,-0.004258,-0.001925,-0.000017,0.004029,-0.007607
1047.000000,-0.001166,-0.001705,0.000693,0.004289,0.008984
1048.000000,-0.003894,-0.003553,0.000035,0.003502,-0.020505
1049.000000,0.000138,-0.002049,0.000052,0.004486,0.017749
1050.000000,0.001031,-0.000615,0.000137,0.004954,0.006533
1051.000000,0.003373,-0.000443,0.000791,0.004788,0.004104
1052.000000,0.004557,0.001696,0.000728,0.004958,0.014905
1053.000000,0.007173,0.001639,0.000425,0.000592,-0.007425
1054.000000,0.003962,0.002050,0.000698,0.000580,0.001692
1055.000000,0.011584,0.006307,0.002571,0.001817,0.044643
1056.000000,0.007962,0.005668,0.001871,0.001878,-0.014004
1057.000000,0.007394,0.005975,0.002135,0.002454,0.012062
1058.000000,0.012348,0.009761,0.003104,0.003277,0.017347
1059.000000,0.012455,0.008208,0.003080,0.002771,0.002227
1060.000000,0.002954,0.007269,0.003327,0.002514,-0.002864
1061.000000,0.002283,0.005123,0.002340,0.002235,-0.017358
1062.000000,0.001806,0.004600,0.003148,0.002019,0.009681
1063.000000,0.000445,0.006397,0.004018,0.002416,0.010542
1064.000000,0.001393,0.006924,0.004487,0.002773,0.006966
1065.000000,0.000509,0.001731,0.004019,0.002291,-0.007284
1066.000000,0.003472,0.002877,0.004272,0.002207,-0.002546
1067.000000,0.003880,0.002843,0.004409,0.002371,0.011722
1068.000000,0.003715,0.002080,0.005920,0.002763,0.009716
1069.000000,0.001133,0.001263,0.004736,0.002474,-0.005944
1070.000000,0.001457,0.000983,0.004126,0.002546,-0.005664
1071.000000,0.002533,0.003002,0.004062,0.002561,0.002836
1072.000000,-0.003623,0.000128,0.002364,0.002141,-0.019060
1073.000000,-0.004543,-0.000414,0.002991,0.002541,0.005118
1074.000000,-0.001955,-0.000411,0.003257,0.002854,0.006995
1075.000000,-0.001203,0.000127,0.000929,0.002722,-0.001903
1076.000000,-0.002597,-0.000032,0.001423,0.002838,-0.004136
1077.000000,0.001534,-0.001045,0.000899,0.002591,0.001593
1078.000000,-0.002117,-0.003330,-0.000625,0.002837,-0.013135
1079.000000,-0.002166,-0.002061,-0.000399,0.002470,0.006749
1080.000000,-0.003200,-0.002201,-0.000609,0.002017,-0.007072
1081.000000,-0.002115,-0.002356,0.000323,0.001923,0.001289
1082.000000,-0.000701,0.000416,0.000272,0.001715,0.008661
1083.000000,-0.000129,-0.001123,-0.000769,0.001620,-0.010273
1084.000000,-0.002709,-0.002438,-0.001424,0.001358,-0.006150
1085.000000,0.005033,0.000916,0.000522,0.000925,0.031637
1086.000000,0.011030,0.004458,0.002213,0.002434,0.031277
1087.000000,0.008381,0.003840,0.001398,0.001879,-0.004584
1088.000000,0.013657,0.006764,0.001717,0.001838,0.016102
1089.000000,0.016627,0.006959,0.002449,0.002054,0.008702
1090.000000,0.014790,0.009912,0.003855,0.002898,0.022453
1091.000000,0.007480,0.009255,0.003450,0.003301,-0.005272
1092.000000,0.007514,0.007948,0.004182,0.002831,-0.004415
1093.000000,0.007338,0.010497,0.004687,0.002987,0.015223
1094.000000,0.004724,0.010676,0.004119,0.002609,-0.004367
1095.000000,0.001745,0.008268,0.004592,0.003104,0.007558
1096.000000,0.003378,0.005429,0.004943,0.003285,0.002892
1097.000000,0.003683,0.005598,0.004719,0.002798,-0.002892
1098.000000,0.002770,0.005054,0.005909,0.002829,0.010658
1099.000000,0.006375,0.005550,0.006254,0.003483,0.013660
1100.000000,0.008116,0.004930,0.007421,0.004214,0.016261
1101.000000,0.000749,0.002064,0.005660,0.002988,-0.033940
1102.000000,0.001500,0.002591,0.005270,0.003652,0.000863
1103.000000,0.001428,0.002099,0.006298,0.003824,0.010295
1104.000000,-0.000566,0.002905,0.006790,0.003714,0.003692
1105.000000,-0.002744,0.002686,0.005477,0.003957,0.005371
1106.000000,0.006119,0.003434,0.004432,0.004440,0.010377
1107.000000,0.012101,0.006801,0.006200,0.005413,0.030772
1108.000000,0.009826,0.005627,0.005340,0.005815,-0.001083
1109.000000,0.008328,0.003881,0.004715,0.005463,-0.003799
1110.000000,0.005561,0.001408,0.003169,0.005417,-0.008464
1111.000000,0.005341,0.005730,0.003897,0.005683,0.009280
1112.000000,0.002474,0.007288,0.004940,0.005942,0.016436
1113.000000,0.001027,0.005426,0.003762,0.006007,-0.008319
1114.000000,0.003984,0.006156,0.004530,0.006579,0.010988
1115.000000,0.008114,0.006837,0.004762,0.005930,0.012186
1116.000000,0.007988,0.006665,0.005050,0.005176,0.008651
1117.000000,-0.003559,-0.000543,0.003129,0.003952,-0.041301
1118.000000,-0.006463,-0.002718,0.001454,0.002654,-0.022838
1119.000000,-0.004528,-0.000272,0.001804,0.003053,0.020659
1120.000000,-0.010431,-0.001158,0.000125,0.001727,-0.017325
1121.000000,-0.012716,-0.002364,0.001683,0.001810,-0.002778
1122.000000,-0.000490,-0.002025,0.002631,0.002618,0.019830
1123.000000,0.007216,0.000377,0.002901,0.002634,0.015693
1124.000000,-0.001368,-0.002948,0.001604,0.002037,-0.022259
1125.000000,0.004607,-0.002912,0.001963,0.002204,0.012548
1126.000000,0.005379,-0.003669,0.001498,0.002143,0.001084
1127.000000,0.002116,0.000813,0.000135,0.002357,0.003514
1128.000000,-0.001997,0.002610,-0.000054,0.001839,-0.004869
1129.000000,0.000712,-0.000328,-0.000300,0.001094,-0.008715
1130.000000,0.000704,0.002655,0.000748,0.000968,0.012504
1131.000000,-0.005657,-0.000139,-0.001252,0.001076,-0.030721
1132.000000,-0.002170,-0.000027,-0.001026,0.001745,0.020949
1133.000000,-0.001088,-0.001542,-0.000583,0.001420,0.000545
1134.000000,0.001960,0.001336,-0.000806,0.001515,0.006522
1135.000000,-0.002939,-0.001118,-0.002015,0.000936,-0.011989
1136.000000,0.005657,0.000000,-0.001834,0.000999,0.012260
1137.000000,0.004317,0.001074,0.000943,0.000448,0.014249
1138.000000,0.005486,0.002199,0.002404,0.000697,0.006386
1139.000000,0.011934,0.006947,0.003309,0.002116,0.038762
1140.000000,0.011918,0.004490,0.003572,0.001996,-0.012065
1141.000000,0.010240,0.007949,0.003905,0.001815,0.003866
1142.000000,0.007441,0.005879,0.002926,0.001276,0.000257
1143.000000,0.003210,0.004348,0.001403,0.001061,-0.014769
1144.000000,-0.003917,0.004008,0.002672,0.000799,0.003127
1145.000000,0.000000,0.005959,0.002421,0.000643,0.007518
1146.000000,-0.000206,0.005017,0.002508,0.000449,0.002837
1147.000000,0.009395,0.008418,0.004746,0.003435,0.048263
1148.000000,-0.009406,-0.003098,-0.000449,0.000570,-0.108775
1149.000000,-0.005755,-0.004836,0.001056,0.000594,0.021384
1150.000000,-0.015626,-0.007813,-0.001662,-0.000223,-0.041838
1151.000000,-0.012705,-0.006456,0.000746,0.000451,0.017440
1152.000000,-0.024565,-0.007585,-0.000853,-0.000578,-0.011038
1153.000000,-0.002699,-0.006053,-0.000852,-0.001082,0.000555
1154.000000,-0.006256,-0.006006,-0.000999,-0.000220,0.003599
1155.000000,0.003598,-0.006014,-0.000027,-0.000391,0.007433
1156.000000,-0.003767,-0.008236,-0.001610,-0.001073,-0.019386
1157.000000,0.000996,-0.011784,-0.001683,-0.000764,0.012782
1158.000000,-0.000611,-0.001655,-0.002377,-0.000851,-0.007482
1159.000000,-0.002782,-0.004519,-0.004678,-0.000803,-0.007259
1160.000000,-0.011051,-0.003727,-0.005770,-0.002350,-0.033911
1161.000000,-0.005443,-0.004605,-0.005530,-0.001037,0.008658
1162.000000,-0.006453,-0.002728,-0.005157,-0.001478,0.007729
1163.000000,-0.005699,-0.003155,-0.004604,-0.001620,-0.003714
1164.000000,-0.003163,-0.002973,-0.004489,-0.001657,0.005423
1165.000000,0.000694,-0.005178,-0.005596,-0.001744,-0.014624
1166.000000,-0.002545,-0.003994,-0.006115,-0.002404,-0.007538
1167.000000,-0.002410,-0.004431,-0.008108,-0.002599,0.008405
1168.000000,0.000457,-0.002621,-0.002138,-0.002458,0.010622
1169.000000,-0.000399,-0.001781,-0.003150,-0.003712,0.001142
1170.000000,0.001095,0.000895,-0.001416,-0.003548,-0.007156
1171.000000,0.003919,0.000687,-0.001959,-0.003458,0.006586
1172.000000,0.002010,-0.000200,-0.001464,-0.003504,-0.001142
1173.000000,-0.000286,0.000086,-0.001535,-0.003041,-0.000858
1174.000000,0.000114,-0.000142,-0.001558,-0.003040,0.003141
1175.000000,0.003022,0.002058,-0.001560,-0.003045,0.007384
1176.000000,0.000057,0.001988,-0.001003,-0.003414,-0.008240
1177.000000,-0.000859,0.000576,-0.001928,-0.005213,-0.005722
1178.000000,-0.000057,-0.000171,-0.001396,-0.001483,0.003151
1179.000000,0.003560,0.001837,0.000028,-0.001488,0.021226
1180.000000,0.002531,0.002776,0.001835,-0.000019,0.002238
1181.000000,0.009744,0.004901,0.002794,0.000328,0.027829
1182.000000,0.010671,0.004906,0.002353,0.000659,-0.001088
1183.000000,0.011721,0.005832,0.002959,0.000921,0.008398
1184.000000,0.007799,0.005679,0.002768,0.000855,0.001617
1185.000000,0.007674,0.005102,0.003580,0.000661,0.001615
1186.000000,0.003875,0.006810,0.004399,0.001601,0.008834
1187.000000,0.005738,0.008205,0.004390,0.001450,0.008228
1188.000000,0.001773,0.006747,0.003288,0.001318,-0.011432
1189.000000,-0.002275,0.002762,0.002299,0.000939,-0.018622
1190.000000,-0.001133,0.003271,0.003024,0.002314,0.007328
1191.000000,-0.007384,-0.001754,0.001573,0.001278,-0.022424
1192.000000,-0.010195,-0.002228,0.001339,0.000826,-0.005824
1193.000000,-0.006522,-0.002375,0.001728,0.001181,0.006930
1194.000000,-0.001476,-0.001876,0.001902,0.001220,0.006608
1195.000000,-0.002832,-0.001982,0.001560,0.001726,0.000549
1196.000000,0.000607,-0.003388,0.001711,0.001803,-0.005225
1197.000000,0.001386,-0.004404,0.001900,0.001459,-0.001932
1198.000000,-0.000387,-0.003455,0.001646,0.001040,-0.001936
1199.000000,-0.003432,-0.002454,0.000154,0.000715,-0.008617
1200.000000,-0.005280,-0.004056,-0.000393,0.000664,-0.008692
1201.000000,-0.003336,-0.001364,-0.001559,0.000594,0.004496
1202.000000,-0.001609,-0.000111,-0.001170,0.000856,0.006706
1203.000000,-0.000332,-0.000360,-0.001367,0.001032,0.004446
1204.000000,0.002442,-0.000495,-0.001186,0.001103,0.005254
1205.000000,0.005554,0.000137,-0.000923,0.001086,0.006871
1206.000000,0.004436,0.000550,-0.001419,0.001324,-0.001096
1207.000000,0.004461,0.001426,-0.001489,0.001742,0.006832
1208.000000,0.004007,0.001837,-0.000809,0.001710,0.002176
1209.000000,0.001921,0.002182,-0.000136,0.000830,-0.005176
1210.000000,0.001093,0.003323,-0.000366,0.000846,0.002728
1211.000000,0.003695,0.004065,0.001351,0.000316,0.011915
1212.000000,-0.012067,-0.003803,-0.001957,-0.002047,-0.071978
1213.000000,-0.015240,-0.005616,-0.002988,-0.002784,-0.013689
1214.000000,-0.012337,-0.005208,-0.002851,-0.002526,0.009340
1215.000000,-0.001636,-0.001636,-0.001636,-0.001636,0.006948
1216.000000,-0.012037,-0.004171,-0.001811,-0.002337,0.009190
1217.000000,0.007160,-0.002454,-0.000514,-0.001811,0.024009
1218.000000,0.010733,-0.002253,-0.000208,-0.001290,0.004178
1219.000000,0.006348,-0.002994,-0.000406,-0.001089,-0.012586
1220.000000,0.007864,-0.001814,0.000755,-0.000849,0.014529
1221.000000,0.008452,-0.001793,0.001136,0.000303,0.012131
1222.000000,0.002992,0.005076,0.000636,0.000387,-0.003294
1223.000000,0.001053,0.005893,0.000138,-0.000028,-0.005514
1224.000000,0.000394,0.003371,-0.000918,-0.000777,-0.015884
1225.000000,-0.003357,0.002254,-0.001473,-0.000936,-0.004222
1226.000000,-0.007767,0.000342,-0.001914,-0.001093,-0.009922
1227.000000,-0.009516,-0.003262,-0.002858,-0.001430,-0.012038
1228.000000,-0.009628,-0.004287,-0.003270,-0.001568,-0.006074
1229.000000,-0.002260,-0.000933,-0.001964,-0.000582,0.020957
1230.000000,0.001181,-0.001088,-0.001451,0.000141,0.012984
1231.000000,0.004730,-0.001519,-0.001656,0.000251,0.007821
1232.000000,0.009626,0.000055,0.002565,0.000443,0.012443
1233.000000,0.008297,-0.000666,0.002614,-0.000130,-0.012721
1234.000000,0.002372,0.000056,0.001713,-0.000594,-0.008665
1235.000000,-0.001125,0.000028,0.001141,-0.000973,-0.004502
1236.000000,-0.002351,0.001189,0.000766,-0.000880,0.001691
1237.000000,-0.008591,0.000518,-0.001372,-0.001733,-0.018756
1238.000000,-0.007197,0.000550,-0.001869,-0.001997,-0.005754
1239.000000,-0.007494,-0.002561,-0.001747,-0.002163,-0.010149
1240.000000,-0.013593,-0.007359,-0.004223,-0.003420,-0.034998
1241.000000,-0.014657,-0.008504,-0.005011,-0.003938,-0.003629
1242.000000,-0.011878,-0.010234,-0.005090,-0.001701,-0.004859
1243.000000,-0.010301,-0.008749,-0.004707,-0.001174,0.002129
1244.000000,-0.007181,-0.007337,-0.003641,-0.001303,0.005453
