0.000000,0.008545,0.004474,0.003017,0.003431,0.014258
1.000000,0.009304,0.003386,0.003206,0.002711,0.005135
2.000000,0.008646,0.003125,0.002700,0.002323,-0.001281
3.000000,0.005137,0.001771,0.001888,0.001304,-0.014203
4.000000,0.004262,0.003976,0.002894,0.001704,0.017403
5.000000,0.002049,0.005297,0.003223,0.001810,0.003190
6.000000,0.002923,0.006114,0.003766,0.002127,0.009509
7.000000,0.002674,0.005660,0.004118,0.003137,-0.002527
8.000000,0.005135,0.005136,0.003852,0.002751,-0.001899
9.000000,0.001781,0.003022,0.003747,0.002612,0.000634
10.000000,0.000000,0.001024,0.002749,0.002353,-0.005716
11.000000,0.000126,0.001525,0.002455,0.002645,0.010140
12.000000,0.002139,0.002407,0.002766,0.002602,0.007538
13.000000,0.001767,0.003451,0.002611,0.002409,-0.003762
14.000000,-0.000253,0.000764,0.002370,0.002184,-0.009467
15.000000,0.004783,0.002392,0.003844,0.002946,0.019467
16.000000,-0.005238,-0.002556,0.001779,0.001659,-0.039967
17.000000,-0.008044,-0.002953,0.001354,0.001761,-0.006494
18.000000,-0.008337,-0.003285,0.000925,0.001473,-0.005225
19.000000,-0.008286,-0.004270,-0.000624,0.001075,-0.009211
20.000000,-0.012047,-0.003632,-0.001304,0.000622,0.000661
21.000000,-0.000648,-0.002943,-0.000709,0.000656,0.017027
22.000000,-0.002359,-0.005202,-0.001398,0.000110,-0.015048
23.000000,-0.000787,-0.004562,-0.000556,0.000220,0.002633
24.000000,0.001842,-0.003222,-0.001229,0.000506,0.003937
25.000000,-0.000264,-0.006156,-0.001882,0.000511,-0.009872
26.000000,-0.004067,-0.002358,-0.002457,0.000400,-0.001986
27.000000,-0.002521,-0.002440,-0.002696,0.000089,-0.007316
28.000000,-0.003582,-0.002185,-0.002735,-0.000111,-0.002674
29.000000,-0.004638,-0.001398,-0.002834,-0.000882,-0.001340
30.000000,-0.002395,-0.001330,-0.002481,-0.001313,0.001340
31.000000,-0.001730,-0.002899,-0.002921,-0.001439,0.001338
32.000000,0.000932,-0.000794,-0.002998,-0.001196,0.005998
33.000000,-0.001748,-0.002665,-0.003614,-0.001259,-0.016075
34.000000,-0.002292,-0.003465,-0.003343,-0.001974,-0.004060
35.000000,-0.001343,-0.001869,-0.004013,-0.001878,0.006083
36.000000,-0.005833,-0.003782,-0.003070,-0.002898,-0.021111
37.000000,-0.006345,-0.002707,-0.002573,-0.002700,0.003435
38.000000,-0.000541,-0.001144,-0.001665,-0.002205,0.012947
39.000000,-0.000543,-0.001418,-0.001408,-0.002362,-0.004071
40.000000,0.000135,-0.000604,-0.000967,-0.001855,0.009472
41.000000,0.005297,-0.000268,-0.001583,-0.002037,0.004703
42.000000,0.005146,-0.000600,-0.000697,-0.002199,0.002677
43.000000,0.002690,0.001075,-0.000795,-0.002051,0.000668
44.000000,0.005101,0.002279,-0.000593,-0.001469,0.007984
45.000000,0.003206,0.001671,-0.000099,-0.002118,0.000000
46.000000,0.002133,0.003715,-0.000033,-0.000808,-0.000663
47.000000,0.000534,0.002840,0.000067,-0.000769,-0.005319
48.000000,0.001464,0.002077,0.000466,-0.000417,0.005319
49.000000,0.003025,0.004063,0.001323,0.000416,0.015790
50.000000,0.002109,0.002658,0.001027,0.000241,-0.004580
51.000000,0.000662,0.001398,0.000565,-0.000590,-0.007900
52.000000,0.001726,0.001130,0.000265,-0.000088,0.000000
53.000000,0.001717,0.001590,0.001333,0.000000,0.005274
54.000000,-0.001573,0.000726,0.001503,-0.000153,-0.000658
55.000000,-0.000394,0.000858,0.001264,0.000220,0.001315
56.000000,0.001186,0.000924,0.002320,0.000286,0.000000
57.000000,0.004186,0.002956,0.002898,0.001030,0.014999
58.000000,0.002742,0.002230,0.002153,0.001054,-0.001944
59.000000,0.003780,0.001104,0.002583,0.001250,0.004529
60.000000,-0.002512,-0.001453,0.000602,0.000200,-0.030146
61.000000,-0.004250,-0.001532,-0.000067,-0.000134,-0.008687
62.000000,-0.009816,-0.002815,-0.000843,-0.000762,-0.012834
63.000000,-0.008073,-0.002665,-0.000537,0.000000,0.006775
64.000000,-0.007097,-0.001658,-0.000466,0.000449,0.009409
65.000000,-0.000400,-0.001456,-0.000299,0.000357,0.003339
66.000000,-0.002024,-0.003137,-0.001106,0.000501,-0.016807
67.000000,0.004304,-0.002756,0.000100,0.001013,0.018805
68.000000,0.005067,-0.001503,0.000363,0.000935,0.010589
69.000000,0.001997,-0.002550,-0.000723,0.000872,-0.005943
70.000000,-0.005269,-0.002834,-0.002144,-0.000543,-0.032989
71.000000,0.001755,-0.000134,-0.000833,-0.000089,0.018312
72.000000,-0.004576,-0.000136,-0.001476,-0.000607,-0.012851
73.000000,-0.005472,-0.000203,-0.001434,-0.000426,0.006108
74.000000,-0.001863,0.000067,-0.000796,-0.000288,0.012105
75.000000,0.003393,-0.000938,-0.001197,-0.000512,-0.006707
76.000000,0.001873,0.001814,-0.000661,-0.000133,0.010710
77.000000,0.005108,0.000266,-0.001245,0.000155,0.003323
78.000000,0.007177,0.000852,-0.000325,0.000526,0.016453
79.000000,0.004625,0.001381,-0.000584,-0.000022,-0.000653
80.000000,0.006619,0.005006,0.001086,0.000240,0.003261
81.000000,0.005904,0.003888,0.001877,0.000741,0.007136
82.000000,-0.000931,0.002088,0.000976,-0.000288,-0.030852
83.000000,-0.002893,0.002142,0.000970,-0.000242,0.006645
84.000000,0.000912,0.002769,0.001418,0.000392,0.018373
85.000000,0.000650,0.003634,0.001348,0.000414,0.001949
86.000000,0.002441,0.004173,0.002993,0.000950,0.016093
87.000000,0.009122,0.004095,0.002181,0.000535,0.002551
88.000000,0.005745,0.001426,0.001139,0.000258,-0.010243
89.000000,0.002584,0.001748,0.001565,0.000193,0.002571
90.000000,0.001680,0.001165,0.003086,0.001112,-0.002571
91.000000,-0.000128,0.001157,0.002523,0.001637,0.007054
92.000000,0.000636,0.004879,0.003484,0.002277,0.006369
93.000000,0.002430,0.004087,0.003115,0.002009,-0.001271
94.000000,0.003688,0.003136,0.002953,0.001991,0.008861
95.000000,0.004329,0.003004,0.003319,0.001900,0.000630
96.000000,0.000638,0.000255,0.002214,0.002081,-0.011400
97.000000,-0.003846,-0.001605,0.001245,0.000919,-0.016052
98.000000,-0.004240,-0.000905,0.000260,0.000458,-0.003241
99.000000,-0.004718,-0.000515,0.000617,0.000872,0.006473
100.000000,-0.004457,-0.000064,0.000550,0.002036,0.001934
101.000000,-0.002822,-0.001092,0.000032,0.001318,-0.003225
102.000000,0.002700,-0.000573,0.002153,0.002131,0.011561
103.000000,-0.000911,-0.002576,0.000756,0.001218,-0.021298
104.000000,0.000129,-0.002295,0.000421,0.001204,0.011673
105.000000,-0.003770,-0.004114,-0.000555,0.000842,-0.017561
106.000000,-0.006300,-0.004561,-0.002153,-0.000044,-0.015873
107.000000,-0.005437,-0.001369,-0.001487,0.000374,0.015873
108.000000,-0.000392,-0.000651,-0.000778,-0.000044,0.003929
109.000000,-0.000258,-0.000065,-0.000290,0.000390,0.012342
110.000000,0.000655,-0.001557,-0.000811,-0.000152,-0.012996
111.000000,0.001329,-0.002485,-0.001789,-0.000807,-0.012504
112.000000,0.001308,-0.002065,-0.001319,0.000747,0.015769
113.000000,-0.003961,-0.002176,-0.002376,-0.000221,-0.022414
114.000000,-0.003911,-0.002085,-0.002190,-0.000414,0.012587
115.000000,0.002341,0.001498,-0.001308,0.000130,0.018265
116.000000,0.001452,0.001390,-0.001585,-0.000972,-0.016950
117.000000,-0.000522,0.000393,-0.000488,-0.000860,0.005900
118.000000,0.006816,0.001428,0.000388,-0.000043,0.014277
119.000000,0.005967,0.001028,0.000482,0.000149,0.008341
120.000000,0.004980,0.003660,0.001051,0.000679,0.013329
121.000000,0.006469,0.003960,0.000737,0.000128,-0.009503
122.000000,0.005162,0.002320,0.000128,-0.000106,-0.000637
123.000000,0.002051,0.004434,0.001129,-0.000106,-0.001275
124.000000,0.003170,0.004568,0.001242,0.000063,0.013933
125.000000,0.000126,0.002553,0.002025,-0.000021,-0.001889
126.000000,0.004282,0.005376,0.003383,0.000735,0.011278
127.000000,0.006270,0.005716,0.003054,0.001580,0.009302
128.000000,0.008979,0.005515,0.003471,0.002097,0.012270
129.000000,0.008013,0.005592,0.003310,0.002185,0.009105
130.000000,0.007179,0.003653,0.003656,0.001918,-0.006061
131.000000,0.004436,0.004359,0.004160,0.001945,-0.002435
132.000000,0.004033,0.005152,0.003736,0.001802,0.007286
133.000000,0.002183,0.005581,0.005007,0.002613,0.003020
134.000000,0.000242,0.004127,0.004348,0.002204,-0.000603
135.000000,0.001574,0.004377,0.003465,0.002809,0.000603
136.000000,0.002784,0.003610,0.004493,0.003459,0.003612
137.000000,0.001927,0.002980,0.004348,0.003030,0.003000
138.000000,0.002279,0.002231,0.003873,0.003058,0.004782
139.000000,0.000121,0.000181,0.002886,0.002267,-0.011394
140.000000,0.001442,0.001508,0.002580,0.002940,0.007212
141.000000,-0.001690,0.000547,0.002453,0.002956,-0.012048
142.000000,-0.003994,-0.001034,0.002059,0.002146,-0.008521
143.000000,-0.005440,-0.001581,0.002000,0.002811,-0.002448
144.000000,-0.003039,-0.001459,0.001334,0.002412,0.000613
145.000000,-0.005340,-0.001949,0.001214,0.001660,-0.004296
146.000000,-0.000850,-0.001270,0.001170,0.002572,0.010401
147.000000,0.000976,-0.001509,0.000735,0.002395,0.000608
148.000000,0.002012,-0.001714,0.000258,0.002011,0.002733
149.000000,-0.000368,-0.001703,-0.000761,0.001356,-0.011286
150.000000,-0.003725,-0.004532,-0.001512,0.000210,-0.021080
151.000000,-0.003934,-0.002392,-0.000923,0.000838,0.009355
152.000000,-0.003683,-0.001354,-0.001194,0.000921,0.001860
153.000000,-0.003118,-0.000553,-0.001067,0.001149,0.005561
154.000000,-0.001601,-0.000985,-0.001222,0.000561,-0.003704
155.000000,0.001498,-0.001113,-0.001531,0.000438,-0.005581
156.000000,0.000124,-0.001905,-0.001587,0.000145,0.002484
157.000000,0.000000,-0.001842,-0.001675,-0.000124,0.001240
158.000000,-0.003355,-0.003237,-0.002475,-0.000907,-0.011215
159.000000,0.000741,-0.000430,-0.001067,-0.000651,0.016776
160.000000,-0.000249,0.000625,-0.001954,-0.000800,-0.010530
161.000000,0.002589,0.001356,-0.000518,-0.000163,0.016672
162.000000,-0.000745,-0.000372,-0.000863,-0.000920,-0.015428
163.000000,0.000250,-0.001552,-0.001053,-0.001229,-0.006238
164.000000,-0.008689,-0.003974,-0.002479,-0.002139,-0.027921
165.000000,-0.004152,-0.002201,-0.001657,-0.001754,0.012152
166.000000,-0.006346,-0.001879,-0.001892,-0.001684,0.005705
167.000000,-0.007218,-0.003982,-0.002912,-0.002444,-0.019790
168.000000,-0.006229,-0.002989,-0.003113,-0.002647,-0.001290
169.000000,-0.000129,-0.004409,-0.002420,-0.002181,0.002579
170.000000,-0.001788,-0.002970,-0.001173,-0.002293,0.003856
171.000000,-0.003443,-0.004894,-0.001769,-0.001977,-0.002569
172.000000,0.003198,-0.002010,-0.001191,-0.001245,0.013414
173.000000,0.004216,-0.001006,-0.001279,-0.001037,0.003800
174.000000,0.002432,0.001152,-0.001411,-0.001269,-0.006341
175.000000,-0.001416,-0.001602,-0.001901,-0.001639,-0.015385
176.000000,0.000770,-0.001336,-0.001607,-0.001707,0.008363
177.000000,-0.001657,0.000771,-0.001605,-0.001684,0.001280
178.000000,0.000757,0.002487,-0.000251,-0.001246,0.015868
179.000000,0.002277,0.002355,-0.001027,-0.000828,0.001259
180.000000,0.004345,0.001465,-0.000753,-0.000294,-0.005044
181.000000,0.003933,0.002352,-0.001271,-0.000395,0.006301
182.000000,0.004679,0.001511,-0.000249,-0.000290,0.005013
183.000000,0.003743,0.002250,0.000622,-0.000103,0.011187
184.000000,0.008013,0.005145,0.003148,0.000774,0.022610
185.000000,0.006346,0.005346,0.001872,0.000514,-0.013382
186.000000,0.004472,0.004203,0.001433,0.000329,-0.003067
187.000000,0.005669,0.005174,0.002972,0.000654,0.010996
188.000000,0.004038,0.003891,0.003189,0.001129,0.003033
189.000000,-0.004398,0.001807,0.002081,-0.000082,-0.019572
190.000000,-0.003584,0.001381,0.001423,-0.000042,-0.009308
191.000000,-0.001232,0.001620,0.001986,-0.000308,0.008690
192.000000,-0.006044,-0.000188,0.000662,-0.000229,-0.013064
193.000000,-0.006401,-0.001181,0.000534,0.000021,0.001252
194.000000,-0.001612,-0.003005,0.001070,0.001097,0.004368
195.000000,0.006863,0.001640,0.003493,0.001794,0.033071
196.000000,0.003917,0.001342,0.002772,0.001403,-0.006042
197.000000,0.006530,0.000243,0.002708,0.002063,0.000000
198.000000,0.006037,-0.000182,0.001854,0.002065,-0.001213
199.000000,0.005769,0.002078,0.001943,0.002080,0.003029
200.000000,0.000000,0.003432,0.002406,0.002092,0.004226
201.000000,-0.001216,0.001351,0.001485,0.001774,-0.012121
202.000000,-0.000364,0.003083,0.001448,0.001469,0.004259
203.000000,-0.000243,0.002897,0.000858,0.001322,-0.000607
204.000000,-0.000485,0.002642,-0.000182,0.001594,0.001821
205.000000,-0.002424,-0.001212,0.000214,0.001924,-0.005473
206.000000,0.000000,-0.000608,0.000367,0.001646,0.000000
207.000000,0.001452,0.000544,0.000393,0.001987,0.011519
208.000000,0.000728,0.000242,0.000030,0.001317,-0.004228
209.000000,-0.000364,-0.000424,0.000827,0.001154,-0.003639
210.000000,-0.002207,-0.002316,0.000558,0.000832,-0.014688
211.000000,-0.002207,-0.001104,0.000123,0.000622,0.000000
212.000000,-0.002182,-0.000365,0.001359,0.000843,0.011646
213.000000,-0.003296,-0.001284,0.000806,0.000144,-0.009798
214.000000,-0.003061,-0.001713,0.000465,-0.000692,-0.002465
215.000000,-0.001734,-0.001971,-0.001591,-0.000514,-0.008052
216.000000,0.001229,-0.000489,-0.000548,0.000082,0.014815
217.000000,-0.004063,-0.003122,-0.001289,-0.000779,-0.014815
218.000000,-0.002601,-0.002949,-0.001353,-0.000963,-0.002491
219.000000,-0.000123,-0.001592,-0.001008,0.000021,0.009926
220.000000,0.000745,-0.000494,-0.001405,0.000207,-0.003711
221.000000,-0.005214,-0.001993,-0.001548,-0.000582,-0.014982
222.000000,-0.001623,-0.002843,-0.001604,-0.000042,0.003140
223.000000,-0.001628,-0.002115,-0.001699,-0.000167,-0.002511
224.000000,-0.004242,-0.002183,-0.001948,-0.000418,-0.003148
225.000000,-0.002745,-0.001000,-0.001485,-0.001394,0.003776
226.000000,0.002251,-0.001482,-0.000985,-0.000859,0.010000
227.000000,0.002368,0.000372,-0.001375,-0.000735,0.003724
228.000000,0.003489,0.000931,-0.001009,-0.000592,0.003093
229.000000,0.006574,0.001166,-0.000213,-0.000284,0.012278
230.000000,0.004595,0.000925,0.000215,-0.000628,-0.006120
231.000000,-0.000124,0.001064,-0.000465,-0.000678,-0.013597
232.000000,-0.002494,-0.000063,-0.001453,-0.001090,-0.008123
233.000000,-0.007040,-0.001776,-0.001945,-0.001725,-0.019640
234.000000,-0.008857,-0.001141,-0.001662,-0.001679,0.003194
235.000000,-0.008400,-0.001902,-0.001451,-0.001624,-0.003834
236.000000,-0.003389,-0.001757,-0.001619,-0.001242,0.011458
237.000000,-0.002271,-0.002383,-0.001005,-0.001711,-0.002535
238.000000,0.000511,-0.003265,-0.001167,-0.001761,-0.005727
239.000000,-0.001023,-0.004940,-0.001887,-0.001789,-0.004477
240.000000,0.000767,-0.003817,-0.001446,-0.001129,0.005115
241.000000,0.000758,-0.001315,-0.000126,-0.000748,0.011414
242.000000,0.000127,-0.001072,-0.000567,-0.001326,-0.005691
243.000000,0.002788,0.001650,-0.000063,-0.000747,0.007581
244.000000,0.001151,0.000064,-0.000539,-0.001087,-0.012666
245.000000,0.003289,0.002028,0.000063,-0.000291,0.015808
246.000000,0.001132,0.000945,-0.000406,-0.000764,0.000627
247.000000,0.003644,0.001886,-0.000248,-0.000041,0.006873
248.000000,0.001380,0.002084,-0.000590,-0.000083,-0.003743
249.000000,0.004288,0.002719,-0.001110,-0.000352,0.001873
250.000000,0.001625,0.002457,-0.000680,-0.000145,0.002492
251.000000,0.001250,0.001191,-0.000062,0.000313,-0.001245
252.000000,-0.003011,0.000317,-0.000378,-0.000273,-0.014434
253.000000,-0.002010,-0.000315,0.000667,-0.000147,0.001263
254.000000,-0.005952,-0.000832,-0.000384,-0.000637,-0.017835
255.000000,-0.006965,-0.002670,-0.000321,-0.000848,-0.002574
256.000000,-0.007103,-0.002926,-0.000991,-0.001246,-0.001935
257.000000,-0.004733,-0.003872,-0.000993,-0.001456,-0.002586
258.000000,-0.006285,-0.004147,-0.001032,-0.001776,-0.006494
259.000000,-0.002327,-0.004139,-0.000710,-0.002120,0.001952
260.000000,-0.001034,-0.003999,-0.000771,-0.001786,0.003894
261.000000,0.000773,-0.003165,-0.000987,-0.001096,0.007099
262.000000,0.000129,-0.002302,-0.000993,-0.001019,-0.005805
263.000000,0.001169,-0.002558,-0.001436,-0.000408,-0.001294
264.000000,0.003225,0.000449,-0.000192,-0.000106,0.012231
265.000000,0.001420,0.000193,-0.001239,-0.000150,-0.005132
266.000000,-0.000386,0.000193,-0.001366,-0.000596,-0.001931
267.000000,0.001289,0.000709,-0.001581,-0.000426,0.002574
268.000000,0.003085,0.002127,-0.001010,0.000021,0.007682
269.000000,0.000384,0.001804,-0.001168,0.000128,-0.001276
270.000000,-0.000386,0.000517,-0.001741,-0.000342,-0.008980
271.000000,0.002815,0.001214,-0.000975,-0.000253,0.014076
272.000000,0.002300,0.001795,-0.000253,-0.000063,0.000000
273.000000,-0.002180,0.000452,-0.001053,-0.000807,-0.014720
274.000000,-0.004129,-0.001873,-0.000712,-0.000752,-0.011021
275.000000,-0.004958,-0.002672,-0.001239,-0.001716,-0.013124
276.000000,-0.007641,-0.002413,-0.001110,-0.001715,0.000660
277.000000,-0.005148,-0.001424,-0.000357,-0.001529,0.012463
278.000000,-0.002726,-0.002453,-0.000163,-0.001491,-0.002611
279.000000,0.001558,-0.001285,0.000259,-0.001207,0.010403
280.000000,0.003535,-0.000711,-0.000097,-0.001398,-0.003239
281.000000,0.005469,-0.001086,0.000064,-0.001012,0.010329
282.000000,0.003874,-0.000637,0.000579,-0.000381,0.004486
283.000000,0.005289,0.001281,0.000867,-0.000275,0.004466
284.000000,-0.003655,-0.001049,-0.001461,-0.000824,-0.034319
285.000000,0.000000,0.001768,-0.000452,-0.000237,0.015038
286.000000,-0.002846,0.001311,-0.000551,-0.000303,-0.003901
287.000000,-0.002445,0.000715,-0.000355,0.000000,0.006494
288.000000,-0.003467,0.000911,-0.000771,0.000195,-0.000647
289.000000,0.006736,0.001540,0.000128,0.000686,0.016699
290.000000,0.003729,0.001864,0.000577,0.000557,0.000000
291.000000,0.003999,0.000576,-0.000255,0.000235,-0.002551
292.000000,0.000646,-0.000899,-0.000768,0.000086,-0.010270
293.000000,0.003849,0.000191,0.000736,0.000641,0.015365
294.000000,0.001143,0.003940,0.001446,0.000339,0.003172
295.000000,0.001017,0.002373,0.002070,0.000489,-0.000634
296.000000,0.001780,0.002889,0.002100,0.000596,0.001267
297.000000,0.004718,0.002682,0.001698,0.000658,0.004421
298.000000,0.000761,0.002305,0.001608,0.000254,-0.004421
299.000000,0.001765,0.001454,0.001497,0.000570,0.008194
300.000000,0.001515,0.001266,0.001565,0.000806,-0.001885
301.000000,0.001388,0.001584,0.001080,0.000358,0.000629
302.000000,0.000755,0.002736,0.000919,0.000400,0.001256
303.000000,0.003513,0.002137,0.001164,0.001203,0.009372
304.000000,0.001501,0.001633,0.002787,0.001508,-0.001867
305.000000,0.004724,0.003119,0.002746,0.002420,0.014229
306.000000,0.006067,0.003727,0.003308,0.002643,0.007344
307.000000,0.002371,0.001563,0.002123,0.001653,-0.017221
308.000000,0.000745,0.002129,0.002217,0.001782,0.001240
309.000000,-0.002887,-0.000693,0.000381,0.000767,-0.020026
310.000000,-0.008533,-0.001905,-0.000319,0.000408,-0.014004
311.000000,-0.010259,-0.002096,-0.000256,0.000021,-0.001283
312.000000,-0.003884,-0.000756,0.000990,0.000360,0.014655
313.000000,-0.001993,-0.000624,0.000757,0.000568,0.010695
314.000000,0.001135,-0.000876,0.000379,0.001566,-0.004390
315.000000,0.003180,-0.002677,0.000221,0.000938,-0.003778
316.000000,-0.001030,-0.005644,-0.000958,0.000324,-0.022329
317.000000,-0.003445,-0.003664,-0.001051,0.000194,0.002577
318.000000,-0.005842,-0.003917,-0.000894,0.000172,-0.001288
319.000000,-0.004064,-0.001465,-0.001079,-0.000234,0.004500
320.000000,-0.005890,-0.001355,-0.001630,-0.000665,-0.012912
321.000000,-0.003252,-0.002141,-0.002118,-0.000884,-0.009138
322.000000,-0.003505,-0.003475,-0.002116,-0.000498,0.001311
323.000000,-0.003117,-0.004479,-0.002552,-0.000989,0.000655
324.000000,-0.004410,-0.004237,-0.002556,-0.001160,-0.001965
325.000000,-0.000260,-0.003075,-0.002876,-0.000878,0.007838
326.000000,0.002476,-0.000388,-0.003016,-0.000768,0.004544
327.000000,0.001955,-0.000775,-0.002220,-0.000959,-0.001296
328.000000,0.001305,-0.000906,-0.002412,-0.000898,-0.002597
329.000000,0.000785,-0.001812,-0.001638,-0.001323,-0.004562
330.000000,-0.003545,-0.001902,-0.001629,-0.001721,-0.013811
331.000000,-0.005117,-0.001320,-0.001731,-0.001852,-0.003317
332.000000,-0.006459,-0.002252,-0.002864,-0.002161,-0.008005
333.000000,-0.007283,-0.002989,-0.003734,-0.002697,-0.006720
334.000000,-0.008950,-0.004082,-0.004160,-0.003065,-0.012895
335.000000,-0.006598,-0.005071,-0.004073,-0.003608,-0.002051
336.000000,-0.006483,-0.005800,-0.003094,-0.003944,-0.002742
337.000000,-0.008763,-0.007611,-0.004193,-0.004017,-0.019405
338.000000,-0.005053,-0.006168,-0.003537,-0.003664,0.011826
339.000000,-0.004560,-0.006755,-0.004284,-0.003344,-0.010428
340.000000,0.000547,-0.003025,-0.002464,-0.002094,0.023482
341.000000,0.005684,-0.000399,-0.000860,-0.001287,0.022943
342.000000,0.004155,-0.002304,-0.002278,-0.002677,-0.027047
343.000000,-0.004052,-0.004553,-0.003771,-0.004007,-0.029209
344.000000,0.002362,-0.001099,-0.002591,-0.003139,0.021641
345.000000,-0.000958,-0.000206,-0.002638,-0.002784,0.006882
346.000000,-0.003025,0.001329,-0.002235,-0.001619,0.012609
347.000000,0.002452,0.003304,-0.002153,-0.001694,0.000339
348.000000,0.008835,0.002392,-0.001888,-0.001561,0.002705
349.000000,0.006923,0.004642,-0.001056,-0.001308,0.012081
350.000000,0.006345,0.002694,-0.000166,-0.000745,0.003995
351.000000,0.005544,0.001260,0.000430,-0.000153,0.008601
352.000000,0.004154,0.003303,0.000500,-0.000417,-0.006609
353.000000,0.003613,0.006224,0.000836,-0.000439,0.000000
354.000000,0.001065,0.003994,0.001447,-0.000396,-0.000663
355.000000,0.000266,0.003306,0.001550,-0.000657,0.000000
356.000000,-0.001455,0.002045,0.001687,-0.000809,0.000000
357.000000,0.000133,0.002143,0.002724,-0.000721,0.001326
358.000000,0.005623,0.004618,0.003505,0.000281,0.027453
359.000000,0.008700,0.004882,0.004762,0.000923,0.014720
360.000000,0.009334,0.004800,0.003747,0.001489,0.003172
361.000000,0.007425,0.002985,0.002122,0.001282,-0.009545
362.000000,0.005491,0.002812,0.003057,0.001270,-0.008347
363.000000,-0.002857,0.001383,0.003804,0.001018,-0.014286
364.000000,-0.006456,0.001122,0.002558,0.001339,-0.003275
365.000000,-0.007880,0.000727,0.002016,0.001276,-0.003945
366.000000,-0.004069,0.001678,0.001861,0.001684,0.009507
367.000000,-0.001294,0.002098,0.002121,0.002515,0.005531
368.000000,0.000523,-0.001167,0.001725,0.001948,-0.005205
369.000000,0.002478,-0.001989,0.001447,0.002512,0.006502
370.000000,0.001967,-0.002957,0.000922,0.001512,-0.006502
371.000000,-0.000588,-0.002329,0.000328,0.000639,-0.003267
372.000000,-0.001171,-0.001233,0.000789,0.001627,0.002614
373.000000,-0.000261,0.000131,0.000757,0.002579,-0.000653
374.000000,-0.000389,0.001044,0.001083,0.002053,0.005861
375.000000,0.000781,0.001374,0.001051,0.001802,-0.000650
376.000000,0.002213,0.000812,0.001245,0.001512,0.003891
377.000000,-0.000523,-0.000847,0.000626,0.001132,-0.011064
378.000000,0.002596,0.001167,0.000000,0.001539,0.014940
379.000000,-0.000781,-0.000585,-0.001287,0.000769,-0.011021
380.000000,-0.000781,0.000000,-0.001478,0.000614,-0.000652
381.000000,-0.002344,-0.000065,-0.001197,0.000197,-0.003922
382.000000,-0.001313,-0.000918,-0.001075,0.000220,-0.005911
383.000000,-0.004038,-0.000721,-0.000295,0.000264,0.001317
384.000000,-0.000915,-0.000848,0.000098,0.000439,0.004595
385.000000,-0.001637,-0.001209,0.000082,0.000297,-0.004266
386.000000,-0.002902,-0.002623,-0.000905,-0.000044,-0.010246
387.000000,-0.003992,-0.002653,-0.001750,-0.000467,-0.011360
388.000000,-0.002516,-0.003277,-0.001055,-0.001092,0.008699
389.000000,-0.002107,-0.001511,-0.001048,-0.001362,0.006640
390.000000,-0.000066,-0.000852,-0.000426,-0.001269,0.005939
391.000000,0.003687,0.000392,0.000163,-0.000667,0.008516
392.000000,0.003860,-0.000066,-0.000492,-0.000739,-0.010492
393.000000,0.001063,-0.000726,-0.000724,-0.000439,-0.005288
394.000000,-0.002129,-0.002118,-0.001483,-0.000640,-0.009321
395.000000,-0.003987,-0.002026,-0.001618,-0.000621,-0.003350
396.000000,-0.004886,-0.000600,-0.001611,-0.000804,0.004019
397.000000,-0.004939,-0.000539,-0.001596,-0.001346,-0.010753
398.000000,-0.004422,-0.001680,-0.002478,-0.001263,-0.002706
399.000000,-0.001342,-0.001736,-0.001623,-0.001277,0.006079
400.000000,-0.001482,-0.002734,-0.001793,-0.001195,-0.004049
401.000000,-0.002827,-0.003857,-0.001732,-0.001177,-0.002708
402.000000,-0.000406,-0.002672,-0.001369,-0.001219,0.001355
403.000000,0.002022,-0.001200,-0.000963,-0.000882,0.009434
404.000000,0.002277,0.000467,-0.000825,-0.000833,0.007351
405.000000,0.002553,0.000535,-0.000745,-0.000900,-0.002667
406.000000,0.003894,0.000533,-0.000033,-0.000897,0.003997
407.000000,0.003756,0.001675,0.000568,-0.000506,0.000665
408.000000,0.001070,0.001546,-0.000067,-0.001137,-0.003995
409.000000,0.001195,0.001736,0.000000,-0.000504,0.007973
410.000000,0.001463,0.002008,-0.000363,-0.000526,-0.001325
411.000000,-0.001468,0.001213,-0.001322,-0.000751,-0.010660
412.000000,-0.000666,0.001545,-0.000563,-0.000398,0.004678
413.000000,0.000267,0.000668,-0.000266,-0.000419,0.000666
414.000000,-0.000796,0.000200,0.000333,-0.000484,0.002661
415.000000,0.000132,0.000798,0.000667,-0.000231,0.003317
416.000000,0.001468,0.000000,0.000267,-0.000022,-0.003981
417.000000,-0.000400,-0.000533,0.000571,0.000201,-0.004665
418.000000,-0.000133,0.000067,0.000806,-0.000022,0.002002
419.000000,0.000531,-0.000132,0.000802,-0.000044,0.005982
420.000000,-0.001462,-0.000665,0.000672,-0.000464,-0.006649
421.000000,-0.002139,-0.000335,0.000439,-0.000993,-0.007365
422.000000,-0.002284,-0.001342,0.000101,-0.000823,-0.005391
423.000000,-0.003361,-0.001747,-0.000539,-0.000760,-0.003384
424.000000,-0.006876,-0.003173,-0.001487,-0.000835,-0.011592
425.000000,-0.004589,-0.003025,-0.001114,-0.000564,0.004790
426.000000,-0.003662,-0.002901,-0.001450,-0.000789,-0.002734
427.000000,-0.004096,-0.003190,-0.001861,-0.000683,-0.007558
428.000000,-0.004664,-0.004013,-0.001973,-0.000800,-0.006226
429.000000,-0.003041,-0.004959,-0.002546,-0.001118,-0.003476
430.000000,-0.004138,-0.004363,-0.002514,-0.001007,-0.000697
431.000000,-0.002341,-0.003002,-0.001669,-0.000708,0.006252
432.000000,-0.002498,-0.003297,-0.002320,-0.001031,-0.008345
433.000000,-0.003077,-0.003871,-0.002809,-0.001650,-0.009120
434.000000,-0.004507,-0.003774,-0.003473,-0.002249,-0.010627
435.000000,-0.002948,-0.003543,-0.003284,-0.001924,0.007097
436.000000,-0.003916,-0.003129,-0.003015,-0.002010,0.001413
437.000000,-0.001120,-0.001809,-0.002500,-0.001844,0.005634
438.000000,0.000282,-0.001398,-0.002705,-0.001781,-0.002109
439.000000,0.000711,-0.001898,-0.003428,-0.002330,-0.008481
440.000000,-0.001135,-0.002042,-0.003202,-0.002357,-0.002131
441.000000,-0.001133,-0.002525,-0.002763,-0.001954,0.001421
442.000000,-0.003114,-0.002117,-0.002707,-0.002252,-0.004270
443.000000,-0.005421,-0.002570,-0.003220,-0.002729,-0.013645
444.000000,-0.004014,-0.001652,-0.002713,-0.002866,-0.001447
445.000000,0.000993,-0.000071,-0.001807,-0.002213,0.022907
446.000000,-0.004598,-0.002866,-0.002997,-0.002965,-0.026534
447.000000,-0.002729,-0.002921,-0.002365,-0.002640,0.005074
448.000000,0.003583,-0.000919,-0.001158,-0.002110,0.017915
449.000000,0.006693,0.001339,-0.000279,-0.001839,0.014105
450.000000,-0.001563,-0.000285,-0.001163,-0.002230,-0.018375
451.000000,0.005943,0.000672,-0.000926,-0.001618,0.010995
452.000000,0.001154,-0.000788,-0.001452,-0.002067,-0.018872
453.000000,-0.001283,0.001150,-0.000710,-0.001763,0.005735
454.000000,-0.002112,0.002291,0.000319,-0.001045,0.009957
455.000000,-0.000428,-0.000996,-0.000533,-0.001537,-0.009957
456.000000,-0.003343,0.001300,-0.000783,-0.001565,-0.003580
457.000000,0.003704,0.002429,-0.000246,-0.000767,0.016365
458.000000,0.002274,0.000496,-0.000212,-0.000607,-0.001412
459.000000,0.005445,0.001667,0.001503,0.000369,0.025812
460.000000,0.007299,0.003435,0.001575,0.000370,-0.000689
461.000000,0.011567,0.004112,0.002392,0.000753,0.017760
462.000000,0.008294,0.005999,0.002606,0.001031,0.000000
463.000000,0.006809,0.004541,0.002846,0.001041,-0.008841
464.000000,0.000962,0.003204,0.002747,0.001281,-0.003421
465.000000,-0.000138,0.003581,0.001292,0.000838,-0.006188
466.000000,-0.003690,0.003939,0.002619,0.000791,0.000000
467.000000,-0.001222,0.003536,0.002982,0.001014,0.012337
468.000000,0.001633,0.004221,0.002358,0.001266,0.005435
469.000000,0.001094,0.001028,0.001347,0.001345,-0.006116
470.000000,0.004096,0.001979,0.002707,0.001710,0.008823
471.000000,0.002195,-0.000748,0.001682,0.001346,-0.009504
472.000000,-0.001367,-0.001295,0.002352,0.001306,-0.005472
473.000000,-0.003279,-0.000823,0.001859,0.001623,-0.004124
474.000000,-0.001918,-0.000412,0.001396,0.001694,0.000688
475.000000,-0.005897,-0.000901,0.001340,0.000561,-0.011073
476.000000,-0.001506,0.000344,0.002141,0.001861,0.012448
477.000000,-0.001653,-0.001510,0.001013,0.001485,-0.006205
478.000000,0.002736,-0.000271,0.001975,0.001482,0.017821
479.000000,0.000275,-0.000821,0.000103,0.000624,-0.011616
480.000000,0.004541,-0.000678,0.000650,0.001579,0.010257
481.000000,0.000000,-0.000753,-0.000750,0.000870,-0.010257
482.000000,-0.000415,-0.001034,-0.001164,0.001223,-0.008282
483.000000,-0.001227,0.000755,-0.000034,0.001491,0.013765
484.000000,0.000549,0.000412,0.000000,0.001068,-0.002738
485.000000,-0.000818,0.001861,0.000480,0.001514,0.003421
486.000000,0.003137,0.001568,0.000956,0.001950,0.009517
487.000000,0.002753,0.001169,-0.000171,0.001065,-0.010201
488.000000,0.004728,0.001751,0.000740,0.001900,0.023642
489.000000,0.000137,0.000343,-0.000239,0.000183,-0.025694
490.000000,0.000546,-0.000136,-0.000407,0.000388,0.005464
491.000000,-0.003687,-0.000275,-0.000514,-0.000592,-0.011648
492.000000,-0.002061,0.000346,-0.000344,-0.000661,-0.002070
493.000000,-0.002283,0.001223,0.000989,0.000385,0.022534
494.000000,0.005005,0.002571,0.001492,0.000857,0.010746
495.000000,0.004779,0.002662,0.002262,0.001208,0.004333
496.000000,0.007971,0.002142,0.001855,0.001352,0.004314
497.000000,0.008120,0.003030,0.002099,0.000896,-0.001325
498.000000,0.005593,0.001655,0.001703,0.001045,0.009898
499.000000,0.003181,0.004093,0.002218,0.001205,-0.001314
500.000000,0.003233,0.004006,0.001935,0.001064,0.004592
501.000000,0.005487,0.006729,0.003227,0.001900,0.015585
502.000000,0.005107,0.006613,0.003480,0.001975,-0.003227
503.000000,0.002220,0.003906,0.002565,0.001961,-0.004535
504.000000,-0.000263,0.001459,0.002015,0.001481,-0.013730
505.000000,-0.003832,-0.000300,0.001181,0.001408,-0.013254
506.000000,-0.010993,-0.002753,-0.000305,0.000319,-0.020216
507.000000,-0.010756,-0.002825,0.000102,0.000458,-0.002044
508.000000,-0.006199,-0.001989,-0.000167,0.000472,0.018250
509.000000,-0.007786,-0.004025,0.000034,0.000137,-0.021666
510.000000,-0.006647,-0.005240,-0.000617,-0.000457,-0.007558
511.000000,-0.001915,-0.006454,0.000138,0.000000,0.003442
512.000000,-0.003163,-0.006959,-0.000173,0.000000,-0.008282
513.000000,-0.007507,-0.006853,-0.001473,-0.000575,-0.003471
514.000000,0.001092,-0.003347,-0.000944,0.000228,0.021329
515.000000,-0.000968,-0.003807,-0.002054,-0.000482,-0.017858
516.000000,-0.003187,-0.002551,-0.002652,-0.001054,-0.007652
517.000000,0.004251,0.000544,-0.001140,0.000250,0.028908
518.000000,0.002213,-0.002647,-0.002318,-0.000994,-0.013661
519.000000,-0.000136,0.000478,-0.001773,0.000182,0.009583
520.000000,-0.000833,-0.000901,-0.003070,-0.000711,-0.021343
521.000000,-0.002955,-0.003071,-0.004762,-0.000932,-0.018259
522.000000,-0.006061,-0.000905,-0.003932,-0.000417,0.013376
523.000000,-0.006004,-0.001895,-0.004374,-0.001614,-0.013376
524.000000,-0.005245,-0.002691,-0.003019,-0.001526,0.013376
525.000000,0.004269,0.001718,-0.001045,-0.000796,0.026226
526.000000,0.003234,0.000140,-0.001206,-0.001721,-0.023433
527.000000,0.001394,-0.002334,-0.000895,-0.001538,0.004175
528.000000,0.005453,-0.000275,-0.001461,-0.001637,0.006920
529.000000,0.001255,-0.001995,-0.000759,-0.001847,-0.007615
530.000000,-0.003574,0.000347,-0.000277,-0.001931,0.002083
531.000000,-0.000140,0.001547,-0.000762,-0.002659,-0.006261
532.000000,0.001246,0.001320,0.000207,-0.002181,0.011104
533.000000,-0.000276,0.002588,0.000347,-0.002053,-0.000690
534.000000,0.003035,0.002145,-0.000273,-0.001298,0.008938
535.000000,0.000000,-0.001787,-0.000035,-0.001292,-0.013090
536.000000,0.001391,0.000626,0.000383,-0.000595,0.000693
537.000000,-0.002221,-0.000487,-0.001410,-0.000759,-0.006954
538.000000,-0.000553,-0.000415,-0.000345,-0.001112,0.007647
539.000000,-0.001788,0.000623,-0.000686,-0.000298,0.002766
540.000000,-0.000417,-0.000208,0.000070,-0.000254,-0.006235
541.000000,-0.001670,-0.000140,0.000704,-0.000554,-0.005575
542.000000,-0.000279,-0.001250,0.000035,-0.000278,0.000000
543.000000,-0.000972,-0.000763,0.000913,-0.000023,0.004184
544.000000,-0.002083,-0.001935,0.000105,-0.000827,-0.002787
545.000000,0.000971,0.000277,-0.000755,0.000069,0.009031
546.000000,0.000976,-0.000347,0.000139,0.000139,-0.005548
547.000000,0.000558,0.000139,-0.000174,-0.000894,-0.002088
548.000000,0.000556,-0.000208,-0.000311,-0.000299,0.004172
549.000000,0.000140,-0.000972,-0.000174,-0.000781,-0.004870
550.000000,-0.001667,-0.000348,-0.000278,-0.000070,0.000000
551.000000,0.003857,0.002416,0.001138,0.001275,0.022070
552.000000,0.003865,0.002212,0.000481,0.000760,-0.002048
553.000000,0.002894,0.001725,0.000481,0.001184,-0.000684
554.000000,0.002219,0.001179,-0.000378,0.000463,-0.008242
555.000000,0.001805,0.000069,0.000173,-0.000480,-0.002071
556.000000,-0.002195,0.000831,0.000242,0.000370,0.002071
557.000000,-0.002061,0.000902,0.000521,0.000185,-0.001380
558.000000,-0.002616,0.000139,-0.000035,-0.000161,-0.003459
559.000000,0.000276,0.001247,0.000138,0.000300,0.006218
560.000000,-0.002364,-0.000279,-0.000314,-0.000279,-0.015267
561.000000,-0.001384,-0.001789,0.000313,0.000162,0.006969
562.000000,-0.002083,-0.002072,0.000070,-0.000370,-0.004873
563.000000,0.001519,-0.000549,0.000588,0.000138,0.014548
564.000000,0.000413,0.000344,0.000762,-0.000137,0.000688
565.000000,0.005790,0.001713,0.000891,0.000686,0.011616
566.000000,0.005345,0.001980,0.001406,0.000821,0.004744
567.000000,0.005098,0.001508,0.001205,0.000850,-0.006104
568.000000,0.006762,0.004140,0.002140,0.001357,0.022866
569.000000,0.004888,0.002651,0.001949,0.000975,-0.008681
570.000000,0.000407,0.003098,0.001410,0.000824,-0.010789
571.000000,0.000810,0.003077,0.000644,0.001235,0.006757
572.000000,0.002030,0.003564,0.000746,0.001235,0.000000
573.000000,-0.005665,0.000549,0.000000,0.000575,-0.015609
574.000000,0.000134,0.002511,0.001428,0.001345,0.020312
575.000000,0.000136,0.000271,0.000992,0.000684,-0.010782
576.000000,-0.005323,-0.002257,-0.000138,0.000185,-0.020535
577.000000,-0.000539,0.000746,0.001127,0.001052,0.023916
578.000000,0.000273,-0.002696,0.000722,0.000528,-0.011545
579.000000,-0.004199,-0.002033,0.000309,0.000622,-0.002051
580.000000,0.012093,0.006114,0.004606,0.002978,0.070680
581.000000,0.012985,0.003831,0.003454,0.001706,-0.016072
582.000000,0.007943,0.003702,0.003633,0.001731,-0.001297
583.000000,0.014235,0.007254,0.003902,0.002418,0.019917
584.000000,0.009491,0.002646,0.002578,0.001834,-0.025775
585.000000,-0.010205,0.000944,0.000608,0.000976,-0.027798
586.000000,-0.006722,0.003132,0.000438,0.000952,0.001341
587.000000,-0.007134,0.000404,0.000575,0.000886,-0.003357
588.000000,-0.011522,0.001357,-0.000669,0.000934,-0.002020
589.000000,-0.005157,0.002167,0.000067,0.000928,0.006046
590.000000,-0.000807,-0.005506,0.000304,0.001236,-0.006046
591.000000,-0.000134,-0.003428,0.000202,0.001160,0.004706
592.000000,0.000805,-0.003164,0.000269,0.001367,0.001340
593.000000,0.001477,-0.005022,0.001116,0.000927,0.001339
594.000000,0.000268,-0.002445,0.000100,0.000904,0.000000
595.000000,0.001744,0.000469,0.000706,0.000561,0.001337
596.000000,-0.000941,-0.000538,0.001297,0.000112,-0.008722
597.000000,0.000936,0.000870,0.000637,0.000673,0.010724
598.000000,-0.000402,0.000538,0.000947,-0.000267,-0.005348
599.000000,-0.001208,-0.000470,0.000848,-0.000112,-0.004030
600.000000,-0.002690,-0.000473,-0.002989,0.000045,-0.006075
601.000000,-0.003261,-0.002101,-0.002765,-0.000566,-0.011577
602.000000,-0.004586,-0.001825,-0.002495,-0.000429,0.004101
603.000000,-0.001886,-0.001144,-0.003083,0.000363,0.008152
604.000000,0.001208,0.000000,-0.001222,0.000067,0.011436
605.000000,-0.000678,-0.001684,-0.000608,-0.000090,-0.015504
606.000000,0.002856,-0.000202,-0.000370,0.000797,0.006096
607.000000,0.002845,-0.000870,0.000000,0.000135,0.004043
608.000000,0.002822,0.000468,0.000503,0.000788,0.008038
609.000000,-0.002152,-0.000472,-0.000471,0.000408,-0.013432
610.000000,0.002699,0.001010,0.000269,-0.001656,0.008751
611.000000,0.001212,0.002034,-0.000034,-0.001165,-0.001341
612.000000,0.001474,0.002159,0.000167,-0.000943,0.005355
613.000000,0.002914,0.002868,0.000862,-0.001099,0.015237
614.000000,0.006780,0.002314,0.001157,-0.000044,0.005900
615.000000,0.004113,0.003406,0.000861,0.000730,-0.004586
616.000000,0.005298,0.003255,0.001526,0.000838,0.004586
617.000000,0.006308,0.003891,0.001510,0.001297,0.010403
618.000000,0.003390,0.003152,0.001810,0.001386,0.000647
619.000000,0.003499,0.005139,0.002334,0.001399,0.006443
620.000000,0.008359,0.006236,0.003623,0.002258,0.019714
621.000000,0.008196,0.006747,0.004391,0.002227,0.003771
622.000000,0.008361,0.007334,0.004747,0.002556,0.011229
623.000000,0.007361,0.005376,0.004122,0.002367,-0.004352
624.000000,0.007562,0.005530,0.003922,0.002615,0.007449
625.000000,0.004975,0.006667,0.005037,0.002796,0.006780
626.000000,0.001500,0.004848,0.004051,0.002634,-0.013606
627.000000,-0.000870,0.003745,0.003818,0.002255,-0.000623
628.000000,-0.000125,0.003618,0.003385,0.002413,-0.000623
629.000000,-0.004377,0.001593,0.003366,0.002087,-0.013811
630.000000,-0.003595,0.000690,0.003463,0.002646,0.010689
631.000000,-0.002885,-0.000692,0.003027,0.002696,-0.010057
632.000000,-0.003013,-0.001942,0.002696,0.002517,-0.001264
633.000000,-0.001125,-0.000625,0.002375,0.002539,0.008816
634.000000,0.001887,-0.001245,0.002143,0.002200,0.001253
635.000000,-0.001255,-0.002425,0.002121,0.002549,-0.005022
636.000000,0.001259,-0.000813,0.002018,0.002430,0.002514
637.000000,0.001387,-0.000813,0.001466,0.002274,-0.000628
638.000000,0.001125,0.000000,0.001809,0.002257,0.007509
639.000000,-0.001382,0.000253,0.000923,0.002328,-0.011285
640.000000,-0.000252,-0.000753,-0.000031,0.002058,0.000630
641.000000,-0.001765,-0.000253,-0.000473,0.001934,-0.005054
642.000000,-0.001640,-0.000127,-0.001034,0.001755,0.000000
643.000000,-0.008014,-0.003444,-0.002035,0.000435,-0.024360
644.000000,-0.006407,-0.003895,-0.002570,0.000130,-0.003250
645.000000,-0.002281,-0.001267,-0.001846,0.000992,0.021257
646.000000,-0.002037,-0.001901,-0.001357,0.000711,-0.003831
647.000000,-0.001653,-0.001647,-0.001230,0.000428,0.001918
648.000000,0.004111,-0.001952,-0.000976,0.000556,0.004460
649.000000,0.004506,-0.000950,-0.000349,0.000298,-0.001272
650.000000,-0.001279,-0.001780,-0.001267,-0.000614,-0.007668
651.000000,0.001530,-0.000254,-0.000253,-0.000400,0.010211
652.000000,0.001653,0.000000,-0.000063,-0.000689,0.002536
653.000000,-0.000382,0.001864,-0.000790,-0.000735,-0.005716
654.000000,-0.000638,0.001934,-0.000980,-0.001068,-0.002551
655.000000,0.001915,0.000318,-0.000474,-0.001124,0.005096
656.000000,-0.000636,0.000447,-0.000727,-0.000756,-0.002545
657.000000,-0.003578,-0.000962,-0.001305,-0.001141,-0.012176
658.000000,-0.002822,-0.001602,-0.001777,-0.001185,-0.001936
659.000000,-0.000896,-0.000767,-0.000859,-0.000488,0.007081
660.000000,0.000000,0.000958,-0.000411,-0.000525,0.009576
661.000000,0.000509,-0.000064,-0.000159,-0.000190,0.000000
662.000000,0.001925,-0.000827,-0.000413,-0.000318,-0.005096
663.000000,0.000516,-0.001153,0.000356,-0.000911,-0.008980
664.000000,0.000256,-0.000320,0.000807,-0.000760,0.005782
665.000000,-0.010701,-0.005350,-0.002516,-0.002100,-0.045209
666.000000,-0.012721,-0.006106,-0.002830,-0.002520,-0.010104
667.000000,-0.007946,-0.003011,-0.001987,-0.001873,0.018780
668.000000,-0.007350,-0.003417,-0.002509,-0.002324,-0.005998
669.000000,-0.008506,-0.004125,-0.002446,-0.001947,0.000000
670.000000,0.002133,-0.004284,-0.001663,-0.001702,0.007989
671.000000,0.000000,-0.006361,-0.003212,-0.002226,-0.020771
672.000000,0.000133,-0.003907,-0.002367,-0.001578,0.019444
673.000000,0.000134,-0.003608,-0.002381,-0.000966,-0.005994
674.000000,-0.000804,-0.004655,-0.002487,-0.001014,-0.004687
675.000000,-0.000398,0.000868,-0.002241,-0.001388,0.010017
676.000000,0.003623,0.001812,-0.002147,-0.001283,-0.000665
677.000000,0.005760,0.002946,-0.000032,-0.000342,0.030127
678.000000,0.007345,0.003739,0.000161,-0.000427,0.001934
679.000000,0.008540,0.003868,-0.000128,-0.000341,0.001287
680.000000,0.008457,0.004029,-0.000127,0.000234,0.009600
681.000000,0.007696,0.005659,-0.000351,-0.000255,-0.004469
682.000000,-0.001684,0.002038,-0.000935,-0.000899,-0.016775
683.000000,-0.006412,0.000467,-0.001571,-0.001432,-0.021704
684.000000,-0.002589,0.002975,-0.000840,-0.000666,0.020402
685.000000,-0.005685,0.001386,0.001127,-0.001032,-0.005880
686.000000,-0.003746,0.001975,0.001893,-0.000773,0.005229
687.000000,0.001684,0.000000,0.001473,-0.000021,0.010376
688.000000,0.008717,0.001152,0.002446,0.000492,0.013457
689.000000,0.004509,0.000960,0.002414,0.000234,-0.000637
690.000000,0.003508,-0.001089,0.001470,-0.000448,-0.010887
691.000000,0.003618,-0.000064,0.002798,-0.000255,0.005779
692.000000,0.002946,0.002315,0.002176,0.000149,0.007018
693.000000,-0.002434,0.003142,0.001804,0.000000,-0.013440
694.000000,0.000890,0.002699,0.002837,0.000340,0.015980
695.000000,0.002559,0.003033,0.002210,0.001762,-0.002540
696.000000,0.002923,0.003271,0.002623,0.002352,0.007600
697.000000,0.003404,0.003175,0.001587,0.002040,0.009419
698.000000,0.004334,0.000950,0.001051,0.001947,-0.008789
699.000000,0.004514,0.002702,0.001831,0.002510,0.016881
700.000000,0.004401,0.003480,0.001196,0.002140,-0.003105
701.000000,-0.003052,-0.000064,-0.000064,0.001844,-0.029665
702.000000,-0.000751,0.001326,0.001821,0.001893,0.020920
703.000000,0.000630,0.002482,0.002812,0.002030,-0.001884
704.000000,-0.001994,0.001260,0.001980,0.002312,0.003764
705.000000,0.000124,0.002263,0.002648,0.002227,0.007486
706.000000,0.003052,0.000000,0.001635,0.001749,-0.015028
707.000000,0.001625,0.000437,0.001806,0.001204,0.013785
708.000000,0.003613,0.002121,0.001536,0.001408,0.008057
709.000000,0.000750,-0.000622,0.001040,0.001013,-0.010549
710.000000,0.000000,0.000062,0.001771,0.000818,0.003736
711.000000,0.006212,0.004632,0.002284,0.001501,0.016030
712.000000,0.001858,0.001741,0.001534,0.001794,-0.007983
713.000000,-0.003487,0.000063,0.001272,0.001895,-0.018669
714.000000,-0.000625,0.000063,0.000661,0.001341,0.003762
715.000000,-0.001497,-0.000749,0.000757,0.001516,-0.000626
716.000000,-0.005330,0.000441,0.000220,0.001237,-0.003136
717.000000,0.000123,0.000991,0.000714,0.001534,0.019285
718.000000,0.006550,0.001531,0.001826,0.001534,0.013464
719.000000,0.005067,0.002221,0.000800,0.001434,-0.003654
720.000000,0.005923,0.002213,0.001137,0.001918,0.003654
721.000000,0.005575,0.000122,0.002377,0.001563,-0.004875
722.000000,-0.002231,-0.001054,0.000344,0.000671,-0.019742
723.000000,-0.005422,0.000564,0.000313,0.001036,-0.002495
724.000000,-0.002332,0.001367,0.000715,0.000897,0.011798
725.000000,-0.002447,0.001738,0.000495,0.001084,0.003082
726.000000,0.000488,0.003031,0.001736,0.001157,0.009798
727.000000,0.003704,0.000737,0.000864,0.000721,-0.003663
728.000000,0.005179,-0.000122,0.000705,0.001177,0.004881
729.000000,0.005480,0.001574,0.001897,0.001058,0.013301
730.000000,0.008199,0.002876,0.002544,0.001717,0.016677
731.000000,0.008821,0.004655,0.002389,0.003136,0.012911
732.000000,0.008619,0.006161,0.002554,0.002283,-0.004676
733.000000,0.010781,0.007980,0.004272,0.002869,0.015693
734.000000,0.007196,0.006338,0.003853,0.002589,-0.004624
735.000000,-0.003335,0.002432,0.002085,0.001140,-0.035981
736.000000,-0.007728,0.000547,0.001789,0.001340,-0.009050
737.000000,-0.003665,0.002477,0.001607,0.001401,0.015635
738.000000,-0.010174,0.000304,0.000091,0.000571,-0.016848
739.000000,-0.009613,-0.001208,0.000183,0.000862,-0.001822
740.000000,-0.004495,-0.003915,-0.000519,0.000391,-0.010388
741.000000,-0.002316,-0.005022,-0.000184,-0.000082,0.001841
742.000000,-0.012304,-0.007985,-0.000912,-0.000959,-0.034303
743.000000,-0.004045,-0.007110,0.000435,0.000478,0.024445
744.000000,0.000364,-0.004624,0.000857,0.001027,0.020227
745.000000,0.004254,-0.000120,0.001156,0.001350,0.009061
746.000000,0.002801,0.000242,0.000395,0.001274,-0.005427
747.000000,0.004145,-0.004080,-0.000801,-0.000289,-0.027584
748.000000,0.001603,-0.001221,-0.000459,-0.000346,0.011739
749.000000,-0.000851,-0.000243,-0.000726,0.000041,0.007954
750.000000,-0.001570,0.001342,-0.001286,0.000101,0.005469
751.000000,0.000724,0.001762,-0.001630,0.000465,0.006042
752.000000,0.005758,0.004952,-0.001517,0.001043,-0.002413
753.000000,0.006288,0.003946,-0.001582,0.001606,0.014389
754.000000,0.005529,0.002339,-0.001143,0.001351,0.004158
755.000000,0.000000,-0.000785,-0.000452,0.000509,-0.022177
756.000000,-0.009247,-0.004261,-0.002010,-0.001157,-0.040191
757.000000,-0.006256,-0.000249,-0.002164,-0.000617,0.012539
758.000000,-0.009633,-0.001672,-0.001447,-0.000863,-0.002495
759.000000,-0.011969,-0.003220,-0.001732,-0.001557,-0.007524
760.000000,-0.009940,-0.004970,-0.001814,-0.002514,-0.012029
761.000000,-0.001266,-0.005256,-0.001747,-0.002839,0.003180
762.000000,-0.001627,-0.003941,0.000505,-0.002325,0.010736
763.000000,-0.005574,-0.007603,-0.001829,-0.003589,-0.022230
764.000000,-0.005357,-0.008663,-0.003162,-0.003650,-0.006443
765.000000,-0.004119,-0.007029,-0.003907,-0.002645,-0.005835
766.000000,-0.003846,-0.002556,-0.003409,-0.002192,0.004541
767.000000,-0.004961,-0.003294,-0.001771,-0.002541,0.005165
768.000000,-0.004679,-0.005126,-0.003399,-0.002673,-0.020821
769.000000,0.000000,-0.002679,-0.002949,-0.002047,0.016950
770.000000,-0.003278,-0.003698,-0.004334,-0.002442,-0.022223
771.000000,0.010834,0.003494,-0.000881,0.000000,0.075099
772.000000,0.008200,0.001620,-0.001161,0.000877,-0.008003
773.000000,0.014577,0.004949,-0.001327,0.000431,0.011063
774.000000,0.015541,0.007770,-0.000447,0.000482,0.021766
775.000000,0.015632,0.006177,-0.000426,-0.000546,-0.021766
776.000000,-0.000860,0.004987,0.001215,-0.000610,-0.007362
777.000000,-0.003995,0.002103,-0.000595,-0.000480,-0.023677
778.000000,-0.008874,0.002852,-0.001137,-0.001316,-0.013329
779.000000,-0.015411,0.000065,-0.001307,-0.001945,-0.010922
780.000000,-0.010800,0.002416,-0.000641,-0.002084,0.001291
781.000000,-0.007785,-0.004323,-0.000414,-0.002028,0.007712
782.000000,-0.004334,-0.004165,-0.001272,-0.002162,-0.006423
783.000000,-0.003611,-0.006242,-0.000646,-0.002965,-0.009712
784.000000,0.004598,-0.005407,0.001182,-0.002100,0.030121
785.000000,0.008092,-0.001354,0.002412,-0.000735,0.018762
786.000000,0.006053,-0.000866,0.002061,0.000522,-0.002481
787.000000,0.007710,0.001688,0.001895,0.000166,0.001862
788.000000,0.012729,0.004559,0.003705,0.000762,0.015380
789.000000,0.009854,0.007226,0.003645,0.001537,0.015748
790.000000,0.005861,0.006977,0.004696,0.001898,-0.001203
791.000000,0.007557,0.006805,0.001241,0.001992,0.005999
792.000000,0.012613,0.010162,0.002999,0.002539,0.027140
793.000000,0.008369,0.010549,0.002153,0.003085,-0.005838
794.000000,0.003337,0.006596,0.000595,0.002986,-0.009412
795.000000,0.004404,0.005132,0.001889,0.003319,0.004129
796.000000,0.003439,0.005498,0.002316,0.003206,0.001176
797.000000,-0.000700,0.005957,0.003822,0.003249,0.006446
798.000000,0.001051,0.004710,0.004635,0.004040,0.002916
799.000000,0.003631,0.003484,0.005355,0.003592,0.003488
800.000000,0.001174,0.002789,0.004883,0.004060,-0.008159
801.000000,0.000587,0.002013,0.004409,0.001499,-0.001757
802.000000,-0.001524,-0.001112,0.004525,0.001628,-0.004112
803.000000,-0.000583,0.000234,0.005391,0.001514,0.007622
804.000000,-0.003986,-0.000177,0.003209,0.000337,-0.013526
805.000000,-0.002829,-0.000827,0.002152,0.000984,-0.002371
806.000000,-0.005346,-0.002380,0.001559,0.000751,-0.014346
807.000000,0.000000,-0.000762,0.002597,0.002294,0.022620
808.000000,-0.002705,-0.001644,0.001533,0.002542,-0.005903
809.000000,0.000000,-0.001993,0.000746,0.002906,0.000000
810.000000,0.000593,-0.001118,0.000835,0.002882,0.000592
811.000000,0.003343,-0.001001,0.000506,0.002606,-0.000592
812.000000,-0.001418,-0.000709,-0.000910,0.002780,-0.001185
813.000000,-0.000118,-0.001412,-0.000589,0.003124,0.000593
814.000000,0.003288,0.001644,0.000733,0.002688,0.017034
815.000000,0.003635,0.002114,0.000643,0.002140,0.002327
816.000000,0.000945,0.002144,-0.000118,0.001754,-0.014044
817.000000,0.000237,-0.000590,-0.000676,0.001535,-0.004725
818.000000,-0.001785,-0.000952,-0.001298,0.000705,-0.009518
819.000000,-0.006632,-0.001672,-0.001832,-0.000060,-0.007199
820.000000,-0.005657,-0.001011,-0.001064,0.000220,0.007199
821.000000,-0.002968,-0.001012,-0.001007,0.000000,-0.000598
822.000000,-0.001426,-0.000595,-0.000652,-0.000805,0.002986
823.000000,0.003672,0.000943,-0.000234,-0.000078,0.015972
824.000000,0.006865,0.000116,0.000880,0.000528,0.008764
825.000000,0.008427,0.001385,0.001749,0.000890,0.015012
826.000000,0.005544,0.001288,0.001716,0.000351,-0.015012
827.000000,0.004481,0.001528,0.000469,0.000058,-0.002330
828.000000,0.003260,0.003466,0.001257,0.000290,0.009864
829.000000,0.002083,0.004474,0.001401,0.000270,0.002883
830.000000,-0.000344,0.004042,0.001515,0.000638,0.002874
831.000000,0.000929,0.003237,0.001112,0.000408,-0.008648
832.000000,0.002549,0.003515,0.001460,0.000737,0.005774
833.000000,-0.000231,0.001514,0.001229,0.000349,-0.004038
834.000000,0.000747,0.001415,0.000766,0.001059,0.007773
835.000000,0.000344,0.000000,0.000692,0.001166,0.000860
836.000000,0.002874,0.001902,0.001595,0.001778,0.004003
837.000000,-0.000461,0.001044,0.001286,0.000660,-0.010904
838.000000,0.001612,0.000690,0.002078,0.001068,0.006327
839.000000,-0.004583,-0.001918,0.001278,0.000295,-0.023203
840.000000,-0.007950,-0.003803,0.000119,-0.000257,-0.015972
841.000000,-0.009827,-0.003476,-0.000120,-0.000417,-0.005381
842.000000,-0.006450,-0.003456,0.000030,-0.000178,0.005977
843.000000,-0.008672,-0.003530,-0.001008,-0.000357,-0.004779
844.000000,-0.003194,-0.003889,-0.001237,-0.000786,0.004183
845.000000,-0.002641,-0.005295,-0.002648,-0.001303,-0.013205
846.000000,-0.000962,-0.005394,-0.001746,-0.000735,0.003017
847.000000,-0.005070,-0.005760,-0.002358,-0.001063,-0.014563
848.000000,-0.003443,-0.006057,-0.002683,-0.000634,0.003356
849.000000,-0.006177,-0.004686,-0.003302,-0.000710,-0.009487
850.000000,-0.000242,-0.001441,-0.002622,-0.000401,0.016469
851.000000,-0.003402,-0.002182,-0.002829,-0.000807,-0.012786
852.000000,0.001097,-0.001986,-0.002721,-0.000642,0.007934
853.000000,-0.000061,-0.001752,-0.002641,-0.001256,-0.002435
854.000000,0.003777,-0.001200,-0.002544,-0.001224,0.009703
855.000000,0.000845,0.000302,-0.002497,-0.001665,0.001809
856.000000,0.002799,-0.000302,-0.002848,-0.001265,-0.003017
857.000000,0.003376,0.002236,-0.001762,-0.000826,0.010817
858.000000,0.004101,0.002020,-0.002018,-0.001115,0.001195
859.000000,0.000963,0.002370,-0.001158,-0.001411,-0.005988
860.000000,-0.000362,0.000242,-0.000600,-0.001668,-0.004816
861.000000,-0.000605,0.001097,-0.000543,-0.001520,-0.004233
862.000000,-0.001560,0.000908,-0.000539,-0.001511,0.006042
863.000000,-0.002644,0.000729,-0.000512,-0.001518,-0.004226
864.000000,-0.000481,0.000241,-0.000479,-0.001616,0.004828
865.000000,-0.001089,-0.000726,-0.000212,-0.001906,-0.007857
866.000000,0.000000,-0.000303,-0.000302,-0.001999,0.001213
867.000000,-0.004139,-0.002850,-0.000307,-0.002124,-0.014652
868.000000,-0.003294,-0.002969,-0.000474,-0.002335,0.000000
869.000000,-0.004999,-0.002740,-0.000185,-0.001685,-0.003697
870.000000,-0.004045,-0.002567,-0.001163,-0.001256,-0.003091
871.000000,-0.005904,-0.002952,-0.000928,-0.001346,-0.008082
872.000000,-0.002600,-0.003369,-0.001231,-0.001483,0.001871
873.000000,-0.003474,-0.003384,-0.001328,-0.001469,-0.004371
874.000000,-0.002610,-0.003804,-0.001782,-0.001588,0.000626
875.000000,0.001726,-0.001160,-0.000943,-0.000528,0.018588
876.000000,-0.002766,-0.004335,-0.002319,-0.001646,-0.030541
877.000000,-0.006330,-0.004465,-0.003657,-0.001693,-0.015949
878.000000,-0.004557,-0.004016,-0.003492,-0.001655,0.004492
879.000000,-0.002898,-0.002754,-0.002747,-0.001041,0.008923
880.000000,-0.003718,-0.000996,-0.001782,-0.001107,0.014488
881.000000,0.001388,-0.000689,-0.001821,-0.000848,-0.005016
882.000000,0.004954,-0.000688,-0.002029,-0.001050,0.001884
883.000000,0.003302,-0.000628,-0.002006,-0.001094,-0.003771
884.000000,0.002020,-0.000439,-0.002121,-0.001334,0.002516
885.000000,0.001495,-0.001111,-0.001135,-0.000999,0.011864
886.000000,0.004843,0.003116,-0.000610,-0.000507,0.011725
887.000000,0.006542,0.005748,0.000642,-0.000522,0.010375
888.000000,0.006931,0.005117,0.000550,-0.000623,-0.001823
889.000000,0.007278,0.004649,0.000948,-0.000281,0.004249
890.000000,0.005992,0.003744,0.001374,0.000060,0.005436
891.000000,0.002318,0.003581,0.001446,-0.000020,-0.006649
892.000000,-0.000121,0.003210,0.001261,-0.000282,-0.001821
893.000000,-0.000976,0.002978,0.001175,-0.000345,-0.006094
894.000000,-0.003421,0.001929,0.000745,-0.000771,-0.007978
895.000000,-0.002181,0.001906,0.000397,-0.000122,0.011639
896.000000,-0.001461,0.000429,0.001772,-0.000264,-0.003050
897.000000,-0.001341,-0.000731,0.002508,0.000184,-0.001222
898.000000,-0.000122,-0.000549,0.002284,0.000184,0.000000
899.000000,0.000492,-0.001464,0.001592,0.000144,-0.004905
900.000000,-0.002451,-0.002316,0.000714,0.000144,-0.003078
901.000000,-0.002830,-0.002145,0.000718,0.000249,-0.004944
902.000000,-0.004203,-0.002772,0.000219,-0.000083,-0.008087
903.000000,-0.003579,-0.001851,0.000564,0.000166,0.003118
904.000000,-0.001977,-0.000742,0.000593,0.000249,0.003108
905.000000,0.000861,-0.000795,0.000556,0.000000,0.011111
906.000000,-0.000869,-0.001850,-0.000711,0.000565,-0.013597
907.000000,0.001493,-0.001355,-0.001043,0.001221,0.003727
908.000000,-0.000374,-0.001977,-0.001263,0.000864,-0.006219
909.000000,-0.001996,-0.001986,-0.001725,0.000399,-0.005003
910.000000,-0.005224,-0.002181,-0.002249,-0.000251,-0.005028
911.000000,-0.001625,-0.001247,-0.001696,0.000063,0.004401
912.000000,-0.003881,-0.001194,-0.001983,-0.000252,-0.007557
913.000000,-0.002890,-0.001632,-0.001741,-0.000168,-0.001265
914.000000,-0.000880,-0.001438,-0.001090,-0.000084,0.005051
915.000000,-0.000884,-0.003054,-0.001925,-0.000648,-0.005051
916.000000,-0.000503,-0.001064,-0.001457,-0.000828,0.006309
917.000000,0.001386,-0.001248,-0.001301,-0.001111,0.001885
918.000000,0.002266,-0.000312,-0.001144,-0.000946,0.003134
919.000000,0.001880,0.000500,-0.000743,-0.000983,0.003124
920.000000,0.003513,0.001315,-0.000433,-0.001061,0.003114
921.000000,0.001379,0.000438,-0.000404,-0.000985,-0.004363
922.000000,0.004592,0.002989,0.000898,-0.000326,0.017952
923.000000,0.001123,0.001694,0.000031,-0.000596,-0.014211
924.000000,0.001244,0.001562,0.000062,-0.000206,0.003727
925.000000,0.002718,0.003116,0.000031,-0.000244,0.010484
926.000000,0.000748,0.001064,0.000000,-0.000617,-0.014211
927.000000,-0.001973,0.001310,0.000031,-0.000431,0.004346
928.000000,-0.000623,0.000250,-0.000031,-0.000680,-0.007463
929.000000,-0.002998,-0.000877,-0.000188,-0.000788,-0.008148
930.000000,-0.003715,-0.000499,0.000408,-0.000455,0.006899
931.000000,-0.002253,-0.000752,-0.000157,-0.000520,-0.006899
932.000000,-0.006038,-0.004006,-0.000508,-0.000737,-0.014580
933.000000,-0.004035,-0.002329,-0.000317,-0.000756,0.002551
934.000000,-0.003684,-0.003341,-0.000889,-0.001072,-0.006390
935.000000,-0.003913,-0.003814,-0.000349,-0.001251,0.005753
936.000000,-0.003300,-0.002776,-0.000856,-0.000925,-0.003831
937.000000,0.000383,-0.002828,-0.000759,-0.000922,0.003831
938.000000,0.002154,-0.000941,-0.000345,-0.000334,0.011407
939.000000,0.002801,-0.000442,-0.000659,-0.000273,-0.003156
940.000000,-0.001151,-0.002532,-0.001515,-0.000572,-0.014004
941.000000,0.000894,-0.001203,-0.000978,-0.000506,0.006390
942.000000,0.000636,0.000510,-0.001748,-0.000169,0.002545
943.000000,-0.003817,-0.000831,-0.001580,-0.000489,-0.010859
944.000000,-0.001268,0.000766,-0.001287,-0.000338,0.009588
945.000000,0.000640,-0.000255,-0.002035,-0.000318,-0.004463
946.000000,-0.000638,0.000128,-0.001324,-0.000528,0.000000
947.000000,-0.000636,0.000000,-0.001414,-0.000506,0.002553
948.000000,0.001153,-0.001332,-0.001136,-0.000674,-0.001914
949.000000,-0.002303,-0.001786,-0.001114,-0.001035,-0.007692
950.000000,-0.000768,-0.000064,-0.001298,-0.001032,0.003212
951.000000,-0.001411,-0.001024,-0.001114,-0.000993,-0.003212
952.000000,-0.001664,-0.001150,-0.000320,-0.001549,0.001286
953.000000,-0.002571,-0.000709,-0.000770,-0.001290,-0.006447
954.000000,0.000000,-0.001152,-0.000193,-0.001242,0.005161
955.000000,-0.001158,-0.000963,-0.000609,-0.001678,-0.002577
956.000000,0.001411,0.000000,0.000064,-0.000883,0.009631
957.000000,0.001153,-0.000255,-0.000128,-0.001028,0.000000
958.000000,0.002443,-0.000064,-0.000698,-0.000779,0.000000
959.000000,-0.000515,-0.000258,-0.001022,-0.000828,-0.009631
960.000000,0.005724,0.002283,0.001109,-0.000104,0.028619
961.000000,0.002540,0.001975,0.000475,-0.000084,-0.006289
962.000000,0.001274,0.001214,0.000032,0.000191,-0.006329
963.000000,0.003170,0.002806,0.001049,0.000422,0.009479
964.000000,0.002564,0.001024,-0.000064,0.000213,-0.012658
965.000000,-0.003798,0.000963,0.000000,-0.000085,-0.003190
966.000000,-0.002540,0.000000,0.000000,0.000043,0.000000
967.000000,-0.003846,-0.001286,-0.000771,-0.000514,-0.012862
968.000000,-0.005742,-0.001286,-0.000675,-0.000894,0.000000
969.000000,-0.002564,0.000000,-0.000129,-0.000681,0.003231
970.000000,0.001908,-0.000945,0.000669,0.000425,0.019170
971.000000,0.001274,-0.000633,0.000671,0.000106,-0.003170
972.000000,0.013755,0.004955,0.003084,0.001673,0.049546
973.000000,0.018532,0.006395,0.004601,0.002831,0.023882
974.000000,0.020814,0.009125,0.005075,0.002999,0.014642
975.000000,0.016398,0.009153,0.005058,0.003051,-0.002911
976.000000,0.017032,0.009153,0.004576,0.003051,0.000000
977.000000,0.007122,0.010439,0.004576,0.002966,0.000000
978.000000,0.004088,0.011310,0.005012,0.003320,0.008708
979.000000,0.005165,0.012990,0.006495,0.004244,0.020029
980.000000,0.006313,0.011355,0.005205,0.004231,0.002829
981.000000,0.009675,0.013353,0.006360,0.004898,0.016807
982.000000,0.009675,0.008399,0.006677,0.004856,0.000000
983.000000,0.004006,0.004047,0.005221,0.004416,-0.019636
984.000000,-0.001707,0.001729,0.005427,0.003959,-0.008535
985.000000,0.000564,0.003439,0.006296,0.004518,0.014185
986.000000,-0.003927,0.002874,0.006013,0.004009,-0.005650
987.000000,-0.003361,0.003157,0.006798,0.004103,0.002829
988.000000,-0.002279,0.000863,0.006087,0.003629,-0.014225
989.000000,0.002837,0.000565,0.006777,0.004518,0.017046
990.000000,0.001124,0.000844,0.006100,0.003751,0.005618
991.000000,0.001130,-0.001399,0.005977,0.003774,-0.005618
992.000000,0.002805,-0.000278,0.004060,0.004358,0.011205
993.000000,0.008965,0.003343,0.003695,0.004595,0.016575
994.000000,0.002797,0.002817,0.002273,0.004557,-0.013793
995.000000,0.002228,0.001676,0.002557,0.004756,0.002774
996.000000,0.001124,0.001127,0.002000,0.004384,-0.011142
997.000000,-0.001678,0.000563,0.001860,0.004720,-0.002805
998.000000,-0.004993,0.001986,0.001425,0.004720,0.000000
999.000000,-0.001114,0.000842,0.000703,0.004799,0.005602
1000.000000,0.002751,0.002490,0.001667,0.004896,0.022100
1001.000000,0.004432,0.002778,0.000690,0.004911,-0.002736
1002.000000,0.007173,0.002747,0.001235,0.003623,0.010899
1003.000000,0.005541,0.000274,0.001808,0.002554,-0.008163
1004.000000,0.010872,0.004879,0.003848,0.003142,0.032261
1005.000000,0.004859,0.003805,0.002740,0.002973,-0.007968
1006.000000,0.004872,0.004652,0.002889,0.002884,-0.002670
1007.000000,0.003226,0.005200,0.002881,0.002973,0.002670
1008.000000,0.004324,0.004933,0.003459,0.002594,-0.002670
1009.000000,0.000000,0.005436,0.003139,0.002281,0.010638
1010.000000,-0.001070,0.001895,0.002192,0.001743,-0.013316
1011.000000,-0.001611,0.001630,0.002204,0.001003,-0.005376
1012.000000,-0.007056,-0.001915,0.000416,0.000185,-0.024558
1013.000000,-0.008745,-0.002210,-0.000968,0.000469,-0.011111
1014.000000,-0.009758,-0.004879,0.000000,0.000939,0.005571
1015.000000,-0.009892,-0.005481,-0.000838,0.000000,-0.013986
1016.000000,-0.008817,-0.005214,-0.000281,0.000188,0.000000
1017.000000,-0.007888,-0.007472,-0.001136,-0.000570,-0.019915
1018.000000,-0.006242,-0.007493,-0.001280,-0.000192,-0.002878
1019.000000,-0.009092,-0.009425,-0.001995,-0.001049,-0.008683
1020.000000,-0.005715,-0.007803,-0.002954,-0.001140,0.002903
1021.000000,-0.008047,-0.008432,-0.003401,-0.001341,-0.011662
1022.000000,0.000574,-0.003657,-0.002786,-0.000942,0.023189
1023.000000,0.001722,-0.002260,-0.002235,-0.001399,0.002861
1024.000000,0.002312,-0.003390,-0.004135,-0.001130,-0.005731
1025.000000,0.001732,-0.001992,-0.003736,-0.001223,0.000000
1026.000000,0.001752,-0.003148,-0.004181,-0.001236,-0.011561
1027.000000,-0.001149,-0.000288,-0.003880,-0.000854,0.008683
1028.000000,-0.003458,-0.000868,-0.004181,-0.001143,-0.008683
1029.000000,-0.005240,-0.001464,-0.005445,-0.001818,-0.014642
1030.000000,-0.002312,-0.000290,-0.004047,-0.002066,0.014642
1031.000000,-0.000582,0.000585,-0.003924,-0.002072,-0.002911
1032.000000,-0.002319,-0.001734,-0.002696,-0.002436,0.000000
1033.000000,-0.001752,-0.002605,-0.002433,-0.002358,-0.005848
1034.000000,0.001762,-0.001739,-0.002565,-0.003336,0.002928
1035.000000,-0.002339,-0.002326,-0.002159,-0.003266,-0.005865
1036.000000,0.000000,-0.000291,-0.001719,-0.002884,0.008785
1037.000000,0.002319,0.000000,-0.000144,-0.002587,0.011594
1038.000000,0.001752,0.000000,-0.000434,-0.002787,-0.008683
1039.000000,0.001747,0.001754,0.000145,-0.003045,0.002903
1040.000000,0.002920,0.000290,0.000000,-0.002601,0.000000
1041.000000,0.001163,0.000581,0.000583,-0.002422,0.000000
1042.000000,-0.002903,-0.000292,-0.001013,-0.001894,-0.008734
1043.000000,0.000000,0.000876,-0.000865,-0.001330,0.005831
1044.000000,-0.001163,0.000292,-0.000724,-0.001612,-0.002911
1045.000000,-0.001163,0.000878,-0.000724,-0.001146,0.000000
1046.000000,-0.000581,0.000291,0.000000,-0.001049,0.002911
1047.000000,0.004052,0.000575,0.000287,0.000096,0.014430
1048.000000,-0.000582,-0.000291,-0.000146,-0.000386,-0.017341
1049.000000,0.002319,0.000578,0.001166,0.000289,0.011594
1050.000000,0.000000,-0.000581,-0.000146,-0.000194,-0.011594
1051.000000,-0.001752,-0.001166,-0.000292,0.000000,-0.005848
1052.000000,-0.006998,-0.001473,-0.000882,-0.001166,-0.011800
1053.000000,-0.004124,-0.002353,-0.000739,-0.001361,-0.002972
1054.000000,-0.007039,-0.002360,-0.001034,-0.001269,-0.002981
1055.000000,-0.005318,-0.002659,-0.000890,-0.001369,-0.002990
1056.000000,-0.002954,-0.002353,-0.001031,-0.000784,0.005970
1057.000000,-0.000594,-0.003796,-0.001611,-0.001074,0.000000
1058.000000,0.001778,-0.001173,-0.000732,-0.000488,0.008889
1059.000000,0.002963,-0.002038,-0.000730,0.000098,0.002946
1060.000000,0.001788,-0.001765,-0.001173,-0.000685,-0.008863
1061.000000,-0.002999,-0.002976,-0.002071,-0.001187,-0.017965
1062.000000,-0.004820,-0.002707,-0.002090,-0.001491,-0.009105
1063.000000,-0.005381,-0.001802,-0.002077,-0.001093,0.006079
1064.000000,-0.002963,0.000000,-0.001180,-0.000689,0.015038
1065.000000,-0.003593,-0.000902,-0.001781,-0.000894,-0.012012
1066.000000,0.001805,-0.000597,-0.001475,-0.000886,0.009023
1067.000000,0.002424,-0.001198,-0.002497,-0.001473,-0.006006
1068.000000,0.004791,-0.000295,-0.000734,-0.000587,0.017911
1069.000000,0.002963,0.000000,-0.001019,-0.000487,0.005900
1070.000000,0.001205,-0.001194,-0.001479,-0.001180,-0.020803
1071.000000,-0.000600,0.000602,-0.001187,-0.001180,0.000000
1072.000000,0.000000,0.001212,-0.000747,-0.000989,-0.003008
1073.000000,-0.001783,0.001504,-0.000149,-0.000884,0.008996
1074.000000,-0.004161,-0.000599,-0.000299,-0.000986,-0.005988
1075.000000,0.003572,0.002388,0.000743,-0.000391,0.017858
1076.000000,0.005334,0.002367,0.000885,-0.000194,0.008811
1077.000000,0.001799,0.000900,-0.000149,-0.001365,-0.020680
1078.000000,-0.002402,-0.002093,-0.001194,-0.001187,-0.012012
1079.000000,0.000600,-0.001780,-0.000890,-0.001273,0.009023
1080.000000,-0.001183,0.001194,0.000000,-0.000588,0.008942
1081.000000,-0.002353,0.001490,0.001046,-0.000295,0.002963
1082.000000,0.003550,0.002675,0.001943,0.000393,0.008837
1083.000000,0.004776,0.001187,0.001345,0.000296,-0.005882
1084.000000,0.002972,0.001786,0.000593,0.000396,0.000000
1085.000000,0.002946,0.000881,0.001635,0.000789,0.008811
1086.000000,0.005256,0.001451,0.001909,0.001074,0.014514
1087.000000,0.000586,0.002068,0.001484,0.000590,-0.014514
1088.000000,0.000000,0.002388,0.000148,0.000000,-0.008811
1089.000000,0.000589,0.001780,0.000000,0.000000,0.002946
1090.000000,-0.003540,-0.000297,0.000448,-0.000099,-0.011834
1091.000000,-0.007637,-0.001190,0.000150,0.000301,-0.005970
1092.000000,-0.002946,-0.001180,0.000747,0.000902,0.008942
1093.000000,-0.001183,-0.000592,0.000298,0.000700,0.000000
1094.000000,0.000000,0.000295,0.001040,0.000494,0.008863
1095.000000,0.001187,-0.001176,-0.000148,0.000698,-0.005900
1096.000000,0.003561,-0.002038,-0.000293,0.000593,0.005900
1097.000000,-0.000594,-0.001770,0.000149,0.000399,-0.011834
1098.000000,0.000000,-0.000592,0.000898,-0.000099,0.002972
1099.000000,-0.000589,-0.000295,0.000743,-0.000098,0.005917
1100.000000,0.000000,0.000593,0.000148,0.000497,-0.002954
1101.000000,-0.006578,-0.001508,-0.001349,-0.000403,-0.026988
1102.000000,-0.002999,-0.001796,-0.001488,-0.000101,0.006061
1103.000000,-0.004198,-0.002099,-0.001345,-0.000501,-0.003026
1104.000000,-0.004776,-0.002683,-0.001194,-0.000201,0.003026
1105.000000,-0.002381,-0.001190,-0.001183,-0.000495,0.009023
1106.000000,0.000607,-0.002985,-0.002512,-0.001191,-0.012048
1107.000000,0.000603,-0.001198,-0.001484,-0.000300,0.006042
1108.000000,0.000000,-0.002099,-0.001345,-0.000101,-0.006042
1109.000000,-0.000605,-0.002691,-0.001493,-0.000402,0.000000
1110.000000,-0.001805,-0.002093,-0.000750,-0.000599,0.003026
1111.000000,0.003008,0.001807,0.000149,-0.000297,0.012012
1112.000000,0.002395,0.001499,-0.000149,-0.000492,0.002981
1113.000000,0.002410,0.001205,-0.000447,-0.000495,-0.005970
1114.000000,0.002410,0.000902,-0.000890,-0.000495,0.000000
1115.000000,0.001205,-0.000300,-0.000745,-0.000889,-0.002999
1116.000000,0.002963,0.002985,0.000000,-0.000679,0.020803
1117.000000,0.006443,0.004419,0.001611,0.000484,0.020379
1118.000000,0.007637,0.005023,0.001462,0.000777,0.000000
1119.000000,0.008786,0.005598,0.001454,0.000871,0.005747
1120.000000,0.009386,0.005295,0.001601,0.001265,0.000000
1121.000000,0.002920,0.002941,0.002374,0.001080,-0.011528
1122.000000,-0.001156,0.002643,0.002071,0.000782,0.000000
1123.000000,-0.003488,0.002074,0.001639,0.000393,-0.011662
1124.000000,-0.006998,0.000894,0.000898,-0.000295,-0.011800
1125.000000,-0.005814,0.001786,0.000743,0.000098,0.005917
1126.000000,-0.002920,0.000000,0.001493,0.000000,0.002946
1127.000000,-0.004100,-0.002628,0.000896,0.000198,-0.005900
1128.000000,0.000000,-0.001744,0.001639,0.000393,0.008837
1129.000000,0.004112,-0.001443,0.002077,0.000488,0.008759
1130.000000,0.003509,-0.001153,0.002071,0.000683,0.002903
1131.000000,0.002339,-0.000290,0.001326,0.001486,-0.002903
1132.000000,0.001767,-0.001166,0.000739,0.000992,-0.008759
1133.000000,0.003488,0.001744,0.001909,0.001674,0.017442
1134.000000,0.000581,0.002346,0.001620,0.001381,-0.005780
1135.000000,-0.001163,0.001173,0.001479,0.000886,-0.005814
1136.000000,0.001159,0.001749,0.000875,0.001578,0.008708
1137.000000,0.001752,0.001760,-0.000434,0.001184,-0.005797
1138.000000,-0.002319,0.000585,-0.000580,0.001288,-0.002911
1139.000000,-0.001747,-0.000583,-0.001013,0.001191,-0.002920
1140.000000,0.000000,-0.000581,-0.000867,0.001187,0.002920
1141.000000,-0.003499,-0.001170,-0.000730,0.000494,-0.008785
1142.000000,-0.002339,-0.000294,-0.000730,0.000394,0.000000
1143.000000,-0.002346,-0.002332,-0.000294,0.000495,-0.002946
1144.000000,-0.002353,-0.002050,0.000148,0.000397,-0.002954
1145.000000,-0.001757,-0.000878,0.000147,0.000693,0.005900
1146.000000,-0.001180,-0.002339,-0.000295,-0.000197,-0.005900
1147.000000,-0.001773,-0.002056,-0.000148,-0.000975,-0.002963
1148.000000,0.000000,-0.001173,-0.000294,-0.000777,0.005917
1149.000000,-0.001187,-0.001770,-0.001177,-0.001265,-0.008889
1150.000000,-0.001180,-0.001468,-0.001025,-0.001068,0.005935
1151.000000,-0.004791,-0.002985,-0.002077,-0.001482,-0.023953
1152.000000,-0.002990,-0.002381,-0.001337,-0.001280,0.006042
1153.000000,-0.004173,-0.002087,-0.002209,-0.000892,0.000000
1154.000000,-0.003604,-0.002395,-0.002223,-0.000700,-0.006042
1155.000000,-0.006006,-0.003593,-0.002236,-0.001100,-0.006079
1156.000000,0.000000,-0.002395,-0.002367,-0.000995,0.006079
1157.000000,-0.002424,-0.002707,-0.002381,-0.001001,-0.006079
1158.000000,-0.002424,-0.003299,-0.002236,-0.001296,0.000000
1159.000000,-0.000607,-0.002105,-0.001938,-0.001486,0.003044
1160.000000,-0.002454,-0.004230,-0.002849,-0.002093,-0.015314
1161.000000,-0.004288,-0.002144,-0.002565,-0.002100,-0.003091
1162.000000,-0.001223,-0.001824,-0.002102,-0.001500,0.009245
1163.000000,-0.003072,-0.002748,-0.002417,-0.002389,-0.009245
1164.000000,-0.003681,-0.002144,-0.002270,-0.002196,0.000000
1165.000000,-0.002485,-0.002469,-0.003031,-0.002314,-0.009331
1166.000000,-0.001866,-0.003077,-0.002736,-0.002604,0.000000
1167.000000,-0.004969,-0.003096,-0.002902,-0.002620,-0.006270
1168.000000,-0.002492,-0.002782,-0.003040,-0.002418,0.003140
1169.000000,-0.003120,-0.003401,-0.002753,-0.002425,-0.003140
1170.000000,0.000000,-0.001242,-0.002736,-0.002314,0.006270
1171.000000,0.002485,0.000309,-0.000917,-0.001607,0.012423
1172.000000,0.001878,-0.001546,-0.001685,-0.001917,-0.009302
1173.000000,-0.000628,-0.001560,-0.002154,-0.002132,-0.009390
1174.000000,-0.001262,-0.002191,-0.002168,-0.002243,-0.006309
1175.000000,0.000624,0.000312,-0.001079,-0.001917,0.015699
1176.000000,-0.001238,0.000623,-0.001227,-0.001616,0.003110
1177.000000,-0.002508,-0.000315,-0.001706,-0.002039,-0.015650
1178.000000,-0.001896,-0.001262,-0.002022,-0.002448,-0.006329
1179.000000,-0.005779,-0.003520,-0.003461,-0.003009,-0.025725
1180.000000,-0.006974,-0.003175,-0.002209,-0.002882,0.009725
1181.000000,-0.003762,-0.002500,-0.001096,-0.001445,0.019170
1182.000000,0.002508,0.000000,-0.000773,-0.001123,0.015699
1183.000000,0.003774,0.000939,-0.000311,-0.001123,0.000000
1184.000000,0.007041,0.000631,-0.000780,-0.001235,-0.009390
1185.000000,0.006350,-0.000312,0.000000,-0.000823,0.006270
1186.000000,0.005000,0.000619,0.000621,-0.000612,0.012423
1187.000000,0.001860,0.002184,0.000935,-0.000409,0.000000
1188.000000,0.003704,0.003739,0.001238,-0.000102,0.009217
1189.000000,0.004969,0.006005,0.001242,-0.000305,-0.003063
1190.000000,0.006759,0.006555,0.001690,0.000712,0.015221
1191.000000,0.004878,0.004939,0.001220,0.000916,0.003017
1192.000000,0.006677,0.004269,0.002134,0.000908,0.008996
1193.000000,0.005430,0.004567,0.002753,0.001315,0.002981
1194.000000,0.006637,0.005803,0.003217,0.001414,0.002972
1195.000000,0.002999,0.004879,0.002284,0.001626,-0.002972
1196.000000,0.008261,0.006570,0.003594,0.002604,0.029328
1197.000000,0.006462,0.006570,0.004377,0.002813,0.000000
1198.000000,0.002954,0.004192,0.003965,0.002223,-0.014556
1199.000000,0.004112,0.005374,0.005690,0.002620,0.008759
1200.000000,0.005287,0.004143,0.005349,0.002507,0.002903
1201.000000,-0.002326,0.002968,0.003953,0.001802,-0.008734
1202.000000,-0.001159,0.002651,0.003460,0.002307,0.005831
1203.000000,0.001752,0.002353,0.003460,0.002620,0.000000
1204.000000,-0.000582,0.001765,0.003784,0.002733,-0.002911
1205.000000,-0.001747,0.001770,0.003324,0.002112,-0.002920
1206.000000,0.001747,-0.000289,0.003140,0.002300,0.008734
1207.000000,0.000000,-0.000580,0.002995,0.002725,-0.002903
1208.000000,0.000000,0.000876,0.002534,0.002936,0.000000
1209.000000,0.001742,0.000580,0.002977,0.003986,0.005797
1210.000000,0.001166,-0.000290,0.001926,0.003469,-0.005797
1211.000000,-0.001747,0.000000,0.001484,0.002636,-0.005831
1212.000000,-0.002339,-0.001170,0.000741,0.001917,-0.005865
1213.000000,-0.001752,-0.000876,0.000739,0.002015,0.002937
1214.000000,-0.002911,-0.000585,0.000590,0.002328,0.000000
1215.000000,-0.002087,-0.002087,-0.002087,-0.002087,0.014556
1216.000000,-0.001762,-0.001754,-0.001022,0.001509,-0.020439
1217.000000,-0.000589,-0.001464,-0.001022,0.001509,0.000000
1218.000000,-0.003550,-0.002651,-0.000888,0.000806,-0.011870
1219.000000,-0.001767,-0.002339,-0.000880,0.001205,0.008915
1220.000000,-0.007659,-0.003250,-0.001770,0.000201,-0.014903
1221.000000,-0.004776,-0.003269,-0.001635,-0.000101,-0.006024
1222.000000,-0.009051,-0.004820,-0.002995,-0.001113,-0.021375
1223.000000,-0.006677,-0.005114,-0.002995,-0.001212,0.000000
1224.000000,-0.010321,-0.006044,-0.003314,-0.001621,-0.009302
1225.000000,-0.006098,-0.006879,-0.002858,-0.001315,0.006211
1226.000000,-0.003659,-0.004217,-0.002986,-0.002087,0.006173
1227.000000,0.001843,-0.003604,-0.002534,-0.001883,0.006135
1228.000000,0.001843,-0.002417,-0.002534,-0.001397,0.000000
1229.000000,0.004923,-0.002699,-0.002519,-0.001486,0.006098
1230.000000,0.004893,-0.000602,-0.001926,-0.001381,0.006061
1231.000000,0.005463,0.000902,-0.001183,-0.000789,0.009023
1232.000000,0.004834,0.003339,-0.000741,-0.000884,0.002990
1233.000000,0.005430,0.003637,-0.000739,-0.000784,0.002981
1234.000000,0.003615,0.004269,-0.000888,-0.000787,-0.002981
1235.000000,0.002402,0.003648,-0.001615,-0.000689,0.000000
1236.000000,0.005318,0.005391,0.000587,-0.000194,0.023600
1237.000000,0.007039,0.005936,0.001166,0.000289,0.011594
1238.000000,0.005287,0.005358,0.001471,0.000097,-0.005780
1239.000000,0.005302,0.004458,0.000880,-0.000193,-0.002903
1240.000000,0.006462,0.004432,0.001915,0.000193,0.005797
1241.000000,-0.001757,0.001780,0.001341,-0.000196,-0.017493
1242.000000,-0.004665,0.001187,0.002263,-0.000098,-0.002946
1243.000000,-0.010717,-0.002715,0.000461,-0.001397,-0.036040
1244.000000,-0.010136,-0.002417,0.000926,-0.001397,0.000000
