0.000000,0.012917,0.006684,0.003643,0.004055,0.019156
1.000000,0.012870,0.004219,0.002370,0.002978,-0.013442
2.000000,0.012354,0.005934,0.003949,0.003125,0.010627
3.000000,0.009104,0.004403,0.003521,0.003290,-0.010271
4.000000,0.000858,0.004732,0.003547,0.002879,-0.001782
5.000000,-0.006209,0.003354,0.002015,0.001672,-0.016179
6.000000,-0.004976,0.003947,0.001614,0.001436,-0.007275
7.000000,-0.006009,0.003173,0.002418,0.001460,0.005462
8.000000,-0.005120,0.001992,0.001671,0.000908,-0.005827
9.000000,-0.004326,-0.001734,0.001932,0.000886,0.002189
10.000000,-0.002113,-0.004161,0.001261,0.001042,-0.005115
11.000000,0.000073,-0.002451,0.000884,0.000763,0.003656
12.000000,-0.002337,-0.004173,0.000880,0.001241,-0.006591
13.000000,0.003332,-0.000894,0.001755,0.002049,0.022522
14.000000,0.000582,-0.001872,0.001430,0.001740,-0.011561
15.000000,0.002765,0.000326,0.001840,0.001452,0.005797
16.000000,-0.000731,-0.000329,0.001809,0.000966,-0.013823
17.000000,0.001901,-0.000218,0.001477,0.001539,0.006572
18.000000,-0.001732,0.000800,0.001396,0.001381,0.004357
19.000000,-0.000728,-0.000073,-0.000904,0.001264,-0.006543
20.000000,-0.024898,-0.011067,-0.007614,-0.002848,-0.115052
21.000000,-0.025184,-0.012958,-0.007705,-0.003730,-0.015255
22.000000,-0.027916,-0.013007,-0.008590,-0.003749,-0.007088
23.000000,-0.027287,-0.014509,-0.007702,-0.003667,0.007503
24.000000,-0.021543,-0.011135,-0.006504,-0.002758,0.022178
25.000000,-0.000328,-0.012613,-0.006144,-0.002978,-0.008976
26.000000,0.005005,-0.010089,-0.005209,-0.002157,0.011410
27.000000,0.007715,-0.010100,-0.005159,-0.002382,0.006462
28.000000,0.006537,-0.010375,-0.004787,-0.002528,0.001609
29.000000,0.002903,-0.009320,-0.004696,-0.003709,0.004011
30.000000,0.004698,0.002185,-0.004441,-0.004347,0.000000
31.000000,0.002704,0.003855,-0.004551,-0.003851,0.001440
32.000000,0.008234,0.007975,-0.002516,-0.003069,0.034109
33.000000,0.005549,0.006043,-0.004233,-0.003120,-0.011814
34.000000,0.007542,0.005223,-0.002956,-0.002595,0.013975
35.000000,0.005808,0.005253,-0.003680,-0.002345,-0.008673
36.000000,0.001148,0.001926,-0.004082,-0.002831,-0.021858
37.000000,-0.004406,0.001914,-0.004093,-0.002801,0.006339
38.000000,-0.002201,0.001674,-0.004351,-0.002634,-0.000790
39.000000,-0.006305,0.000619,-0.004351,-0.002925,-0.006543
40.000000,-0.002630,0.001589,0.001887,-0.002431,0.009700
41.000000,0.003624,0.002386,0.003120,-0.002239,0.009412
42.000000,0.002979,-0.000713,0.003631,-0.001915,0.003118
43.000000,0.004533,0.001166,0.003604,-0.002433,0.006979
44.000000,0.006613,0.000154,0.002688,-0.001920,0.003857
45.000000,0.004827,0.001098,0.003176,-0.002087,0.000770
46.000000,0.003060,0.003342,0.002634,-0.001607,0.000577
47.000000,0.002436,0.002708,0.002311,-0.001826,0.000000
48.000000,0.002458,0.003496,0.002585,-0.001735,0.007086
49.000000,0.003813,0.005213,0.002916,-0.001163,0.010630
50.000000,0.006568,0.005697,0.003643,0.003157,0.014546
51.000000,0.004147,0.003603,0.002995,0.003281,-0.011530
52.000000,0.002179,0.002308,0.000797,0.003190,-0.009837
53.000000,0.004080,0.003269,0.002217,0.003493,0.016592
54.000000,0.003593,0.003703,0.001928,0.003027,0.008194
55.000000,-0.001254,0.002657,0.001878,0.003003,-0.009691
56.000000,0.002841,0.003494,0.003418,0.002921,0.008949
57.000000,0.005254,0.003716,0.003212,0.002779,0.002225
58.000000,0.002822,0.003451,0.003473,0.002874,0.004435
59.000000,0.000000,0.001796,0.003505,0.002543,-0.005917
60.000000,-0.002108,-0.001681,0.002008,0.001868,-0.020233
61.000000,-0.003928,-0.000544,0.001530,0.001815,-0.000151
62.000000,-0.006015,-0.000381,0.000963,0.000404,-0.008210
63.000000,-0.006293,-0.001735,0.000767,0.000900,0.003049
64.000000,-0.005719,-0.002859,0.000422,0.000332,-0.003049
65.000000,-0.000076,-0.001092,0.000782,0.000888,0.007983
66.000000,-0.003175,-0.003552,-0.000029,0.001095,-0.015646
67.000000,0.002428,-0.001794,0.000961,0.001543,0.019803
68.000000,-0.001221,-0.003757,-0.000153,0.001063,-0.015198
69.000000,0.002428,-0.001646,0.000075,0.001788,0.015198
70.000000,-0.007170,-0.003623,-0.002652,0.000131,-0.040005
71.000000,-0.001700,-0.002437,-0.001490,0.000208,0.011705
72.000000,-0.009300,-0.003436,-0.001909,-0.000503,-0.018202
73.000000,-0.001075,-0.001148,-0.001442,0.000129,0.025930
74.000000,-0.003653,-0.000613,-0.001736,0.000077,0.002307
75.000000,0.005420,-0.000875,-0.000983,0.000230,0.005362
76.000000,0.004298,0.001299,-0.001126,0.000414,0.006093
77.000000,0.007482,-0.000909,-0.001351,0.000338,-0.002281
78.000000,0.002296,0.000611,-0.001573,0.000102,0.000000
79.000000,0.001683,-0.000985,-0.001315,-0.000278,-0.000761
80.000000,0.002392,0.003906,0.000142,-0.000466,0.008909
81.000000,0.000152,0.002225,-0.000106,-0.000252,-0.005108
82.000000,-0.001950,0.002766,-0.000335,-0.000350,-0.012790
83.000000,0.000152,0.001224,0.000038,-0.000553,0.010511
84.000000,0.004742,0.003212,0.001300,-0.000087,0.022186
85.000000,0.000641,0.001516,0.000321,-0.000150,-0.011595
86.000000,0.002263,0.001208,0.001253,-0.000348,0.003005
87.000000,0.004371,0.001210,0.000151,-0.000498,-0.002253
88.000000,0.002869,0.001511,0.001061,-0.000545,0.003003
89.000000,-0.000521,0.002110,0.000562,-0.000174,0.005234
90.000000,0.001649,0.001145,0.002525,0.000476,-0.000746
91.000000,0.003863,0.003063,0.002644,0.000950,0.014080
92.000000,0.005049,0.004710,0.003738,0.001346,0.003672
93.000000,0.004301,0.003585,0.002405,0.001220,-0.000733
94.000000,0.005516,0.002497,0.002855,0.001699,0.011308
95.000000,0.005084,0.003366,0.002441,0.001336,-0.002906
96.000000,0.003212,0.003538,0.002373,0.002015,0.004718
97.000000,0.003920,0.004484,0.002847,0.001595,0.007215
98.000000,0.005642,0.004972,0.003241,0.002364,0.007877
99.000000,0.002809,0.004163,0.003136,0.001763,-0.002857
100.000000,0.009865,0.007475,0.004310,0.004175,0.032374
101.000000,0.003303,0.003258,0.003160,0.002849,-0.028092
102.000000,0.001004,0.002462,0.003586,0.003313,-0.004283
103.000000,-0.000286,0.002678,0.003132,0.002496,0.001430
104.000000,0.005503,0.004156,0.003327,0.003289,0.026085
105.000000,-0.002088,0.003888,0.003627,0.002924,-0.005583
106.000000,0.002125,0.002714,0.003126,0.002487,-0.007023
107.000000,0.003123,0.002063,0.003274,0.002586,0.000704
108.000000,0.005182,0.002448,0.003710,0.002977,0.011727
109.000000,0.001974,0.003738,0.003950,0.003337,0.010042
110.000000,0.003193,0.000552,0.004014,0.003057,0.000517
111.000000,0.001719,0.001922,0.002590,0.002748,-0.014394
112.000000,0.006376,0.004749,0.003606,0.003974,0.023989
113.000000,0.001456,0.003319,0.002999,0.003194,-0.012872
114.000000,-0.002392,-0.000209,0.001974,0.002148,-0.009197
115.000000,0.001373,0.002283,0.003086,0.003179,0.019338
116.000000,0.001843,0.001781,0.002248,0.002678,-0.012042
117.000000,-0.005113,0.000632,0.001348,0.002393,-0.010788
118.000000,0.004070,0.002763,0.002606,0.003394,0.033038
119.000000,0.005807,0.001708,0.002723,0.003203,-0.000508
120.000000,0.001499,0.001436,0.000994,0.003154,-0.002204
121.000000,0.001036,0.001439,0.001681,0.002206,-0.014359
122.000000,0.006303,0.000595,0.002672,0.002602,0.015547
123.000000,0.000108,0.002089,0.002704,0.002696,0.002066
124.000000,0.002658,0.004233,0.002012,0.002727,0.012240
125.000000,0.003699,0.002599,0.002441,0.002924,0.003004
126.000000,0.008890,0.004963,0.003372,0.003153,0.011595
127.000000,0.010494,0.008399,0.004515,0.003698,0.023567
128.000000,0.016015,0.008062,0.005412,0.004424,0.029667
129.000000,0.019869,0.011263,0.006486,0.005570,0.031510
130.000000,0.018995,0.011347,0.006392,0.004445,-0.001363
131.000000,0.018606,0.013748,0.007594,0.005703,0.009650
132.000000,0.013653,0.012074,0.006334,0.005806,-0.001201
133.000000,0.008199,0.012107,0.007098,0.005838,0.002401
134.000000,-0.000758,0.009555,0.006894,0.004526,-0.013277
135.000000,-0.002807,0.008094,0.005347,0.004325,-0.011610
136.000000,-0.004124,0.007241,0.006102,0.004662,0.003068
137.000000,-0.004374,0.004639,0.006519,0.004557,-0.002454
138.000000,-0.005593,0.001303,0.004682,0.004043,-0.003692
139.000000,-0.005045,-0.002901,0.004181,0.003357,-0.010536
140.000000,-0.003847,-0.003327,0.004010,0.003152,-0.005623
141.000000,0.008458,0.002167,0.007958,0.005785,0.064597
142.000000,0.005334,0.000480,0.006277,0.004383,-0.018077
143.000000,0.005209,-0.000192,0.005958,0.004668,-0.004316
144.000000,0.007700,0.001328,0.005442,0.005039,0.001920
145.000000,0.007018,0.001585,0.004840,0.004093,-0.009033
146.000000,-0.003615,0.002421,0.004831,0.004875,0.011429
147.000000,-0.001200,0.002067,0.003353,0.005035,-0.005999
148.000000,-0.000794,0.002207,0.001755,0.003857,-0.002289
149.000000,-0.001203,0.003249,0.000174,0.003870,-0.000121
150.000000,0.000845,0.003932,0.000302,0.003984,0.001206
151.000000,-0.000239,-0.001927,0.000120,0.004663,0.006006
152.000000,0.002154,0.000477,0.000478,0.004344,0.005970
153.000000,0.003207,0.001206,0.000507,0.004374,0.002972
154.000000,0.003349,0.001073,0.001201,0.003985,0.000593
155.000000,0.003523,0.002184,0.001885,0.003954,0.002074
156.000000,0.000030,-0.000105,0.001158,0.003186,-0.011459
157.000000,-0.000716,0.000719,0.001393,0.002475,0.002243
158.000000,-0.003201,0.000003,0.001105,0.001171,-0.009453
159.000000,-0.000386,0.001482,0.002365,0.000610,0.014667
160.000000,-0.004731,-0.000604,0.001664,0.000000,-0.019654
161.000000,-0.001931,-0.000951,-0.001439,-0.000237,0.002542
162.000000,-0.000958,-0.000837,-0.000180,0.000040,0.007108
163.000000,0.000331,-0.001435,-0.000114,-0.000140,-0.003006
164.000000,-0.007477,-0.003932,-0.001429,-0.000510,-0.024377
165.000000,-0.001582,-0.003157,-0.000486,0.000204,0.009822
166.000000,0.001061,-0.000435,-0.000270,0.000627,0.015758
167.000000,-0.004615,-0.002786,-0.001033,0.000000,-0.021271
168.000000,-0.002240,-0.000954,-0.000476,0.000419,0.008867
169.000000,0.002331,-0.002573,-0.000546,0.000719,-0.001523
170.000000,-0.000882,-0.001232,-0.000918,0.000699,-0.006239
171.000000,-0.001691,-0.000315,-0.000633,-0.001064,0.011712
172.000000,0.007061,0.001223,0.000193,0.000288,0.022486
173.000000,0.007586,0.002673,0.000619,0.000815,0.011496
174.000000,0.009758,0.006044,0.001056,0.001062,0.009335
175.000000,0.010075,0.004596,0.000720,0.001208,-0.004657
176.000000,0.011202,0.004756,0.002160,0.001405,0.017352
177.000000,0.002123,0.004592,0.000903,0.000842,-0.022910
178.000000,-0.000587,0.003500,0.001273,0.000849,-0.002055
179.000000,-0.000465,0.004646,0.001037,0.001185,0.009945
180.000000,0.001395,0.005735,0.002252,0.001300,0.004646
181.000000,-0.000436,0.005383,0.002534,0.001373,0.008193
182.000000,0.009369,0.005746,0.003485,0.002044,0.026118
183.000000,0.009079,0.004246,0.003460,0.001828,-0.003505
184.000000,0.006415,0.002975,0.004510,0.001696,-0.003376
185.000000,0.006946,0.004171,0.004384,0.001870,0.007301
186.000000,0.005196,0.002380,0.003568,0.002234,-0.000560
187.000000,0.001089,0.005229,0.004910,0.002345,0.005583
188.000000,0.000897,0.004988,0.004244,0.002511,-0.004464
189.000000,-0.001471,0.002472,0.003559,0.001515,-0.015216
190.000000,-0.006946,0.000000,0.002867,0.001501,-0.020075
191.000000,-0.004530,0.000333,0.002858,0.001800,0.011521
192.000000,-0.008648,-0.003779,0.000983,0.001063,-0.015003
193.000000,-0.009126,-0.004114,0.000066,0.000935,-0.006855
194.000000,-0.004479,-0.002975,0.000000,0.002015,0.008017
195.000000,0.006274,-0.000336,0.001917,0.002810,0.033689
196.000000,0.009179,0.002324,0.002352,0.003153,0.026047
197.000000,0.012398,0.001875,0.003552,0.003899,0.001093
198.000000,0.010907,0.000891,0.002940,0.003126,-0.014310
199.000000,0.010079,0.002800,0.002636,0.003306,0.003873
200.000000,0.010287,0.008280,0.004140,0.004672,0.034729
201.000000,0.008567,0.008873,0.004603,0.004863,0.017447
202.000000,0.012086,0.012242,0.004231,0.004736,0.018692
203.000000,0.017910,0.014409,0.005147,0.004847,0.014808
204.000000,0.017844,0.013961,0.005493,0.004654,0.003542
205.000000,0.013507,0.011897,0.005780,0.005244,0.013046
206.000000,0.008416,0.008491,0.005408,0.004398,-0.008008
207.000000,0.003468,0.007777,0.004826,0.004960,-0.006048
208.000000,-0.001118,0.008396,0.004643,0.004758,-0.008122
209.000000,-0.006989,0.005427,0.004113,0.003566,-0.025815
210.000000,-0.011892,0.000807,0.004544,0.003029,-0.011467
211.000000,-0.012653,-0.002119,0.003377,0.002362,-0.011814
212.000000,-0.011123,-0.003827,0.004207,0.001545,0.001605
213.000000,-0.009926,-0.005522,0.004443,0.001591,-0.002140
214.000000,-0.004785,-0.005887,0.004037,0.001700,-0.000107
215.000000,-0.006255,-0.009073,0.001412,0.000829,-0.018817
216.000000,0.000000,-0.006327,0.001082,0.001496,0.019460
217.000000,-0.001206,-0.006164,0.000806,0.001163,-0.004426
218.000000,-0.001074,-0.005500,0.001448,0.001262,-0.001480
219.000000,-0.000757,-0.002771,0.001328,0.001819,0.001480
220.000000,0.002172,-0.002042,-0.000617,0.002349,-0.004176
221.000000,0.001493,0.000747,-0.000686,0.002500,0.016069
222.000000,0.001633,0.000214,-0.001807,0.002876,-0.003726
223.000000,0.000484,-0.000295,-0.002909,0.002864,-0.007226
224.000000,0.000564,-0.000096,-0.002992,0.002659,0.001878
225.000000,0.005328,0.003750,-0.002662,0.002191,0.019645
226.000000,0.003946,0.002720,-0.001803,0.001628,0.009159
227.000000,0.005160,0.003396,-0.001384,0.001670,0.002342
228.000000,0.007435,0.003959,-0.000770,0.002285,0.004149
229.000000,0.010548,0.005556,0.001393,0.002737,0.017445
230.000000,0.003337,0.004332,0.001145,0.001033,-0.016411
231.000000,-0.000365,0.001790,0.001269,0.000139,-0.009351
232.000000,-0.000182,0.002489,0.001351,-0.000375,0.003257
233.000000,-0.000539,0.003448,0.001576,-0.000790,0.002364
234.000000,-0.002869,0.003840,0.001872,-0.000715,0.005796
235.000000,0.003689,0.003513,0.003631,-0.000604,0.016377
236.000000,0.001456,0.000546,0.001633,-0.001020,-0.020514
237.000000,0.001426,0.000622,0.002009,-0.000715,0.003104
238.000000,-0.004069,-0.002304,0.000828,-0.001282,-0.025106
239.000000,-0.004937,-0.003903,0.000827,-0.000373,0.001456
240.000000,-0.008503,-0.002407,0.000963,-0.000039,-0.001456
241.000000,-0.004506,-0.001525,0.000133,0.000337,-0.000530
242.000000,-0.006403,-0.002489,0.000000,0.000071,-0.006380
243.000000,0.002944,-0.000562,0.001443,0.000864,0.021631
244.000000,0.000660,-0.002138,0.000851,0.000535,-0.009966
245.000000,0.009314,0.000405,0.001959,0.002556,0.041813
246.000000,0.010629,0.003061,0.001803,0.002109,0.006048
247.000000,0.011452,0.002525,0.001573,0.002181,-0.002264
248.000000,0.005863,0.004404,0.001050,0.002020,-0.006316
249.000000,0.006534,0.003597,-0.000153,0.001750,-0.006611
250.000000,-0.002877,0.003218,0.000406,0.001715,-0.005243
251.000000,-0.005936,0.002346,0.000411,0.000871,-0.009249
252.000000,-0.007649,0.001902,-0.000293,0.000634,-0.010826
253.000000,-0.003993,0.000935,0.000186,0.001274,0.011964
254.000000,-0.004124,0.001205,-0.000467,0.000969,-0.007265
255.000000,-0.004015,-0.003446,-0.001520,0.000157,-0.004699
256.000000,-0.004799,-0.005368,-0.001153,-0.000587,-0.013168
257.000000,-0.002422,-0.005035,-0.001255,-0.000630,0.001060
258.000000,-0.004391,-0.004192,0.000106,-0.000697,0.002116
259.000000,-0.005042,-0.004583,-0.000493,-0.001630,-0.010520
260.000000,-0.001365,-0.002690,0.000264,-0.000626,0.013686
261.000000,0.002083,-0.001358,0.000494,-0.000179,0.004075
262.000000,0.002552,0.000065,0.000984,-0.000174,0.003405
263.000000,-0.001592,-0.002992,-0.001028,-0.000873,-0.018606
264.000000,0.003316,-0.000863,0.000171,-0.000599,0.014020
265.000000,0.000421,-0.000472,-0.001959,-0.001171,-0.000788
266.000000,0.002632,0.002358,-0.001505,0.000017,0.015132
267.000000,-0.004041,-0.000744,-0.002890,-0.001085,-0.029963
268.000000,-0.005072,-0.003332,-0.003762,-0.001040,-0.023759
269.000000,-0.007003,-0.001844,-0.003213,-0.000943,0.004362
270.000000,-0.009916,-0.004747,-0.003719,-0.001406,-0.015351
271.000000,-0.006580,-0.001974,-0.001666,-0.000328,0.031809
272.000000,-0.007392,-0.005717,-0.002826,-0.001250,-0.034022
273.000000,-0.007823,-0.006447,-0.004720,-0.002835,-0.025914
274.000000,-0.010156,-0.008579,-0.004721,-0.002746,-0.007300
275.000000,-0.011601,-0.010758,-0.005615,-0.004892,-0.022577
276.000000,-0.013333,-0.009957,-0.003799,-0.004322,0.023149
277.000000,-0.004027,-0.005710,-0.003227,-0.003830,0.012507
278.000000,0.001805,-0.003009,-0.003171,-0.003511,0.003243
279.000000,0.002503,-0.003826,-0.002835,-0.003418,-0.003808
280.000000,0.006679,-0.002461,-0.003604,-0.003299,-0.001697
281.000000,0.005084,-0.004125,-0.003049,-0.002485,0.015173
282.000000,0.001295,-0.001366,-0.003541,-0.002339,-0.006434
283.000000,0.004703,0.003254,-0.001597,-0.002062,0.020281
284.000000,0.001689,0.002096,-0.003242,-0.002449,-0.018879
285.000000,0.004867,0.005773,-0.002493,-0.001819,0.014193
286.000000,0.001223,0.003153,-0.003402,-0.001482,-0.003044
287.000000,0.001566,0.001430,-0.002140,-0.001674,-0.004723
288.000000,-0.005013,-0.000155,-0.001582,-0.002165,-0.012611
289.000000,-0.000899,0.000395,-0.001716,-0.001758,0.001691
290.000000,-0.004414,0.000226,-0.001117,-0.002327,-0.003384
291.000000,-0.002566,-0.000672,-0.002398,-0.002257,0.006195
292.000000,0.000056,0.000811,-0.000278,-0.002091,0.008387
293.000000,0.012887,0.003937,0.003595,0.000248,0.051544
294.000000,0.008731,0.003916,0.003006,-0.000856,-0.019086
295.000000,0.013727,0.004656,0.005215,-0.000110,0.021595
296.000000,0.012830,0.005132,0.004143,-0.000557,0.001713
297.000000,0.009991,0.005023,0.003227,0.000248,-0.005809
298.000000,-0.001114,0.005886,0.002866,0.000907,-0.003980
299.000000,0.000081,0.004406,0.002400,0.000325,-0.013114
300.000000,-0.005021,0.004353,0.002290,0.000706,-0.003914
301.000000,-0.003185,0.004823,0.002076,0.000009,0.010894
302.000000,0.000000,0.004996,0.002903,0.001480,0.010115
303.000000,0.000796,-0.000159,0.001889,0.002344,0.000000
304.000000,0.001396,0.000738,0.002327,0.002250,-0.010115
305.000000,0.001321,-0.001850,0.001403,0.002860,-0.004290
306.000000,0.001386,-0.000899,0.002116,0.002462,0.011221
307.000000,-0.001916,-0.000958,0.002033,0.001832,-0.006397
308.000000,-0.001297,-0.000250,0.002818,0.001827,0.003097
309.000000,-0.004108,-0.001356,0.001525,0.001148,-0.024173
310.000000,-0.000323,0.000499,0.002426,0.001693,0.014638
311.000000,-0.004080,-0.001347,0.001738,0.000935,-0.007564
312.000000,0.000641,-0.000638,0.002179,0.001723,0.017205
313.000000,0.002353,0.000528,0.000185,0.001435,0.011659
314.000000,0.007609,0.001750,0.001244,0.002135,0.002105
315.000000,0.003415,0.001546,-0.000152,0.001451,-0.006329
316.000000,-0.003060,-0.003570,-0.002235,0.000221,-0.039941
317.000000,-0.008438,-0.003899,-0.002428,0.000056,-0.009683
318.000000,-0.008613,-0.003130,-0.001690,0.000835,0.010784
319.000000,-0.008265,-0.000328,-0.000842,0.000907,0.003843
320.000000,-0.012555,-0.004570,-0.002035,0.000094,-0.027780
321.000000,-0.006947,-0.005004,-0.003175,-0.000509,-0.011902
322.000000,-0.004669,-0.006553,-0.003596,-0.000732,0.001709
323.000000,-0.005465,-0.007039,-0.003255,-0.002223,0.006807
324.000000,-0.001872,-0.005068,-0.001659,-0.000860,0.021807
325.000000,0.005665,-0.003445,-0.000949,-0.001250,0.009907
326.000000,0.008155,0.000604,-0.001483,-0.001288,0.000547
327.000000,0.007265,0.001298,-0.001300,-0.001186,-0.002740
328.000000,0.004582,-0.000441,-0.001785,-0.001274,-0.006608
329.000000,-0.004542,-0.003207,-0.001768,-0.001630,-0.023817
330.000000,-0.008640,-0.001487,-0.003029,-0.001853,-0.010580
331.000000,-0.008955,-0.000400,-0.002702,-0.002250,-0.001030
332.000000,-0.010478,-0.001606,-0.004080,-0.002932,-0.010357
333.000000,-0.005546,-0.000482,-0.003760,-0.002331,0.018055
334.000000,-0.004486,-0.004514,-0.004791,-0.002611,-0.018517
335.000000,0.002071,-0.003284,-0.003365,-0.001728,0.022203
336.000000,0.001687,-0.003634,-0.001515,-0.002200,-0.002947
337.000000,0.000578,-0.004950,-0.001826,-0.002517,-0.015905
338.000000,-0.002458,-0.004002,-0.002221,-0.002524,0.002879
339.000000,-0.000197,-0.002341,-0.002774,-0.001959,-0.007214
340.000000,-0.000589,0.000741,-0.000373,-0.001772,0.020240
341.000000,0.002952,0.002320,0.000960,-0.001028,0.014762
342.000000,0.001379,0.000978,-0.000314,-0.002394,-0.023770
343.000000,-0.006665,-0.004561,-0.002522,-0.004027,-0.037344
344.000000,-0.006894,-0.003546,-0.004030,-0.004376,-0.008358
345.000000,-0.007142,-0.003865,-0.003575,-0.003532,0.019003
346.000000,-0.009859,-0.003453,-0.003544,-0.002161,0.001176
347.000000,-0.005693,-0.002157,-0.003554,-0.001936,-0.002942
348.000000,0.003886,-0.001390,-0.002696,-0.001944,0.010551
349.000000,0.006023,-0.000435,-0.001388,-0.001995,0.002330
350.000000,0.003614,-0.001764,-0.000512,-0.000837,0.006957
351.000000,0.007043,-0.001408,0.000456,0.000171,0.018318
352.000000,0.006607,0.000457,0.000718,-0.000057,-0.005118
353.000000,0.005180,0.004533,-0.000014,-0.000170,0.003415
354.000000,0.005621,0.005822,0.001138,-0.000746,0.004535
355.000000,0.005020,0.004317,0.000226,-0.000944,0.003951
356.000000,0.001829,0.004436,0.000491,-0.000884,0.002363
357.000000,0.001590,0.004099,0.000971,-0.001003,-0.006315
358.000000,0.007363,0.006271,0.002441,0.000293,0.032279
359.000000,0.006237,0.005929,0.002747,0.001051,-0.001096
360.000000,0.007193,0.006107,0.002171,0.001695,0.008734
361.000000,0.005521,0.003675,0.001134,0.001529,-0.005996
362.000000,0.006346,0.003968,0.002213,0.001801,-0.002189
363.000000,-0.000658,0.003352,0.003943,0.001108,-0.002743
364.000000,0.000000,0.003118,0.004470,0.001798,0.002195
365.000000,-0.001637,0.002778,0.003548,0.001077,0.000548
366.000000,-0.000109,0.002706,0.003571,0.001230,0.001642
367.000000,0.001420,0.003883,0.003991,0.001942,0.005456
368.000000,0.000822,0.000082,0.003177,0.001655,-0.005729
369.000000,0.000329,0.000164,0.003047,0.001886,-0.000274
370.000000,0.001420,-0.000109,0.002999,0.001411,0.006003
371.000000,-0.000055,-0.000082,0.001797,0.000728,-0.005729
372.000000,-0.001091,0.000164,0.002066,0.001530,0.000274
373.000000,0.000164,0.000493,0.001923,0.002793,0.000547
374.000000,0.000874,0.000601,0.001860,0.003181,0.003275
375.000000,0.001626,0.001523,0.002150,0.002873,0.009761
376.000000,0.006323,0.003134,0.002920,0.003425,0.017758
377.000000,0.003471,0.001190,0.002536,0.003057,-0.013988
378.000000,0.004434,0.002299,0.001191,0.002884,0.005362
379.000000,0.002276,0.001575,0.000870,0.002556,-0.007515
380.000000,0.000431,0.001028,0.000460,0.002342,0.000539
381.000000,-0.003768,0.001278,0.000598,0.001624,-0.003236
382.000000,-0.001078,0.001196,0.000680,0.001776,-0.000540
383.000000,-0.002151,0.001142,0.000817,0.001662,0.000000
384.000000,-0.000626,0.000825,0.000713,0.001515,0.000108
385.000000,-0.000701,-0.000135,0.000694,0.001389,0.000162
386.000000,-0.000108,-0.001938,0.000598,0.001301,-0.000270
387.000000,-0.004593,-0.002836,-0.000823,0.000746,-0.022964
388.000000,-0.001759,-0.001955,0.000172,0.000142,0.014169
389.000000,-0.004836,-0.002731,-0.000578,-0.000331,-0.015276
390.000000,-0.002228,-0.001465,-0.000218,-0.000182,0.013202
391.000000,0.007532,0.003712,0.002495,0.001636,0.048530
392.000000,0.008744,0.002076,0.001636,0.001145,-0.016904
393.000000,0.003963,0.001102,0.001122,0.000912,-0.009736
394.000000,0.005483,0.000324,0.000574,0.000583,-0.007674
395.000000,0.001199,-0.000515,-0.000325,0.000291,-0.008222
396.000000,-0.008725,-0.000596,-0.001267,0.000200,-0.001087
397.000000,-0.012203,-0.001729,-0.002282,-0.001125,-0.034295
398.000000,-0.011498,-0.003767,-0.002861,-0.001141,-0.006209
399.000000,-0.007487,-0.001002,-0.001866,-0.000719,0.012381
400.000000,-0.005172,-0.001987,-0.001726,-0.000808,0.003350
401.000000,-0.004732,-0.006728,-0.001508,-0.000580,0.001114
402.000000,0.002350,-0.004927,-0.001426,-0.000552,0.001113
403.000000,0.005749,-0.002874,-0.000886,-0.000210,0.010787
404.000000,0.003135,-0.002176,-0.000926,-0.000342,-0.000688
405.000000,0.000779,-0.002197,-0.001356,-0.000949,-0.008432
406.000000,0.002984,-0.000874,-0.000735,-0.001136,0.012141
407.000000,0.002652,0.002501,0.000386,-0.000688,-0.000549
408.000000,-0.000275,0.002737,-0.000515,-0.000995,-0.003849
409.000000,0.003790,0.003463,0.001231,-0.000090,0.019641
410.000000,0.005152,0.002966,0.000489,-0.000162,-0.001622
411.000000,0.000985,0.001985,-0.002372,-0.000344,-0.008696
412.000000,0.001640,0.002146,-0.001390,-0.000235,0.002726
413.000000,0.003820,0.001772,-0.000551,0.000000,0.007052
414.000000,-0.001845,0.000973,-0.000602,-0.000293,-0.008686
415.000000,-0.002286,0.001433,-0.000382,-0.000426,-0.003824
416.000000,-0.000547,0.000219,-0.000327,-0.000417,0.000000
417.000000,-0.002741,-0.000550,0.000975,0.000074,-0.008244
418.000000,-0.002612,0.000604,0.001671,-0.000142,0.007697
419.000000,0.000871,-0.000487,0.001488,0.000658,0.008724
420.000000,0.006780,0.002247,0.002606,0.001075,0.025725
421.000000,0.004332,0.001892,0.001939,-0.000950,-0.012244
422.000000,0.006643,0.001951,0.002049,-0.000276,0.003315
423.000000,0.005935,0.001662,0.001717,0.000187,0.004155
424.000000,0.001191,0.001031,0.001002,-0.000058,-0.014998
425.000000,-0.001807,0.002487,0.001960,0.000574,0.010735
426.000000,0.002660,0.003496,0.001858,0.000947,0.010093
427.000000,0.000192,0.003418,0.001434,0.001789,-0.009026
428.000000,-0.001173,0.002381,0.001493,0.001907,-0.002670
429.000000,0.001933,0.001562,0.000537,0.001513,0.000535
430.000000,0.000000,-0.000904,0.000672,0.001436,0.001068
431.000000,-0.000847,0.000906,0.001399,0.001595,0.005856
432.000000,-0.006064,-0.002936,-0.000492,0.000387,-0.035110
433.000000,-0.006279,-0.003726,-0.001032,-0.000097,-0.003745
434.000000,-0.009607,-0.003837,-0.001403,-0.000611,-0.016104
435.000000,-0.008173,-0.004087,-0.000800,-0.000056,0.008237
436.000000,-0.011244,-0.006046,-0.001275,-0.000777,-0.009500
437.000000,-0.002100,-0.004082,-0.000332,-0.000405,0.010612
438.000000,-0.000602,-0.003441,-0.000530,-0.000152,0.003743
439.000000,-0.001266,-0.005436,-0.001937,-0.001454,-0.019421
440.000000,-0.004727,-0.006450,-0.003677,-0.001702,-0.009070
441.000000,0.000561,-0.005342,-0.002218,-0.000848,0.016940
442.000000,-0.000222,-0.001161,-0.002049,-0.000715,0.006696
443.000000,-0.002731,-0.001666,-0.002696,-0.001244,-0.008798
444.000000,0.000113,-0.000576,-0.002207,-0.001128,-0.005204
445.000000,0.008037,0.001655,-0.001216,0.000018,0.030549
446.000000,0.001617,0.001089,-0.002479,-0.000487,-0.015158
447.000000,-0.001171,-0.000697,-0.002390,-0.000454,-0.007246
448.000000,0.004192,0.000731,-0.001355,-0.000110,0.018019
449.000000,0.007419,0.003766,-0.000835,-0.000036,0.010929
450.000000,0.005184,0.006610,0.000080,-0.000248,0.019376
451.000000,0.006045,0.003831,-0.000755,-0.000201,-0.010853
452.000000,0.001838,0.000333,-0.000414,-0.001255,-0.028283
453.000000,0.002050,0.003121,0.000727,-0.000757,0.019080
454.000000,0.002592,0.005005,0.002214,0.000197,0.013639
455.000000,-0.002251,0.001466,0.001560,-0.000322,-0.004840
456.000000,0.001850,0.003948,0.002518,-0.000336,0.009657
457.000000,0.009102,0.005470,0.002387,0.000230,0.007977
458.000000,0.006132,0.004091,0.002411,0.000460,0.004228
459.000000,0.011467,0.007030,0.005398,0.001786,0.040316
460.000000,0.009270,0.003509,0.005060,0.001223,-0.015829
461.000000,0.011515,0.006683,0.005257,0.001724,0.020882
462.000000,0.011125,0.010114,0.005224,0.003095,0.006030
463.000000,0.007962,0.007047,0.005084,0.002834,-0.011590
464.000000,-0.000304,0.005582,0.005293,0.003337,-0.001014
465.000000,0.003773,0.006521,0.003994,0.003214,0.004556
466.000000,0.001406,0.006461,0.005204,0.003832,0.009050
467.000000,-0.000703,0.005211,0.005341,0.003328,-0.004515
468.000000,0.003118,0.005540,0.004815,0.003454,0.007513
469.000000,0.002596,0.001146,0.004088,0.003980,-0.003624
470.000000,0.004000,0.003886,0.003698,0.004669,0.011577
471.000000,-0.000200,0.000603,0.003643,0.003706,-0.011952
472.000000,-0.000302,-0.000502,0.004806,0.003315,-0.005023
473.000000,-0.002915,0.000101,0.003574,0.003423,-0.005554
474.000000,-0.001988,0.000304,0.002943,0.003630,0.001012
475.000000,-0.007362,-0.001681,0.002420,0.002102,-0.015291
476.000000,-0.005588,-0.002894,0.001783,0.002505,-0.003086
477.000000,-0.004893,-0.002598,0.001307,0.002695,-0.001547
478.000000,-0.002548,-0.002732,0.001404,0.002300,0.006173
479.000000,-0.002955,-0.002472,-0.000663,0.001901,-0.001026
480.000000,0.000205,-0.003578,0.000154,0.001272,0.000513
481.000000,-0.004059,-0.004824,-0.002110,0.000821,-0.024410
482.000000,-0.001346,-0.003120,-0.001811,0.002164,0.012020
483.000000,-0.001338,-0.001943,-0.000921,0.001735,0.006214
484.000000,0.001636,-0.000660,-0.000178,0.001742,0.013843
485.000000,-0.000514,-0.000154,-0.000917,0.001562,-0.010236
486.000000,0.006314,0.001127,-0.000884,0.001564,0.009726
487.000000,0.001449,0.000052,-0.001273,0.000888,-0.012302
488.000000,0.005720,0.002191,-0.000270,0.001666,0.027569
489.000000,-0.000510,0.000563,-0.000954,-0.000254,-0.017307
490.000000,0.003872,0.001679,-0.000950,0.000662,0.011672
491.000000,-0.001740,0.002287,-0.001268,-0.000645,-0.018330
492.000000,0.000361,0.000905,-0.001107,-0.000906,-0.001800
493.000000,-0.002342,0.001689,-0.000127,-0.000051,0.014058
494.000000,0.008201,0.003846,0.001593,0.001163,0.035406
495.000000,0.009075,0.006473,0.003159,0.001546,0.016039
496.000000,0.010120,0.004190,0.002659,0.000808,-0.013104
497.000000,0.011065,0.005713,0.002882,0.001056,0.002927
498.000000,0.009516,0.003587,0.002889,0.001016,0.006312
499.000000,0.000587,0.004394,0.002479,0.000828,-0.009239
500.000000,-0.000048,0.004513,0.003096,0.000871,0.012863
501.000000,0.003199,0.006659,0.004473,0.001374,0.003130
502.000000,0.001069,0.006067,0.003486,0.001284,-0.007722
503.000000,-0.000388,0.004564,0.003127,0.001437,-0.000969
504.000000,-0.001939,-0.000676,0.001585,0.000837,-0.016996
505.000000,-0.005724,-0.002886,0.001794,0.001144,-0.006061
506.000000,-0.009148,-0.002975,0.000608,0.000781,-0.013993
507.000000,-0.004409,-0.001670,0.002021,0.001365,0.015976
508.000000,-0.001167,-0.000777,0.001405,0.001667,0.015237
509.000000,-0.000519,-0.001229,0.001583,0.001243,-0.013753
510.000000,0.000099,-0.002812,0.000850,0.001127,-0.002972
511.000000,0.007991,-0.000579,0.003040,0.002789,0.025467
512.000000,0.003047,-0.000681,0.002693,0.002097,-0.008742
513.000000,-0.000195,-0.000681,0.001942,0.001857,-0.000976
514.000000,0.003724,0.001603,0.000463,0.001591,0.005842
515.000000,-0.000422,-0.000161,-0.001524,0.001142,-0.023701
516.000000,-0.004301,0.001845,-0.000565,0.001020,0.006071
517.000000,0.001826,0.002437,0.000383,0.002160,0.021893
518.000000,0.001556,0.000681,-0.000048,0.001163,-0.002323
519.000000,0.000485,0.002104,0.000438,0.001757,0.000484
520.000000,0.004934,0.002256,-0.000278,0.001319,-0.001454
521.000000,0.000395,-0.001953,-0.001266,0.001376,-0.016626
522.000000,0.000019,0.000923,0.000121,0.002103,0.020015
523.000000,-0.005900,-0.002172,-0.001427,0.000570,-0.031920
524.000000,-0.004011,-0.001763,-0.000080,-0.000279,0.009931
525.000000,0.001353,0.003144,0.001491,0.000032,0.025367
526.000000,0.004679,0.002537,0.002191,0.000469,0.000000
527.000000,0.016951,0.008485,0.005461,0.003084,0.081376
528.000000,0.024398,0.009249,0.004965,0.003051,0.005314
529.000000,0.018486,0.007238,0.004671,0.002704,-0.019626
530.000000,0.011375,0.006364,0.004310,0.001936,-0.010187
531.000000,0.010710,0.007694,0.002871,0.001721,-0.003327
532.000000,-0.003675,0.006638,0.003780,0.002293,0.009452
533.000000,-0.004828,0.009785,0.003806,0.002311,-0.000452
534.000000,-0.000343,0.009072,0.003654,0.002970,0.002802
535.000000,0.005432,0.008404,0.005774,0.003795,0.018685
536.000000,0.004050,0.007380,0.004958,0.003921,-0.010238
537.000000,-0.000816,-0.002245,0.003120,0.002892,-0.014875
538.000000,-0.002275,-0.003552,0.002848,0.002126,-0.007750
539.000000,-0.003294,-0.001818,0.002710,0.002508,-0.002291
540.000000,-0.007605,-0.001087,0.002639,0.002511,-0.002871
541.000000,-0.005534,-0.000742,0.003476,0.001666,0.000115
542.000000,-0.003555,-0.002186,0.002226,0.001792,-0.004980
543.000000,0.000868,-0.000704,0.004540,0.002303,0.014366
544.000000,0.000092,-0.001601,0.003735,0.001903,-0.006171
545.000000,-0.001269,-0.004437,0.001983,0.002370,-0.009675
546.000000,-0.000922,-0.003228,0.002076,0.002229,0.001850
547.000000,-0.003846,-0.003701,-0.002973,0.000846,-0.019599
548.000000,-0.001693,-0.000413,-0.001982,0.001761,0.025129
549.000000,-0.003534,-0.001721,-0.001770,0.001233,-0.015375
550.000000,0.000023,-0.000623,-0.000855,0.001552,0.008111
551.000000,0.005650,0.002364,0.000811,0.003105,0.029982
552.000000,0.006217,0.001186,-0.000500,0.001879,-0.016761
553.000000,0.002648,0.000477,-0.000113,0.003186,0.007283
554.000000,0.007708,0.002087,0.000243,0.003186,0.009928
555.000000,0.004825,0.002424,-0.001007,0.002130,-0.006306
556.000000,-0.002896,0.001377,-0.000926,0.001843,-0.008623
557.000000,0.002181,0.004199,0.000249,-0.000582,0.008623
558.000000,0.000453,0.001550,0.000569,-0.000805,-0.001357
559.000000,0.000963,0.004336,0.001307,0.000265,0.012478
560.000000,-0.001884,0.001470,0.000424,-0.000080,-0.020542
561.000000,-0.000731,-0.001813,0.000275,-0.000064,-0.002855
562.000000,0.000992,0.001586,0.001386,0.000195,0.017234
563.000000,0.001398,0.000925,0.000701,0.000233,0.000674
564.000000,-0.001413,-0.000225,0.000931,0.000087,-0.001574
565.000000,0.001069,-0.000408,0.001008,-0.000807,-0.008134
566.000000,0.003716,0.001493,0.001435,-0.000120,0.010381
567.000000,0.001255,0.001123,0.002661,0.000541,0.004927
568.000000,0.000045,0.000721,0.001136,0.000620,-0.005376
569.000000,0.001524,0.000056,0.002196,0.000890,0.005823
570.000000,0.002278,0.001674,0.001572,0.000840,-0.004364
571.000000,0.001521,0.002619,0.000403,0.001056,0.006595
572.000000,0.000179,0.000717,0.001152,0.001163,-0.001784
573.000000,0.001321,0.000683,0.000804,0.000695,0.000335
574.000000,0.000936,0.001230,0.000503,0.001031,0.003897
575.000000,0.000247,0.001262,0.000427,0.001093,-0.007810
576.000000,-0.005192,-0.001835,-0.000171,0.000345,-0.020596
577.000000,-0.000179,0.000000,0.000562,0.001774,0.023281
578.000000,-0.001141,0.000090,0.000406,0.000787,-0.004478
579.000000,-0.001921,-0.000493,-0.000218,0.001300,0.000000
580.000000,0.013008,0.006628,0.004151,0.003257,0.066836
581.000000,0.017296,0.006052,0.004335,0.002286,0.000839
582.000000,0.009170,0.004496,0.002606,0.002266,-0.017348
583.000000,0.011087,0.004973,0.002828,0.002194,0.005109
584.000000,0.006535,0.002307,0.001769,0.001104,-0.022762
585.000000,-0.014520,-0.000756,0.000253,0.000033,-0.038436
586.000000,-0.015339,0.000979,-0.000428,0.000212,-0.003256
587.000000,-0.011281,-0.001056,-0.000528,0.000023,0.002940
588.000000,-0.015765,-0.002339,-0.001124,-0.000509,-0.017309
589.000000,-0.010387,-0.001926,-0.001209,-0.000788,0.004127
590.000000,-0.002288,-0.008404,-0.000888,-0.000034,0.002057
591.000000,-0.004211,-0.009775,-0.001861,-0.000368,-0.012868
592.000000,-0.003968,-0.007624,-0.001564,-0.000804,0.004154
593.000000,-0.001893,-0.008829,-0.001928,-0.001058,-0.006933
594.000000,-0.002162,-0.006274,-0.001984,-0.000912,0.002779
595.000000,-0.004152,-0.003220,-0.001988,-0.000904,-0.007894
596.000000,-0.002626,-0.003418,-0.001220,-0.001425,-0.005235
597.000000,-0.003719,-0.003844,-0.002450,-0.001633,-0.001313
598.000000,0.001018,-0.000437,-0.001388,-0.000895,0.016752
599.000000,0.000831,-0.000666,-0.001296,-0.001028,0.001844
600.000000,0.000837,-0.001657,-0.005031,-0.001145,-0.007861
601.000000,0.002070,-0.000278,-0.005026,-0.001334,0.000928
602.000000,0.001589,-0.001065,-0.004345,-0.001398,-0.003717
603.000000,-0.003632,-0.001307,-0.005068,-0.001721,-0.009355
604.000000,-0.004283,-0.001726,-0.004000,-0.001898,-0.001411
605.000000,-0.002429,-0.000796,-0.002008,-0.001591,0.001411
606.000000,-0.003085,-0.000507,-0.001963,-0.000982,-0.002352
607.000000,-0.002228,-0.000320,-0.002082,-0.001740,0.000565
608.000000,0.000844,-0.001394,-0.000916,-0.001390,0.006008
609.000000,0.137922,0.066820,0.033077,0.021409,0.683980
610.000000,0.142630,0.070101,0.034222,0.020013,0.024952
611.000000,0.141853,0.069384,0.034553,0.019777,-0.006238
612.000000,0.140858,0.069315,0.034125,0.020208,-0.004413
613.000000,0.140469,0.070657,0.034675,0.020174,0.004065
614.000000,0.002860,0.070391,0.034333,0.020797,-0.004065
615.000000,-0.003813,0.069409,0.034306,0.021798,-0.008415
616.000000,-0.006501,0.067676,0.033584,0.021250,-0.019676
617.000000,-0.000933,0.069962,0.034821,0.021933,0.023425
618.000000,-0.002027,0.069221,0.033914,0.022463,-0.001404
619.000000,0.001992,0.002426,0.034623,0.022860,0.016030
620.000000,0.005373,0.000780,0.035440,0.023074,0.008491
621.000000,0.011355,0.002427,0.035906,0.023844,0.010231
622.000000,0.008561,0.003814,0.036564,0.024021,0.009455
623.000000,0.008258,0.003115,0.036886,0.024155,-0.002917
624.000000,0.005546,0.003769,0.037080,0.024145,0.002469
625.000000,0.005588,0.005481,0.037445,0.024698,0.008704
626.000000,0.000362,0.005858,0.036767,0.024342,-0.015904
627.000000,0.000671,0.004616,0.037289,0.024753,0.011003
628.000000,0.001834,0.005046,0.037134,0.024291,0.002899
629.000000,0.001563,0.003554,0.002990,0.024267,0.001113
630.000000,0.001042,0.003315,0.002048,0.024732,0.006098
631.000000,0.004333,0.002347,0.002387,0.024719,0.000553
632.000000,0.001646,0.001158,0.002486,0.024762,-0.002433
633.000000,0.002302,0.002068,0.002592,0.025280,0.006182
634.000000,0.006908,0.004235,0.004002,0.026132,0.024139
635.000000,0.005430,0.003236,0.004358,0.026042,-0.001290
636.000000,0.004803,0.004568,0.005213,0.026034,-0.002585
637.000000,0.003469,0.002557,0.003587,0.025712,-0.009101
638.000000,0.004096,0.003199,0.004123,0.025822,0.009317
639.000000,-0.002247,0.002330,0.002942,0.002770,-0.007577
640.000000,-0.003823,0.000804,0.002059,0.001633,-0.009168
641.000000,-0.004980,-0.000088,0.001129,0.001562,-0.008368
642.000000,-0.002718,0.000376,0.000767,0.001783,0.002209
643.000000,-0.008908,-0.002406,-0.000169,0.000926,-0.021636
644.000000,-0.009523,-0.005885,-0.000825,0.000706,-0.010654
645.000000,-0.006101,-0.004962,-0.000863,0.001252,0.007945
646.000000,-0.004337,-0.004658,-0.000045,0.001923,0.000452
647.000000,-0.004147,-0.003432,-0.000437,0.001247,0.003159
648.000000,-0.000090,-0.004499,-0.000650,0.001249,-0.001353
649.000000,0.002761,-0.003381,-0.000525,0.000835,0.003603
650.000000,-0.000226,-0.003164,-0.001180,0.000318,-0.006992
651.000000,-0.000588,-0.002463,-0.001276,-0.000068,-0.001359
652.000000,-0.000406,-0.002276,-0.000950,-0.000247,0.004071
653.000000,-0.002360,-0.001225,-0.001816,-0.000521,-0.011123
654.000000,-0.004087,-0.000663,-0.003274,-0.000771,-0.005034
655.000000,-0.002964,-0.001595,-0.003279,-0.001107,-0.001377
656.000000,-0.004864,-0.002726,-0.003692,-0.000939,-0.010856
657.000000,-0.002362,-0.001384,-0.002408,-0.000753,0.016583
658.000000,-0.001788,-0.002074,-0.003287,-0.001125,-0.008257
659.000000,0.000870,-0.001609,-0.002495,-0.000887,0.008257
660.000000,0.002919,-0.000023,-0.001593,-0.000794,0.008869
661.000000,0.003636,-0.000614,-0.001538,-0.001055,-0.007271
662.000000,-0.001790,-0.002076,-0.002176,-0.001325,-0.010546
663.000000,-0.002550,-0.002169,-0.001697,-0.001933,-0.012057
664.000000,-0.004388,-0.001759,-0.001211,-0.002769,-0.000933
665.000000,-0.013485,-0.005283,-0.003439,-0.003947,-0.036618
666.000000,-0.013051,-0.004707,-0.003717,-0.004031,-0.005099
667.000000,-0.006084,-0.003937,-0.002660,-0.002918,0.024289
668.000000,-0.002016,-0.002283,-0.002179,-0.002952,0.008281
669.000000,-0.000561,-0.002474,-0.002042,-0.002488,0.006342
670.000000,0.006950,-0.003268,-0.001645,-0.002151,0.000936
671.000000,0.004572,-0.004239,-0.002426,-0.002439,-0.016986
672.000000,0.001184,-0.002450,-0.002263,-0.002267,0.007349
673.000000,0.000377,-0.000820,-0.001494,-0.001405,0.004242
674.000000,-0.001976,-0.001269,-0.001514,-0.001230,-0.005424
675.000000,0.002788,0.004869,-0.000207,-0.000670,0.024756
676.000000,0.004331,0.004452,-0.000128,-0.000994,-0.009270
677.000000,0.005544,0.003364,-0.000286,-0.000652,0.013414
678.000000,0.005337,0.002857,0.000287,-0.000500,0.003211
679.000000,0.005412,0.001718,-0.000378,-0.000788,-0.005051
680.000000,0.002658,0.002723,-0.000272,-0.000189,0.010987
681.000000,0.004694,0.004512,0.000137,-0.000114,0.000910
682.000000,0.001145,0.003344,0.000447,-0.000394,-0.004330
683.000000,-0.002210,0.001563,0.000372,-0.000475,-0.013568
684.000000,0.001010,0.003211,0.000971,0.000061,0.011052
685.000000,-0.003351,-0.000347,0.002261,-0.000254,-0.010821
686.000000,-0.002379,0.001157,0.002804,0.000301,0.005770
687.000000,0.002407,0.001776,0.002570,0.000401,0.019600
688.000000,0.005481,0.001635,0.002246,0.000736,0.001804
689.000000,0.005644,0.003327,0.002523,0.000857,0.011869
690.000000,0.006109,0.001379,0.002051,0.000278,-0.008495
691.000000,0.005045,0.001333,0.002923,0.000535,0.000449
692.000000,0.003845,0.003126,0.003235,0.001340,0.013597
693.000000,0.006690,0.006086,0.003825,0.002276,0.016032
694.000000,0.010706,0.008175,0.005693,0.003372,0.031946
695.000000,0.013121,0.009615,0.004634,0.004712,0.003581
696.000000,0.019527,0.012286,0.006722,0.005965,0.032478
697.000000,0.018631,0.011238,0.006507,0.005459,0.009118
698.000000,0.015666,0.011178,0.006407,0.005224,0.001209
699.000000,0.010282,0.010494,0.006910,0.005180,0.005024
700.000000,0.006210,0.009666,0.005522,0.004589,-0.016777
701.000000,-0.001840,0.008843,0.005088,0.004896,-0.007776
702.000000,-0.004735,0.006948,0.005037,0.004473,-0.005355
703.000000,-0.005059,0.005303,0.005695,0.004318,-0.000413
704.000000,-0.004418,0.002932,0.005553,0.004773,0.008230
705.000000,0.001745,0.003978,0.006797,0.004415,0.014040
706.000000,0.000000,-0.000920,0.005683,0.004174,-0.016502
707.000000,0.017547,0.006406,0.008822,0.006473,0.082379
708.000000,0.018196,0.006568,0.008873,0.006461,0.002834
709.000000,0.013624,0.004603,0.007548,0.006141,-0.014632
710.000000,0.009317,0.005531,0.007598,0.005525,-0.007494
711.000000,0.013195,0.006598,0.007720,0.005591,0.002889
712.000000,-0.004864,0.006341,0.006645,0.005472,-0.007916
713.000000,-0.006130,0.006033,0.005668,0.005807,-0.003495
714.000000,-0.003437,0.005093,0.004013,0.005400,-0.001168
715.000000,-0.002914,0.003201,0.003590,0.005598,-0.004880
716.000000,-0.003805,0.004695,0.001887,0.005354,-0.001567
717.000000,-0.002104,-0.003484,0.001461,0.004720,0.000588
718.000000,0.000854,-0.002638,0.001965,0.005036,0.011297
719.000000,-0.000351,-0.001894,0.001355,0.004401,-0.007192
720.000000,0.001715,-0.000600,0.002466,0.004866,0.005447
721.000000,0.002144,-0.000830,0.002884,0.004870,0.000582
722.000000,-0.000431,-0.001268,0.002537,0.004007,-0.012292
723.000000,-0.004624,-0.001885,0.002074,0.003151,-0.009666
724.000000,-0.000547,-0.000449,0.002322,0.002525,0.013193
725.000000,-0.004117,-0.001201,0.001000,0.001993,-0.012401
726.000000,-0.002930,-0.000393,0.002151,0.001127,0.006515
727.000000,-0.001379,-0.000905,-0.002195,0.000672,-0.004536
728.000000,0.004197,-0.000213,-0.001426,0.001239,0.018216
729.000000,0.000859,0.000156,-0.000869,0.000955,-0.003500
730.000000,0.003689,-0.000214,-0.000407,0.001573,0.001751
731.000000,0.003356,0.000213,-0.000309,0.001993,0.004849
732.000000,0.005767,0.002194,0.000463,0.002423,0.007518
733.000000,0.000427,0.002312,0.000214,0.002153,-0.008486
734.000000,0.002208,0.001534,0.000542,0.002059,0.005409
735.000000,0.004080,0.003885,0.001342,0.001962,0.011111
736.000000,0.003415,0.003386,0.001496,0.002563,0.001523
737.000000,0.007945,0.006856,0.002975,0.000822,0.030166
738.000000,0.009235,0.004831,0.002309,0.000660,-0.002032
739.000000,0.004834,0.003521,0.001839,0.000594,-0.016597
740.000000,-0.001684,0.001198,0.000492,0.000128,-0.021478
741.000000,-0.003841,-0.000213,0.000000,-0.000277,-0.009265
742.000000,-0.011901,-0.001978,0.000108,-0.000351,-0.010135
743.000000,-0.009973,-0.000369,0.000972,0.000019,0.007611
744.000000,-0.006926,-0.001046,0.000244,0.000013,-0.001362
745.000000,-0.002163,-0.001924,0.000981,0.000253,0.002333
746.000000,-0.002733,-0.003287,0.000049,-0.000098,-0.012114
747.000000,-0.004237,-0.008069,-0.000607,-0.000706,-0.017650
748.000000,-0.005679,-0.007826,-0.001497,-0.001069,0.000400
749.000000,-0.004289,-0.005608,-0.001043,-0.000643,0.005584
750.000000,-0.003883,-0.003023,-0.000912,-0.000679,0.004366
751.000000,-0.000946,-0.001840,-0.001026,-0.000613,0.002571
752.000000,0.002979,-0.000629,-0.001304,-0.000138,0.001973
753.000000,0.005250,-0.000214,-0.000291,0.000576,0.011758
754.000000,0.002412,-0.000939,-0.000992,-0.000150,-0.008609
755.000000,-0.002190,-0.003037,-0.002480,-0.000358,-0.018644
756.000000,-0.007978,-0.004462,-0.003875,-0.001455,-0.026371
757.000000,-0.007716,-0.002369,-0.005219,-0.001194,0.003283
758.000000,-0.012210,-0.003480,-0.005653,-0.002158,-0.010711
759.000000,-0.012612,-0.005100,-0.005354,-0.002395,-0.010617
760.000000,-0.010480,-0.006335,-0.004679,-0.002720,-0.007985
761.000000,-0.003986,-0.005982,-0.003911,-0.002678,0.006100
762.000000,-0.004475,-0.006096,-0.003362,-0.002901,0.000838
763.000000,-0.012519,-0.012364,-0.006289,-0.004316,-0.050929
764.000000,-0.006985,-0.009799,-0.005369,-0.003928,0.017050
765.000000,-0.005518,-0.007999,-0.005518,-0.004320,-0.000650
766.000000,-0.002066,-0.003026,-0.003744,-0.003592,0.023364
767.000000,0.001295,-0.001590,-0.001979,-0.004009,0.017640
768.000000,0.011481,-0.000519,-0.001999,-0.003942,0.000000
769.000000,0.011251,0.002133,-0.001484,-0.002858,0.015901
770.000000,0.007366,0.000924,-0.002706,-0.002811,-0.020073
771.000000,0.007974,0.002954,-0.001514,-0.001622,0.026404
772.000000,0.000665,0.000980,-0.002558,-0.001915,-0.018907
773.000000,0.004243,0.007862,-0.002251,-0.001572,0.017889
774.000000,0.009990,0.010621,0.000411,-0.000039,0.044638
775.000000,0.009750,0.008558,0.000279,-0.000826,-0.021273
776.000000,-0.000775,0.003600,0.000287,-0.001296,-0.026222
777.000000,0.001735,0.001200,-0.000195,-0.000920,-0.006356
778.000000,0.004195,0.004219,0.001850,0.000073,0.030186
779.000000,-0.009703,0.000143,0.001138,-0.000941,-0.024852
780.000000,-0.008458,0.000646,0.000785,-0.001588,-0.015047
781.000000,-0.006185,-0.003480,-0.000263,-0.002169,-0.014855
782.000000,-0.008144,-0.003204,-0.001112,-0.002773,-0.016150
783.000000,-0.013582,-0.004694,0.001584,-0.003065,0.002995
784.000000,-0.006741,-0.008222,0.001199,-0.002467,0.009354
785.000000,-0.002382,-0.005420,0.001569,-0.001620,0.006748
786.000000,0.000169,-0.003008,0.000296,-0.000811,-0.002104
787.000000,0.000684,-0.003730,-0.001265,-0.001373,-0.013571
788.000000,0.002125,-0.005729,-0.000755,-0.000676,0.010196
789.000000,0.001518,-0.002612,-0.001234,-0.000112,0.006320
790.000000,-0.002155,-0.002269,-0.000811,-0.000233,-0.011617
791.000000,-0.001947,-0.000889,-0.002185,-0.000472,-0.001063
792.000000,0.000554,0.000619,-0.001292,-0.000535,-0.001064
793.000000,-0.000890,0.000617,-0.002038,0.001262,0.002976
794.000000,-0.003945,-0.001213,-0.004718,0.000395,-0.008955
795.000000,0.003245,0.000545,-0.002438,0.001228,0.024332
796.000000,0.001694,-0.000126,-0.001567,0.000155,-0.008818
797.000000,0.003043,0.001798,-0.000966,-0.000244,0.005678
798.000000,0.004533,0.001822,-0.001953,0.000104,0.010430
799.000000,0.006158,0.001107,-0.000752,-0.000454,-0.000830
800.000000,-0.001469,0.000888,-0.000690,-0.000245,-0.013802
801.000000,0.001931,0.001812,0.000462,-0.000852,0.008179
802.000000,-0.002193,0.000425,0.000522,-0.000720,-0.014940
803.000000,-0.001834,0.001349,0.000983,-0.000909,0.012221
804.000000,-0.001836,0.002161,0.000474,-0.002425,-0.000838
805.000000,0.006179,0.002355,0.001450,-0.000840,0.026271
806.000000,0.006615,0.004273,0.002073,0.000379,0.010359
807.000000,0.012650,0.005229,0.003514,0.001099,0.015240
808.000000,0.012383,0.005274,0.003548,0.000456,0.010886
809.000000,0.010533,0.004349,0.002728,0.000948,-0.010090
810.000000,0.005756,0.005967,0.003428,0.001529,0.002383
811.000000,0.001770,0.004192,0.003002,0.001705,-0.009568
812.000000,-0.002201,0.005225,0.002825,0.002090,-0.004617
813.000000,-0.005792,0.003296,0.002323,0.001754,-0.007067
814.000000,0.001466,0.006000,0.004080,0.002316,0.026199
815.000000,0.002797,0.004276,0.003316,0.002392,0.009039
816.000000,0.004280,0.003025,0.003649,0.002390,-0.002154
817.000000,0.003550,0.000674,0.002952,0.002567,-0.008268
818.000000,0.003336,-0.001228,0.002023,0.001956,-0.008137
819.000000,-0.003947,-0.001241,0.001554,0.001405,-0.010215
820.000000,-0.006481,-0.001842,0.002063,0.001671,-0.003631
821.000000,-0.008981,-0.002351,0.000921,0.001218,-0.014655
822.000000,-0.006264,-0.001357,0.001934,0.001431,0.005317
823.000000,-0.005168,-0.000916,0.001190,0.001243,-0.002655
824.000000,-0.003125,-0.003536,0.001232,0.001542,0.000000
825.000000,0.001930,-0.002275,0.001001,0.001452,0.021645
826.000000,0.003335,-0.002823,0.000101,0.001492,-0.007634
827.000000,0.004318,-0.000973,-0.000149,0.001643,0.010232
828.000000,0.005248,0.000040,-0.000594,0.001362,0.001994
829.000000,0.005566,0.001221,-0.000010,0.001443,0.001592
830.000000,0.002585,0.002258,0.000208,0.002128,0.006739
831.000000,0.002246,0.002790,0.000220,0.001544,-0.009328
832.000000,0.002065,0.003191,0.000917,0.002353,0.009328
833.000000,-0.002445,0.001401,0.000243,0.001260,-0.020558
834.000000,-0.002200,0.001683,-0.000926,0.001382,0.002819
835.000000,-0.004556,-0.000985,-0.001630,0.000339,-0.005040
836.000000,-0.004599,-0.001176,-0.002000,-0.000325,-0.009544
837.000000,-0.003106,-0.000520,-0.000747,-0.000273,0.016794
838.000000,0.000121,-0.001162,-0.000561,-0.000783,-0.004424
839.000000,-0.002917,-0.002558,-0.000669,-0.000859,-0.012370
840.000000,-0.000040,-0.002298,-0.000020,-0.000627,0.009342
841.000000,-0.000082,-0.002340,0.000225,-0.000634,-0.009750
842.000000,-0.000764,-0.001935,0.000628,-0.000034,0.013382
843.000000,0.001366,0.000743,0.001072,0.000409,0.006224
844.000000,0.005276,0.001179,0.001431,-0.000224,0.007180
845.000000,0.001089,0.000524,-0.000231,-0.000912,-0.011593
846.000000,0.004361,0.002140,0.000482,-0.000620,0.006613
847.000000,0.002084,0.000660,0.000070,-0.000278,0.001995
848.000000,0.003335,0.002350,0.000594,0.000409,0.012479
849.000000,-0.002842,0.001217,-0.000671,-0.000040,-0.023704
850.000000,0.002040,0.001564,-0.000367,0.000508,0.012818
851.000000,-0.001604,0.001378,-0.000481,0.000610,-0.011609
852.000000,0.000835,0.001460,-0.000238,0.000905,0.014193
853.000000,-0.002735,0.000300,0.000522,0.000815,-0.005374
854.000000,0.007672,0.002415,0.001797,0.001759,0.028332
855.000000,0.008417,0.005229,0.002876,0.001589,0.016545
856.000000,0.010816,0.004606,0.003373,0.001856,0.000382
857.000000,0.009800,0.005318,0.002989,0.001819,0.009113
858.000000,0.014619,0.005942,0.004146,0.002377,0.018724
859.000000,0.009804,0.008738,0.004977,0.002466,0.004257
860.000000,0.007600,0.008009,0.004787,0.002425,0.005526
861.000000,0.008587,0.009701,0.005540,0.002913,0.005313
862.000000,0.008111,0.008956,0.005208,0.002827,0.006738
863.000000,0.005055,0.009837,0.005068,0.003627,0.003442
864.000000,0.005322,0.007563,0.004989,0.003719,0.005591
865.000000,0.004325,0.005963,0.005596,0.003905,0.000539
866.000000,0.003226,0.005906,0.005256,0.004217,-0.000180
867.000000,0.000688,0.004400,0.004859,0.003459,-0.005951
868.000000,0.000506,0.002780,0.004361,0.003691,0.002529
869.000000,-0.001770,0.001776,0.005257,0.003910,-0.005790
870.000000,0.000682,0.002503,0.005256,0.004026,0.012801
871.000000,-0.001046,0.001090,0.005396,0.004057,-0.008817
872.000000,0.004789,0.002739,0.005847,0.004385,0.023224
873.000000,0.002795,0.001650,0.005744,0.003929,-0.007444
874.000000,0.002489,0.000359,0.003961,0.003446,-0.007321
875.000000,0.002811,0.001746,0.003854,0.004313,0.014412
876.000000,0.001333,0.000144,0.003025,0.003552,-0.016206
877.000000,-0.005043,-0.000127,0.002137,0.003197,-0.008655
878.000000,-0.004789,-0.000997,0.000892,0.002575,-0.006176
879.000000,0.000394,0.001441,0.001608,0.003985,0.018594
880.000000,0.006260,0.004535,0.003519,0.005016,0.043744
881.000000,0.007989,0.004661,0.002876,0.005151,-0.007561
882.000000,0.009513,0.002235,0.002487,0.004643,-0.001036
883.000000,0.011919,0.003565,0.002608,0.005017,0.005854
884.000000,0.006268,0.003331,0.001845,0.003751,-0.009660
885.000000,-0.000652,0.002804,0.002275,0.003504,0.009145
886.000000,0.003387,0.005688,0.002916,0.003913,0.012630
887.000000,0.004609,0.007061,0.003467,0.003778,0.005075
888.000000,0.003371,0.007645,0.003324,0.003143,-0.000338
889.000000,0.004491,0.005379,0.003410,0.002865,-0.004060
890.000000,0.002322,0.000835,0.002685,0.002625,-0.001696
891.000000,-0.001806,0.000790,0.002726,0.002181,-0.008012
892.000000,-0.002924,0.000843,0.001539,0.001939,-0.000514
893.000000,-0.026494,-0.011562,-0.003998,-0.002116,-0.118190
894.000000,-0.026107,-0.010808,-0.003738,-0.002373,-0.002122
895.000000,-0.025382,-0.011530,-0.004363,-0.002326,0.001929
896.000000,-0.025327,-0.013567,-0.003939,-0.002578,-0.007740
897.000000,-0.023715,-0.013319,-0.003129,-0.002128,0.007547
898.000000,-0.000424,-0.013459,-0.002907,-0.002271,-0.001737
899.000000,-0.000271,-0.013189,-0.003905,-0.002123,-0.001353
900.000000,-0.004168,-0.014775,-0.006970,-0.003135,-0.017558
901.000000,-0.002148,-0.013738,-0.006474,-0.002762,0.002359
902.000000,-0.005433,-0.014574,-0.006866,-0.003832,-0.008875
903.000000,-0.004255,-0.002340,-0.006951,-0.003446,0.004151
904.000000,-0.004340,-0.002305,-0.006557,-0.003261,-0.001777
905.000000,0.003473,-0.000348,-0.005939,-0.003024,0.021506
906.000000,0.001876,-0.000136,-0.006851,-0.002672,-0.005625
907.000000,0.004853,-0.000290,-0.006804,-0.002183,0.006012
908.000000,0.003714,-0.000271,-0.006865,-0.002028,-0.001548
909.000000,0.004301,-0.000019,-0.006604,-0.002610,0.001161
910.000000,0.000579,0.002026,-0.006374,-0.003971,0.002897
911.000000,0.002359,0.002118,-0.005810,-0.003610,0.003273
912.000000,0.001041,0.002947,-0.005813,-0.003595,-0.000577
913.000000,-0.004583,-0.000435,-0.001387,-0.004779,-0.029672
914.000000,-0.005093,-0.000396,-0.001351,-0.004503,-0.001388
915.000000,-0.010818,-0.005119,-0.002733,-0.005665,-0.025725
916.000000,-0.011106,-0.004374,-0.002255,-0.006025,0.001831
917.000000,-0.007366,-0.003162,-0.001726,-0.005590,0.018124
918.000000,0.000238,-0.002173,-0.001222,-0.005301,0.008347
919.000000,0.001974,-0.001559,-0.000789,-0.004922,0.007296
920.000000,0.006647,-0.002085,-0.000030,-0.004945,-0.002360
921.000000,0.004977,-0.003065,-0.000473,-0.004895,-0.006520
922.000000,0.003089,-0.002138,0.000404,-0.004588,0.008684
923.000000,-0.000396,-0.000079,-0.000257,-0.000951,-0.009080
924.000000,-0.001261,0.000357,-0.000020,-0.000782,0.002970
925.000000,-0.000315,0.003166,-0.000977,-0.000767,0.002370
926.000000,-0.001832,0.001573,-0.001400,-0.000979,-0.014103
927.000000,-0.002491,0.000299,-0.001432,-0.001051,0.005387
928.000000,-0.000596,-0.000496,-0.001334,-0.000980,0.000398
929.000000,-0.005208,-0.003234,-0.002397,-0.001604,-0.020089
930.000000,-0.004065,-0.002190,-0.002138,-0.000750,0.008084
931.000000,-0.003837,-0.002835,-0.002950,-0.001261,-0.012966
932.000000,-0.005732,-0.004112,-0.003125,-0.001101,-0.004087
933.000000,-0.004261,-0.002429,-0.001254,-0.000981,0.007750
934.000000,0.000527,-0.002340,-0.000992,-0.000793,0.003853
935.000000,-0.000121,-0.002093,0.000537,-0.001349,0.004846
936.000000,0.003076,-0.000381,0.000596,-0.001061,0.003017
937.000000,0.006724,0.000496,0.000398,-0.000789,0.014156
938.000000,0.007419,0.001579,0.000541,-0.000363,0.011222
939.000000,0.004007,0.002267,-0.000484,-0.000842,-0.013203
940.000000,0.001685,0.000782,-0.000704,-0.001164,-0.006768
941.000000,0.002514,0.002795,-0.000020,-0.001035,0.007164
942.000000,0.001106,0.003915,-0.000098,-0.000778,0.007113
943.000000,-0.002522,0.002448,0.000010,-0.000020,-0.006915
944.000000,0.002562,0.003285,0.000472,0.000434,0.012217
945.000000,0.003406,0.002545,0.000226,0.001206,-0.002549
946.000000,-0.000755,0.000880,0.000249,0.000690,-0.013641
947.000000,-0.000552,0.000277,0.000386,0.000357,0.008128
948.000000,0.001422,-0.000550,0.000514,0.000178,0.002957
949.000000,-0.004877,-0.001157,0.000555,-0.000708,-0.019279
950.000000,-0.003326,0.000040,0.000411,-0.000456,0.005204
951.000000,-0.003291,-0.002023,0.000386,-0.000688,-0.013466
952.000000,-0.005444,-0.002998,0.000459,-0.001065,-0.002634
953.000000,-0.008115,-0.003346,-0.000449,-0.001109,-0.010401
954.000000,-0.004588,-0.004732,-0.000724,-0.001263,-0.001641
955.000000,-0.003382,-0.003354,-0.000404,-0.000967,0.011230
956.000000,0.000081,-0.001605,-0.000363,-0.000369,0.003850
957.000000,0.003340,-0.001052,-0.000388,-0.000093,0.013660
958.000000,0.022323,0.007104,0.003277,0.002711,0.084514
959.000000,0.029393,0.012403,0.005623,0.004504,0.033712
960.000000,0.029649,0.013133,0.006587,0.004652,0.012508
961.000000,0.028458,0.014270,0.006123,0.005014,-0.002103
962.000000,0.023999,0.013670,0.005336,0.004862,-0.008634
963.000000,0.006459,0.014391,0.005522,0.004498,-0.003190
964.000000,0.001272,0.015333,0.005300,0.004629,0.007781
965.000000,0.000455,0.015052,0.005849,0.004748,0.008420
966.000000,0.000175,0.014317,0.006356,0.004530,-0.003500
967.000000,0.002602,0.013301,0.006124,0.004175,0.003500
968.000000,0.002715,0.004587,0.005845,0.003714,-0.002624
969.000000,-0.002374,-0.000551,0.005926,0.003565,-0.017668
970.000000,0.001045,0.000750,0.006942,0.004641,0.025518
971.000000,0.002092,0.001134,0.007702,0.004460,0.001736
972.000000,0.008213,0.005408,0.009539,0.005360,0.034104
973.000000,0.013705,0.008210,0.011300,0.006418,0.024836
974.000000,0.020483,0.009054,0.012194,0.006552,0.016221
975.000000,0.014896,0.007971,0.011511,0.006556,-0.002416
976.000000,0.013011,0.007552,0.010934,0.006754,-0.007691
977.000000,0.003490,0.005852,0.009576,0.006033,-0.013500
978.000000,-0.001148,0.006279,0.005433,0.005990,0.001646
979.000000,-0.003899,0.008292,0.003870,0.006715,0.002464
980.000000,-0.002271,0.006313,0.003531,0.006732,0.005726
981.000000,0.003145,0.008078,0.004606,0.007827,0.019387
982.000000,0.005685,0.004587,0.004997,0.007888,-0.000800
983.000000,0.006791,0.002822,0.005516,0.008474,0.007180
984.000000,0.006457,0.001279,0.005167,0.008555,0.000795
985.000000,0.001625,-0.000323,0.003824,0.007566,-0.018437
986.000000,-0.006009,-0.001432,0.003060,0.006812,-0.018784
987.000000,-0.007339,-0.000827,0.002512,0.006108,-0.007447
988.000000,-0.010108,-0.001658,0.002310,0.003069,-0.006667
989.000000,-0.007939,-0.000741,0.003775,0.002333,0.011638
990.000000,-0.003592,-0.000984,0.002664,0.002026,0.003300
991.000000,0.000987,-0.002511,0.002783,0.002233,0.004110
992.000000,0.009568,0.001115,0.002851,0.003703,0.035459
993.000000,0.015132,0.002512,0.002667,0.004515,0.021152
994.000000,0.009522,0.000791,0.001035,0.003708,-0.016413
995.000000,0.006643,0.001526,0.000601,0.003058,-0.011094
996.000000,0.002446,0.001716,0.000142,0.002612,-0.016875
997.000000,-0.003353,0.003107,0.001140,0.002711,0.006462
998.000000,-0.009201,0.002966,0.000654,0.002529,-0.008084
999.000000,-0.008204,0.000659,-0.000041,0.002737,-0.011429
1000.000000,-0.005657,0.000493,-0.000245,0.001941,0.001641
1001.000000,-0.003433,-0.000493,-0.001502,0.001691,-0.005754
1002.000000,-0.004231,-0.003792,-0.001339,0.000637,0.002470
1003.000000,-0.001958,-0.005579,-0.001534,-0.000082,0.003284
1004.000000,0.000000,-0.004102,-0.001655,-0.000677,-0.001641
1005.000000,-0.002143,-0.003900,-0.001187,-0.000899,-0.009072
1006.000000,-0.000495,-0.001964,-0.000124,-0.000560,0.002482
1007.000000,-0.001652,-0.002941,0.000083,-0.000220,-0.003311
1008.000000,-0.003974,-0.002966,0.000000,-0.000553,-0.008326
1009.000000,-0.002978,-0.001489,-0.000415,-0.000524,0.003339
1010.000000,-0.004017,-0.003080,-0.001293,-0.001190,-0.014268
1011.000000,-0.005870,-0.003183,-0.001838,-0.002063,-0.006785
1012.000000,-0.006061,-0.003856,-0.003824,-0.002178,-0.004264
1013.000000,-0.003203,-0.003588,-0.004584,-0.002218,0.005965
1014.000000,-0.004211,-0.003594,-0.003848,-0.002302,-0.001701
1015.000000,-0.001868,-0.002943,-0.003421,-0.001772,-0.002556
1016.000000,0.000170,-0.002850,-0.002407,-0.001033,0.003407
1017.000000,-0.002408,-0.004234,-0.003588,-0.001356,-0.017153
1018.000000,-0.003428,-0.003315,-0.003140,-0.001105,0.000865
1019.000000,-0.007810,-0.006010,-0.003750,-0.002280,-0.023613
1020.000000,-0.005537,-0.003703,-0.003391,-0.002096,0.008811
1021.000000,-0.005868,-0.002849,-0.003016,-0.002175,0.001753
1022.000000,0.000691,-0.000858,-0.002357,-0.002836,0.015639
1023.000000,0.001892,-0.000768,-0.002178,-0.003312,0.006873
1024.000000,0.005413,-0.001199,-0.002396,-0.002965,-0.006011
1025.000000,0.002441,-0.001548,-0.002245,-0.002797,-0.006048
1026.000000,0.000000,-0.002934,-0.002892,-0.002583,-0.010453
1027.000000,0.000172,0.000432,-0.001901,-0.002248,0.016501
1028.000000,-0.006261,-0.002184,-0.002750,-0.002822,-0.025296
1029.000000,-0.006300,-0.000443,-0.003227,-0.002648,-0.006203
1030.000000,0.002583,0.002512,-0.000595,-0.001423,0.038366
1031.000000,0.003300,0.001650,-0.000599,-0.001460,-0.006867
1032.000000,-0.001036,-0.000432,-0.000645,-0.001716,-0.005181
1033.000000,0.001408,-0.002426,-0.001597,-0.002261,-0.013072
1034.000000,0.004917,-0.000691,-0.000945,-0.001828,0.011339
1035.000000,-0.001718,0.000432,-0.000558,-0.001353,0.005190
1036.000000,-0.001036,0.001132,-0.000901,-0.001551,-0.003457
1037.000000,0.000000,-0.000518,-0.000043,-0.001440,0.000000
1038.000000,0.003306,0.002357,0.000086,-0.001048,0.003457
1039.000000,0.001555,0.003236,0.001396,-0.001073,0.002585
1040.000000,0.001204,-0.000257,0.001128,-0.000482,0.003436
1041.000000,0.001552,0.000258,0.000954,-0.000314,-0.001717
1042.000000,0.002581,0.001290,0.000429,0.000000,0.005141
1043.000000,0.001376,0.002341,-0.000043,-0.000284,-0.002567
1044.000000,0.000000,0.000778,0.000043,-0.000371,-0.004294
1045.000000,-0.001032,0.000086,0.000259,-0.000343,-0.001723
1046.000000,-0.002594,-0.000521,0.000306,-0.000774,-0.009528
1047.000000,0.002041,0.002311,0.000896,0.000741,0.028316
1048.000000,0.000684,0.001030,0.001694,0.000401,-0.009350
1049.000000,0.001372,0.000686,0.001961,0.001160,-0.000854
1050.000000,-0.000691,-0.000861,-0.000559,0.000465,-0.012038
1051.000000,0.000868,-0.000863,-0.000302,0.000348,-0.001732
1052.000000,-0.004448,-0.001204,0.000043,-0.000115,0.001732
1053.000000,-0.002925,-0.001120,0.000610,-0.000402,-0.001732
1054.000000,0.000683,0.001027,0.000902,0.000371,0.017183
1055.000000,0.002237,0.000773,0.000430,0.000430,-0.004268
1056.000000,0.002240,0.001554,0.000517,0.000722,-0.001712
1057.000000,0.006301,0.000926,0.001619,0.000906,0.022035
1058.000000,0.004964,0.001020,0.001025,0.001469,-0.008418
1059.000000,0.005047,0.002865,0.001775,0.002262,0.017596
1060.000000,0.003561,0.002899,0.001019,0.000593,-0.011696
1061.000000,0.000855,0.001548,0.000342,0.000314,-0.015242
1062.000000,-0.004922,0.000690,-0.000257,0.000259,-0.006849
1063.000000,-0.003066,0.000949,-0.000086,0.000723,0.000859
1064.000000,-0.007101,-0.001027,0.000000,0.000259,-0.002578
1065.000000,-0.003561,0.000000,0.000386,0.000286,0.006006
1066.000000,0.000851,0.000853,0.001204,0.000629,0.006820
1067.000000,0.002900,-0.001011,-0.000042,0.000742,0.003393
1068.000000,0.004414,0.000674,0.000847,0.000908,0.008432
1069.000000,0.004930,-0.001086,0.000889,0.000822,0.000000
1070.000000,-0.000514,-0.002037,0.000431,0.000000,-0.021214
1071.000000,-0.002050,-0.000599,0.000474,0.000029,-0.000858
1072.000000,-0.005494,-0.001297,-0.000304,-0.000604,-0.013829
1073.000000,-0.004414,0.000000,0.000474,-0.000057,0.013829
1074.000000,-0.004414,0.000258,-0.000385,0.000086,0.000000
1075.000000,0.000343,-0.000086,-0.000043,0.000229,0.002572
1076.000000,0.004246,0.001098,0.000976,0.001169,0.018660
1077.000000,0.002250,-0.001622,-0.001316,-0.000569,-0.023811
1078.000000,-0.000860,-0.002637,-0.000982,-0.000315,-0.001723
1079.000000,0.002897,-0.000759,-0.000922,0.000340,0.018788
1080.000000,0.005406,0.002874,0.000418,0.001245,0.015114
1081.000000,0.002837,0.003542,0.001471,0.001497,0.005816
1082.000000,0.009742,0.005996,0.002349,0.001796,0.010713
1083.000000,0.010414,0.004777,0.002388,0.001908,0.001638
1084.000000,0.006165,0.004531,0.002394,0.001254,-0.002458
1085.000000,0.003797,0.004601,0.002258,0.001505,0.003276
1086.000000,0.006360,0.004599,0.002848,0.002183,0.018632
1087.000000,0.002606,0.006174,0.002276,0.001180,-0.008058
1088.000000,0.000164,0.005289,0.001326,0.001108,-0.010574
1089.000000,0.003899,0.005032,0.002137,0.001063,0.016221
1090.000000,0.002761,0.003279,0.003077,0.001372,-0.002416
1091.000000,-0.004054,0.001153,0.002347,0.001365,-0.015441
1092.000000,-0.002278,0.000164,0.003080,0.001621,0.000819
1093.000000,0.000000,0.000082,0.002429,0.001620,0.000818
1094.000000,-0.002917,0.000491,0.002511,0.001760,0.001634
1095.000000,-0.004073,-0.000656,0.001973,0.001287,-0.008197
1096.000000,-0.000574,-0.002314,0.001142,0.001128,0.002055
1097.000000,-0.002305,-0.002291,0.001941,0.000753,-0.007833
1098.000000,-0.002965,-0.001483,0.001903,0.000390,-0.002487
1099.000000,-0.002629,-0.002773,0.001129,0.000500,0.003314
1100.000000,-0.001321,-0.002697,0.000291,0.001152,-0.001656
1101.000000,-0.005749,-0.003162,-0.001004,0.000511,-0.020084
1102.000000,-0.003003,-0.002654,-0.001245,0.001169,0.005900
1103.000000,-0.000332,-0.001649,-0.000784,0.001070,0.010865
1104.000000,0.001647,-0.000491,0.000000,0.001510,0.013212
1105.000000,0.002143,0.000411,-0.000123,0.001452,0.000820
1106.000000,0.003020,-0.001365,-0.001839,0.000307,-0.015696
1107.000000,0.001173,-0.000915,-0.001603,0.000989,-0.003336
1108.000000,-0.002173,-0.001253,-0.001368,0.000851,-0.005865
1109.000000,-0.004984,-0.001668,-0.002221,0.000197,-0.000841
1110.000000,-0.005653,-0.001755,-0.002226,-0.000391,-0.002526
1111.000000,-0.002177,0.000422,-0.001370,-0.000529,0.001685
1112.000000,0.001830,0.001501,-0.000576,-0.000329,0.016695
1113.000000,0.003829,0.000828,-0.000411,-0.000246,0.004131
1114.000000,0.003667,-0.000658,-0.000575,-0.000219,-0.001650
1115.000000,0.001846,-0.001903,-0.000746,-0.000716,-0.011628
1116.000000,0.002010,-0.000083,-0.000724,-0.001254,0.002503
1117.000000,-0.001329,0.000250,-0.000332,-0.000985,0.000000
1118.000000,-0.000495,0.001667,0.000207,-0.000356,0.008299
1119.000000,-0.000165,0.001751,0.000041,-0.000897,0.000000
1120.000000,0.000501,0.001174,-0.000291,-0.001093,-0.008299
1121.000000,-0.000835,0.000587,0.000505,-0.000717,-0.004175
1122.000000,-0.002685,-0.002007,-0.000253,-0.001053,-0.009248
1123.000000,-0.003333,-0.001914,-0.000543,-0.000912,0.005055
1124.000000,-0.006723,-0.003444,-0.002051,-0.001531,-0.016950
1125.000000,-0.006780,-0.003140,-0.002522,-0.001544,-0.008584
1126.000000,-0.006982,-0.003909,-0.001996,-0.001786,-0.005186
1127.000000,-0.005133,-0.003909,-0.001829,-0.001524,0.000000
1128.000000,-0.006491,-0.004912,-0.001623,-0.001499,-0.001735
1129.000000,-0.003275,-0.004999,-0.001624,-0.001639,-0.000868
1130.000000,-0.000864,-0.003822,-0.001324,-0.001468,0.003469
1131.000000,-0.000868,-0.003925,-0.001669,-0.000972,-0.005208
1132.000000,0.002069,-0.001532,-0.001769,-0.000679,0.014687
1133.000000,0.003613,-0.001439,-0.001677,-0.000842,0.005985
1134.000000,0.003104,-0.000086,-0.001765,-0.001396,-0.003416
1135.000000,-0.001914,-0.001389,-0.002264,-0.002144,-0.021618
1136.000000,0.002594,0.000863,-0.001523,-0.001043,0.017331
1137.000000,-0.002416,-0.000173,-0.002041,-0.001277,-0.010363
1138.000000,-0.004135,-0.000261,-0.002586,-0.001169,-0.002608
1139.000000,-0.000342,0.001381,-0.001809,-0.000623,0.015544
1140.000000,0.003466,0.000776,-0.001523,-0.000624,-0.002574
1141.000000,0.000686,0.001640,-0.001143,-0.000566,0.003431
1142.000000,0.003101,0.000342,-0.000595,-0.001065,0.001711
1143.000000,0.004475,0.000170,-0.000634,-0.001061,0.004264
1144.000000,0.026149,0.012903,0.006409,0.003124,0.123911
1145.000000,0.025154,0.014310,0.006461,0.003260,-0.007547
1146.000000,0.022182,0.011434,0.006148,0.002796,-0.011429
1147.000000,0.022452,0.012776,0.006301,0.002898,0.003060
1148.000000,0.022666,0.013570,0.006655,0.002799,0.005333
1149.000000,-0.002573,0.011788,0.006584,0.002723,-0.002282
1150.000000,-0.002439,0.011357,0.006067,0.002770,-0.006878
1151.000000,-0.002157,0.010012,0.005826,0.002576,-0.010019
1152.000000,-0.000765,0.010843,0.005593,0.003218,0.010019
1153.000000,0.000607,0.011636,0.005903,0.003456,0.012195
1154.000000,-0.001529,-0.002051,0.005426,0.003589,-0.012962
1155.000000,0.001376,-0.000532,0.006889,0.004130,0.007645
1156.000000,0.006403,0.002123,0.006778,0.004807,0.015117
1157.000000,0.005148,0.002191,0.007484,0.004931,0.003744
1158.000000,0.003455,0.002031,0.007801,0.005114,0.003730
1159.000000,0.001072,-0.000229,0.005780,0.004313,-0.024879
1160.000000,-0.001222,0.000077,0.005717,0.004070,-0.003824
1161.000000,-0.005014,0.000695,0.005354,0.004116,-0.003839
1162.000000,-0.005916,-0.000384,0.005230,0.003601,-0.000770
1163.000000,-0.006201,-0.001373,0.005132,0.003478,0.002307
1164.000000,-0.001686,-0.000307,-0.001179,0.003515,-0.002307
1165.000000,-0.002312,-0.001767,-0.001149,0.004004,-0.006953
1166.000000,-0.003570,-0.004292,-0.001084,0.003088,-0.010129
1167.000000,-0.001701,-0.003809,-0.000809,0.003720,0.008577
1168.000000,-0.000924,-0.003562,-0.000766,0.004013,0.006192
1169.000000,-0.001236,-0.001461,-0.000845,0.003366,-0.003865
1170.000000,0.002005,-0.000153,-0.000038,0.003760,0.009252
1171.000000,0.006017,0.001223,0.000959,0.003977,0.009928
1172.000000,0.005060,0.001679,0.000648,0.004046,0.003792
1173.000000,0.003973,0.001524,0.000076,0.003929,0.000757
1174.000000,0.005350,0.002057,0.000875,-0.000100,0.003021
1175.000000,0.008857,0.005431,0.001832,0.001044,0.026787
1176.000000,0.006871,0.006444,0.001076,0.001425,0.000000
1177.000000,0.005377,0.005219,0.000705,0.001200,-0.003678
1178.000000,0.008297,0.006135,0.001286,0.001535,0.015357
1179.000000,0.010146,0.007748,0.003143,0.002019,0.012261
1180.000000,0.003060,0.005959,0.002903,0.001961,-0.008639
1181.000000,0.004501,0.005686,0.003455,0.002535,0.007205
1182.000000,0.006382,0.005880,0.003780,0.002392,0.005727
1183.000000,0.001878,0.005088,0.003306,0.001746,-0.007163
1184.000000,0.000430,0.005288,0.003672,0.002346,0.005020
1185.000000,0.004434,0.003747,0.004589,0.002470,0.011380
1186.000000,0.006359,0.005430,0.005937,0.002527,0.016831
1187.000000,0.006323,0.006352,0.005786,0.002588,0.005548
1188.000000,0.008446,0.005162,0.005649,0.002578,0.003452
1189.000000,0.006475,0.003452,0.005600,0.003246,-0.004836
1190.000000,0.006677,0.005555,0.005757,0.003787,0.012388
1191.000000,0.002488,0.004423,0.005055,0.003778,-0.004112
1192.000000,0.003700,0.005011,0.005446,0.004190,0.011608
1193.000000,0.004767,0.006607,0.005847,0.004406,0.008787
1194.000000,0.004925,0.005700,0.005494,0.004348,-0.004046
1195.000000,0.002177,0.004427,0.004087,0.004535,-0.001352
1196.000000,0.008472,0.005480,0.005455,0.005785,0.027362
1197.000000,0.004298,0.003999,0.005176,0.005190,-0.009259
1198.000000,0.003072,0.003919,0.004541,0.005072,0.002654
1199.000000,0.003483,0.004204,0.003828,0.005135,-0.001990
1200.000000,0.002421,0.002299,0.003927,0.004604,-0.006662
1201.000000,-0.000924,0.003774,0.004099,0.004628,0.010638
1202.000000,0.000133,0.002216,0.003614,0.004369,-0.003976
1203.000000,-0.000398,0.001337,0.003972,0.004344,0.000000
1204.000000,-0.002405,0.000539,0.003120,0.003842,-0.012024
1205.000000,0.000934,0.001677,0.003052,0.003284,0.010030
1206.000000,-0.001327,-0.001125,0.002177,0.003261,-0.000666
1207.000000,-0.001868,-0.000868,0.001566,0.003161,-0.006680
1208.000000,-0.002808,-0.001603,0.001158,0.002493,-0.004703
1209.000000,-0.006419,-0.004412,-0.000104,0.001081,-0.030077
1210.000000,-0.007594,-0.003330,-0.000516,0.001508,0.004155
1211.000000,-0.006221,-0.003774,0.000000,0.001474,0.006201
1212.000000,-0.003926,-0.002897,-0.000341,0.001443,0.004796
1213.000000,-0.002712,-0.002760,-0.000712,0.001728,0.001366
1214.000000,0.003713,-0.001353,-0.000407,0.001629,0.002046
1215.000000,0.006393,-0.000601,0.000538,0.001834,0.017556
1216.000000,0.000412,-0.002905,-0.002015,0.000483,-0.023706
1217.000000,0.001905,-0.001010,-0.000939,0.000707,0.012262
1218.000000,-0.001783,-0.002247,-0.001925,0.000023,-0.017071
1219.000000,0.001628,0.002670,-0.000871,0.000821,0.019100
1220.000000,-0.003103,0.001645,-0.000843,0.000205,-0.006100
1221.000000,-0.000549,-0.000069,-0.001921,-0.000023,-0.010937
1222.000000,-0.006188,-0.002142,-0.002519,-0.000941,-0.015934
1223.000000,-0.004035,-0.002909,-0.002834,-0.001444,-0.006305
1224.000000,-0.008559,-0.003465,-0.002409,-0.001426,-0.003520
1225.000000,-0.006916,-0.005010,-0.002805,-0.001311,0.002113
1226.000000,-0.003326,-0.001938,-0.002421,-0.001989,0.007013
1227.000000,0.002912,-0.001638,-0.001324,-0.001172,0.015257
1228.000000,0.003483,-0.000276,-0.001262,-0.001375,-0.003447
1229.000000,0.007475,-0.000542,0.001064,-0.000761,0.016439
1230.000000,0.006780,-0.000068,0.000788,-0.000584,-0.001360
1231.000000,0.007408,0.002041,0.000986,-0.000601,0.010152
1232.000000,0.009148,0.006030,0.001944,0.000330,0.023953
1233.000000,0.004101,0.003792,0.000442,-0.000626,-0.028678
1234.000000,0.003235,0.005355,0.000945,0.000179,0.012105
1235.000000,0.002434,0.004607,-0.000201,-0.000334,-0.005362
1236.000000,0.003868,0.005638,0.001850,0.000265,0.017322
1237.000000,0.000918,0.005033,0.001697,0.000795,0.009205
1238.000000,0.004284,0.004193,0.001958,0.000556,-0.011850
1239.000000,0.000134,0.001684,0.000571,0.001271,-0.008647
1240.000000,0.001606,0.002020,0.000976,0.001199,0.002002
1241.000000,-0.003868,0.000000,0.001020,0.000657,-0.010050
1242.000000,-0.006384,-0.002733,0.001649,0.000385,-0.003373
1243.000000,-0.004962,-0.000339,0.001727,0.000182,-0.004741
1244.000000,-0.004732,-0.002299,0.001528,-0.000137,-0.007496
