0.000000,0.004624,0.000447,0.000450,0.001448,0.008433
1.000000,0.007636,0.001059,0.000853,0.001850,0.010153
2.000000,0.006510,0.002952,0.000675,0.001687,0.002207
3.000000,0.008354,0.003321,0.000768,0.001469,0.006071
4.000000,0.004574,0.004039,0.000621,0.001165,-0.003995
5.000000,0.002808,0.003716,0.000263,0.001047,-0.000398
6.000000,0.000441,0.004039,0.000342,0.000647,-0.001679
7.000000,-0.000821,0.002845,0.000519,0.000682,-0.004103
8.000000,-0.002859,0.002748,0.000618,0.000237,-0.004120
9.000000,-0.002611,0.000981,0.000501,0.000259,-0.002756
10.000000,-0.003148,-0.000170,0.000139,0.000243,-0.003083
11.000000,-0.002302,-0.000930,0.000064,0.000258,0.002552
12.000000,0.000316,-0.000252,0.001350,0.000366,0.008988
13.000000,0.000486,-0.001186,0.001067,0.000116,-0.003268
14.000000,0.001502,-0.000555,0.001742,0.000229,0.002321
15.000000,0.001358,-0.000895,0.001411,-0.000123,-0.003800
16.000000,0.000742,-0.000780,0.001629,-0.000032,-0.000529
17.000000,-0.001479,-0.000582,0.001131,0.000152,-0.002119
18.000000,0.000401,0.000444,0.001596,0.000560,0.006132
19.000000,-0.000316,0.000593,0.000787,0.000532,-0.001266
20.000000,-0.000424,0.000467,0.000149,0.000248,-0.004336
21.000000,0.001455,0.001099,0.000084,0.000409,0.008864
22.000000,-0.000191,-0.000835,-0.000544,0.000621,-0.010349
23.000000,0.000778,0.000590,-0.000298,0.000908,0.010979
24.000000,0.000758,0.000221,-0.000167,0.001235,-0.001366
25.000000,0.007979,0.003778,0.001441,0.002200,0.031765
26.000000,0.003354,0.002405,0.000812,0.001888,-0.014257
27.000000,0.004285,0.002047,0.000733,0.001437,-0.005698
28.000000,0.002276,0.001527,0.000985,0.001573,0.000935
29.000000,0.002112,0.001435,0.001014,0.001003,-0.002182
30.000000,-0.003597,0.002191,0.001329,0.000829,0.003220
31.000000,0.000660,0.002007,0.001553,0.000725,0.007026
32.000000,0.000933,0.002609,0.000887,0.000507,-0.004334
33.000000,-0.000978,0.000649,0.000619,0.000017,-0.008620
34.000000,-0.001001,0.000556,0.000388,0.000074,-0.002297
35.000000,-0.000727,-0.002162,0.000808,0.000240,0.004590
36.000000,-0.004435,-0.001888,0.000259,-0.000088,-0.011514
37.000000,-0.003484,-0.001276,0.000386,0.000063,0.000421
38.000000,0.000271,-0.000354,0.000587,0.000539,0.010156
39.000000,0.000564,-0.000219,0.000608,0.000603,-0.000834
40.000000,-0.001148,-0.000938,0.000627,0.000574,-0.003970
41.000000,0.005565,0.000565,0.001286,0.001224,0.022049
42.000000,0.006502,0.001509,0.002059,0.001094,0.005106
43.000000,0.003511,0.001891,0.001270,0.001043,-0.004799
44.000000,0.002980,0.001772,0.001164,0.000850,-0.003486
45.000000,0.006082,0.002467,0.000153,0.001361,0.011540
46.000000,0.002968,0.004266,0.001189,0.001594,0.006477
47.000000,0.000976,0.003739,0.001231,0.001503,-0.004854
48.000000,0.005910,0.004710,0.002178,0.001961,0.019872
49.000000,0.007737,0.005358,0.002570,0.002192,0.005648
50.000000,0.007082,0.006582,0.002822,0.002612,0.008266
51.000000,0.003936,0.003452,0.002008,0.002008,-0.009255
52.000000,0.005775,0.003375,0.002442,0.002498,0.004343
53.000000,0.003487,0.004699,0.003295,0.002413,0.008434
54.000000,0.002064,0.004901,0.003336,0.002409,-0.001466
55.000000,0.004266,0.005674,0.004071,0.001993,0.019275
56.000000,0.005156,0.004546,0.004406,0.002308,-0.004808
57.000000,0.005996,0.005885,0.004812,0.002783,0.008543
58.000000,0.004538,0.004013,0.004361,0.002790,0.001146
59.000000,0.007543,0.004804,0.005081,0.003314,0.013559
60.000000,0.000995,0.002631,0.004606,0.002758,-0.013464
61.000000,0.003042,0.004099,0.003775,0.002705,0.005426
62.000000,0.000611,0.003303,0.003339,0.002729,-0.003614
63.000000,0.000781,0.002660,0.003679,0.003083,0.001999
64.000000,-0.003899,0.001822,0.003361,0.002831,-0.009843
65.000000,0.000686,0.000841,0.003257,0.002994,0.009462
66.000000,0.000285,0.001663,0.003104,0.003492,0.003419
67.000000,0.004615,0.002613,0.004249,0.004079,0.018039
68.000000,0.006327,0.003554,0.003783,0.004092,0.010559
69.000000,0.009508,0.002805,0.003804,0.004322,0.006062
70.000000,0.003246,0.001966,0.002298,0.003726,-0.021849
71.000000,0.006950,0.003617,0.003858,0.003723,0.021940
72.000000,-0.000982,0.001817,0.002560,0.002832,-0.021622
73.000000,-0.003082,0.001622,0.002141,0.002994,0.000056
74.000000,-0.002822,0.003343,0.002583,0.003355,0.007364
75.000000,0.002104,0.002675,0.001758,0.003063,0.002782
76.000000,-0.001231,0.002860,0.002262,0.003023,0.005265
77.000000,0.003958,0.001488,0.002050,0.003329,0.004321
78.000000,0.002196,-0.000443,0.001556,0.002375,-0.008753
79.000000,0.001683,-0.000569,0.001118,0.002346,0.004801
80.000000,0.000813,0.001459,0.001712,0.002019,-0.001567
81.000000,-0.000406,-0.000818,0.001400,0.002299,-0.000831
82.000000,-0.002307,0.000826,0.001321,0.001982,-0.005183
83.000000,-0.000111,0.001042,0.001332,0.001775,0.002225
84.000000,0.000827,0.001255,0.002299,0.002140,0.009492
85.000000,0.001470,0.001142,0.001909,0.001553,0.001650
86.000000,0.004690,0.002142,0.002501,0.002222,0.015266
87.000000,0.005564,0.001629,0.001558,0.001910,-0.000812
88.000000,0.004378,0.002133,0.000845,0.001748,-0.003707
89.000000,0.002950,0.001888,0.000660,0.001375,0.002353
90.000000,0.001442,0.001456,0.001457,0.001627,-0.005892
91.000000,-0.000235,0.002228,0.000705,0.001676,0.006885
92.000000,0.002226,0.003895,0.002360,0.002179,0.011490
93.000000,0.001462,0.002920,0.001981,0.001862,-0.007526
94.000000,0.004221,0.003585,0.002420,0.002728,0.016146
95.000000,0.002547,0.001994,0.001568,0.001937,-0.014259
96.000000,0.002030,0.000898,0.001520,0.001966,0.004299
97.000000,-0.002009,0.000108,0.000868,0.001075,-0.008707
98.000000,0.000144,0.000803,0.001468,0.000831,0.003240
99.000000,-0.002708,0.000756,0.001322,0.000692,0.001885
100.000000,-0.000593,0.000977,0.001217,0.001297,-0.003684
101.000000,-0.005859,-0.001914,0.000157,-0.000168,-0.022027
102.000000,-0.002303,-0.002156,0.000869,0.000855,0.009070
103.000000,-0.002751,-0.001303,0.000808,0.000886,0.001003
104.000000,-0.002201,-0.002454,0.000565,0.000795,0.004636
105.000000,-0.005587,-0.003090,-0.000548,0.000015,-0.020616
106.000000,-0.002705,-0.004282,-0.001692,-0.000414,-0.007620
107.000000,-0.003830,-0.003067,-0.001479,-0.000443,0.003446
108.000000,-0.002401,-0.002576,-0.000887,0.000120,0.008147
109.000000,-0.003292,-0.002746,-0.000995,-0.000034,0.000184
110.000000,-0.002928,-0.004258,-0.001640,-0.000608,-0.018798
111.000000,-0.002610,-0.002658,-0.002286,-0.000781,-0.006030
112.000000,-0.001306,-0.002568,-0.002362,-0.000276,0.009968
113.000000,-0.003798,-0.003100,-0.002202,-0.000494,-0.004314
114.000000,0.001579,-0.000856,-0.001655,0.000092,0.027071
115.000000,0.008155,0.002613,-0.000238,0.000506,0.014078
116.000000,0.005187,0.001288,-0.001497,-0.000699,-0.020869
117.000000,-0.000356,-0.000831,-0.001949,-0.001263,-0.017746
118.000000,0.002057,-0.000871,-0.001723,-0.000881,0.007750
119.000000,-0.003413,-0.000917,-0.001832,-0.000969,-0.000279
120.000000,-0.004229,0.001963,-0.001147,-0.000439,0.009998
121.000000,0.002380,0.003783,0.000563,-0.000263,0.012177
122.000000,0.007921,0.003783,0.000607,-0.000314,0.009960
123.000000,0.005360,0.003708,0.000304,-0.000232,-0.005058
124.000000,0.007254,0.001921,0.000532,-0.000463,0.009194
125.000000,0.004211,-0.000009,0.001302,-0.000162,-0.005218
126.000000,0.002136,0.002258,0.001773,-0.000245,0.001802
127.000000,0.002578,0.005250,0.002209,0.000451,0.012170
128.000000,0.006328,0.005844,0.002487,0.000799,0.013692
129.000000,0.004700,0.005977,0.002530,0.000771,0.001052
130.000000,0.007853,0.006032,0.003997,0.001246,0.010549
131.000000,0.009701,0.005918,0.004851,0.002348,0.011039
132.000000,0.008498,0.005538,0.004660,0.002251,0.006156
133.000000,0.004271,0.005299,0.004504,0.001969,-0.007444
134.000000,0.003148,0.003924,0.002922,0.001663,-0.004562
135.000000,0.001124,0.004489,0.002240,0.002364,0.000431
136.000000,0.001402,0.005551,0.003905,0.003033,0.012427
137.000000,0.001054,0.004776,0.005013,0.003065,0.004419
138.000000,0.003861,0.004066,0.004955,0.003013,0.006592
139.000000,0.004791,0.003969,0.004973,0.003010,0.000084
140.000000,0.002417,0.001771,0.003901,0.003255,-0.011436
141.000000,-0.000854,0.000274,0.003096,0.003325,-0.003927
142.000000,-0.001977,-0.000461,0.002538,0.002953,-0.001198
143.000000,-0.005500,-0.000819,0.002240,0.002729,-0.011022
144.000000,-0.004463,0.000164,0.002044,0.002003,0.005268
145.000000,-0.002452,-0.000017,0.002236,0.001487,-0.001379
146.000000,-0.000342,-0.000598,0.002477,0.002404,0.006619
147.000000,0.000718,-0.000629,0.002073,0.003132,0.004104
148.000000,0.003247,-0.001127,0.001470,0.002928,0.001620
149.000000,0.001476,-0.001494,0.001238,0.002818,-0.003585
150.000000,0.000912,-0.000770,0.000500,0.002344,-0.004198
151.000000,0.001672,0.000665,0.000470,0.002286,0.010420
152.000000,-0.000325,0.000197,-0.000132,0.001758,-0.005880
153.000000,-0.000119,0.001564,0.000372,0.002015,0.002646
154.000000,0.000256,0.000866,0.000515,0.001651,-0.001706
155.000000,0.000600,0.000756,0.000369,0.001743,-0.002479
156.000000,-0.005478,-0.001903,-0.001250,0.001017,-0.019972
157.000000,-0.004250,-0.002287,-0.001458,0.000620,0.000262
158.000000,-0.004361,-0.002240,-0.001683,0.000233,0.002093
159.000000,-0.002769,-0.001256,-0.001375,0.000407,0.006253
160.000000,-0.004467,-0.001933,-0.001351,-0.000311,-0.010969
161.000000,0.001236,-0.002121,-0.000728,-0.000394,0.008542
162.000000,0.002395,-0.000927,-0.000365,-0.000397,0.006057
163.000000,0.001199,-0.001581,-0.000009,-0.000279,-0.003890
164.000000,-0.003511,-0.003140,-0.001137,-0.000703,-0.017296
165.000000,-0.002289,-0.003378,-0.001311,-0.000880,-0.004858
166.000000,-0.004334,-0.001549,-0.001726,-0.001350,-0.001684
167.000000,-0.005883,-0.001744,-0.002016,-0.001553,-0.001687
168.000000,-0.006890,-0.002845,-0.002543,-0.002071,-0.008924
169.000000,-0.000918,-0.002215,-0.001735,-0.001655,0.012560
170.000000,-0.000994,-0.001642,-0.001787,-0.001448,-0.005236
171.000000,-0.000480,-0.002407,-0.002264,-0.001288,0.000889
172.000000,0.002507,-0.001688,-0.001308,-0.000806,0.013248
173.000000,0.005691,-0.000599,-0.001090,-0.000206,0.006994
174.000000,0.003927,0.001504,-0.000818,-0.000257,0.003739
175.000000,0.004104,0.001555,-0.000911,-0.000356,-0.004349
176.000000,0.003717,0.001619,0.000035,-0.000611,-0.001047
177.000000,0.003255,0.002881,0.000569,-0.000383,0.010936
178.000000,0.001683,0.003687,0.000421,-0.000466,-0.000864
179.000000,0.003169,0.003548,0.000667,0.000026,0.011169
180.000000,0.004141,0.004123,0.001241,0.000183,0.000512
181.000000,0.003134,0.003426,0.000509,-0.000367,-0.006081
182.000000,-0.000484,0.001385,-0.000151,-0.000410,-0.007156
183.000000,-0.003064,-0.000691,-0.000645,-0.000957,-0.013766
184.000000,-0.004231,-0.000531,0.000487,-0.000722,0.005337
185.000000,-0.002509,0.000816,0.001186,-0.000336,0.009121
186.000000,-0.001258,0.000938,0.001278,0.000336,0.000173
187.000000,-0.000294,-0.000389,0.001246,0.000249,-0.002337
188.000000,0.005196,0.001066,0.002376,0.000636,0.013684
189.000000,0.001790,-0.001221,0.001164,0.000037,-0.011693
190.000000,-0.002488,-0.002499,0.000812,-0.000006,-0.012269
191.000000,0.000276,-0.000491,0.001467,0.000176,0.013997
192.000000,-0.000035,-0.000165,0.000610,-0.000156,-0.003893
193.000000,-0.004617,0.000289,-0.000201,-0.000334,-0.009229
194.000000,-0.003296,-0.000753,-0.000642,0.000073,-0.005086
195.000000,0.003041,0.000276,0.000546,0.000882,0.019416
196.000000,0.001805,0.001041,0.000989,0.001199,0.007816
197.000000,0.002959,0.001462,0.000537,0.001318,0.001881
198.000000,0.004207,-0.000205,0.000430,0.001516,-0.002993
199.000000,0.008857,0.002780,0.000780,0.001703,0.018164
200.000000,0.006148,0.004594,0.001048,0.002073,0.005871
201.000000,0.003073,0.002439,0.000974,0.001791,-0.007554
202.000000,0.003538,0.003249,0.001542,0.001490,0.004204
203.000000,0.007102,0.005654,0.002972,0.001751,0.014824
204.000000,0.003303,0.006080,0.002663,0.001599,-0.000827
205.000000,-0.008629,-0.001241,-0.000482,-0.000049,-0.053791
206.000000,-0.003125,-0.000026,0.000507,0.000651,0.019967
207.000000,-0.005584,-0.001023,0.000220,0.000017,-0.008094
208.000000,-0.008080,-0.000489,-0.000347,0.000124,0.002344
209.000000,-0.009158,-0.002927,-0.000074,-0.000456,-0.006217
210.000000,0.002878,-0.002876,0.000859,-0.000260,0.006389
211.000000,-0.000291,-0.001708,0.000366,0.000080,0.004122
212.000000,0.000572,-0.002506,0.000371,0.000193,-0.003778
213.000000,0.000000,-0.004040,0.000807,0.000634,-0.000516
214.000000,0.000588,-0.004285,0.000897,0.000347,-0.003276
215.000000,-0.001486,0.000696,-0.000272,-0.000089,-0.003980
216.000000,-0.000189,-0.000240,-0.000133,0.000258,0.010608
217.000000,-0.001260,-0.000344,-0.000684,0.000032,-0.009135
218.000000,0.000361,0.000181,-0.000154,-0.000171,0.007590
219.000000,0.002727,0.001658,-0.000635,0.000504,0.008555
220.000000,0.004340,0.001427,-0.000724,0.001049,0.004081
221.000000,0.004328,0.002070,0.000181,0.000934,0.010549
222.000000,0.005852,0.002296,-0.000105,0.001013,-0.001512
223.000000,0.003306,0.001834,-0.001103,0.001149,-0.005142
224.000000,0.001511,0.002119,-0.001083,0.001305,-0.000423
225.000000,0.001336,0.002838,0.001767,0.000764,0.003208
226.000000,0.001172,0.002750,0.001255,0.000828,0.009728
227.000000,-0.000843,0.002505,0.001080,0.000379,-0.011584
228.000000,0.000826,0.002066,0.001123,0.000586,0.003203
229.000000,0.000169,0.000840,0.001249,-0.000143,-0.003710
230.000000,-0.001999,-0.000331,0.000548,-0.000593,-0.007632
231.000000,-0.002621,-0.000725,0.000673,-0.000121,0.006617
232.000000,-0.004249,-0.002546,-0.000125,-0.000919,-0.019727
233.000000,-0.005495,-0.002334,-0.000250,-0.001514,-0.003023
234.000000,-0.003752,-0.001791,0.000164,-0.001319,0.005005
235.000000,-0.000221,-0.001110,0.000864,0.000808,0.010020
236.000000,-0.003687,-0.003154,-0.000202,-0.000215,-0.010709
237.000000,-0.001072,-0.002661,-0.000078,-0.000167,-0.006654
238.000000,-0.001773,-0.003634,-0.000784,-0.000462,-0.006524
239.000000,-0.003280,-0.003516,-0.001338,-0.000340,-0.002534
240.000000,-0.004778,-0.002499,-0.001415,-0.000468,0.002534
241.000000,-0.001279,-0.002483,-0.001604,-0.000379,0.006784
242.000000,-0.001270,-0.001171,-0.001859,-0.000474,-0.006610
243.000000,0.000436,-0.000668,-0.001501,-0.000390,0.002005
244.000000,0.000420,-0.001430,-0.001611,-0.000368,-0.002616
245.000000,-0.001560,-0.003169,-0.002139,-0.000480,-0.007361
246.000000,-0.001444,-0.001362,-0.002258,-0.000589,0.007361
247.000000,0.001634,0.000182,-0.001239,0.000009,0.008780
248.000000,0.000834,0.000635,-0.001499,-0.000311,-0.001993
249.000000,0.001808,0.001114,-0.001201,-0.000521,0.002252
250.000000,0.003643,0.001042,-0.000729,-0.000596,0.001815
251.000000,0.002844,0.000700,-0.000892,-0.000836,0.003363
252.000000,-0.001146,0.000244,-0.000464,-0.001158,-0.011167
253.000000,-0.000451,0.000191,-0.000238,-0.000937,0.001479
254.000000,-0.001424,0.000192,-0.000619,-0.001010,-0.002611
255.000000,0.000483,0.002063,-0.000553,-0.000738,0.011351
256.000000,-0.000448,0.001198,-0.000082,-0.001106,-0.001293
257.000000,0.001958,0.000406,0.000294,-0.000691,0.000862
258.000000,0.000642,0.000095,0.000365,-0.000968,-0.005099
259.000000,0.000470,-0.000477,0.000318,-0.000960,-0.003472
260.000000,0.000843,0.000663,0.000852,-0.000265,0.013214
261.000000,0.003099,0.001325,0.001013,-0.000153,0.009989
262.000000,0.004078,0.003018,0.001631,0.000697,0.005760
263.000000,0.007933,0.004287,0.002239,0.001270,0.014173
264.000000,0.007843,0.004156,0.002174,0.000973,-0.003921
265.000000,0.005150,0.002996,0.002530,0.000630,-0.000251
266.000000,0.000678,0.001889,0.001543,0.000575,-0.012368
267.000000,-0.003476,0.000301,0.000354,0.000296,-0.015012
268.000000,-0.007241,0.000346,0.000221,0.000359,-0.004652
269.000000,-0.007565,0.000139,-0.000169,0.000259,-0.005541
270.000000,-0.006960,-0.000905,-0.000121,0.000267,0.002774
271.000000,-0.001104,-0.000213,0.000556,0.000604,0.016912
272.000000,0.001200,-0.001138,0.000940,0.000708,-0.003496
273.000000,0.000138,-0.003551,0.000368,0.000309,-0.009959
274.000000,0.002193,-0.002686,0.000735,0.000554,0.004734
275.000000,0.001690,-0.002635,0.000181,0.000808,0.000258
276.000000,-0.004668,-0.002886,-0.000499,0.000067,-0.014877
277.000000,-0.001251,-0.000026,0.000138,0.000227,0.013588
278.000000,0.000259,0.000198,0.000272,0.000213,-0.002410
279.000000,-0.001310,0.000442,0.000290,0.000035,-0.003107
280.000000,-0.001327,0.000182,-0.000362,-0.000020,0.000173
281.000000,0.001718,-0.001475,-0.000844,-0.000121,0.000346
282.000000,0.000926,-0.000162,-0.000650,0.000572,0.009630
283.000000,0.000534,0.000396,-0.001578,0.000377,-0.004373
284.000000,-0.000329,-0.000819,-0.001752,0.000217,-0.007418
285.000000,0.000483,-0.000422,-0.001528,-0.000020,0.004233
286.000000,-0.001910,-0.000096,-0.001491,-0.000364,-0.011620
287.000000,-0.002844,-0.000959,-0.000492,-0.000228,0.004959
288.000000,-0.003240,-0.001353,-0.000577,-0.000270,-0.006356
289.000000,-0.003564,-0.001946,-0.000752,-0.000455,-0.009037
290.000000,-0.005259,-0.002388,-0.001103,-0.001037,-0.004240
291.000000,-0.001137,-0.001523,-0.001499,-0.001070,0.008988
292.000000,-0.001936,-0.002390,-0.001276,-0.001230,0.000964
293.000000,0.001566,-0.000837,-0.000221,-0.001331,0.011155
294.000000,0.004031,0.000233,-0.000293,-0.001090,0.003288
295.000000,0.006616,0.000679,0.000129,-0.000793,0.008686
296.000000,0.006388,0.002626,0.001265,-0.000119,0.007847
297.000000,0.004489,0.001276,0.000159,0.000097,-0.008532
298.000000,0.001554,0.001560,0.000103,0.000135,-0.003519
299.000000,0.000000,0.002016,0.000035,0.000170,-0.004482
300.000000,-0.002014,0.002301,-0.000043,0.000032,-0.001383
301.000000,-0.004485,0.000952,-0.000286,-0.000682,-0.004508
302.000000,-0.002657,0.000916,-0.000737,-0.000545,0.000608
303.000000,-0.001571,-0.000009,-0.000423,-0.000150,0.001909
304.000000,-0.000762,-0.000381,-0.000074,-0.000322,-0.000433
305.000000,-0.002139,-0.002077,-0.000699,-0.000606,-0.008271
306.000000,-0.001255,-0.002870,-0.000122,-0.000113,-0.000087
307.000000,-0.004816,-0.003736,-0.001230,-0.001140,-0.017197
308.000000,-0.004310,-0.002941,-0.000690,-0.000911,0.004438
309.000000,-0.005931,-0.003346,-0.000665,-0.001092,-0.008538
310.000000,-0.003938,-0.003039,-0.000369,-0.001042,0.001696
311.000000,-0.004206,-0.002730,-0.000889,-0.001101,-0.001428
312.000000,0.002124,-0.001346,-0.000215,-0.000940,0.014450
313.000000,0.001447,-0.001432,-0.000720,-0.000759,0.001056
314.000000,0.003172,-0.001379,-0.000880,-0.000509,0.000088
315.000000,0.003693,-0.000122,-0.001100,-0.000507,0.004298
316.000000,0.001051,-0.001577,-0.002224,-0.000607,-0.014637
317.000000,-0.002355,-0.000116,-0.001926,-0.000859,-0.002579
318.000000,0.000246,0.000847,-0.001047,-0.000178,0.014060
319.000000,-0.000775,0.001199,-0.001074,-0.000044,-0.005018
320.000000,-0.004640,-0.000474,-0.001756,-0.000404,-0.015027
321.000000,-0.005859,-0.002404,-0.002567,-0.001394,-0.020729
322.000000,-0.003867,-0.003111,-0.002229,-0.001180,0.007381
323.000000,-0.007078,-0.003416,-0.002424,-0.001619,-0.001999
324.000000,-0.004444,-0.002610,-0.001995,-0.001457,0.008154
325.000000,-0.000844,-0.002742,-0.001432,-0.001647,0.002973
326.000000,0.004182,-0.000838,-0.001208,-0.001762,0.004399
327.000000,0.002688,-0.000589,-0.000353,-0.001481,-0.000090
328.000000,0.005332,-0.000873,-0.000013,-0.000989,0.011224
329.000000,0.004091,-0.000177,0.000511,-0.000775,0.001947
330.000000,0.004993,0.002075,0.000801,-0.000479,0.007487
331.000000,0.006365,0.005273,0.001435,0.000046,0.011256
332.000000,0.007439,0.005063,0.000976,0.000202,0.005279
333.000000,0.006192,0.005762,0.001173,0.000305,0.004994
334.000000,0.005029,0.004560,0.000975,0.000190,-0.003872
335.000000,0.002737,0.003865,0.000561,0.000333,-0.003974
336.000000,0.000399,0.003382,0.001272,0.000322,-0.000433
337.000000,-0.001612,0.002913,0.001162,0.000736,-0.004774
338.000000,-0.002924,0.001634,0.000381,0.000536,-0.001567
339.000000,-0.003040,0.000994,0.000409,0.000672,-0.004454
340.000000,-0.002842,-0.000053,0.001011,0.000516,-0.002981
341.000000,-0.002107,-0.000854,0.002210,0.000672,0.003243
342.000000,-0.001467,-0.001539,0.001762,0.000138,-0.001576
343.000000,-0.002455,-0.002690,0.001536,-0.000114,-0.006507
344.000000,-0.003159,-0.003100,0.000730,-0.000383,-0.007972
345.000000,-0.001817,-0.002329,0.000768,-0.000402,0.003728
346.000000,-0.002288,-0.002198,0.000592,0.000115,0.000886
347.000000,-0.004055,-0.002761,0.000076,-0.000146,-0.010411
348.000000,-0.001933,-0.002194,-0.000280,-0.000478,0.004106
349.000000,-0.000552,-0.001855,-0.000431,-0.000346,-0.001070
350.000000,-0.000692,-0.001255,-0.000654,0.000256,0.003027
351.000000,0.000142,-0.001073,-0.000964,0.001115,0.005055
352.000000,0.001604,-0.001226,-0.001383,0.000766,-0.003101
353.000000,0.000640,-0.000646,-0.001668,0.000809,-0.000710
354.000000,0.003938,0.001693,-0.000703,0.001051,0.015419
355.000000,0.003647,0.001477,-0.000426,0.001004,0.001573
356.000000,0.002549,0.001345,-0.000426,0.000843,-0.000437
357.000000,0.004492,0.003048,0.000143,0.001067,0.006616
358.000000,0.004547,0.002594,0.000200,0.000678,-0.000434
359.000000,0.002416,0.003177,0.000661,0.000772,0.004763
360.000000,0.002654,0.003150,0.000948,0.000614,0.002761
361.000000,0.002517,0.002533,0.000730,0.000202,-0.001121
362.000000,-0.000017,0.002237,0.000506,-0.000176,-0.006055
363.000000,-0.000417,0.002065,0.000710,-0.000423,-0.002432
364.000000,0.004628,0.003522,0.002608,0.000705,0.029989
365.000000,0.002364,0.002509,0.001993,0.000552,-0.008562
366.000000,0.002605,0.002561,0.001953,0.000570,0.000085
367.000000,0.004292,0.002137,0.002593,0.000808,0.002381
368.000000,0.004694,0.002138,0.002366,0.000846,-0.000425
369.000000,0.000725,0.002676,0.002927,0.001333,0.010144
370.000000,0.001965,0.002165,0.002657,0.001353,-0.002358
371.000000,0.001628,0.002116,0.002325,0.001192,-0.001603
372.000000,0.001540,0.002916,0.002577,0.001309,0.001940
373.000000,0.001085,0.002889,0.002477,0.001436,-0.002700
374.000000,-0.000775,-0.000025,0.001748,0.001730,0.000845
375.000000,-0.000337,0.000814,0.001661,0.001600,-0.000169
376.000000,0.001212,0.001420,0.001990,0.001775,0.006146
377.000000,0.000690,0.001115,0.001626,0.002100,-0.000672
378.000000,0.001499,0.001292,0.001715,0.002008,0.001343
379.000000,0.001748,0.000487,0.001581,0.002113,0.002095
380.000000,0.000893,0.000278,0.001221,0.001864,-0.004446
381.000000,0.000469,0.000841,0.001479,0.001830,0.004027
382.000000,-0.000622,0.000034,0.001475,0.001729,-0.006131
383.000000,-0.000369,0.000565,0.001727,0.001840,0.002608
384.000000,-0.000604,0.000572,0.000274,0.001356,0.000924
385.000000,0.000604,0.000749,0.000781,0.001357,0.001594
386.000000,0.000017,0.000243,0.000832,0.001408,0.001089
387.000000,-0.000980,-0.000801,0.000157,0.000817,-0.011113
388.000000,-0.000320,-0.000344,0.000474,0.001028,0.005909
389.000000,-0.001398,-0.001001,-0.000257,0.000721,-0.004471
390.000000,-0.002361,-0.000878,-0.000300,0.000521,-0.003218
391.000000,-0.002884,-0.001434,-0.000296,0.000508,-0.001528
392.000000,-0.000593,-0.000787,-0.000376,0.000721,0.000340
393.000000,-0.000962,-0.000641,-0.000038,0.000938,0.004067
394.000000,-0.000186,-0.000792,-0.000110,-0.000082,-0.000592
395.000000,0.001504,-0.000428,0.000160,0.000378,0.005233
396.000000,0.003235,0.000176,0.000209,0.000613,0.007129
397.000000,-0.000204,-0.000399,-0.000600,-0.000028,-0.016857
398.000000,-0.002450,-0.001706,-0.001025,-0.000253,-0.007165
399.000000,-0.001572,-0.000879,-0.000940,-0.000464,0.003802
400.000000,-0.002439,-0.000468,-0.000673,-0.000356,0.000895
401.000000,-0.005061,-0.000913,-0.001173,-0.000502,-0.005982
402.000000,-0.000477,-0.000340,-0.000563,-0.000364,0.006068
403.000000,0.003210,0.000380,-0.000130,0.000101,0.011268
404.000000,0.000741,-0.000415,-0.000604,-0.000212,-0.008545
405.000000,0.001325,-0.000557,-0.000493,-0.000079,0.003816
406.000000,0.002182,-0.001439,-0.000632,-0.000340,-0.001694
407.000000,0.002540,0.001032,0.000316,-0.000056,0.007854
408.000000,-0.000135,0.001538,-0.000084,-0.000171,-0.002105
409.000000,0.002214,0.001477,0.000299,-0.000134,0.003198
410.000000,0.002139,0.001732,0.000632,0.000129,0.003439
411.000000,0.003079,0.002631,0.000859,0.000095,0.003010
412.000000,0.001859,0.002199,0.000930,0.000358,0.001752
413.000000,0.001378,0.000621,0.000501,0.000120,-0.004511
414.000000,0.000034,0.001124,0.000354,-0.000028,-0.003523
415.000000,-0.000587,0.000776,0.000109,-0.000070,0.000336
416.000000,-0.001643,0.000718,-0.000361,-0.000182,-0.002270
417.000000,-0.001977,-0.000059,0.000486,0.000191,0.000084
418.000000,-0.000990,0.000194,0.000866,0.000008,0.000421
419.000000,0.000654,0.000344,0.000911,0.000314,0.004701
420.000000,-0.002094,-0.001340,0.000196,-0.000025,-0.013405
421.000000,-0.001640,-0.001642,0.000495,0.000025,0.000000
422.000000,-0.000835,-0.001406,0.000397,0.000151,0.004108
423.000000,-0.000657,-0.000824,-0.000101,0.000059,0.001309
424.000000,-0.003225,-0.001285,-0.000081,-0.000192,-0.008137
425.000000,0.000136,-0.000979,-0.000102,-0.000253,0.003398
426.000000,-0.000561,-0.001100,-0.000191,-0.000607,-0.003484
427.000000,-0.002030,-0.001433,-0.000746,-0.000153,-0.003240
428.000000,-0.001985,-0.001321,-0.000564,0.000137,0.001536
429.000000,-0.000443,-0.001834,-0.000745,-0.000004,-0.000426
430.000000,-0.001721,-0.000792,-0.001066,-0.000134,-0.002990
431.000000,-0.000938,-0.000750,-0.001196,0.000080,0.000428
432.000000,0.000171,-0.000930,-0.001168,-0.000045,0.002306
433.000000,-0.001352,-0.001668,-0.001246,-0.000624,-0.006076
434.000000,-0.002904,-0.001673,-0.001479,-0.000612,-0.008188
435.000000,-0.001977,-0.001849,-0.001414,-0.000684,0.001643
436.000000,-0.002807,-0.001873,-0.001487,-0.000752,-0.003722
437.000000,-0.003043,-0.001436,-0.001435,-0.000976,0.001127
438.000000,-0.000533,-0.000942,-0.001132,-0.000690,0.006476
439.000000,0.001741,-0.000582,-0.001208,-0.000691,0.003179
440.000000,0.001086,-0.000446,-0.000619,-0.000860,-0.001631
441.000000,0.002362,-0.000223,-0.000486,-0.000871,0.002660
442.000000,0.003111,0.000034,-0.000448,-0.000767,0.004873
443.000000,0.002990,0.001228,-0.000220,-0.000421,0.005868
444.000000,0.000600,0.001170,-0.000252,-0.000596,-0.008772
445.000000,0.003965,0.002525,0.000338,-0.000101,0.015195
446.000000,0.002063,0.002213,0.000170,-0.000254,-0.006847
447.000000,-0.000615,0.001248,-0.000094,-0.000540,-0.008519
448.000000,-0.001618,0.000686,-0.000128,-0.000526,0.000855
449.000000,0.001143,0.000871,0.000145,-0.000515,0.005030
450.000000,-0.004343,-0.000189,-0.000318,-0.000476,-0.012236
451.000000,-0.001311,0.000376,0.000077,-0.000199,0.008317
452.000000,0.002449,0.000917,0.000476,0.000007,0.010278
453.000000,0.003340,0.000861,0.001045,0.000140,0.005310
454.000000,0.008011,0.004577,0.002873,0.001358,0.028385
455.000000,0.010793,0.003225,0.002875,0.001300,0.001674
456.000000,0.011094,0.004892,0.003552,0.001744,0.009822
457.000000,0.007823,0.005136,0.003192,0.001649,-0.006077
458.000000,0.006907,0.005123,0.002905,0.001622,0.000731
459.000000,0.002703,0.005357,0.003114,0.001882,0.007363
460.000000,0.000310,0.005551,0.002681,0.001639,-0.010291
461.000000,-0.000113,0.005490,0.002933,0.001881,0.007708
462.000000,0.004738,0.006280,0.003599,0.002410,0.018180
463.000000,0.005432,0.006169,0.003515,0.002753,0.004198
464.000000,0.002929,0.002816,0.003696,0.002854,-0.005150
465.000000,0.006017,0.003163,0.003194,0.002971,0.005150
466.000000,0.006144,0.003015,0.003954,0.003373,0.008343
467.000000,0.002430,0.003584,0.004360,0.003323,-0.000392
468.000000,0.001904,0.003668,0.004395,0.003159,0.001567
469.000000,0.002761,0.002845,0.004101,0.003024,-0.000861
470.000000,0.001825,0.003921,0.004736,0.003094,0.000470
471.000000,0.000548,0.003346,0.004418,0.003071,0.001956
472.000000,-0.000094,0.001168,0.003724,0.002788,-0.003602
473.000000,-0.000423,0.000740,0.003455,0.002590,-0.000078
474.000000,-0.000691,0.001035,0.001926,0.002809,-0.002199
475.000000,-0.001005,0.000410,0.001787,0.002266,-0.001101
476.000000,-0.001853,-0.000653,0.001181,0.002418,-0.002285
477.000000,-0.000786,-0.000440,0.001572,0.002760,0.001734
478.000000,-0.000063,-0.000243,0.001712,0.002849,0.003538
479.000000,0.002407,0.000858,0.001852,0.003020,0.010150
480.000000,0.001646,0.000321,0.002121,0.003264,-0.004906
481.000000,0.003379,0.000763,0.002055,0.003200,0.006381
482.000000,0.004100,0.001657,0.001412,0.003035,0.005338
483.000000,0.004040,0.001988,0.001364,0.002966,0.003235
484.000000,0.002854,0.002630,0.001833,0.002160,0.004221
485.000000,0.003344,0.002495,0.001453,0.002023,-0.002454
486.000000,0.002987,0.003183,0.001265,0.001849,0.004596
487.000000,0.001996,0.003048,0.001304,0.002064,0.000382
488.000000,0.001456,0.002748,0.001252,0.002057,0.000535
489.000000,-0.000721,0.001066,0.000962,0.001590,-0.006664
490.000000,0.000414,0.001879,0.001100,0.002040,0.003223
491.000000,-0.004420,-0.000716,0.000023,0.001131,-0.019573
492.000000,-0.004387,-0.001195,0.000231,0.000543,0.000547
493.000000,-0.004963,-0.001753,0.000118,0.000325,-0.002345
494.000000,-0.002521,-0.001621,0.000505,0.000681,0.005541
495.000000,0.002996,0.001705,0.002100,0.001537,0.030809
496.000000,0.006260,0.000920,0.002052,0.001150,-0.003251
497.000000,0.007479,0.001546,0.002297,0.001385,0.006641
498.000000,0.008669,0.001853,0.002300,0.001453,0.003604
499.000000,0.007321,0.002400,0.001733,0.001441,-0.001200
500.000000,0.000881,0.001938,0.001909,0.001379,-0.001389
501.000000,0.001824,0.004042,0.001663,0.001363,0.001464
502.000000,-0.000542,0.003468,0.001137,0.001310,-0.005191
503.000000,-0.003554,0.002558,0.000402,0.000931,-0.011454
504.000000,-0.002461,0.002430,0.000404,0.001146,0.004263
505.000000,-0.004537,-0.001828,-0.000061,0.000791,-0.011768
506.000000,-0.004216,-0.001196,-0.000138,0.000969,0.003070
507.000000,-0.001955,-0.001249,0.000149,0.001115,0.006112
508.000000,0.003314,-0.000120,0.000867,0.001494,0.014892
509.000000,0.000425,-0.001018,0.000691,0.000816,-0.010181
510.000000,0.003392,-0.000573,0.000683,0.001082,0.003065
511.000000,0.007084,0.001434,0.002738,0.001587,0.021531
512.000000,0.005187,0.001616,0.002542,0.001296,-0.003371
513.000000,0.000360,0.001837,0.002197,0.000880,-0.009245
514.000000,0.003353,0.001889,0.002159,0.000899,0.004782
515.000000,0.002814,0.003103,0.000637,0.000993,0.000373
516.000000,-0.001358,0.002863,0.000833,0.000862,0.000670
517.000000,0.000903,0.003045,0.000898,0.001114,0.007936
518.000000,0.002368,0.001364,0.000622,0.001032,-0.001923
519.000000,0.001670,0.002511,0.000747,0.001298,0.001294
520.000000,0.000357,0.001586,0.000506,0.000984,-0.006192
521.000000,-0.001262,-0.001310,0.000062,0.001389,-0.007429
522.000000,-0.003022,-0.001059,0.000278,0.001342,-0.000862
523.000000,-0.005721,-0.001677,0.000080,0.000906,-0.015419
524.000000,-0.004932,-0.001631,0.000129,0.000896,0.005242
525.000000,-0.001418,-0.000530,0.001286,0.000248,0.011376
526.000000,-0.000157,-0.000710,0.001076,0.000319,-0.001124
527.000000,0.002445,-0.000289,0.001378,0.000503,0.012150
528.000000,-0.001683,-0.003702,-0.001169,-0.000819,-0.036058
529.000000,-0.001750,-0.003341,-0.000415,-0.000616,0.004904
530.000000,-0.003050,-0.002234,-0.000324,-0.000407,0.004880
531.000000,-0.002642,-0.001400,-0.001355,-0.000425,0.000912
532.000000,-0.004746,-0.001150,-0.001105,-0.000198,0.001633
533.000000,0.001347,-0.000168,-0.000922,-0.000003,-0.005592
534.000000,0.001644,-0.000053,-0.000842,0.000068,0.006388
535.000000,0.004780,0.000865,0.000167,0.001146,0.020559
536.000000,0.003764,0.000561,-0.000075,0.000905,-0.004168
537.000000,0.004212,-0.000267,-0.000278,0.000830,0.003870
538.000000,0.005701,0.003524,-0.000089,0.000395,0.001855
539.000000,0.003993,0.002819,-0.000261,0.000663,-0.002153
540.000000,0.001111,0.002945,0.000356,0.000766,0.006149
541.000000,0.001353,0.002558,0.000579,-0.000051,-0.002959
542.000000,0.000534,0.002373,0.000611,0.000054,-0.000222
543.000000,0.003360,0.004531,0.002182,0.000895,0.015986
544.000000,0.002547,0.003270,0.001609,0.000529,-0.006217
545.000000,-0.000429,0.000341,0.000603,0.000225,-0.008732
546.000000,0.001895,0.001624,0.001092,0.000492,0.008659
547.000000,0.001800,0.001167,0.000450,0.000204,-0.000697
548.000000,0.000575,0.001968,0.002746,0.000597,0.009864
549.000000,-0.000345,0.001101,0.001960,0.000193,-0.010819
550.000000,0.000827,0.000199,0.001572,0.000304,-0.002870
551.000000,0.000871,0.001383,0.001971,0.000847,0.008879
552.000000,0.000323,0.001061,0.001717,0.000761,-0.003440
553.000000,0.001651,0.001113,0.002822,0.001825,0.016504
554.000000,0.004002,0.001828,0.002549,0.001682,0.000937
555.000000,0.007011,0.003919,0.002130,0.001708,0.012173
556.000000,0.004508,0.002689,0.002157,0.001625,-0.003636
557.000000,0.004895,0.002609,0.001888,0.001170,-0.001501
558.000000,0.002643,0.002147,0.002057,0.002546,0.005244
559.000000,0.002185,0.003094,0.002097,0.002338,-0.001353
560.000000,-0.002737,0.002137,0.001168,0.001760,-0.012440
561.000000,-0.002465,0.001021,0.001202,0.001654,-0.002275
562.000000,-0.001191,0.001852,0.001457,0.001762,0.004869
563.000000,0.000476,0.001560,0.001336,0.002401,0.013580
564.000000,0.000135,0.001160,0.001494,0.002086,-0.003057
565.000000,0.000288,-0.001224,0.001347,0.001012,-0.011675
566.000000,0.002665,0.000100,0.001395,0.001471,0.009608
567.000000,0.003326,0.001067,0.001838,0.001614,0.008173
568.000000,-0.001346,-0.000435,0.000856,0.001227,-0.009779
569.000000,0.000327,0.000231,0.001662,0.001475,0.005311
570.000000,0.003910,0.002099,0.002118,0.001478,0.006237
571.000000,0.002538,0.002602,0.001811,0.001669,0.002752
572.000000,0.000382,0.001854,0.001853,0.001589,-0.002610
573.000000,0.001275,-0.000036,0.000762,0.000879,-0.005312
574.000000,0.000752,0.000540,0.000850,0.001176,0.002695
575.000000,-0.001006,0.001452,0.000114,0.001382,-0.002553
576.000000,-0.005529,-0.001495,-0.000698,0.000431,-0.019865
577.000000,-0.003765,-0.001692,-0.000312,0.000662,0.006210
578.000000,-0.002041,-0.000383,-0.000409,0.000443,0.003306
579.000000,-0.002179,-0.000713,-0.000241,0.000870,0.002007
580.000000,-0.000469,-0.000737,0.000681,0.001166,0.005997
581.000000,-0.001629,-0.003579,-0.000489,0.000015,-0.025665
582.000000,-0.005636,-0.004700,-0.001423,-0.000332,-0.013824
583.000000,-0.005957,-0.003999,-0.002017,-0.000825,0.001701
584.000000,-0.008177,-0.005178,-0.002319,-0.001159,-0.009096
585.000000,-0.010326,-0.005398,-0.001973,-0.001723,-0.004748
586.000000,-0.004072,-0.002851,-0.002173,-0.001415,0.005605
587.000000,0.000266,-0.002685,-0.002188,-0.001103,0.007869
588.000000,-0.003776,-0.004866,-0.002625,-0.001895,-0.018508
589.000000,-0.001896,-0.005037,-0.002875,-0.001840,0.000301
590.000000,-0.000495,-0.005411,-0.003074,-0.001350,0.002256
591.000000,-0.000254,-0.002163,-0.002871,-0.001047,0.006814
592.000000,-0.002485,-0.001109,-0.002905,-0.001319,-0.003289
593.000000,0.002366,-0.000705,-0.002352,-0.001580,0.005748
594.000000,0.002425,0.000264,-0.002457,-0.001458,0.000595
595.000000,0.005352,0.002428,-0.001485,-0.000506,0.016893
596.000000,0.004121,0.001934,-0.000458,-0.000804,0.000658
597.000000,0.006815,0.002165,-0.000260,-0.000737,0.010182
598.000000,0.006042,0.004204,-0.000331,-0.000348,0.001880
599.000000,0.004967,0.003696,-0.000670,-0.000685,-0.004778
600.000000,0.002240,0.003796,-0.000807,-0.000784,0.003260
601.000000,0.002094,0.003108,0.000472,-0.000878,-0.000072
602.000000,-0.001219,0.002798,0.000844,-0.001004,-0.006386
603.000000,-0.000014,0.003014,0.001154,-0.000563,0.007904
604.000000,0.000536,0.002752,0.001508,-0.000721,-0.002024
605.000000,-0.001379,0.000431,0.001430,-0.000846,-0.006316
606.000000,-0.000957,0.000569,0.001251,-0.000116,0.002037
607.000000,-0.000700,-0.000960,0.000603,-0.000493,-0.005101
608.000000,-0.001333,-0.000674,0.001765,-0.000445,0.004737
609.000000,-0.002117,-0.000790,0.001453,-0.000710,-0.005944
610.000000,-0.001315,-0.001347,0.001225,-0.000987,-0.002307
611.000000,-0.001723,-0.001340,0.000884,-0.000132,0.000000
612.000000,-0.002263,-0.001482,0.000658,0.000069,-0.007802
613.000000,-0.001342,-0.001338,0.000838,0.000324,0.009340
614.000000,0.000548,-0.000785,0.000983,0.000744,0.003507
615.000000,-0.000852,-0.001084,-0.000327,0.000592,-0.009307
616.000000,-0.002434,-0.002078,-0.000755,0.000141,-0.007909
617.000000,0.000177,-0.001043,-0.001001,0.000054,0.005255
618.000000,-0.001469,-0.001406,-0.001040,0.000708,0.001107
619.000000,0.000561,0.000554,-0.000118,0.001153,0.013659
620.000000,0.001861,0.000505,-0.000421,0.000985,-0.002804
621.000000,0.004070,0.000818,-0.000261,0.000862,0.003132
622.000000,0.002829,0.001503,0.000011,0.000940,-0.000946
623.000000,0.000147,-0.000661,-0.000999,0.000338,-0.012303
624.000000,-0.003619,-0.001529,-0.001157,0.000146,-0.005171
625.000000,-0.001994,-0.000066,-0.000575,-0.000240,0.005319
626.000000,-0.006278,-0.001104,-0.001591,-0.000871,-0.018290
627.000000,-0.005131,-0.001151,-0.001097,-0.001051,0.004791
628.000000,-0.001264,-0.000558,-0.000982,-0.000879,0.007032
629.000000,-0.000549,-0.002084,-0.000765,-0.000773,-0.001596
630.000000,0.001760,-0.000117,0.000194,-0.000320,0.016865
631.000000,0.004570,-0.000854,-0.000018,-0.000459,-0.004245
632.000000,-0.000179,-0.002655,-0.000576,-0.000878,-0.018954
633.000000,-0.001496,-0.001380,-0.001021,-0.001126,0.000448
634.000000,0.000193,-0.000178,-0.000853,-0.000831,0.006850
635.000000,-0.002070,-0.000155,-0.000111,-0.000435,0.005550
636.000000,-0.001753,0.001408,0.000152,-0.000592,-0.002660
637.000000,0.001148,0.000484,-0.000333,-0.000570,-0.004449
638.000000,0.007436,0.002970,0.001206,0.000335,0.031888
639.000000,0.002434,0.001313,-0.000385,-0.000072,-0.018160
640.000000,-0.000502,-0.001286,-0.000702,-0.000299,-0.009131
641.000000,-0.002591,-0.002172,-0.001513,-0.000736,-0.013105
642.000000,-0.001972,-0.000412,-0.001534,-0.000521,-0.001350
643.000000,-0.009267,-0.000916,-0.001148,-0.000986,-0.004589
644.000000,-0.005198,-0.001382,-0.000780,-0.001030,0.002184
645.000000,-0.004262,-0.002382,-0.001268,-0.000868,-0.004449
646.000000,0.001776,-0.000408,0.000500,-0.000035,0.017083
647.000000,0.010269,0.004149,0.002316,0.001161,0.041116
648.000000,0.011401,0.001067,0.002018,0.001159,0.001069
649.000000,0.011760,0.003281,0.002297,0.000837,0.003980
650.000000,0.012593,0.004166,0.001440,0.000921,-0.000284
651.000000,0.010167,0.005972,0.001900,0.000982,0.004955
652.000000,0.004288,0.007279,0.003433,0.001404,0.011722
653.000000,0.002055,0.006728,0.002906,0.001477,-0.010100
654.000000,0.002790,0.007275,0.002946,0.001905,0.007654
655.000000,0.004726,0.008660,0.003139,0.002041,0.009400
656.000000,0.003708,0.006937,0.003265,0.002646,-0.000139
657.000000,0.002055,0.003172,0.003660,0.002602,0.003459
658.000000,0.004337,0.003196,0.002131,0.002411,0.001311
659.000000,0.003577,0.003184,0.003232,0.002593,0.003855
660.000000,0.003190,0.003958,0.004062,0.002279,0.007462
661.000000,0.005429,0.004568,0.005270,0.002789,0.011056
662.000000,0.004750,0.003403,0.005341,0.003423,0.000067
663.000000,0.002263,0.003300,0.005014,0.003037,-0.011123
664.000000,-0.002907,0.000335,0.003805,0.002076,-0.021997
665.000000,-0.012075,-0.004442,0.002109,0.000612,-0.038376
666.000000,-0.017720,-0.006146,0.000396,0.000128,-0.017172
667.000000,-0.012539,-0.003894,-0.000361,0.001142,0.025972
668.000000,-0.006629,-0.002183,0.000507,0.000693,0.018429
669.000000,-0.002004,-0.002456,0.000364,0.001336,0.001127
670.000000,0.004456,-0.003809,0.000074,0.001438,-0.006075
671.000000,0.004936,-0.006392,-0.000912,0.001383,-0.014775
672.000000,0.002810,-0.004865,-0.000731,0.001939,0.015342
673.000000,0.000366,-0.003131,0.000085,0.002299,0.006212
674.000000,-0.000621,-0.001312,-0.000489,0.002099,-0.003807
675.000000,0.006236,0.005346,0.000452,0.003188,0.028208
676.000000,-0.004097,0.000419,-0.002863,0.000404,-0.066440
677.000000,-0.003875,-0.000533,-0.002214,-0.000419,0.016451
678.000000,-0.002949,-0.001291,-0.001737,-0.000093,0.010843
679.000000,-0.006461,-0.003541,-0.002998,-0.000938,-0.021366
680.000000,-0.010243,-0.002004,-0.002906,-0.000618,0.009296
681.000000,0.001317,-0.001390,-0.003891,-0.001071,-0.008639
682.000000,-0.000477,-0.002176,-0.003521,-0.001213,0.007482
683.000000,-0.004288,-0.003619,-0.003375,-0.001150,-0.008211
684.000000,0.002912,-0.001775,-0.001543,-0.000917,0.014632
685.000000,-0.000072,-0.005158,0.000094,-0.001418,-0.005624
686.000000,0.001959,0.001638,0.001029,-0.001363,0.001517
687.000000,0.001025,0.000274,-0.000129,-0.001384,0.002812
688.000000,0.004331,0.000021,-0.000635,-0.001151,0.008317
689.000000,-0.001168,0.000872,-0.001335,-0.001708,-0.012864
690.000000,-0.000116,-0.000094,-0.001049,-0.001969,-0.000362
691.000000,0.001166,0.001563,0.000086,-0.002073,0.007927
692.000000,0.002277,0.001651,-0.000263,-0.001797,0.008363
693.000000,0.002582,0.003457,-0.000081,-0.001098,0.009846
694.000000,0.008316,0.003574,0.000900,0.000162,0.015805
695.000000,0.007205,0.003545,-0.000807,0.001244,-0.005915
696.000000,0.007592,0.004379,0.003009,0.002145,0.009862
697.000000,0.008842,0.005559,0.002917,0.001767,0.014613
698.000000,0.009310,0.005946,0.002984,0.001559,0.012185
699.000000,0.007477,0.007896,0.004384,0.001742,0.006639
700.000000,0.008205,0.007705,0.003805,0.001869,-0.002275
701.000000,0.003847,0.005719,0.003641,0.001964,-0.011928
702.000000,0.002289,0.005565,0.003608,0.001680,0.006824
703.000000,0.001141,0.005225,0.004341,0.001688,0.006443
704.000000,0.001624,0.004550,0.004062,0.002117,0.009057
705.000000,0.000869,0.004537,0.004041,0.000975,-0.006051
706.000000,0.001889,0.002868,0.003624,0.002962,-0.006826
707.000000,0.000699,0.001494,0.003527,0.002442,0.000873
708.000000,-0.043418,-0.021139,-0.007596,-0.005057,-0.214143
709.000000,-0.040661,-0.019518,-0.005811,-0.003583,0.022844
710.000000,-0.041361,-0.020246,-0.006270,-0.004212,-0.009551
711.000000,-0.040686,-0.019398,-0.006839,-0.004039,-0.003451
712.000000,-0.039302,-0.019302,-0.006868,-0.004028,0.007789
713.000000,0.001754,-0.020832,-0.007803,-0.004050,-0.008859
714.000000,0.001989,-0.019336,-0.007393,-0.003737,0.024015
715.000000,0.004990,-0.018185,-0.006824,-0.003368,0.005455
716.000000,0.003944,-0.018371,-0.007751,-0.003708,-0.008678
717.000000,0.002661,-0.018321,-0.008413,-0.003756,0.001371
718.000000,0.007297,0.004526,-0.008307,-0.003556,0.014322
719.000000,-0.000612,0.000688,-0.009415,-0.003645,-0.015531
720.000000,-0.000753,0.002118,-0.009064,-0.003474,0.004749
721.000000,0.000081,0.002013,-0.008693,-0.003889,-0.004507
722.000000,-0.001781,0.000440,-0.009431,-0.004432,-0.007937
723.000000,-0.005003,0.001147,-0.009842,-0.004820,-0.001790
724.000000,-0.001832,-0.001222,-0.010279,-0.005336,0.000326
725.000000,-0.003598,-0.002175,-0.010180,-0.005275,-0.004080
726.000000,-0.002860,-0.001390,-0.009880,-0.005631,-0.000818
727.000000,-0.003560,-0.002671,-0.010496,-0.006499,-0.011439
728.000000,-0.001406,-0.003205,0.000661,-0.006606,0.008981
729.000000,0.000796,-0.000518,0.000085,-0.006449,0.011337
730.000000,0.002098,-0.000750,0.000684,-0.006292,0.002430
731.000000,0.000327,-0.001266,0.000373,-0.006217,-0.009674
732.000000,-0.000215,-0.001888,-0.000724,-0.006916,-0.014151
733.000000,-0.001962,-0.001684,-0.000268,-0.007123,0.000249
734.000000,-0.004378,-0.001791,-0.001507,-0.007450,-0.000746
735.000000,-0.007972,-0.002937,-0.002556,-0.007766,-0.015539
736.000000,-0.014868,-0.007271,-0.004330,-0.009010,-0.044153
737.000000,-0.006827,-0.003521,-0.003096,-0.008171,0.026057
738.000000,-0.007994,-0.004978,-0.004091,-0.001219,-0.005588
739.000000,-0.007897,-0.006138,-0.003328,-0.001989,-0.000259
740.000000,-0.003774,-0.005873,-0.003311,-0.001501,0.005075
741.000000,0.006817,-0.004026,-0.002646,-0.001093,0.008799
742.000000,-0.000756,-0.003791,-0.002840,-0.001746,-0.011806
743.000000,0.001888,-0.003053,-0.002368,-0.001197,0.007630
744.000000,0.004384,-0.001756,-0.001774,-0.001590,0.012223
745.000000,0.003504,-0.000135,-0.001536,-0.001749,0.000675
746.000000,0.001829,0.004323,-0.001474,-0.001446,0.000421
747.000000,0.000944,0.000094,-0.001713,-0.002032,-0.016227
748.000000,0.002039,0.001964,-0.001507,-0.002073,0.013104
749.000000,0.001898,0.003141,-0.001498,-0.001171,0.011515
750.000000,0.004287,0.003896,-0.000989,-0.000909,0.012623
751.000000,0.003889,0.002859,-0.000583,-0.000811,-0.001569
752.000000,0.008206,0.004575,0.000392,-0.000368,0.005358
753.000000,0.008053,0.005046,0.000996,0.000103,0.012337
754.000000,0.003512,0.002705,0.000474,-0.000281,-0.011187
755.000000,-0.000960,0.001664,0.000765,-0.000469,-0.009737
756.000000,-0.005225,-0.000668,0.001827,-0.001205,-0.022897
757.000000,-0.001833,0.003186,0.001640,-0.000080,0.022316
758.000000,-0.005166,0.001444,0.001704,-0.000524,-0.004324
759.000000,-0.003763,-0.000125,0.001508,-0.001041,-0.004175
760.000000,-0.003953,-0.002456,0.000720,-0.001478,-0.010684
761.000000,0.002613,-0.001306,0.000776,-0.000824,0.009930
762.000000,0.000811,-0.000511,0.002032,0.000091,0.013309
763.000000,-0.006263,-0.005714,-0.000334,-0.001240,-0.039697
764.000000,-0.005256,-0.004510,-0.000902,-0.001187,0.000859
765.000000,-0.005279,-0.004616,-0.001476,-0.001029,-0.010796
766.000000,-0.006122,-0.001755,-0.001211,0.000633,0.005715
767.000000,-0.009996,-0.004592,-0.000703,-0.000437,-0.006062
768.000000,-0.002283,-0.004273,-0.001415,-0.000289,-0.001130
769.000000,0.002628,-0.001314,-0.000720,0.000567,0.025416
770.000000,0.003016,-0.001131,-0.001794,0.000103,-0.008856
771.000000,0.004017,-0.001052,-0.001179,0.000167,0.010720
772.000000,0.004721,-0.002637,-0.001574,0.000476,-0.002542
773.000000,0.003346,0.000532,-0.002591,-0.000046,-0.008007
774.000000,0.004029,0.003329,-0.000591,0.000508,0.028829
775.000000,0.006298,0.004657,0.000021,0.000568,0.002490
776.000000,0.000254,0.002136,0.000191,-0.000096,-0.019501
777.000000,-0.001140,0.001791,-0.001401,0.000128,-0.009511
778.000000,-0.001701,0.000823,-0.001725,-0.000669,-0.010809
779.000000,-0.015959,-0.005965,-0.003639,-0.002468,-0.042462
780.000000,-0.025910,-0.009806,-0.005469,-0.004464,-0.047266
781.000000,-0.021934,-0.010840,-0.005946,-0.004400,0.000377
782.000000,-0.016517,-0.008828,-0.005733,-0.003992,0.017575
783.000000,-0.017832,-0.009766,-0.004617,-0.004983,-0.017387
784.000000,-0.007706,-0.011832,-0.004252,-0.004338,0.008170
785.000000,0.006461,-0.009724,-0.002534,-0.003228,0.023570
786.000000,0.009899,-0.006018,-0.001941,-0.001879,0.017567
787.000000,0.006617,-0.004950,-0.001580,-0.002584,0.001166
788.000000,0.006695,-0.005569,-0.002373,-0.003006,-0.016999
789.000000,0.007922,0.000108,-0.002929,-0.002390,0.014305
790.000000,0.005105,0.005783,-0.002012,-0.001718,0.009484
791.000000,0.003082,0.006490,-0.002175,-0.001801,0.007452
792.000000,0.005273,0.005945,-0.001442,-0.001840,0.012123
793.000000,0.010446,0.008571,-0.000598,-0.000221,0.008867
794.000000,0.004779,0.006350,-0.002741,-0.000718,-0.014033
795.000000,0.009817,0.007461,-0.001132,0.000798,0.034677
796.000000,0.002652,0.002867,-0.001575,-0.000338,-0.028377
797.000000,0.001791,0.003532,-0.000709,0.000124,0.007819
798.000000,-0.001163,0.004642,-0.000464,-0.000035,-0.005902
799.000000,0.001365,0.003072,0.001590,-0.000928,-0.001394
800.000000,-0.007304,0.001257,0.003520,-0.000922,-0.008668
801.000000,-0.000979,0.000836,0.003663,-0.001171,0.003248
802.000000,-0.003545,-0.000877,0.002534,-0.001253,-0.005009
803.000000,0.001975,0.000406,0.004488,-0.000263,0.021697
804.000000,0.002150,0.001757,0.004054,-0.001242,-0.000517
805.000000,0.008167,0.000431,0.003946,-0.000611,0.021416
806.000000,0.008225,0.003623,0.003245,0.000157,0.003539
807.000000,0.012249,0.004352,0.003942,0.000978,0.015111
808.000000,0.010233,0.006104,0.005373,0.001726,0.011615
809.000000,0.011805,0.006978,0.005025,0.003386,0.007344
810.000000,0.008527,0.008347,0.004802,0.005129,0.005028
811.000000,0.008127,0.008176,0.004506,0.005168,0.001536
812.000000,0.005589,0.008919,0.004021,0.004662,0.002420
813.000000,0.003636,0.006934,0.003670,0.005304,0.001851
814.000000,0.003753,0.007779,0.004768,0.005296,0.007931
815.000000,0.003305,0.005916,0.003174,0.004603,0.002789
816.000000,0.003808,0.005967,0.004795,0.004152,0.004050
817.000000,0.005593,0.005591,0.004972,0.004492,0.011347
818.000000,0.004988,0.004312,0.005208,0.005019,-0.001176
819.000000,0.002332,0.003043,0.005010,0.004364,-0.005348
820.000000,0.002483,0.002894,0.005621,0.004166,0.003543
821.000000,0.001657,0.002733,0.005454,0.003915,-0.000079
822.000000,0.000891,0.003242,0.006081,0.003761,0.007516
823.000000,-0.002177,0.001406,0.004170,0.002915,-0.016516
824.000000,-0.002013,0.000159,0.003969,0.003232,-0.004530
825.000000,-0.001435,0.000524,0.003220,0.002291,0.006432
826.000000,-0.002961,-0.000652,0.002658,0.002980,-0.007707
827.000000,-0.004385,-0.001747,0.001922,0.002732,0.000399
828.000000,-0.000397,-0.001287,0.001513,0.003043,0.003423
829.000000,-0.000255,-0.001134,0.000954,0.002962,-0.003821
830.000000,-0.001430,-0.001433,0.000731,0.003270,0.000558
831.000000,-0.002666,-0.002813,-0.000040,0.002698,-0.013887
832.000000,-0.002310,-0.003347,-0.000052,0.002938,0.002180
833.000000,-0.004907,-0.002652,-0.000623,0.001896,-0.009563
834.000000,-0.004468,-0.002362,-0.001101,0.001859,-0.001630
835.000000,-0.003945,-0.002687,-0.001082,0.001251,0.003176
836.000000,-0.003210,-0.002938,-0.001795,0.000792,-0.010215
837.000000,-0.052073,-0.027191,-0.014469,-0.007782,-0.242133
838.000000,-0.049784,-0.027345,-0.014316,-0.008107,0.001882
839.000000,-0.051960,-0.028214,-0.014674,-0.008769,-0.012507
840.000000,-0.046266,-0.025105,-0.013269,-0.007881,0.031646
841.000000,-0.049392,-0.026301,-0.014557,-0.008794,-0.025846
842.000000,-0.000839,-0.026456,-0.014902,-0.008854,0.000631
843.000000,0.000563,-0.024610,-0.013631,-0.008619,0.008893
844.000000,0.003127,-0.024416,-0.013389,-0.008873,0.000312
845.000000,-0.006414,-0.026340,-0.014514,-0.009501,-0.016059
846.000000,-0.003886,-0.026639,-0.014789,-0.010076,-0.013207
847.000000,-0.003092,-0.001966,-0.014578,-0.010301,0.004600
848.000000,-0.001128,-0.000282,-0.013814,-0.009638,0.018714
849.000000,0.003366,0.003247,-0.012484,-0.008701,0.022782
850.000000,0.008006,0.000796,-0.012155,-0.008581,0.007141
851.000000,0.008460,0.002287,-0.012007,-0.008943,-0.010937
852.000000,0.005702,0.001305,-0.012576,-0.009499,-0.009189
853.000000,0.001336,0.000104,-0.012253,-0.009053,-0.003117
854.000000,0.000634,0.002000,-0.011208,-0.008259,0.019270
855.000000,-0.001838,0.003084,-0.011628,-0.008648,-0.005219
856.000000,0.002126,0.005293,-0.010673,-0.008095,0.008886
857.000000,0.002392,0.004047,0.001041,-0.008370,-0.007861
858.000000,0.003874,0.002605,0.001161,-0.008341,0.004295
859.000000,0.001180,0.000907,0.002077,-0.008020,0.005800
860.000000,0.002569,0.000365,0.000581,-0.007981,0.001723
861.000000,0.000427,0.001277,0.001782,-0.007579,-0.001825
862.000000,0.003636,0.003014,0.002159,-0.007379,0.008186
863.000000,0.008021,0.005948,0.003026,-0.006186,0.026223
864.000000,0.007136,0.004158,0.003079,-0.006086,0.001372
865.000000,0.004269,0.003419,0.003251,-0.006612,-0.012611
866.000000,0.003081,0.001754,0.003524,-0.006531,-0.007764
867.000000,0.002023,0.002829,0.003438,0.001637,0.002893
868.000000,-0.002824,0.002599,0.002602,0.001641,0.001991
869.000000,-0.001829,0.002653,0.001780,0.002269,0.006344
870.000000,0.003985,0.004127,0.002246,0.001763,0.016463
871.000000,0.002778,0.002930,0.002103,0.002164,-0.013799
872.000000,0.003163,0.002593,0.002803,0.002304,0.004817
873.000000,0.001664,-0.000580,0.002684,0.001824,-0.005507
874.000000,0.001320,-0.000255,0.001952,0.001968,0.004624
875.000000,0.000950,0.002468,0.002943,0.002990,0.014616
876.000000,-0.001503,0.000637,0.001196,0.002562,-0.026067
877.000000,-0.005569,-0.001203,0.000813,0.001891,-0.015509
878.000000,-0.002900,-0.000618,0.000990,0.001529,0.007835
879.000000,0.000196,0.000758,0.001706,0.001439,0.020107
880.000000,0.001427,0.001188,0.002658,0.001894,0.020767
881.000000,0.007043,0.002770,0.002850,0.002325,0.002015
882.000000,0.006703,0.000567,0.001580,0.002058,-0.017208
883.000000,0.005662,0.001381,0.000400,0.002250,0.002629
884.000000,0.000157,0.000177,-0.000039,0.001360,-0.007419
885.000000,0.001111,0.001269,0.001868,0.002385,0.025538
886.000000,0.000172,0.003608,0.002123,0.002000,-0.002678
887.000000,0.005122,0.005912,0.002355,0.002513,0.007537
888.000000,0.004006,0.004834,0.002108,0.002271,-0.002951
889.000000,0.007934,0.004045,0.002402,0.002485,0.012222
890.000000,0.002298,0.001705,0.001446,0.002340,-0.002640
891.000000,0.002739,0.001456,0.002113,0.002385,-0.000472
892.000000,0.002193,0.003657,0.002112,0.002272,0.004806
893.000000,0.003065,0.003535,0.002458,0.001445,0.001409
894.000000,0.000151,0.004042,0.002109,0.001321,-0.002350
895.000000,0.002515,0.002406,0.001838,0.002048,0.009180
896.000000,0.001036,0.001888,0.002748,0.002044,-0.007863
897.000000,0.001331,0.001762,0.003837,0.002157,0.006277
898.000000,-0.000075,0.001495,0.003164,0.001903,-0.005619
899.000000,-0.000641,-0.000245,0.001900,0.001519,-0.005179
900.000000,-0.034471,-0.015978,-0.007137,-0.004362,-0.159973
901.000000,-0.034903,-0.016933,-0.007739,-0.004236,-0.010020
902.000000,-0.039954,-0.019312,-0.007827,-0.005029,-0.018977
903.000000,-0.038147,-0.019111,-0.007788,-0.004732,0.003415
904.000000,-0.036657,-0.018649,-0.007303,-0.004810,0.002270
905.000000,-0.000732,-0.017602,-0.007598,-0.004642,0.019649
906.000000,0.000268,-0.017317,-0.007715,-0.003941,-0.005016
907.000000,-0.000046,-0.020000,-0.009119,-0.004109,-0.020547
908.000000,-0.000318,-0.019233,-0.008869,-0.004301,0.002051
909.000000,-0.002809,-0.019733,-0.009989,-0.005311,-0.010183
910.000000,-0.006601,-0.003667,-0.009823,-0.005980,0.000690
911.000000,-0.005552,-0.002642,-0.009787,-0.006040,0.000230
912.000000,-0.004126,-0.002086,-0.010699,-0.005913,-0.013417
913.000000,-0.005283,-0.002801,-0.010956,-0.006125,-0.003733
914.000000,-0.004583,-0.003696,-0.011172,-0.006101,-0.006684
915.000000,-0.004392,-0.005496,-0.011549,-0.006897,0.001646
916.000000,-0.002893,-0.004222,-0.010770,-0.006551,0.007723
917.000000,-0.001238,-0.002682,-0.011341,-0.006973,-0.005142
918.000000,-0.001455,-0.003369,-0.011301,-0.007035,-0.004815
919.000000,-0.000660,-0.002621,-0.011177,-0.007533,-0.002711
920.000000,-0.003508,-0.003950,-0.003808,-0.007865,-0.012592
921.000000,-0.002605,-0.002749,-0.002695,-0.007441,0.012238
922.000000,-0.001199,-0.001218,-0.001652,-0.007539,0.001888
923.000000,0.002434,0.000490,-0.001155,-0.007141,0.013348
924.000000,0.001529,0.000434,-0.001631,-0.007304,-0.007237
925.000000,0.001192,-0.001158,-0.003327,-0.008085,-0.014277
926.000000,-0.002831,-0.002718,-0.003470,-0.008086,-0.007874
927.000000,-0.004892,-0.003045,-0.002864,-0.008576,-0.008420
928.000000,-0.007924,-0.002745,-0.003057,-0.008449,-0.001813
929.000000,-0.007861,-0.003166,-0.002894,-0.008507,-0.006921
930.000000,-0.003017,-0.000913,-0.002431,-0.002843,0.009942
931.000000,-0.003260,-0.003045,-0.002897,-0.002812,-0.009089
932.000000,-0.002896,-0.003894,-0.002556,-0.002399,-0.006596
933.000000,-0.002141,-0.005033,-0.002271,-0.002448,0.001959
934.000000,-0.002033,-0.004947,-0.002256,-0.002736,-0.006380
935.000000,-0.012161,-0.007589,-0.004374,-0.004748,-0.040699
936.000000,-0.012898,-0.008079,-0.005398,-0.005006,-0.012774
937.000000,-0.009024,-0.005960,-0.004503,-0.003896,0.012774
938.000000,-0.006211,-0.004176,-0.003461,-0.003430,0.016025
939.000000,-0.004230,-0.003131,-0.003149,-0.002973,0.003526
940.000000,0.004413,-0.003874,-0.002394,-0.002912,0.002511
941.000000,0.008267,-0.002315,-0.002680,-0.002703,0.006500
942.000000,0.008852,-0.000086,-0.001990,-0.001733,0.015700
943.000000,0.003105,-0.001553,-0.003293,-0.002032,-0.012714
944.000000,0.001503,-0.001363,-0.003155,-0.001959,-0.004482
945.000000,0.000050,0.002231,-0.002679,-0.002172,-0.004753
946.000000,-0.007412,0.000428,-0.003826,-0.003456,-0.030811
947.000000,-0.012527,-0.001837,-0.003899,-0.003614,-0.009875
948.000000,-0.010455,-0.003675,-0.003926,-0.003532,-0.002353
949.000000,-0.012991,-0.005744,-0.004438,-0.004014,-0.017162
950.000000,-0.007407,-0.003679,-0.003776,-0.002822,0.023165
951.000000,-0.003075,-0.005243,-0.003779,-0.003535,-0.009149
952.000000,-0.003823,-0.008175,-0.004130,-0.004052,-0.013616
953.000000,-0.005359,-0.007907,-0.004730,-0.004831,-0.010033
954.000000,0.000983,-0.006004,-0.003684,-0.004105,0.014548
955.000000,-0.007071,-0.007239,-0.002504,-0.004199,-0.017106
956.000000,-0.003470,-0.003273,-0.001422,-0.003641,0.008857
957.000000,-0.000213,-0.002018,-0.001928,-0.003272,0.002668
958.000000,0.000805,-0.002277,-0.002976,-0.003376,-0.004942
959.000000,-0.001837,-0.000427,-0.003085,-0.003101,0.001338
960.000000,0.000753,-0.003159,-0.003419,-0.003571,-0.004154
961.000000,0.002786,-0.000342,-0.002793,-0.002634,0.019020
962.000000,0.004010,0.001899,-0.003138,-0.002121,0.008789
963.000000,-0.001938,-0.000566,-0.004237,-0.003342,-0.034681
964.000000,0.012819,0.005491,-0.000256,-0.000625,0.075122
965.000000,0.014551,0.007652,0.000206,0.000881,0.004505
966.000000,0.005125,0.003955,0.000341,0.000370,-0.028110
967.000000,-0.001415,0.001297,-0.000360,-0.000853,-0.023913
968.000000,-0.002476,-0.002207,-0.002242,-0.002720,-0.039984
969.000000,-0.018626,-0.002903,-0.001665,-0.003025,-0.005628
970.000000,-0.016061,-0.000755,-0.001957,-0.002531,0.017332
971.000000,-0.009574,-0.002225,-0.001283,-0.002603,0.004320
972.000000,-0.005196,-0.003306,-0.000704,-0.003194,-0.002023
973.000000,0.004521,0.001022,0.000228,-0.002484,0.008602
974.000000,0.006394,-0.006116,-0.000312,-0.002210,0.003740
975.000000,0.002608,-0.006726,0.000463,-0.002105,-0.001601
976.000000,0.002623,-0.003476,0.000240,-0.000931,0.004397
977.000000,0.002175,-0.001511,-0.000107,-0.000744,-0.004264
978.000000,0.001467,0.002994,0.000393,-0.000497,0.005061
979.000000,0.002886,0.004640,0.000868,0.000437,0.010835
980.000000,0.002469,0.002538,0.000892,-0.000459,-0.003687
981.000000,0.001114,0.001868,-0.000178,-0.000233,-0.002377
982.000000,0.001861,0.002018,-0.000644,0.000203,-0.000529
983.000000,0.003946,0.002707,0.001864,0.001054,0.015490
984.000000,-0.000053,0.001417,-0.002350,0.000264,-0.009160
985.000000,0.000053,0.001261,-0.002733,0.000729,-0.003160
986.000000,-0.007161,-0.003024,-0.003250,-0.000848,-0.038446
987.000000,-0.005771,-0.001955,-0.001733,-0.000723,0.006420
988.000000,-0.011473,-0.003763,-0.000385,-0.000992,-0.013020
989.000000,-0.012084,-0.006068,-0.000714,-0.001444,-0.012214
990.000000,-0.010866,-0.005407,-0.001434,-0.001208,0.002928
991.000000,-0.002676,-0.004919,-0.001525,-0.001758,0.002503
992.000000,0.000136,-0.002817,-0.000400,-0.001369,0.020483
993.000000,0.005121,-0.003176,-0.000235,0.000184,0.011903
994.000000,0.009037,-0.001523,-0.000053,-0.002074,0.007368
995.000000,0.012050,0.000592,0.000926,-0.001625,0.017990
996.000000,0.009308,0.003316,0.000146,-0.001061,-0.011206
997.000000,0.010626,0.005381,0.001713,0.000638,0.027073
998.000000,0.007366,0.006243,0.001240,0.001825,-0.004397
999.000000,0.005788,0.007413,0.000672,0.001995,-0.000519
1000.000000,0.001567,0.006808,0.000701,0.001313,-0.003117
1001.000000,0.002843,0.006076,0.000578,0.001008,-0.004824
1002.000000,-0.000569,0.005029,0.001106,0.001410,0.010014
1003.000000,0.000776,0.004071,0.000447,0.001200,0.002326
1004.000000,0.000130,0.002959,0.000718,0.000951,-0.003751
1005.000000,-0.002013,-0.000223,0.000184,0.000543,-0.013831
1006.000000,0.000913,0.001878,0.002597,0.000723,0.009806
1007.000000,-0.000622,-0.000595,0.002393,0.000943,0.002339
1008.000000,-0.004227,-0.001726,0.002259,0.000251,-0.015699
1009.000000,0.001729,0.000929,0.004171,0.000758,0.026030
1010.000000,0.004006,0.000997,0.003902,0.000799,-0.002444
1011.000000,0.006452,0.003682,0.004879,0.001613,0.022035
1012.000000,0.004619,0.001999,0.003514,0.001403,-0.006826
1013.000000,0.005719,0.000746,0.002408,0.000547,-0.010199
1014.000000,0.005874,0.003801,0.003380,0.001746,0.026803
1015.000000,0.004785,0.004395,0.002086,0.001588,-0.007890
1016.000000,0.000704,0.003578,0.002728,0.002924,0.001633
1017.000000,0.004490,0.004555,0.001980,0.003113,0.012103
1018.000000,0.006232,0.005976,0.002125,0.003498,-0.001489
1019.000000,-0.000500,0.002687,0.001808,0.003676,-0.006855
1020.000000,0.002052,0.003418,0.002207,0.003741,0.004866
1021.000000,0.000652,0.000678,0.002180,0.003479,-0.005366
1022.000000,0.000669,0.002579,0.002289,0.003202,0.012188
1023.000000,0.002469,0.004350,0.002548,0.003056,0.007512
1024.000000,0.002560,0.001030,0.002416,0.002597,-0.006400
1025.000000,-0.007016,-0.002482,0.000956,0.000563,-0.043016
1026.000000,-0.009271,-0.004309,-0.000366,0.000382,-0.016637
1027.000000,-0.009518,-0.004425,0.000065,-0.000155,0.010949
1028.000000,-0.012739,-0.005135,0.000420,-0.000295,-0.008593
1029.000000,-0.010624,-0.004032,-0.000673,-0.000139,0.004175
1030.000000,-0.010234,-0.008625,-0.002604,-0.001404,-0.041066
1031.000000,-0.002612,-0.005941,-0.002632,-0.000527,0.021474
1032.000000,-0.006054,-0.007786,-0.002603,-0.001069,-0.006260
1033.000000,-0.002712,-0.007726,-0.001688,-0.000876,0.008118
1034.000000,-0.001621,-0.006123,-0.002546,-0.000430,0.009629
1035.000000,0.008135,-0.001050,-0.001766,0.000288,0.007715
1036.000000,0.007506,0.002447,-0.000931,0.000572,0.018328
1037.000000,0.007140,0.000543,-0.001941,0.000224,-0.008090
1038.000000,0.005077,0.001183,-0.001976,0.000674,-0.002194
1039.000000,0.017990,0.008184,0.002076,0.002280,0.074191
1040.000000,0.020720,0.014428,0.002901,0.003073,0.021366
1041.000000,0.018482,0.012994,0.003526,0.002577,0.007138
1042.000000,0.019282,0.013211,0.002712,0.002668,-0.004090
1043.000000,0.018028,0.011553,0.001914,0.002726,-0.008466
1044.000000,-0.001010,0.008490,0.001184,0.001132,-0.021001
1045.000000,-0.004105,0.008307,0.003629,0.001592,0.005891
1046.000000,-0.006832,0.005825,0.004136,0.001321,-0.006494
1047.000000,-0.006594,0.006344,0.003444,0.000821,-0.002900
1048.000000,-0.006139,0.005945,0.003564,0.000664,-0.006190
1049.000000,-0.005377,-0.003194,0.002495,0.000319,-0.017193
1050.000000,-0.008748,-0.006426,0.004001,-0.000208,-0.010960
1051.000000,-0.004935,-0.005883,0.003555,0.000390,0.012569
1052.000000,-0.002435,-0.004514,0.004348,0.000304,0.009600
1053.000000,-0.000903,-0.003521,0.004016,0.000102,0.001469
1054.000000,0.002682,-0.001348,0.003571,0.000340,0.000734
1055.000000,0.005874,-0.001437,0.003435,0.001940,0.004998
1056.000000,0.003555,-0.000690,0.002568,0.002527,0.000972
1057.000000,0.003377,0.000471,0.003408,0.002453,0.008709
1058.000000,0.003684,0.001391,0.003668,0.002839,0.003006
1059.000000,0.005616,0.004149,0.000478,0.003047,0.010392
1060.000000,0.003089,0.004482,-0.000972,0.004161,-0.007635
1061.000000,0.000170,0.001862,-0.002011,0.002991,-0.013624
1062.000000,-0.002277,0.000550,-0.001982,0.003082,-0.003526
1063.000000,-0.003000,0.000342,-0.001590,0.002791,-0.000609
1064.000000,-0.005054,0.000281,-0.000533,0.002474,0.000122
1065.000000,-0.004603,-0.000757,-0.001097,0.002038,-0.005377
1066.000000,-0.003058,-0.001444,-0.001067,0.001230,-0.005899
1067.000000,-0.003539,-0.002908,-0.001219,0.001302,-0.005934
1068.000000,-0.001665,-0.002332,-0.000471,0.001668,0.008765
1069.000000,0.002037,-0.001509,0.001320,-0.000184,0.018631
1070.000000,0.000587,-0.002008,0.001237,-0.001318,-0.012626
1071.000000,-0.000148,-0.001603,0.000130,-0.001875,-0.009575
1072.000000,0.004050,0.000255,0.000403,-0.001236,0.015058
1073.000000,0.002807,0.000571,0.000457,-0.000869,0.002548
1074.000000,-0.002476,-0.000220,0.000031,-0.000429,-0.007787
1075.000000,0.001752,0.001169,0.000206,-0.000341,0.008514
1076.000000,0.001842,0.000847,-0.000299,-0.000429,-0.009125
1077.000000,-0.002519,0.000766,-0.001071,-0.000557,-0.006745
1078.000000,-0.001435,0.000686,-0.000823,-0.000085,0.007966
1079.000000,0.002621,0.000072,-0.000718,0.000904,0.012495
1080.000000,0.001664,0.001708,-0.000150,0.001394,0.003730
1081.000000,0.004830,0.003336,0.000866,0.001198,0.006703
1082.000000,0.009257,0.003369,0.001812,0.001391,0.015390
1083.000000,0.008695,0.003630,0.002101,0.001514,0.005156
1084.000000,0.007686,0.005154,0.002467,0.001738,0.007452
1085.000000,0.008305,0.004984,0.003077,0.001799,0.006821
1086.000000,0.006387,0.005609,0.003228,0.001670,-0.002885
1087.000000,0.001195,0.005226,0.002996,0.001028,-0.010571
1088.000000,-0.000515,0.004090,0.002388,0.000814,-0.003392
1089.000000,-0.000511,0.003588,0.001830,0.000717,0.007471
1090.000000,-0.001202,0.003551,0.002630,0.001084,0.003367
1091.000000,-0.002208,0.002090,0.002713,0.001274,-0.007913
1092.000000,0.000233,0.000714,0.002042,0.001446,0.001634
1093.000000,0.003853,0.001669,0.002649,0.001957,0.014705
1094.000000,-0.000536,-0.000523,0.002315,0.001470,-0.014472
1095.000000,0.000000,-0.000601,0.002192,0.001851,0.006046
1096.000000,0.000374,-0.000917,0.002346,0.001846,-0.006046
1097.000000,-0.001757,-0.000762,0.002232,0.001743,-0.009020
1098.000000,-0.005902,-0.001025,0.001533,0.001250,-0.006019
1099.000000,-0.003791,-0.002163,0.000712,0.000499,-0.003914
1100.000000,-0.005929,-0.002965,0.000293,0.000765,-0.004646
1101.000000,-0.005749,-0.002688,-0.000299,0.000913,-0.005148
1102.000000,-0.002892,-0.002325,-0.000805,0.000586,0.005267
1103.000000,-0.002166,-0.004034,-0.001183,0.000422,-0.002391
1104.000000,0.000095,-0.001848,-0.001186,0.000927,0.007392
1105.000000,-0.001679,-0.003804,-0.002202,0.000193,-0.013515
1106.000000,-0.000794,-0.003272,-0.002094,0.000473,-0.000723
1107.000000,-0.000981,-0.001937,-0.001349,0.000842,0.004328
1108.000000,-0.002796,-0.002481,-0.001753,0.000195,-0.011463
1109.000000,-0.006520,-0.003212,-0.002688,-0.000596,-0.011228
1110.000000,-0.003106,-0.002393,-0.002679,-0.000602,0.003553
1111.000000,0.002871,0.001039,-0.000825,0.000147,0.029166
1112.000000,-0.002487,-0.001734,-0.002029,-0.001115,-0.022462
1113.000000,-0.003033,-0.002914,-0.003474,-0.001760,-0.014192
1114.000000,-0.005601,-0.006060,-0.003954,-0.002811,-0.024067
1115.000000,-0.003180,-0.003143,-0.003474,-0.002516,0.015654
1116.000000,-0.012776,-0.004953,-0.004112,-0.003047,-0.018814
1117.000000,-0.008208,-0.005347,-0.003642,-0.002682,0.000380
1118.000000,-0.005016,-0.004024,-0.003253,-0.002510,0.001770
1119.000000,-0.001342,-0.003471,-0.003342,-0.002949,-0.005702
1120.000000,-0.005646,-0.004413,-0.003403,-0.003257,-0.005862
1121.000000,-0.002062,-0.007419,-0.003190,-0.003023,-0.000895
1122.000000,-0.001474,-0.004841,-0.003287,-0.002967,0.003321
1123.000000,-0.000202,-0.002609,-0.002762,-0.003186,0.008127
1124.000000,-0.001454,-0.001398,-0.003729,-0.003102,-0.011959
1125.000000,-0.004917,-0.005281,-0.004212,-0.004076,-0.023177
1126.000000,-0.002471,-0.002267,-0.003610,-0.003497,0.011332
1127.000000,-0.003992,-0.002733,-0.004040,-0.003339,-0.004283
1128.000000,-0.002085,-0.001144,-0.002584,-0.002550,0.017663
1129.000000,-0.002291,-0.001873,-0.002672,-0.002852,-0.012991
1130.000000,0.003583,-0.000667,-0.002540,-0.002491,0.006195
1131.000000,0.000026,-0.001223,-0.004321,-0.002534,-0.006454
1132.000000,-0.001462,-0.002727,-0.003784,-0.003101,-0.011723
1133.000000,-0.004864,-0.003474,-0.003042,-0.002999,0.000655
1134.000000,-0.004160,-0.003226,-0.002312,-0.003561,-0.009473
1135.000000,-0.006513,-0.001465,-0.003373,-0.003296,-0.005567
1136.000000,-0.001926,-0.000950,-0.001608,-0.002723,0.016479
1137.000000,-0.002452,-0.001957,-0.002345,-0.003346,-0.014355
1138.000000,-0.001683,-0.003273,-0.002209,-0.002814,0.004500
1139.000000,0.000000,-0.002080,-0.001976,-0.002475,-0.001057
1140.000000,0.001958,-0.002277,-0.001472,-0.002452,0.004221
1141.000000,-0.000471,-0.001199,-0.001211,-0.003280,0.004334
1142.000000,0.000239,-0.001107,-0.001917,-0.002892,-0.010805
1143.000000,0.000422,-0.000631,-0.002052,-0.002238,0.005417
1144.000000,0.001449,0.000724,-0.001251,-0.001300,0.004077
1145.000000,0.001782,0.001870,0.000203,-0.001625,0.005888
1146.000000,0.003224,0.001376,0.000213,-0.000613,0.011544
1147.000000,0.002449,0.001344,-0.000307,-0.001115,-0.014680
1148.000000,0.004095,0.002259,-0.000507,-0.000719,0.013648
1149.000000,0.000917,0.001183,-0.000449,-0.000923,-0.011818
1150.000000,-0.000235,0.000774,-0.000752,-0.000724,0.000131
1151.000000,-0.004196,-0.000486,-0.000842,-0.000969,-0.008263
1152.000000,0.001746,0.002098,0.000495,-0.000579,0.015032
1153.000000,-0.001035,0.001530,0.000450,-0.000858,-0.000260
1154.000000,-0.001390,-0.000236,0.000244,-0.000913,-0.013588
1155.000000,0.015574,0.007670,0.004770,0.002692,0.084948
1156.000000,0.006530,0.001167,0.001272,0.000531,-0.053483
1157.000000,0.004058,0.002902,0.002123,0.000763,0.002673
1158.000000,0.000000,-0.000518,0.000870,-0.000511,-0.020550
1159.000000,-0.002542,-0.001966,-0.000391,-0.000954,-0.026297
1160.000000,-0.029417,-0.006922,-0.003074,-0.002808,-0.049430
1161.000000,-0.019872,-0.006671,-0.003579,-0.002785,-0.005756
1162.000000,-0.017833,-0.006887,-0.002395,-0.001965,0.012869
1163.000000,-0.013389,-0.006695,-0.002582,-0.001932,0.001666
1164.000000,-0.007576,-0.005059,-0.002648,-0.001524,0.002771
1165.000000,-0.001095,-0.015256,-0.003793,-0.001906,-0.017025
1166.000000,-0.000931,-0.010402,-0.004617,-0.002619,-0.004938
1167.000000,-0.001815,-0.009824,-0.003461,-0.001859,0.008451
1168.000000,-0.000472,-0.006931,-0.003724,-0.001730,0.008380
1169.000000,-0.003800,-0.005688,-0.003827,-0.002157,-0.013865
1170.000000,0.001011,-0.000042,-0.003482,-0.002063,0.007026
1171.000000,0.002865,0.000967,-0.002852,-0.002063,0.004332
1172.000000,0.002232,0.000208,-0.003339,-0.001527,0.005284
1173.000000,0.000334,-0.000069,-0.003382,-0.001745,-0.001110
1174.000000,0.003772,-0.000014,-0.002536,-0.001770,0.003327
1175.000000,0.001340,0.001175,-0.007040,-0.002137,-0.005134
1176.000000,0.000056,0.001460,-0.004471,-0.002592,-0.002089
1177.000000,-0.004943,-0.001356,-0.005590,-0.002759,-0.019708
1178.000000,-0.004266,-0.001966,-0.004449,-0.003138,0.002272
1179.000000,-0.009233,-0.002730,-0.004209,-0.003461,-0.021506
1180.000000,-0.004587,-0.001624,-0.000833,-0.002862,0.018096
1181.000000,-0.002215,-0.001079,-0.000056,-0.002261,0.009773
1182.000000,0.005164,0.000111,0.000160,-0.002189,0.017188
1183.000000,0.004571,0.000153,0.000042,-0.002204,-0.000693
1184.000000,0.008150,-0.000541,-0.000278,-0.001871,-0.003611
1185.000000,-0.001848,-0.001848,-0.001848,-0.001848,0.003472
1186.000000,0.000141,-0.001037,0.000212,-0.003326,-0.015652
1187.000000,-0.005591,-0.000213,-0.000785,-0.003798,-0.011474
1188.000000,-0.005938,-0.000683,-0.001325,-0.003193,-0.002425
1189.000000,-0.005358,0.001396,-0.000667,-0.002341,-0.000714
1190.000000,-0.004998,0.000114,-0.000755,-0.000517,0.005274
1191.000000,-0.000762,-0.000311,-0.000695,-0.000141,0.005529
1192.000000,0.002604,-0.001494,-0.000691,-0.000391,0.005358
1193.000000,0.005299,-0.000319,-0.000083,-0.000079,0.011048
1194.000000,0.004941,-0.000209,-0.000375,-0.000255,-0.002507
1195.000000,0.003607,-0.000696,-0.000188,0.000266,-0.001395
1196.000000,0.005384,0.002311,0.000637,0.000912,0.014417
1197.000000,0.001987,0.002296,0.001041,0.000242,-0.011628
1198.000000,-0.001172,0.002064,0.000690,-0.000195,-0.004745
1199.000000,-0.000223,0.002359,0.001877,0.000341,0.002236
1200.000000,-0.000112,0.001748,0.000931,0.000079,-0.000838
1201.000000,-0.006689,-0.000652,-0.000482,-0.000681,-0.018471
1202.000000,-0.002861,-0.000437,-0.000965,-0.000607,0.007514
1203.000000,-0.002166,-0.001669,-0.000994,-0.000612,-0.001272
1204.000000,-0.001036,-0.000629,-0.000419,-0.000460,0.007888
1205.000000,-0.002757,-0.001434,-0.001065,-0.000604,-0.009445
1206.000000,-0.000570,-0.003630,-0.000659,-0.000785,-0.007535
1207.000000,0.001323,-0.000769,0.000763,0.000438,0.016981
1208.000000,0.002641,0.000238,0.001151,0.000539,0.005318
1209.000000,0.001760,0.000362,0.001360,0.001372,0.003483
1210.000000,0.005835,0.001539,0.001643,0.001133,0.010928
1211.000000,0.007204,0.003317,0.001332,0.000785,-0.000688
1212.000000,0.002260,0.001792,0.000677,-0.000046,-0.007739
1213.000000,-0.000699,0.000971,-0.000349,-0.000339,-0.009479
1214.000000,-0.000334,0.000713,0.000042,-0.000042,0.005308
1215.000000,-0.004705,0.000565,-0.000435,-0.000522,-0.010926
1216.000000,-0.004990,0.001107,-0.001261,-0.000070,-0.002115
1217.000000,-0.003442,-0.000591,-0.000680,0.000312,0.000000
1218.000000,-0.007681,-0.004190,-0.001976,-0.000630,-0.030670
1219.000000,-0.011055,-0.005695,-0.002666,-0.000991,-0.011564
1220.000000,-0.010645,-0.007675,-0.003068,-0.001463,-0.008873
1221.000000,-0.010400,-0.007695,-0.002189,-0.001677,-0.000892
1222.000000,-0.010697,-0.007070,-0.002639,-0.001905,-0.001488
1223.000000,-0.004742,-0.006211,-0.002620,-0.002303,-0.000894
1224.000000,-0.011702,-0.011379,-0.005333,-0.003765,-0.046364
1225.000000,-0.010052,-0.010348,-0.004892,-0.003739,-0.000625
1226.000000,-0.009749,-0.010074,-0.004484,-0.004199,0.000625
1227.000000,-0.011082,-0.010890,-0.005740,-0.004083,-0.008151
1228.000000,-0.012419,-0.008581,-0.006385,-0.004178,-0.007583
1229.000000,-0.004356,-0.008029,-0.006862,-0.004454,-0.006044
1230.000000,-0.003976,-0.007014,-0.007344,-0.004383,0.001276
1231.000000,-0.004931,-0.007340,-0.007517,-0.003906,-0.004151
1232.000000,-0.002502,-0.006792,-0.006931,-0.004023,0.003992
1233.000000,-0.000763,-0.006591,-0.006401,-0.003944,0.001115
1234.000000,0.001177,-0.001589,-0.006484,-0.004085,0.003655
1235.000000,0.001903,-0.001036,-0.005692,-0.003607,0.004905
1236.000000,0.004305,-0.000313,-0.005194,-0.003093,0.007860
1237.000000,0.007936,0.002717,-0.004086,-0.002921,0.022146
1238.000000,0.010813,0.005025,-0.001778,-0.002582,0.015502
1239.000000,0.011974,0.006575,-0.000727,-0.002383,0.009456
1240.000000,0.012244,0.007073,0.000030,-0.002538,0.006255
1241.000000,0.008102,0.006204,-0.000568,-0.002944,-0.012849
1242.000000,0.001495,0.004716,-0.001038,-0.003049,-0.010886
1243.000000,0.001921,0.006367,-0.000112,-0.002145,0.017630
1244.000000,-0.001078,0.005448,0.001929,-0.002507,-0.005542
