0.000000,0.006107,-0.005825,0.000060,0.003621,0.001892
1.000000,0.008029,-0.001147,0.001028,0.002415,0.013146
2.000000,0.011907,0.003279,0.000847,0.002367,0.009453
3.000000,0.007474,0.003593,-0.001264,0.001126,-0.029324
4.000000,-0.010607,-0.000868,-0.003725,-0.001422,-0.048202
5.000000,-0.012005,-0.002949,-0.003929,-0.002109,-0.005096
6.000000,-0.010302,-0.001136,-0.003947,-0.001706,0.021661
7.000000,-0.008793,0.001557,-0.003688,-0.001800,0.016998
8.000000,-0.000277,0.003598,-0.002764,-0.001358,0.013254
9.000000,0.011843,0.000618,-0.002307,-0.000453,0.012397
10.000000,0.012725,0.000360,-0.002732,0.000160,-0.000685
11.000000,0.007156,-0.001573,-0.001360,0.000161,-0.006183
12.000000,0.003066,-0.002863,0.000208,-0.000390,-0.003452
13.000000,0.000000,-0.000139,0.001727,-0.000889,-0.002077
14.000000,-0.007817,0.002013,0.000573,-0.001812,-0.026687
15.000000,-0.004713,0.004006,0.000529,-0.001284,0.014836
16.000000,0.003552,0.005354,0.002109,-0.000847,0.035140
17.000000,0.007865,0.005466,0.003511,-0.000637,0.018115
18.000000,0.007080,0.003540,0.003569,-0.000662,-0.006002
19.000000,0.014149,0.003166,0.001892,-0.000483,0.008658
20.000000,0.019622,0.007455,0.003908,0.000663,0.042200
21.000000,0.018359,0.010956,0.004691,0.002745,0.028824
22.000000,0.012375,0.010120,0.003629,0.003512,-0.011805
23.000000,0.024402,0.015741,0.007801,0.006399,0.054133
24.000000,0.022552,0.018351,0.010182,0.006499,-0.000592
25.000000,0.013993,0.016808,0.010407,0.005955,-0.000593
26.000000,0.014070,0.016215,0.010784,0.006811,0.029208
27.000000,0.016891,0.014633,0.010049,0.007219,0.002300
28.000000,0.007552,0.015977,0.009759,0.007705,0.007439
29.000000,0.003407,0.012979,0.008073,0.005588,-0.021320
30.000000,0.003292,0.008643,0.008049,0.005486,-0.001166
31.000000,-0.004660,0.004705,0.007830,0.004696,-0.010551
32.000000,0.002000,0.009446,0.009783,0.005568,0.035599
33.000000,-0.000685,0.003434,0.009587,0.006345,-0.005989
34.000000,0.005401,0.004404,0.011377,0.008256,0.009112
35.000000,0.007552,0.005422,0.011115,0.008745,0.009591
36.000000,0.008424,0.001882,0.009048,0.007817,-0.006195
37.000000,0.001191,0.001595,0.008114,0.007231,-0.000565
38.000000,0.007192,0.003253,0.009615,0.007590,0.024017
39.000000,-0.001251,0.002075,0.007527,0.006074,-0.033103
40.000000,0.002566,0.005059,0.006851,0.007052,0.028678
41.000000,0.005571,0.006997,0.005851,0.007553,0.008830
42.000000,0.009062,0.005126,0.007286,0.008231,0.016890
43.000000,0.005444,0.006318,0.004876,0.008498,0.005925
44.000000,0.013029,0.005889,0.005146,0.009548,0.004822
45.000000,0.005899,0.004233,0.004827,0.008821,-0.006972
46.000000,0.009967,0.007769,0.004826,0.008622,0.029172
47.000000,0.007840,0.008451,0.005023,0.008227,0.006253
48.000000,0.003408,0.004426,0.003840,0.007885,-0.016235
49.000000,0.006623,0.009826,0.005951,0.008294,0.020899
50.000000,0.003203,0.004551,0.004805,0.006084,-0.024072
51.000000,-0.004440,0.002764,0.004881,0.004822,-0.009045
52.000000,-0.023103,-0.007631,-0.001252,0.002314,-0.087060
53.000000,-0.017652,-0.007122,-0.000402,0.000876,0.011018
54.000000,-0.017722,-0.005549,0.000170,0.001581,0.020549
55.000000,-0.009880,-0.003338,0.000447,0.002106,0.015139
56.000000,-0.012687,-0.008563,-0.000397,0.000363,-0.023080
57.000000,0.007103,-0.008000,0.000226,0.000682,0.011888
58.000000,0.005124,-0.006264,-0.000919,0.000472,0.001125
59.000000,0.000000,-0.008861,0.000483,0.001013,-0.005072
60.000000,-0.000613,-0.005246,-0.000348,0.001455,0.012074
61.000000,-0.000171,-0.006429,-0.001833,0.001111,-0.020869
62.000000,-0.006056,0.000523,-0.003554,-0.000660,-0.017537
63.000000,-0.006223,-0.000549,-0.003836,-0.000451,0.000290
64.000000,-0.003994,-0.001997,-0.003773,-0.000553,0.006070
65.000000,-0.007333,-0.003973,-0.003656,-0.001026,-0.004622
66.000000,-0.001086,-0.000628,-0.004596,-0.000474,0.010369
67.000000,0.006393,0.000169,-0.003916,0.000207,0.019859
68.000000,0.004416,-0.000903,-0.003584,-0.000914,-0.009596
69.000000,0.002634,-0.000680,-0.004771,0.000095,-0.002840
70.000000,-0.004213,-0.005773,-0.005510,-0.002156,-0.038857
71.000000,-0.000919,-0.001002,-0.003716,-0.001556,0.026839
72.000000,-0.009079,-0.001343,-0.000410,-0.002817,-0.020943
73.000000,-0.007985,-0.001784,-0.001167,-0.003152,-0.004124
74.000000,-0.005654,-0.001510,-0.001754,-0.003019,0.008816
75.000000,0.004329,0.000058,-0.001958,-0.002418,0.011056
76.000000,0.000575,-0.000172,-0.000400,-0.003121,0.008069
77.000000,0.009079,0.000000,0.000084,-0.002610,0.021579
78.000000,0.011471,0.001743,0.000420,-0.001808,0.007834
79.000000,0.009038,0.001692,0.000506,-0.002616,-0.003350
80.000000,0.005592,0.004961,-0.000406,-0.002020,-0.006171
81.000000,0.002170,0.001372,0.000185,-0.002020,-0.009045
82.000000,-0.005698,0.001691,0.000174,0.000290,-0.017760
83.000000,-0.004510,0.003481,0.000848,0.000382,0.013777
84.000000,0.000837,0.004938,0.001714,0.000477,0.023385
85.000000,0.005769,0.005680,0.002869,0.000588,0.018486
86.000000,0.008885,0.005528,0.002678,0.001576,0.006540
87.000000,0.044027,0.019164,0.009582,0.006444,0.157946
88.000000,0.042012,0.018751,0.010247,0.006530,0.003704
89.000000,0.044951,0.022894,0.012293,0.007969,0.038083
90.000000,0.034560,0.020164,0.012562,0.006451,-0.033472
91.000000,0.039323,0.024104,0.012738,0.008158,0.030353
92.000000,0.009776,0.026901,0.014296,0.009083,0.010211
93.000000,0.003482,0.022747,0.013114,0.008148,-0.027767
94.000000,-0.002417,0.021267,0.013102,0.008232,0.008592
95.000000,0.000459,0.017510,0.011595,0.007749,-0.019091
96.000000,-0.003966,0.017678,0.011603,0.007678,0.008227
97.000000,-0.008021,0.000877,0.010021,0.006681,-0.010064
98.000000,0.005642,0.004562,0.011656,0.008352,0.040546
99.000000,0.004980,0.001282,0.012088,0.008623,0.005284
100.000000,0.013057,0.006758,0.013461,0.010628,0.021291
101.000000,0.010507,0.003270,0.013687,0.009582,-0.004524
102.000000,0.014197,0.003088,0.014995,0.010560,0.008386
103.000000,0.002980,0.004311,0.013529,0.010179,-0.015538
104.000000,0.001923,0.003452,0.012360,0.009886,0.000000
105.000000,-0.004698,0.004179,0.010845,0.009123,-0.011814
106.000000,-0.002390,0.004059,0.010868,0.009088,0.007018
107.000000,-0.000600,0.006798,0.003838,0.008947,0.017331
108.000000,0.005322,0.004151,0.004356,0.009155,0.014076
109.000000,-0.001047,0.000438,0.000860,0.008205,-0.031844
110.000000,-0.001059,-0.002879,0.001940,0.008015,-0.011876
111.000000,-0.012070,-0.007230,-0.001980,0.006715,-0.048038
112.000000,-0.016001,-0.008301,-0.002607,0.007229,-0.002324
113.000000,-0.015860,-0.005269,-0.000479,0.007263,0.014781
114.000000,-0.003885,-0.002466,0.000493,0.007418,0.028031
115.000000,0.003770,0.001355,0.002767,0.007681,0.026398
116.000000,0.011720,-0.000175,0.001942,0.007187,-0.008284
117.000000,0.006050,-0.004976,0.000911,0.000900,-0.030676
118.000000,0.001507,-0.007176,-0.001513,0.000512,-0.007932
119.000000,-0.007449,-0.005667,-0.002614,-0.001316,-0.016749
120.000000,-0.011161,-0.003696,-0.003287,0.000061,0.007836
121.000000,-0.009412,0.001154,-0.003038,-0.000935,0.000459
122.000000,0.000541,0.003295,-0.002503,-0.000639,0.019091
123.000000,0.009031,0.005269,0.000000,0.001437,0.034517
124.000000,0.014027,0.003289,0.000412,0.001425,0.008230
125.000000,0.015372,0.002105,0.001730,0.002547,0.014561
126.000000,0.013452,0.002020,0.000922,0.001968,-0.009140
127.000000,0.014081,0.007311,0.001168,0.003044,0.022234
128.000000,0.004728,0.006880,-0.000148,0.001285,-0.012244
129.000000,0.003295,0.008661,0.001497,0.001144,0.001061
130.000000,0.003205,0.009289,0.002796,0.000905,0.014116
131.000000,0.008106,0.010779,0.005966,0.001568,0.015363
132.000000,0.004071,0.009076,0.006186,0.001357,0.002058
133.000000,0.005448,0.005088,0.005179,0.001696,-0.005360
134.000000,0.005235,0.004265,0.003777,0.001696,0.000000
135.000000,-0.000755,0.001225,0.001665,0.001562,-0.015834
136.000000,-0.000909,0.003599,0.002809,0.001815,0.014593
137.000000,-0.000453,0.001809,0.004560,0.001381,0.004337
138.000000,-0.001494,0.001977,0.004428,0.000560,-0.010565
139.000000,-0.003041,0.001097,0.004879,0.001364,-0.007735
140.000000,0.013007,0.006126,0.007708,0.003906,0.064407
141.000000,0.003935,0.001513,0.006146,0.004482,-0.030772
142.000000,0.012423,0.005985,0.007530,0.006119,0.046778
143.000000,0.011885,0.005195,0.005142,0.005184,-0.013256
144.000000,0.018010,0.007485,0.005875,0.005013,0.022891
145.000000,0.005512,0.009260,0.005243,0.004197,0.001916
146.000000,0.014781,0.009358,0.006478,0.004992,0.015575
147.000000,0.005727,0.009075,0.005442,0.006065,0.001507
148.000000,0.008076,0.009981,0.005979,0.006279,-0.001507
149.000000,0.002819,0.010414,0.005756,0.006724,-0.003398
150.000000,0.001677,0.003595,0.004861,0.006337,-0.003789
151.000000,0.000828,0.007804,0.004659,0.006699,0.011325
152.000000,0.000601,0.003164,0.004575,0.006075,0.000375
153.000000,0.001128,0.004602,0.004899,0.004962,0.001125
154.000000,0.000830,0.001824,0.004655,0.004525,-0.004884
155.000000,0.002415,0.002046,0.005653,0.004177,0.004135
156.000000,-0.001205,-0.000189,0.004585,0.004256,-0.006775
157.000000,0.001756,0.001179,0.005127,0.004021,0.015179
158.000000,-0.000826,0.000151,0.005066,0.004036,-0.011786
159.000000,0.001501,0.001166,0.005790,0.004226,0.006752
160.000000,0.000000,0.001208,0.002401,0.003643,-0.003370
161.000000,0.009585,0.004190,0.005997,0.004503,0.041152
162.000000,0.007913,0.004834,0.003999,0.004661,0.006816
163.000000,0.009482,0.004328,0.004465,0.004708,-0.003941
164.000000,0.001786,0.001644,0.001734,0.003651,-0.031726
165.000000,0.003495,0.001748,0.001897,0.004351,0.005174
166.000000,-0.001518,0.004034,0.001923,0.004401,0.016088
167.000000,-0.009744,-0.000915,0.000132,0.003113,-0.034314
168.000000,-0.003622,0.002930,0.001540,0.004354,0.026668
169.000000,0.007276,0.004531,0.002848,0.005370,0.022765
170.000000,0.004014,0.003755,0.002481,0.002852,-0.011137
171.000000,-0.005964,-0.003741,0.000225,0.002751,-0.033802
172.000000,0.003498,-0.003123,0.000856,0.001625,0.012994
173.000000,-0.003020,-0.003321,0.000503,0.001870,-0.005919
174.000000,-0.009362,-0.001043,0.000300,0.000808,-0.008945
175.000000,-0.009545,-0.002765,-0.000509,0.000343,-0.012053
176.000000,-0.000674,-0.003319,0.000357,0.000175,0.010554
177.000000,-0.001110,0.001194,0.000139,0.000486,0.010815
178.000000,0.004766,0.000873,0.001902,0.001318,0.023461
179.000000,0.001120,-0.004121,0.000205,0.000525,-0.027178
180.000000,0.004385,-0.002580,0.000587,0.000794,0.004272
181.000000,-0.000977,-0.000826,-0.002283,-0.000125,-0.016257
182.000000,-0.005795,-0.003453,-0.003288,-0.000580,-0.013275
183.000000,-0.007757,-0.001495,-0.002408,-0.000163,0.013652
184.000000,-0.001945,-0.000413,-0.000728,0.000063,0.001881
185.000000,-0.006212,-0.000914,-0.001840,-0.000644,-0.017062
186.000000,-0.004496,-0.002737,-0.003028,-0.000674,-0.007678
187.000000,-0.004948,-0.005372,-0.002089,-0.001698,-0.015534
188.000000,-0.000982,-0.004369,-0.001748,-0.000189,0.033484
189.000000,-0.007508,-0.004726,-0.004424,-0.001439,-0.030748
190.000000,-0.008356,-0.007284,-0.004932,-0.002036,-0.021303
191.000000,-0.001470,-0.002983,-0.001904,-0.002516,0.026752
192.000000,-0.002362,-0.003655,-0.003554,-0.003410,-0.019997
193.000000,-0.018631,-0.009806,-0.005651,-0.004874,-0.047860
194.000000,-0.011818,-0.009663,-0.005038,-0.003706,0.003318
195.000000,0.001113,-0.003621,-0.002267,-0.002433,0.043353
196.000000,-0.008242,-0.004856,-0.003796,-0.003637,-0.020025
197.000000,-0.005297,-0.003830,-0.004601,-0.002669,-0.005273
198.000000,-0.000833,-0.009732,-0.007051,-0.004409,-0.025537
199.000000,0.000496,-0.005661,-0.005194,-0.004836,0.009963
200.000000,-0.005548,-0.002217,-0.004751,-0.004027,0.013131
201.000000,0.002492,-0.002875,-0.002929,-0.002228,0.020178
202.000000,-0.000733,-0.003015,-0.003335,-0.003374,-0.021402
203.000000,0.010246,0.004707,-0.002550,-0.002198,0.029361
204.000000,0.003277,0.001887,-0.003888,-0.002730,-0.024881
205.000000,0.001705,-0.001922,-0.002771,-0.002152,0.005269
206.000000,-0.002250,0.000121,-0.002367,-0.002490,0.000404
207.000000,0.002676,0.000971,-0.001429,-0.002743,0.003227
208.000000,-0.008916,0.000665,-0.004533,-0.004479,-0.028597
209.000000,0.010989,0.007133,0.000736,-0.001085,0.074641
210.000000,0.011849,0.006777,0.002280,-0.000908,0.009569
211.000000,0.006988,0.002369,-0.000253,-0.001163,-0.023902
212.000000,0.007121,0.004898,0.000942,-0.000591,0.003894
213.000000,0.011515,0.001299,0.003003,-0.001267,-0.006629
214.000000,-0.002010,0.004489,0.003188,-0.001096,0.007018
215.000000,-0.007135,0.002357,0.000218,-0.001062,-0.016057
216.000000,0.000545,0.003767,0.001944,-0.000323,0.014502
217.000000,0.002011,0.004566,0.002769,0.000569,0.011221
218.000000,0.006770,0.009142,0.004904,0.000025,0.017166
219.000000,0.005215,0.001602,0.004368,0.001025,-0.000757
220.000000,0.004913,-0.001111,0.002833,0.001150,-0.017564
221.000000,-0.013188,-0.006321,-0.001976,-0.002276,-0.076006
222.000000,-0.014934,-0.006462,-0.000782,-0.001526,0.002491
223.000000,-0.025113,-0.009172,-0.003936,-0.001055,-0.033730
224.000000,-0.027725,-0.011255,-0.003383,-0.001626,-0.013817
225.000000,-0.020850,-0.007968,-0.002806,-0.002511,0.016814
226.000000,-0.007798,-0.010493,-0.003363,-0.002202,-0.010746
227.000000,-0.011432,-0.013183,-0.004308,-0.002549,-0.015680
228.000000,-0.006982,-0.016047,-0.003453,-0.002080,-0.011479
229.000000,-0.007893,-0.017809,-0.008103,-0.003025,-0.018374
230.000000,-0.010714,-0.015782,-0.008446,-0.003372,0.002710
231.000000,-0.011015,-0.009406,-0.007864,-0.004453,-0.012253
232.000000,-0.011194,-0.011313,-0.008887,-0.004292,-0.016575
233.000000,-0.001605,-0.004293,-0.006732,-0.004055,0.036467
234.000000,-0.010206,-0.009050,-0.010152,-0.005272,-0.061380
235.000000,0.000630,-0.005042,-0.006505,-0.003551,0.056894
236.000000,0.002631,-0.004192,-0.007342,-0.003639,-0.002251
237.000000,0.004771,-0.003212,-0.008197,-0.003943,-0.005876
238.000000,-0.011611,-0.006608,-0.011328,-0.004504,-0.045441
239.000000,-0.000381,-0.005294,-0.011551,-0.007167,-0.005232
240.000000,-0.000180,0.000225,-0.007778,-0.005556,0.057900
241.000000,-0.001175,0.000728,-0.004339,-0.005000,-0.007227
242.000000,0.006160,0.005465,-0.002924,-0.004103,0.030799
243.000000,0.016213,0.002301,-0.000996,-0.003721,0.004824
244.000000,0.022100,0.010859,0.000905,-0.003149,0.024202
245.000000,0.011542,0.005681,0.000320,-0.002443,0.005111
246.000000,0.015687,0.007256,0.001532,-0.002476,0.013502
247.000000,0.009276,0.007718,0.002253,-0.002892,-0.001258
248.000000,0.006964,0.011588,0.002490,-0.003689,-0.006737
249.000000,-0.002146,0.009977,0.002341,-0.004375,-0.021350
250.000000,-0.005600,0.002971,0.001598,-0.004195,-0.012158
251.000000,-0.007864,0.003912,0.002320,-0.001589,0.002182
252.000000,-0.008574,0.000351,0.002908,-0.001832,-0.004807
253.000000,-0.008545,-0.000791,0.000755,-0.000928,-0.006592
254.000000,-0.005602,-0.003874,0.003492,-0.000688,-0.006636
255.000000,0.001826,-0.001887,0.001897,-0.000416,0.024985
256.000000,0.003200,-0.002332,0.002462,0.000244,0.009050
257.000000,-0.000702,-0.004638,0.001540,-0.000044,-0.024317
258.000000,0.002889,-0.002828,0.004380,0.000718,0.011364
259.000000,-0.001336,-0.003469,0.003254,0.000405,-0.027761
260.000000,-0.005619,-0.001896,0.000537,0.000433,0.003568
261.000000,-0.012205,-0.004503,-0.000296,0.000046,-0.023880
262.000000,-0.010931,-0.005816,-0.002733,0.000000,-0.017944
263.000000,0.009257,0.006073,0.002641,0.002528,0.112300
264.000000,0.016626,0.007645,0.001885,0.004877,0.009087
265.000000,0.014675,0.004528,0.001321,0.002774,-0.006187
266.000000,0.016953,0.002374,0.000021,0.002433,-0.012490
267.000000,0.020291,0.004680,0.000021,0.002587,-0.001258
268.000000,0.003047,0.006152,0.001662,0.004971,0.026083
269.000000,0.004473,0.010549,0.003540,0.005686,0.016214
270.000000,0.008505,0.011590,0.004847,0.004221,0.013975
271.000000,0.017325,0.017139,0.006318,0.005516,0.031612
272.000000,0.020400,0.020345,0.007264,0.004960,0.014114
273.000000,0.012744,0.007896,0.006984,0.004393,-0.012195
274.000000,0.010267,0.007370,0.007507,0.003714,0.003827
275.000000,0.007319,0.007912,0.006220,0.003518,-0.000764
276.000000,0.003277,0.010301,0.006338,0.003448,0.011403
277.000000,0.005971,0.013185,0.008933,0.004409,0.027583
278.000000,0.006043,0.009393,0.007773,0.004239,-0.011834
279.000000,0.009182,0.009725,0.010137,0.005602,0.019525
280.000000,0.012592,0.009955,0.010773,0.006550,0.016284
281.000000,0.008146,0.005712,0.011425,0.006116,-0.010827
282.000000,0.002775,0.004373,0.012359,0.006301,0.000725
283.000000,0.011001,0.008522,0.008209,0.007497,0.029298
284.000000,0.003615,0.006399,0.006884,0.007138,-0.017404
285.000000,-0.000503,0.006044,0.006978,0.006161,-0.004309
286.000000,0.003168,0.005657,0.007979,0.006111,0.007528
287.000000,0.002737,0.002756,0.007971,0.006874,-0.001430
288.000000,-0.002124,0.004439,0.006916,0.006661,0.004995
289.000000,0.002563,0.003089,0.006407,0.007788,0.006032
290.000000,0.005326,0.002411,0.006183,0.007986,0.009505
291.000000,0.004170,0.003669,0.004690,0.008840,0.001750
292.000000,0.000928,0.001832,0.003102,0.008850,-0.017643
293.000000,0.004991,0.001433,0.004978,0.005950,0.025309
294.000000,0.005719,0.004141,0.005270,0.005970,0.009672
295.000000,0.004641,0.004983,0.005514,0.006313,0.004117
296.000000,0.005451,0.004811,0.005234,0.006923,0.005803
297.000000,0.007819,0.004374,0.003565,0.006772,-0.005803
298.000000,0.006757,0.005874,0.005156,0.006569,0.019997
299.000000,0.006027,0.005873,0.004481,0.006229,0.006022
300.000000,0.003395,0.004018,0.003215,0.005462,-0.009047
301.000000,0.001492,0.003472,0.003570,0.004284,-0.003709
302.000000,0.006003,0.006911,0.004372,0.004372,0.016751
303.000000,0.002931,0.004844,0.003139,0.004933,0.004640
304.000000,0.001661,0.003844,0.003992,0.004795,-0.000331
305.000000,0.003569,0.003482,0.004233,0.004837,0.000496
306.000000,0.001011,0.001251,0.003031,0.003906,-0.016502
307.000000,-0.007446,-0.000722,0.001826,0.002136,-0.025533
308.000000,-0.006384,-0.001726,0.002074,0.002862,0.009950
309.000000,-0.011296,-0.004817,0.000528,0.001382,-0.024889
310.000000,-0.012026,-0.004228,-0.000105,0.000734,-0.003155
311.000000,-0.008375,-0.003682,-0.000105,0.001153,0.001754
312.000000,0.000069,-0.003688,0.001611,0.001685,0.016684
313.000000,0.001225,-0.002579,0.001133,0.001233,0.015732
314.000000,0.003882,-0.003707,0.000069,0.001426,-0.011604
315.000000,0.002720,-0.004653,-0.000585,0.001271,-0.008966
316.000000,0.000490,-0.003942,-0.001345,0.000707,-0.009396
317.000000,-0.004673,-0.002302,-0.001512,0.000450,-0.009132
318.000000,-0.005086,-0.001930,-0.001828,0.000739,0.013668
319.000000,-0.006773,-0.001445,-0.003131,-0.000130,-0.020039
320.000000,-0.011770,-0.004525,-0.004377,-0.001578,-0.033951
321.000000,-0.013973,-0.006742,-0.005212,-0.002317,-0.020413
322.000000,-0.007624,-0.006149,-0.004919,-0.000975,0.022614
323.000000,-0.009006,-0.007046,-0.004813,-0.001594,0.006759
324.000000,-0.004090,-0.005432,-0.004569,-0.001765,0.004541
325.000000,0.002555,-0.004607,-0.004630,-0.001926,-0.000725
326.000000,0.009590,-0.002192,-0.003067,-0.001627,0.014762
327.000000,0.006065,-0.000779,-0.001541,-0.001268,0.004991
328.000000,0.004927,-0.002039,-0.001985,-0.001899,0.001066
329.000000,0.003663,-0.000213,-0.000829,-0.002159,-0.001778
330.000000,0.004590,0.003572,-0.000476,-0.001727,0.003907
331.000000,0.001425,0.005507,-0.000617,-0.001639,-0.001064
332.000000,-0.000427,0.002819,-0.001665,-0.002339,-0.004267
333.000000,0.001063,0.002995,-0.002026,-0.002210,0.008517
334.000000,0.004504,0.004084,-0.000674,-0.001685,0.015428
335.000000,0.002046,0.003318,-0.000645,-0.001981,-0.008386
336.000000,0.004075,0.002750,0.000279,-0.001128,0.009081
337.000000,-0.000071,-0.000249,-0.000514,-0.001110,-0.024997
338.000000,0.036405,0.018734,0.008347,0.004921,0.190900
339.000000,0.035254,0.019879,0.009833,0.006073,0.009673
340.000000,0.041773,0.021909,0.012741,0.006986,0.024209
341.000000,0.041036,0.022555,0.014031,0.007107,0.005395
342.000000,0.044500,0.022215,0.012517,0.006295,-0.007676
343.000000,0.001058,0.018731,0.010863,0.004893,-0.026314
344.000000,-0.002879,0.016188,0.010136,0.004947,-0.010012
345.000000,-0.003910,0.018931,0.011125,0.005881,0.019054
346.000000,-0.004236,0.018400,0.010575,0.006319,0.003768
347.000000,-0.003803,0.020349,0.010050,0.006440,-0.005511
348.000000,0.002735,0.001896,0.010315,0.006197,0.006379
349.000000,0.004564,0.000842,0.010361,0.006836,-0.000867
350.000000,0.002539,-0.000686,0.010612,0.008265,0.008927
351.000000,0.002929,-0.000654,0.010951,0.009136,0.005718
352.000000,0.001853,-0.000975,0.010620,0.008020,-0.010891
353.000000,0.000923,0.001829,0.010280,0.007852,0.001728
354.000000,0.003214,0.003889,0.010038,0.008053,0.010588
355.000000,-0.001843,0.000348,0.009640,0.007532,-0.016359
356.000000,-0.002005,0.000462,0.009431,0.007204,0.004907
357.000000,0.001436,0.001644,0.010996,0.007248,0.006315
358.000000,0.000115,0.000519,0.001208,0.007050,-0.004876
359.000000,-0.001600,0.000807,0.000825,0.007176,0.002011
360.000000,0.002015,0.000086,-0.000300,0.007103,0.001720
361.000000,0.005509,0.001752,0.000549,0.007885,0.022377
362.000000,0.003179,0.002307,0.000666,0.007849,-0.005336
363.000000,0.002571,0.001343,0.001586,0.007301,-0.007916
364.000000,0.004707,0.001553,0.002721,0.007210,0.012692
365.000000,0.004475,0.003245,0.001797,0.007508,0.000560
366.000000,0.006015,0.005762,0.003112,0.008208,0.030075
367.000000,0.009030,0.006105,0.003874,0.009366,0.009738
368.000000,0.010182,0.006377,0.003448,0.002931,-0.002156
369.000000,0.008021,0.006364,0.003585,0.002671,0.001887
370.000000,0.006612,0.005544,0.002815,0.001648,-0.006483
371.000000,-0.002351,0.001832,0.001792,0.000977,-0.014742
372.000000,-0.003476,0.002777,0.002542,0.001370,0.004117
373.000000,-0.004363,0.002909,0.002126,0.002027,-0.006595
374.000000,-0.006847,0.000587,0.001070,0.002010,-0.010532
375.000000,-0.005662,0.000475,0.001860,0.001356,-0.000557
376.000000,0.000275,-0.001038,0.002362,0.001729,0.014942
377.000000,0.001365,-0.001055,0.002525,0.002231,0.009567
378.000000,0.003552,-0.000405,0.002986,0.002163,0.004343
379.000000,0.001499,-0.002674,0.001845,0.001499,-0.020800
380.000000,-0.003260,-0.004461,0.000541,0.000390,-0.024354
381.000000,-0.004950,-0.002337,-0.000253,0.000415,0.006496
382.000000,-0.005013,-0.001824,0.000476,0.001087,0.009248
383.000000,-0.005214,-0.000831,0.001039,0.001141,0.003342
384.000000,0.002146,0.001822,0.001205,0.001321,0.015996
385.000000,0.004981,0.000861,0.000668,0.001527,-0.010175
386.000000,0.008812,0.001931,0.000446,0.002218,0.025649
387.000000,0.006639,0.000813,-0.000121,0.001954,-0.001618
388.000000,0.012970,0.003878,0.001736,0.003283,0.034998
389.000000,0.009979,0.006062,0.001694,0.003251,0.001042
390.000000,0.012014,0.008498,0.002018,0.003193,0.000000
391.000000,-0.005905,0.001453,-0.000442,0.000316,-0.063949
392.000000,-0.001191,0.002724,0.000450,0.001226,0.021955
393.000000,-0.012581,0.000194,-0.000318,0.000758,-0.021955
394.000000,-0.018132,-0.004076,-0.001127,-0.000556,-0.026713
395.000000,-0.022453,-0.005220,-0.002180,-0.001295,-0.021605
396.000000,-0.008734,-0.007320,-0.002694,-0.002142,0.004648
397.000000,-0.018412,-0.009801,-0.004494,-0.003348,-0.026433
398.000000,-0.013367,-0.012974,-0.004548,-0.003167,0.003268
399.000000,-0.005255,-0.011694,-0.002816,-0.002768,0.013846
400.000000,-0.001227,-0.011840,-0.001671,-0.002601,-0.001464
401.000000,-0.001338,-0.005036,-0.001791,-0.001973,0.004094
402.000000,-0.001734,-0.010073,-0.003674,-0.003058,-0.028413
403.000000,0.003412,-0.004978,-0.002392,-0.001871,0.028996
404.000000,0.005141,-0.000057,-0.002067,-0.000770,0.022492
405.000000,0.008153,0.003463,-0.000878,-0.000299,0.013594
406.000000,0.012132,0.005397,-0.000961,0.000003,0.023988
407.000000,0.018783,0.008525,-0.000638,-0.000155,0.004846
408.000000,0.010509,0.006961,-0.003007,-0.000712,-0.012375
409.000000,0.008923,0.007032,-0.002331,0.000467,0.014559
410.000000,0.008050,0.008101,-0.001870,0.001586,0.009229
411.000000,0.006176,0.009154,0.002059,0.001857,0.014618
412.000000,0.006295,0.012539,0.001233,0.001730,0.005444
413.000000,0.010878,0.010693,0.002858,0.001970,0.010538
414.000000,0.005115,0.007019,0.003481,0.000962,-0.014252
415.000000,0.002950,0.005500,0.004481,0.001248,-0.001596
416.000000,-0.001792,0.002192,0.003794,0.000090,-0.009093
417.000000,-0.003527,0.001384,0.004955,0.000036,-0.003229
418.000000,-0.001684,0.004597,0.005779,-0.000472,0.019750
419.000000,0.002063,0.003589,0.005310,-0.000358,0.004483
420.000000,0.001750,0.002350,0.005226,-0.000463,-0.003162
421.000000,0.000751,-0.000521,0.004317,0.001199,-0.014087
422.000000,0.003156,-0.000186,0.006177,0.000760,0.008794
423.000000,0.000844,-0.000420,0.005137,0.001765,0.008191
424.000000,-0.002969,-0.000453,0.003283,0.002170,-0.014579
425.000000,-0.000423,0.000663,0.003082,0.003209,0.009567
426.000000,0.003608,0.002179,0.002185,0.003256,0.006065
427.000000,-0.002832,0.000162,0.000773,0.003357,-0.023405
428.000000,-0.007890,-0.003523,0.000537,0.002678,-0.017099
429.000000,-0.002310,-0.002639,0.000475,0.002661,0.013324
430.000000,-0.007546,-0.003984,-0.000817,0.002156,-0.016615
431.000000,-0.004197,-0.000295,-0.000408,0.002779,0.022808
432.000000,-0.002437,-0.002635,-0.001410,0.003240,-0.014603
433.000000,0.000438,-0.003726,-0.002073,0.002182,-0.002728
434.000000,-0.001900,-0.002105,-0.001279,0.001487,0.001638
435.000000,0.002511,-0.002518,-0.000927,0.001215,0.005439
436.000000,-0.007829,-0.006013,-0.001917,-0.000547,-0.028892
437.000000,-0.004128,-0.003283,-0.001560,-0.000579,0.003901
438.000000,-0.004586,-0.002074,-0.002799,-0.000334,-0.005018
439.000000,-0.005866,-0.003883,-0.003261,-0.000978,-0.004763
440.000000,-0.009612,-0.003550,-0.003767,-0.001728,-0.013286
441.000000,-0.001288,-0.004559,-0.002427,-0.001791,0.012725
442.000000,-0.000056,-0.002092,-0.002363,-0.001637,0.010064
443.000000,0.001226,-0.001680,-0.002703,-0.001942,0.001390
444.000000,-0.003913,-0.004890,-0.003497,-0.002483,-0.030459
445.000000,0.000795,-0.004408,-0.003463,-0.002087,0.010257
446.000000,-0.003286,-0.002287,-0.004150,-0.002040,-0.007682
447.000000,-0.008060,-0.004058,-0.003670,-0.002393,-0.013805
448.000000,-0.016013,-0.007394,-0.004734,-0.004330,-0.038375
449.000000,-0.012923,-0.008418,-0.006151,-0.004980,-0.015008
450.000000,-0.011072,-0.005138,-0.004344,-0.004224,0.019512
451.000000,-0.014142,-0.008714,-0.006636,-0.004523,-0.023031
452.000000,-0.001482,-0.004771,-0.003432,-0.003166,0.049491
453.000000,0.009979,-0.003017,-0.002349,-0.002808,0.018930
454.000000,0.017285,0.002181,-0.001354,-0.001605,0.021524
455.000000,0.009764,-0.000654,-0.002531,-0.002527,-0.018095
456.000000,0.021048,0.003453,0.000583,-0.001616,0.033388
457.000000,0.011756,0.005137,0.000539,-0.000735,0.003031
458.000000,0.010810,0.010395,0.001500,0.000309,0.014204
459.000000,0.009787,0.013536,0.002559,0.000412,0.016409
460.000000,0.020895,0.015329,0.005096,0.002214,0.037444
461.000000,0.018992,0.020020,0.005653,0.002249,0.023871
462.000000,0.023929,0.017842,0.006536,0.003660,0.027718
463.000000,0.021040,0.015925,0.006454,0.003742,-0.000244
464.000000,0.016189,0.012988,0.007585,0.003426,-0.007843
465.000000,0.009118,0.015007,0.007176,0.003315,0.002089
466.000000,0.004712,0.011852,0.007652,0.004339,0.001840
467.000000,-0.000147,0.011891,0.008514,0.004323,0.003425
468.000000,0.001460,0.011250,0.010822,0.004750,0.007786
469.000000,0.002446,0.009317,0.011427,0.004812,-0.002913
470.000000,0.002319,0.005719,0.010524,0.005303,0.001457
471.000000,0.003137,0.003924,0.011972,0.005077,0.005929
472.000000,0.002573,0.001213,0.009528,0.004761,0.000603
473.000000,0.000677,0.001068,0.008497,0.004659,-0.001689
474.000000,0.008238,0.005342,0.009165,0.006837,0.034891
475.000000,0.010612,0.006465,0.010736,0.006939,0.013323
476.000000,0.008063,0.005600,0.008726,0.006968,-0.006813
477.000000,0.009535,0.006054,0.008973,0.007694,0.007964
478.000000,0.010355,0.005516,0.008383,0.009053,0.002411
479.000000,0.005249,0.006744,0.008030,0.009866,0.009360
480.000000,0.001079,0.005845,0.005782,0.008964,-0.007527
481.000000,0.003583,0.005823,0.004874,0.009922,0.005707
482.000000,-0.001593,0.003971,0.002592,0.007676,-0.017915
483.000000,0.000138,0.005246,0.003157,0.007413,0.011063
484.000000,0.008801,0.007025,0.006184,0.008452,0.052679
485.000000,0.012469,0.006774,0.006620,0.009415,0.010813
486.000000,0.012037,0.007810,0.006705,0.008421,0.003543
487.000000,0.012835,0.005621,0.005838,0.007855,-0.013921
488.000000,0.008745,0.004441,0.004979,0.007069,-0.009390
489.000000,-0.005422,0.001690,0.004217,0.005917,-0.018154
490.000000,-0.005982,0.003244,0.004544,0.004936,0.008011
491.000000,-0.007691,0.002173,0.003998,0.003973,-0.004999
492.000000,-0.002449,0.005193,0.004582,0.003459,0.012286
493.000000,-0.000571,0.004087,0.004667,0.003467,0.000000
494.000000,0.005726,0.000152,0.003589,0.004173,0.013332
495.000000,0.009183,0.001600,0.004187,0.004947,0.025296
496.000000,0.011091,0.001700,0.004755,0.005037,0.004541
497.000000,0.010292,0.003921,0.004771,0.005199,0.008289
498.000000,0.010229,0.004829,0.004635,0.004929,-0.000314
499.000000,0.008501,0.007114,0.004402,0.005182,0.004693
500.000000,0.004562,0.006873,0.005058,0.005320,0.005602
501.000000,0.000568,0.005830,0.004001,0.004609,-0.015430
502.000000,-0.001974,0.004159,0.004676,0.004441,-0.004422
503.000000,-0.003458,0.003385,0.003736,0.004240,-0.007733
504.000000,-0.005014,0.001743,0.000948,0.002974,-0.003089
505.000000,-0.007419,-0.001428,0.000086,0.002315,-0.006421
506.000000,-0.006970,-0.003201,-0.000750,0.002103,-0.013185
507.000000,-0.002421,-0.002197,0.000862,0.002448,0.018325
508.000000,0.004667,0.000604,0.002717,0.003291,0.027705
509.000000,0.002712,-0.001151,0.002981,0.002551,-0.012862
510.000000,0.002093,-0.002663,0.002105,0.002484,-0.009517
511.000000,0.001992,-0.002489,0.001670,0.001838,-0.013693
512.000000,0.000384,-0.001018,0.001570,0.002778,0.010287
513.000000,-0.006269,-0.000801,0.001292,0.002224,-0.005559
514.000000,0.002406,0.002559,0.002151,0.001485,0.030512
515.000000,0.003162,0.002628,0.000600,0.000933,-0.005735
516.000000,0.006986,0.004489,0.000644,0.000996,0.005423
517.000000,0.010225,0.005304,0.001553,0.002343,0.026482
518.000000,0.013071,0.003401,0.002003,0.002945,0.008674
519.000000,0.005699,0.004053,0.001451,0.003338,-0.006347
520.000000,0.002494,0.002828,0.000083,0.002346,-0.021761
521.000000,0.025512,0.016249,0.006880,0.006530,0.120511
522.000000,0.022835,0.016530,0.007756,0.006557,0.013098
523.000000,0.019394,0.016233,0.007716,0.006272,-0.008531
524.000000,0.021046,0.013373,0.007966,0.005892,0.001912
525.000000,0.023772,0.013133,0.007881,0.004778,-0.008129
526.000000,-0.000202,0.012655,0.008572,0.004648,0.000642
527.000000,0.003795,0.013315,0.009310,0.005474,0.033082
528.000000,0.001018,0.010206,0.006804,0.004737,-0.022416
529.000000,-0.002527,0.009260,0.006656,0.004054,-0.015812
530.000000,0.000878,0.012325,0.007577,0.004164,0.008896
531.000000,0.001425,0.000612,0.008430,0.004790,0.003373
532.000000,-0.000693,0.001551,0.009041,0.005688,0.022495
533.000000,0.004483,0.002751,0.009492,0.006061,0.003464
534.000000,0.008954,0.003214,0.008293,0.006382,0.006540
535.000000,0.010130,0.005504,0.009319,0.007088,0.014778
536.000000,0.007834,0.004630,0.008642,0.007258,-0.008105
537.000000,0.005182,0.002245,0.007780,0.006955,0.009233
538.000000,0.004072,0.004278,0.007242,0.005962,-0.002083
539.000000,0.003025,0.005989,0.007624,0.006434,0.001302
540.000000,-0.000748,0.004691,0.008508,0.006615,-0.004086
541.000000,0.002037,0.004936,0.002774,0.007265,0.005820
542.000000,-0.001707,0.001738,0.001644,0.006606,-0.009486
543.000000,-0.000365,0.001854,0.002302,0.006946,0.004624
544.000000,-0.003342,-0.000159,0.001527,0.005476,-0.013583
545.000000,-0.000663,-0.000706,0.002399,0.005977,0.009309
546.000000,-0.001216,0.000410,0.002520,0.005898,0.003055
547.000000,-0.002889,-0.002298,-0.000027,0.004421,-0.017849
548.000000,-0.002734,-0.001550,0.001364,0.004311,0.005397
549.000000,-0.005801,-0.004571,0.000709,0.003559,-0.028915
550.000000,-0.007517,-0.004090,0.000300,0.004309,0.000726
551.000000,-0.008237,-0.004727,0.000105,0.000274,-0.000545
552.000000,-0.003797,-0.003343,-0.000803,-0.000018,0.004349
553.000000,-0.003023,-0.002879,-0.000512,0.000575,0.009270
554.000000,-0.003223,-0.004512,-0.002335,-0.000486,-0.029915
555.000000,0.001933,-0.002792,-0.001749,0.000669,0.026505
556.000000,0.003225,-0.002506,-0.001048,0.000845,0.005915
557.000000,0.007036,0.001619,-0.000339,0.000522,0.023404
558.000000,0.005147,0.001062,-0.000244,0.001263,-0.000175
559.000000,0.013525,0.005151,0.000290,0.002190,0.011976
560.000000,0.001647,0.001790,-0.001150,0.000797,-0.032885
561.000000,0.000428,0.001827,-0.001450,0.000679,-0.000178
562.000000,0.003307,0.005171,0.000914,0.001189,0.037796
563.000000,0.007539,0.006343,0.001732,0.001773,0.020985
564.000000,0.002929,0.008227,0.001858,0.001186,-0.011075
565.000000,0.004199,0.002923,0.000066,-0.000192,-0.026533
566.000000,0.005540,0.002984,0.000239,0.000296,0.006526
567.000000,-0.003866,-0.000280,0.000670,-0.000319,-0.009236
568.000000,-0.005697,0.000921,0.000992,0.000144,0.011834
569.000000,-0.002274,0.000327,0.002739,0.000302,0.006037
570.000000,0.000784,0.002492,0.002141,0.000064,-0.011241
571.000000,0.002431,0.003985,0.002906,0.000362,0.014760
572.000000,0.000734,-0.001566,0.001803,0.000087,-0.017721
573.000000,-0.002542,-0.004119,0.001112,-0.000218,-0.004545
574.000000,-0.004487,-0.003380,0.002423,0.000112,-0.003686
575.000000,-0.002239,-0.000727,0.001098,-0.000199,0.000000
576.000000,-0.008132,-0.002850,0.000067,-0.000791,-0.014705
577.000000,-0.000140,0.000297,0.000009,0.000546,0.022239
578.000000,0.006753,0.002106,0.001513,0.001363,0.029920
579.000000,0.010099,0.002806,0.001567,0.002762,0.013043
580.000000,0.010350,0.004056,0.003274,0.002779,0.001253
581.000000,0.013324,0.002596,0.003291,0.002803,0.000167
582.000000,0.008710,0.004285,0.001359,0.002630,-0.000835
583.000000,0.000271,0.003512,-0.000304,0.001912,-0.012274
584.000000,-0.004020,0.003040,-0.000170,0.002629,-0.008409
585.000000,-0.006070,0.002140,0.000706,0.001445,-0.008997
586.000000,-0.001879,0.005723,0.001436,0.001952,0.021122
587.000000,-0.001779,0.003465,0.001881,0.001161,-0.000337
588.000000,0.000169,0.000220,0.001163,0.001082,-0.002532
589.000000,0.007747,0.001864,0.002335,0.001666,0.029480
590.000000,0.007368,0.000649,0.002352,0.002399,-0.010891
591.000000,0.008416,0.003269,0.002933,0.003284,0.026363
592.000000,0.010766,0.004493,0.004389,0.002404,0.011408
593.000000,0.010856,0.005513,0.004512,0.001635,-0.002079
594.000000,0.002609,0.005178,0.004109,0.001612,-0.011756
595.000000,0.009146,0.008257,0.005199,0.003223,0.021792
596.000000,0.003190,0.005803,0.005763,0.002892,-0.003414
597.000000,0.002256,0.006511,0.004988,0.003424,0.006737
598.000000,0.000480,0.005668,0.002944,0.002665,-0.010960
599.000000,0.001646,0.002127,0.001995,0.002266,-0.005927
600.000000,-0.001272,0.003937,0.002293,0.002881,0.007204
601.000000,-0.001005,0.001093,0.002181,0.002319,-0.002076
602.000000,-0.002464,-0.000104,0.002195,0.002891,-0.000560
603.000000,0.003954,0.002217,0.003865,0.003747,0.021127
604.000000,0.003283,0.002464,0.003821,0.003561,-0.009282
605.000000,0.000207,-0.000532,0.003862,0.003288,-0.008173
606.000000,0.001052,0.000024,0.002914,0.003850,0.002149
607.000000,0.001434,-0.000515,0.002998,0.003154,0.001351
608.000000,-0.001541,0.001207,0.003437,0.002365,0.006253
609.000000,-0.002033,0.000625,0.001376,0.001539,-0.011746
610.000000,0.000462,0.000334,0.002136,0.001640,0.004302
611.000000,-0.003950,-0.001449,-0.000178,0.000971,-0.019911
612.000000,-0.003832,-0.001199,-0.000651,0.001064,0.001944
613.000000,-0.002669,-0.002105,0.000056,0.001875,0.012067
614.000000,-0.000128,-0.001081,0.000692,0.002187,0.000959
615.000000,-0.000478,-0.000008,-0.000270,0.002572,0.002553
616.000000,-0.000292,-0.002121,-0.001049,0.001235,-0.018984
617.000000,0.003466,-0.000183,-0.000349,0.001938,0.020735
618.000000,0.006142,0.001736,0.001472,0.002870,0.025445
619.000000,0.008385,0.004129,0.002377,0.002294,0.012177
620.000000,0.009948,0.004735,0.002535,0.003002,0.010364
621.000000,0.015766,0.007737,0.003144,0.002460,0.010108
622.000000,0.011499,0.007482,0.003142,0.002060,-0.000601
623.000000,0.009687,0.007914,0.002905,0.002675,0.016386
624.000000,0.006571,0.007478,0.003199,0.002954,-0.003404
625.000000,0.005031,0.007489,0.003741,0.002316,0.002665
626.000000,-0.001204,0.007281,0.002580,0.001728,-0.021069
627.000000,-0.000240,0.005629,0.002723,0.001644,0.004219
628.000000,0.000929,0.005308,0.003522,0.002750,0.022232
629.000000,0.001035,0.003803,0.003966,0.002852,-0.002872
630.000000,0.001121,0.003076,0.003905,0.002715,0.003093
631.000000,0.010788,0.004792,0.006264,0.003693,0.027268
632.000000,0.007381,0.003570,0.005526,0.003285,-0.012816
633.000000,0.007236,0.004082,0.005998,0.003297,0.021506
634.000000,0.012215,0.006625,0.007052,0.004341,0.022025
635.000000,0.015635,0.008378,0.007934,0.005286,0.020192
636.000000,0.006642,0.008715,0.007998,0.004625,-0.017697
637.000000,0.009896,0.008638,0.007134,0.004695,0.003454
638.000000,0.006887,0.007061,0.006185,0.004702,0.006462
639.000000,0.003848,0.008031,0.005917,0.005321,0.006829
640.000000,0.003371,0.009503,0.006289,0.005771,0.017807
641.000000,0.003920,0.005281,0.005036,0.005937,-0.014953
642.000000,0.001155,0.005526,0.004548,0.005526,-0.010368
643.000000,-0.003205,0.001841,0.002962,0.004613,-0.015339
644.000000,-0.003238,0.000305,0.003465,0.004803,0.006662
645.000000,-0.009782,-0.003206,0.002586,0.004221,-0.014912
646.000000,-0.005169,-0.000625,0.004045,0.005124,0.008111
647.000000,-0.002040,-0.000442,0.004098,0.004608,0.005279
648.000000,0.001360,-0.000922,0.003069,0.003816,0.001661
649.000000,-0.002058,-0.002648,0.002692,0.003062,-0.010428
650.000000,-0.000703,-0.005243,0.002130,0.002445,-0.008139
651.000000,0.000000,-0.002585,0.001348,0.002496,0.011627
652.000000,0.008091,0.003026,0.004276,0.004040,0.045735
653.000000,0.004675,0.003018,0.002429,0.002980,-0.015419
654.000000,0.004996,0.001469,0.000887,0.002800,-0.008821
655.000000,0.008280,0.003789,0.000292,0.002987,0.008281
656.000000,0.005549,0.002775,0.001075,0.003622,-0.002030
657.000000,-0.003869,0.002111,0.000834,0.003436,-0.001356
658.000000,-0.001710,0.001483,0.000280,0.002541,-0.004623
659.000000,-0.001478,0.001759,-0.000444,0.002381,-0.007661
660.000000,-0.000731,0.003775,-0.000734,0.002678,0.012012
661.000000,0.000081,0.002815,0.000115,0.001837,0.002033
662.000000,-0.005808,-0.004838,-0.000906,0.001238,-0.030801
663.000000,-0.016084,-0.008897,-0.002939,-0.001346,-0.056001
664.000000,-0.021097,-0.011287,-0.004909,-0.003171,-0.032726
665.000000,-0.029164,-0.014948,-0.005579,-0.004788,-0.028323
666.000000,-0.030073,-0.014996,-0.006111,-0.004282,-0.002515
667.000000,-0.015288,-0.010548,-0.004218,-0.002960,0.043123
668.000000,-0.001631,-0.008857,-0.003687,-0.002766,0.012285
669.000000,0.007135,-0.006981,-0.002611,-0.002623,0.011105
670.000000,0.007548,-0.010808,-0.003517,-0.004092,-0.026258
671.000000,-0.000347,-0.015210,-0.006197,-0.004993,-0.041988
672.000000,-0.005099,-0.010194,-0.007516,-0.004002,0.019360
673.000000,-0.004122,-0.002877,-0.005887,-0.002919,0.017170
674.000000,-0.004588,0.001274,-0.005007,-0.002848,0.008777
675.000000,0.006982,0.007265,-0.003841,-0.001298,0.031589
676.000000,0.013266,0.006460,-0.004268,-0.001921,-0.010567
677.000000,0.012207,0.003554,-0.003497,-0.001628,0.014064
678.000000,0.009267,0.002572,-0.003143,-0.001601,0.002470
679.000000,0.005879,0.000646,-0.003167,-0.001525,-0.008160
680.000000,0.002553,0.004767,-0.003020,-0.000755,0.014957
681.000000,0.007244,0.010255,-0.002477,-0.000713,0.012889
682.000000,0.006639,0.009423,-0.000386,-0.001870,0.011037
683.000000,0.003339,0.006303,0.001713,-0.001824,-0.014030
684.000000,0.006421,0.006150,0.003712,-0.001288,0.007252
685.000000,-0.001999,0.000277,0.003771,-0.002469,-0.027143
686.000000,-0.002347,0.002448,0.004454,-0.002029,0.011147
687.000000,-0.006435,0.000102,0.001828,-0.002298,-0.009402
688.000000,-0.001662,0.000838,0.001705,-0.001816,0.009834
689.000000,-0.012029,-0.002804,-0.001079,-0.003046,-0.044583
690.000000,-0.007990,-0.004994,-0.000114,-0.003678,-0.006946
691.000000,-0.004985,-0.003666,0.003294,-0.002874,0.026170
692.000000,-0.004735,-0.005585,0.001919,-0.002119,-0.008151
693.000000,-0.008826,-0.005244,0.000529,-0.000606,-0.010622
694.000000,0.003372,-0.004329,0.000911,0.001032,0.016408
695.000000,0.001660,-0.003165,-0.001444,0.001459,-0.015506
696.000000,-0.004901,-0.004943,-0.001247,0.001322,-0.006634
697.000000,-0.004211,-0.004473,-0.002186,-0.000272,-0.004700
698.000000,-0.004410,-0.006618,-0.002890,-0.001069,-0.011617
699.000000,0.001533,0.002452,-0.000176,0.000098,0.046122
700.000000,0.005542,0.003601,-0.000697,0.001125,0.004541
701.000000,0.013057,0.004078,0.000206,0.003556,0.030940
702.000000,0.015127,0.005458,-0.000063,0.003099,0.005652
703.000000,0.019526,0.007558,0.001157,0.002872,0.010373
704.000000,0.011912,0.006723,0.001197,0.002848,0.008056
705.000000,0.011032,0.008287,0.002561,0.001800,0.000138
706.000000,0.006195,0.009626,0.002341,0.002377,0.006754
707.000000,0.009816,0.012472,0.003999,0.002700,0.023757
708.000000,0.008758,0.014142,0.003762,0.002787,0.005085
709.000000,0.004892,0.008402,0.005427,0.002683,-0.011275
710.000000,0.008052,0.009542,0.006571,0.002716,0.015936
711.000000,0.010647,0.008421,0.006249,0.002944,0.019732
712.000000,0.004037,0.006927,0.006192,0.002267,-0.009291
713.000000,-0.007757,0.000501,0.004029,0.000938,-0.053885
714.000000,-0.005696,-0.000402,0.003160,0.000664,-0.000972
715.000000,-0.009161,-0.000555,0.003866,0.001522,-0.001390
716.000000,-0.006568,0.002040,0.005833,0.002241,0.032700
717.000000,-0.005329,-0.000646,0.005913,0.002451,-0.003101
718.000000,0.000858,-0.003449,0.005346,0.001358,-0.022946
719.000000,-0.002966,-0.004331,0.002036,0.002174,-0.020096
720.000000,-0.002999,-0.006080,0.001731,0.002354,-0.001552
721.000000,-0.008216,-0.007392,0.000515,0.001702,0.006614
722.000000,-0.006589,-0.005959,0.000484,0.002142,0.005036
723.000000,-0.007001,-0.003072,-0.001285,0.001662,-0.025010
724.000000,-0.008495,-0.005731,-0.003066,0.000197,-0.027562
725.000000,-0.007861,-0.005430,-0.002992,0.000767,0.001617
726.000000,-0.008246,-0.008231,-0.003096,0.001145,0.004688
727.000000,-0.001625,-0.004107,-0.002376,0.002573,0.038141
728.000000,0.007112,0.000055,-0.001697,0.003583,0.018677
729.000000,0.002891,-0.002802,-0.003566,0.000423,-0.048666
730.000000,-0.003078,-0.005469,-0.005775,-0.000669,-0.028229
731.000000,0.003161,-0.002543,-0.004967,-0.000504,0.035883
732.000000,-0.006288,-0.003957,-0.004958,-0.000996,-0.009105
733.000000,-0.013214,-0.003051,-0.003061,-0.001874,-0.015951
734.000000,-0.001017,0.000937,-0.002397,-0.001732,0.012315
735.000000,0.006687,0.001804,-0.001813,-0.001393,0.010292
736.000000,-0.006700,-0.001769,-0.005000,-0.002654,-0.031051
737.000000,0.004309,-0.000990,-0.002548,-0.001914,0.045938
738.000000,0.008661,-0.002276,-0.001111,-0.001890,0.005809
739.000000,0.006762,0.002872,0.000035,-0.001420,0.002821
740.000000,-0.006597,0.000045,-0.002712,-0.003835,-0.056504
741.000000,-0.002545,-0.004623,-0.003583,-0.004852,-0.010790
742.000000,-0.009336,-0.002514,-0.003235,-0.004143,0.011982
743.000000,-0.003218,0.002721,-0.000165,-0.001134,0.036400
744.000000,0.003740,0.005251,0.003094,0.000152,0.037613
745.000000,0.014237,0.003820,0.002812,0.000065,-0.004017
746.000000,0.013825,0.005640,0.001935,-0.001454,-0.012853
747.000000,0.005318,-0.002009,-0.001499,-0.002369,-0.030552
748.000000,-0.002746,-0.002982,-0.002629,-0.001735,-0.003922
749.000000,-0.009224,-0.002742,0.000065,-0.000890,0.005226
750.000000,-0.009669,0.002284,0.001164,-0.001047,-0.006245
751.000000,-0.006197,0.003814,-0.000404,-0.001117,0.004506
752.000000,0.000608,0.002963,0.000225,-0.001169,0.003475
753.000000,0.003291,0.000272,0.001497,-0.000019,0.009494
754.000000,0.001672,-0.003776,0.000738,0.000804,-0.002867
755.000000,0.000233,-0.004718,-0.000449,0.000302,-0.013442
756.000000,-0.008443,-0.007320,-0.000840,-0.001150,-0.038872
757.000000,-0.012679,-0.006035,-0.004022,-0.003011,-0.017705
758.000000,-0.018496,-0.007602,-0.005292,-0.004287,-0.019593
759.000000,-0.021791,-0.010059,-0.006401,-0.003310,-0.019344
760.000000,-0.016969,-0.008368,-0.003042,-0.002013,0.010670
761.000000,-0.005802,-0.007122,-0.001654,-0.002644,0.016963
762.000000,0.002083,-0.005298,-0.001167,-0.001616,0.021722
763.000000,-0.000944,-0.009720,-0.004724,-0.002242,-0.034732
764.000000,0.006366,-0.007713,-0.005744,-0.002079,0.017207
765.000000,0.009073,-0.003948,-0.004333,-0.001615,0.024208
766.000000,0.009608,0.001903,-0.002708,0.000074,0.019636
767.000000,0.003714,0.002899,-0.001568,-0.001715,-0.007749
768.000000,0.011198,0.005127,-0.001238,-0.001819,0.002689
769.000000,0.014591,0.010478,0.000209,-0.000774,0.034170
770.000000,0.011358,0.010216,0.000924,0.001377,0.008041
771.000000,0.010017,0.009812,0.001345,0.002168,0.012931
772.000000,0.007746,0.005730,0.000216,0.001132,-0.019100
773.000000,0.008070,0.009634,-0.000043,0.000062,0.004308
774.000000,-0.014390,0.000101,-0.003806,-0.003796,-0.078128
775.000000,-0.017070,-0.002856,-0.003402,-0.003841,-0.005359
776.000000,-0.031000,-0.010492,-0.004294,-0.005303,-0.056719
777.000000,-0.030672,-0.011463,-0.004282,-0.004866,-0.017461
778.000000,-0.034508,-0.013219,-0.004046,-0.005231,-0.014873
779.000000,-0.030196,-0.022293,-0.005907,-0.007291,-0.056568
780.000000,-0.026191,-0.021630,-0.005707,-0.006594,0.014667
781.000000,-0.008108,-0.019554,-0.004871,-0.005621,0.033694
782.000000,-0.002125,-0.016398,-0.005334,-0.005322,0.012454
783.000000,-0.001847,-0.018178,-0.004272,-0.006088,-0.013485
784.000000,0.013077,-0.008560,-0.004229,-0.005391,0.018052
785.000000,0.010514,-0.007838,-0.005347,-0.004881,0.001855
786.000000,0.005386,-0.001361,-0.005926,-0.003316,0.008054
787.000000,-0.002148,-0.002136,-0.006800,-0.003567,-0.025215
788.000000,0.004688,0.001420,-0.005899,-0.002224,0.020693
789.000000,0.013129,0.013103,-0.004595,0.000429,0.060259
790.000000,0.007148,0.008831,-0.006399,-0.000861,-0.028049
791.000000,0.010926,0.008156,-0.005699,-0.000528,0.026942
792.000000,0.020599,0.009225,-0.003587,-0.000481,0.023148
793.000000,0.015748,0.010218,-0.003980,0.000558,-0.003562
794.000000,0.003043,0.008086,-0.000237,-0.000124,-0.003264
795.000000,0.012476,0.009812,0.000987,-0.000294,0.019119
796.000000,0.008943,0.009934,0.004287,-0.000639,0.009273
797.000000,0.000371,0.010485,0.004174,-0.001038,-0.019712
798.000000,-0.000062,0.007843,0.004631,-0.001319,-0.005726
799.000000,-0.002034,0.000504,0.006804,-0.002895,-0.013123
800.000000,-0.007849,0.002314,0.005572,-0.003495,-0.009957
801.000000,-0.006677,0.001133,0.004644,-0.003422,0.015133
802.000000,-0.004053,-0.001841,0.003692,-0.003005,-0.006592
803.000000,0.000124,0.000031,0.005124,-0.002643,0.015160
804.000000,0.003739,0.000853,0.004469,0.000126,0.004951
805.000000,0.008581,0.000366,0.005089,0.000780,0.014252
806.000000,0.006404,-0.000136,0.004899,0.002812,0.004251
807.000000,0.003652,-0.000201,0.005142,0.002716,-0.020357
808.000000,-0.000466,-0.000171,0.003836,0.003031,-0.005427
809.000000,-0.002641,0.000549,0.000527,0.004719,-0.005925
810.000000,-0.005711,0.001435,0.001874,0.004193,-0.001095
811.000000,-0.002900,0.001752,0.001443,0.003680,0.018306
812.000000,-0.001334,0.001159,-0.000341,0.002848,-0.012530
813.000000,0.000993,0.000263,0.000147,0.003504,0.006207
814.000000,0.006433,0.001896,0.001374,0.003611,0.021276
815.000000,0.007800,0.001044,0.000705,0.003741,0.005738
816.000000,0.003233,0.000167,0.000015,0.003322,-0.004528
817.000000,0.005163,0.001914,0.000857,0.004066,-0.002878
818.000000,0.003375,0.002184,0.001006,0.003285,-0.002734
819.000000,-0.001765,0.002334,0.001442,0.001129,-0.004421
820.000000,-0.001754,0.003023,0.002229,0.002257,0.005789
821.000000,-0.006706,-0.001737,0.000008,0.000383,-0.029287
822.000000,-0.005163,0.000000,0.000579,-0.000228,0.004837
823.000000,-0.008007,-0.002316,-0.001026,-0.000674,-0.016955
824.000000,-0.007757,-0.004761,-0.001433,-0.000671,-0.003172
825.000000,-0.003247,-0.002501,-0.000728,-0.000363,0.028343
826.000000,0.003135,-0.001786,-0.000810,-0.000585,0.002621
827.000000,0.007935,0.001386,0.001650,0.001033,0.028838
828.000000,0.010366,0.001180,0.001682,0.001064,-0.004799
829.000000,0.010006,0.001124,0.001729,0.001336,-0.004973
830.000000,0.003155,-0.000046,0.001489,0.001471,-0.005910
831.000000,0.003783,0.003459,0.000861,0.001158,0.005758
832.000000,-0.002924,0.002506,0.001253,0.001221,-0.004695
833.000000,-0.001782,0.004292,0.000988,0.000746,0.000910
834.000000,-0.002616,0.003695,-0.000533,0.000277,-0.009142
835.000000,-0.007589,-0.002217,-0.002359,-0.001224,-0.030776
836.000000,-0.012019,-0.004118,-0.002952,-0.001912,-0.016393
837.000000,-0.012594,-0.007759,-0.003186,-0.001486,-0.007570
838.000000,-0.009441,-0.005612,-0.002216,-0.000749,0.016675
839.000000,-0.010205,-0.006411,-0.002643,-0.000984,-0.012963
840.000000,-0.004696,-0.006142,-0.003094,-0.001055,-0.003227
841.000000,-0.000257,-0.006138,-0.001340,-0.001472,0.005801
842.000000,0.006647,-0.002974,-0.000234,-0.000156,0.026947
843.000000,0.005118,-0.002162,0.001065,-0.000062,0.009030
844.000000,0.007772,-0.001217,0.001239,-0.000761,0.000310
845.000000,0.034091,0.014698,0.006240,0.003327,0.128366
846.000000,0.037325,0.018534,0.007208,0.004210,0.021970
847.000000,0.032441,0.019544,0.005892,0.004390,0.002530
848.000000,0.034377,0.019747,0.007068,0.005105,0.018707
849.000000,0.030400,0.019086,0.006338,0.004600,-0.019572
850.000000,0.003003,0.018547,0.006202,0.004120,-0.008622
851.000000,-0.004067,0.016629,0.005245,0.004650,-0.013379
852.000000,-0.005637,0.013402,0.005214,0.004311,-0.005320
853.000000,-0.009023,0.012677,0.005257,0.004936,0.001777
854.000000,0.000571,0.015486,0.007135,0.005988,0.028402
855.000000,0.001205,0.002104,0.008401,0.004862,-0.005456
856.000000,0.004334,0.000133,0.009334,0.004850,0.002266
857.000000,0.006963,0.000663,0.010103,0.004149,0.007824
858.000000,0.009362,0.000170,0.009958,0.004768,0.013775
859.000000,0.003343,0.001957,0.010522,0.004878,-0.001695
860.000000,0.004330,0.002767,0.010657,0.005057,-0.000522
861.000000,0.003301,0.003817,0.010223,0.004769,-0.002877
862.000000,0.002076,0.004519,0.008961,0.004983,0.001701
863.000000,0.001299,0.005331,0.009004,0.005282,0.009887
864.000000,-0.000889,0.001227,0.008356,0.005165,-0.012636
865.000000,-0.000864,0.001733,0.001918,0.006178,-0.000393
866.000000,-0.002849,0.000226,0.000180,0.006298,-0.012803
867.000000,-0.005971,-0.001948,-0.000642,0.006086,-0.013911
868.000000,-0.007196,-0.002949,-0.001390,0.005656,0.003764
869.000000,-0.005018,-0.002954,-0.000498,0.006030,-0.001746
870.000000,-0.003306,-0.002085,0.000341,0.006410,0.008167
871.000000,-0.002029,-0.002439,0.000689,0.006002,-0.006421
872.000000,0.002862,-0.001555,0.001482,0.005456,0.010545
873.000000,0.002640,-0.002278,0.001526,0.005243,0.002652
874.000000,0.001099,-0.001959,-0.000366,0.004918,-0.009447
875.000000,0.002781,-0.000263,0.000735,0.001191,0.016573
876.000000,-0.003547,-0.002788,-0.001281,-0.000810,-0.038059
877.000000,-0.010383,-0.003761,-0.002854,-0.001682,-0.023635
878.000000,-0.007860,-0.002610,-0.002779,-0.001796,0.015267
879.000000,-0.002854,-0.000878,-0.001916,-0.000625,0.015580
880.000000,-0.000764,0.001008,-0.000538,0.000564,0.027025
881.000000,0.007138,0.001795,-0.000322,0.001058,0.001451
882.000000,0.011917,0.000767,-0.000394,0.001244,0.000264
883.000000,0.011092,0.001616,-0.000331,0.001556,0.011138
884.000000,0.007663,0.002404,0.000222,0.000557,-0.001565
885.000000,0.006493,0.002865,0.001301,0.001445,0.021178
886.000000,0.008515,0.007827,0.002519,0.001755,0.011561
887.000000,0.009320,0.010619,0.003429,0.001637,0.004285
888.000000,0.002280,0.006686,0.002038,0.000376,-0.024058
889.000000,0.003698,0.005680,0.002401,0.000616,0.005525
890.000000,-0.001102,0.002696,0.001852,0.000540,-0.002823
891.000000,-0.002312,0.003102,0.002448,0.000819,0.005510
892.000000,-0.007718,0.000801,0.000784,0.000004,-0.022746
893.000000,-0.002385,-0.000052,0.000782,-0.000238,0.002611
894.000000,-0.006962,-0.001632,0.000386,-0.000396,-0.017360
895.000000,-0.003892,-0.002497,0.000184,0.000035,0.012524
896.000000,-0.003506,-0.002909,0.002459,0.000710,0.007440
897.000000,0.000887,-0.003416,0.003601,0.001147,-0.000781
898.000000,-0.000078,-0.001231,0.002727,0.000948,-0.002215
899.000000,0.002374,-0.002294,0.001693,0.000836,-0.005100
900.000000,-0.000026,-0.001959,0.000368,0.000582,0.000524
901.000000,-0.000703,-0.002105,0.000498,0.000931,0.004054
902.000000,-0.000156,0.000365,0.000583,0.000644,0.001956
903.000000,0.005049,0.002485,0.001217,0.001350,0.023809
904.000000,0.005048,0.003711,0.001040,0.001495,-0.005100
905.000000,0.009018,0.004496,0.000999,0.001621,0.020371
906.000000,0.006774,0.003035,0.000063,0.002651,-0.007165
907.000000,0.004914,0.002379,-0.000518,0.003194,-0.007344
908.000000,-0.000153,0.002448,0.000608,0.002634,-0.001526
909.000000,-0.000974,0.002037,-0.000128,0.001808,-0.009206
910.000000,-0.006130,0.001444,-0.000258,0.000727,-0.005410
911.000000,0.000529,0.003652,0.000773,0.001549,0.026131
912.000000,-0.001633,0.001641,0.001003,0.000935,-0.018156
913.000000,0.003032,0.001439,0.001962,0.001291,0.021798
914.000000,0.007884,0.003455,0.003583,0.001845,0.015055
915.000000,0.010883,0.002376,0.003436,0.001458,0.009586
916.000000,0.004995,0.002762,0.002899,0.000963,-0.003308
917.000000,0.010629,0.004498,0.003438,0.001154,0.010012
918.000000,0.006536,0.004784,0.003616,0.002000,0.001336
919.000000,0.001403,0.004643,0.003340,0.001462,-0.010612
920.000000,-0.001350,0.004766,0.003105,0.001417,-0.004178
921.000000,0.000049,0.002522,0.003087,0.001356,0.003687
922.000000,-0.001414,0.004607,0.003124,0.002204,0.002695
923.000000,-0.002909,0.001814,0.001627,0.001913,-0.006136
924.000000,0.000514,0.000959,0.002207,0.002708,0.006503
925.000000,0.005466,0.002058,0.002217,0.002977,0.020579
926.000000,0.005708,0.002879,0.002820,0.002892,0.004901
927.000000,0.002481,0.000533,0.002515,0.002470,-0.013444
928.000000,0.002277,-0.000316,0.002234,0.002305,-0.007155
929.000000,-0.004703,-0.002094,0.001275,0.001529,-0.028393
930.000000,-0.006379,-0.000457,0.002155,0.001918,0.012197
931.000000,-0.007285,-0.000788,0.000867,0.001795,0.000371
932.000000,-0.004695,-0.001107,0.001750,0.001713,-0.000495
933.000000,0.002924,0.002600,0.002207,0.001951,0.030940
934.000000,0.007448,0.001373,0.001166,0.001929,-0.005774
935.000000,0.004719,-0.000830,0.000614,0.001201,-0.001449
936.000000,0.005175,-0.001055,0.000912,0.001529,0.002654
937.000000,0.006428,0.000866,0.000700,0.001966,0.005767
938.000000,-0.000480,0.001222,0.000453,0.001897,-0.003601
939.000000,0.003279,0.005363,0.001635,0.002637,0.013021
940.000000,0.001756,0.003237,0.001390,0.002516,-0.009061
941.000000,0.005256,0.005216,0.002214,0.002317,0.020155
942.000000,0.003633,0.005030,0.001962,0.002843,-0.002350
943.000000,0.002604,0.001062,0.001831,0.001825,-0.008744
944.000000,0.002688,0.002983,0.002178,0.001771,0.013439
945.000000,0.004523,0.003140,0.001155,0.001456,0.000117
946.000000,0.000843,0.003050,0.000997,0.001625,0.001755
947.000000,0.001103,0.002368,0.001617,0.001256,-0.001052
948.000000,0.000758,0.001681,0.001451,0.000862,-0.010468
949.000000,-0.003759,-0.000535,0.002414,0.000911,-0.009145
950.000000,-0.001575,0.001474,0.002356,0.001418,0.011035
951.000000,-0.005186,-0.002171,0.001522,0.000752,-0.016299
952.000000,-0.007001,-0.002949,0.001041,0.000325,-0.010127
953.000000,-0.006782,-0.003012,-0.000975,0.000217,-0.009374
954.000000,-0.002933,-0.003346,-0.000181,0.000337,0.010100
955.000000,-0.005795,-0.003685,-0.000273,-0.000458,-0.003275
956.000000,0.001529,-0.001828,0.000611,0.000056,0.020322
957.000000,0.000557,-0.003222,-0.000427,0.000004,-0.014991
958.000000,0.001851,-0.002466,-0.000392,0.000146,-0.002904
959.000000,0.000677,-0.001128,-0.000832,0.001233,0.004232
960.000000,0.004397,-0.000699,0.000388,0.001338,0.015328
961.000000,-0.002564,-0.000517,-0.001344,0.000842,-0.014483
962.000000,-0.000435,0.000061,-0.001444,0.000714,-0.004350
963.000000,0.000484,0.001167,-0.000922,-0.000261,0.001694
964.000000,-0.008429,-0.003876,-0.003611,-0.001413,-0.040334
965.000000,-0.013850,-0.004726,-0.004205,-0.001757,-0.011775
966.000000,-0.012692,-0.007628,-0.004728,-0.002135,-0.008698
967.000000,-0.008560,-0.004498,-0.003860,-0.001784,0.016310
968.000000,-0.005391,-0.002454,-0.002460,-0.001079,0.017540
969.000000,0.001929,-0.003250,-0.002189,-0.001638,-0.003733
970.000000,0.006417,-0.003716,-0.002208,-0.000980,0.010663
971.000000,0.009165,-0.001764,-0.001140,-0.001484,0.005044
972.000000,0.000807,-0.003877,-0.001908,-0.002255,-0.025478
973.000000,-0.009486,-0.007439,-0.003136,-0.003094,-0.033928
974.000000,-0.007028,-0.002550,-0.003213,-0.003257,0.008558
975.000000,-0.011943,-0.002763,-0.003745,-0.003725,-0.013912
976.000000,-0.009731,-0.000283,-0.003956,-0.003246,0.016104
977.000000,-0.001542,-0.000367,-0.002433,-0.002696,0.015469
978.000000,0.007238,-0.001124,-0.001789,-0.002014,0.009972
979.000000,0.003938,-0.001545,-0.002398,-0.001974,-0.007944
980.000000,0.004863,-0.003540,-0.003628,-0.002652,-0.009285
981.000000,0.000335,-0.004698,-0.003231,-0.002326,-0.006538
982.000000,0.001315,-0.000113,-0.001995,-0.001310,0.020370
983.000000,-0.001134,0.003052,-0.002193,-0.001073,-0.002271
984.000000,-0.000659,0.001639,-0.000455,-0.001595,-0.005573
985.000000,0.007794,0.006329,0.001783,-0.000387,0.032982
986.000000,0.003797,0.002066,0.000891,-0.001948,-0.026525
987.000000,-0.009735,-0.004210,-0.002289,-0.003025,-0.047290
988.000000,-0.008542,-0.004838,-0.002981,-0.002805,0.003698
989.000000,-0.003278,-0.001969,-0.001757,-0.002255,0.020743
990.000000,-0.011378,-0.001792,-0.002666,-0.003016,-0.007517
991.000000,-0.003283,0.000257,-0.002221,-0.002068,0.013952
992.000000,0.005739,-0.001998,-0.001056,-0.001996,-0.002183
993.000000,0.007478,-0.000532,0.001260,-0.001639,0.012394
994.000000,0.008023,0.002372,0.002006,0.000487,0.023468
995.000000,0.009873,-0.000752,0.002788,0.000938,0.001735
996.000000,0.006934,0.001826,0.001946,0.001203,-0.000743
997.000000,0.009368,0.007553,0.001672,0.000992,0.009987
998.000000,0.001921,0.004699,-0.000069,-0.000421,-0.024843
999.000000,-0.002798,0.002612,0.000322,-0.000301,-0.000126
1000.000000,-0.003145,0.003364,0.000786,-0.000656,0.000000
1001.000000,-0.002594,0.002170,0.001213,-0.000757,0.002011
1002.000000,-0.004266,0.002551,0.000276,0.000147,0.001631
1003.000000,0.002897,0.002409,0.000938,0.001643,0.010969
1004.000000,0.003936,0.000569,0.001471,0.001527,0.005070
1005.000000,0.002202,-0.000472,-0.000612,0.001701,-0.008671
1006.000000,0.001251,-0.000671,0.000577,0.001073,-0.002741
1007.000000,-0.002599,-0.003432,0.002061,-0.000030,-0.017619
1008.000000,-0.003754,-0.000429,0.002135,-0.000189,0.005192
1009.000000,-0.001113,0.001411,0.002012,0.000685,0.018273
1010.000000,-0.003565,-0.000682,0.001341,0.000297,-0.020929
1011.000000,-0.002890,-0.000819,0.000675,0.000536,0.000633
1012.000000,-0.000305,-0.001452,0.000550,-0.000300,-0.004694
1013.000000,-0.000810,-0.002282,0.000063,-0.000135,0.002667
1014.000000,-0.004034,-0.002574,-0.001002,0.000123,0.002154
1015.000000,0.001615,-0.000975,-0.000723,-0.000733,0.007313
1016.000000,0.003364,0.000237,-0.000217,0.000464,0.009378
1017.000000,0.004003,0.001849,-0.000791,0.001990,-0.001495
1018.000000,0.004216,0.001703,0.000637,0.001991,0.003732
1019.000000,0.003413,-0.000311,0.000550,0.001238,-0.001864
1020.000000,0.001302,0.001458,0.000388,0.001380,-0.003240
1021.000000,-0.001173,0.001095,0.000138,0.000815,-0.003000
1022.000000,0.000697,0.002350,0.000449,0.001150,0.007856
1023.000000,0.002346,0.003281,0.000500,0.001136,0.011976
1024.000000,0.003258,0.003335,0.000381,0.000444,0.002696
1025.000000,0.007448,0.004375,0.001700,0.000976,0.017712
1026.000000,0.009677,0.004252,0.002244,0.001272,0.008144
1027.000000,0.007125,0.003911,0.002880,0.000776,-0.004902
1028.000000,0.003697,0.003021,0.002362,0.001432,-0.005167
1029.000000,0.001973,0.002615,0.001152,0.001239,-0.005921
1030.000000,-0.004573,0.001437,0.001448,0.000738,-0.015020
1031.000000,-0.005612,0.002032,0.001564,0.000769,0.002948
1032.000000,-0.002946,0.002090,0.002220,0.000996,0.008429
1033.000000,-0.003697,0.000000,0.001641,0.000333,-0.008919
1034.000000,0.001810,0.001891,0.002613,0.000884,0.021611
1035.000000,0.011684,0.003556,0.003965,0.002319,0.034354
1036.000000,0.011443,0.002915,0.003583,0.002468,0.001739
1037.000000,0.009154,0.003104,0.003507,0.002955,-0.003017
1038.000000,0.015282,0.005793,0.004407,0.003506,0.021724
1039.000000,0.010733,0.006271,0.004443,0.002859,-0.001138
1040.000000,0.002606,0.007145,0.004291,0.003347,-0.006280
1041.000000,0.002807,0.007125,0.004579,0.003417,0.002745
1042.000000,0.003044,0.006099,0.004094,0.003513,-0.001829
1043.000000,-0.002978,0.006152,0.003076,0.003144,-0.008389
1044.000000,-0.003005,0.003864,0.002878,0.003030,-0.001270
1045.000000,-0.000688,0.000959,0.002257,0.002963,0.005301
1046.000000,-0.002390,0.000208,0.001562,0.002458,-0.005764
1047.000000,0.001005,0.002024,0.002564,0.003013,0.015145
1048.000000,0.000829,-0.001075,0.002359,0.002580,-0.009266
1049.000000,0.001611,-0.000697,0.002787,0.002730,0.002640
1050.000000,0.000322,-0.000183,0.003481,0.002800,-0.001147
1051.000000,0.004119,0.000864,0.003995,0.003340,0.013224
1052.000000,0.002669,0.001837,0.003968,0.003342,0.007896
1053.000000,0.004590,0.002710,0.004431,0.002954,0.000337
1054.000000,0.005807,0.003709,0.003786,0.003155,0.008723
1055.000000,0.008074,0.004198,0.002578,0.002904,0.010192
1056.000000,0.005804,0.004962,0.002585,0.002695,0.001872
1057.000000,0.005562,0.004116,0.003070,0.003081,0.006688
1058.000000,0.002611,0.003601,0.001263,0.002773,-0.014419
1059.000000,-0.000491,0.002658,0.000981,0.002744,-0.006786
1060.000000,-0.003491,0.002292,0.001054,0.003084,-0.004811
1061.000000,-0.005555,0.000124,0.000494,0.002705,-0.008447
1062.000000,-0.006148,-0.000293,0.000772,0.002548,0.003726
1063.000000,-0.003557,-0.000473,0.001118,0.002796,-0.001466
1064.000000,-0.000536,-0.000514,0.001598,0.002353,0.008317
1065.000000,-0.000314,-0.001903,0.001148,0.001085,-0.003700
1066.000000,0.002986,-0.001284,0.001839,0.001295,0.008056
1067.000000,0.002330,-0.001909,0.001104,0.001411,0.000446
1068.000000,0.003690,0.000066,0.001834,0.000864,0.005332
1069.000000,0.000380,-0.000078,0.001290,0.000628,-0.008232
1070.000000,0.000202,-0.000056,0.001118,0.000684,-0.004591
1071.000000,-0.001028,0.000979,0.000552,0.000656,0.001906
1072.000000,-0.003098,-0.000384,-0.000338,0.000387,-0.009906
1073.000000,-0.003803,-0.000056,-0.000265,0.000727,0.001808
1074.000000,-0.001773,-0.000696,-0.000605,0.000833,0.001918
1075.000000,-0.000832,-0.000315,-0.001109,0.000660,0.000113
1076.000000,0.000894,-0.000067,-0.000676,0.001203,0.010537
1077.000000,0.003476,0.000189,-0.000860,0.000799,0.003006
1078.000000,0.001036,-0.001383,-0.000658,0.000761,-0.010393
1079.000000,0.001079,-0.000347,-0.000213,0.000744,0.002132
1080.000000,0.001034,0.000101,0.000022,0.000779,-0.000112
1081.000000,-0.000067,0.000414,0.000696,0.000506,0.005032
1082.000000,0.002782,0.003129,0.001373,0.000818,0.017251
1083.000000,0.006455,0.003746,0.001845,0.001072,0.007972
1084.000000,0.007912,0.004496,0.001900,0.001095,0.009418
1085.000000,0.008322,0.004678,0.002182,0.000820,0.001938
1086.000000,0.008410,0.004171,0.002052,0.000940,0.005469
1087.000000,0.006536,0.004659,0.002424,0.000980,0.007883
1088.000000,0.006169,0.006312,0.002464,0.001665,0.006136
1089.000000,0.004222,0.006067,0.002860,0.001881,-0.000316
1090.000000,0.002692,0.005507,0.002804,0.001851,-0.005713
1091.000000,0.001301,0.004855,0.002634,0.002083,-0.001487
1092.000000,0.001101,0.003818,0.003474,0.002188,0.006883
1093.000000,0.001931,0.004050,0.003898,0.002580,0.010289
1094.000000,0.001974,0.003098,0.003797,0.002299,-0.000104
1095.000000,0.003700,0.003196,0.003937,0.002520,0.002921
1096.000000,0.027829,0.014565,0.009368,0.006223,0.119159
1097.000000,0.027228,0.014164,0.009412,0.006337,0.003876
1098.000000,0.026107,0.014019,0.010166,0.006316,0.004686
1099.000000,0.029419,0.015696,0.010882,0.007139,0.016456
1100.000000,0.030380,0.017040,0.011274,0.007549,0.007725
1101.000000,-0.005474,0.011178,0.008017,0.005482,-0.060110
1102.000000,-0.003063,0.012083,0.007950,0.006343,0.015931
1103.000000,-0.002676,0.011716,0.007883,0.006504,0.006618
1104.000000,-0.004579,0.012420,0.007759,0.006671,0.006944
1105.000000,-0.004983,0.012699,0.007947,0.006858,0.005704
1106.000000,0.013004,0.003765,0.009165,0.007501,0.029823
1107.000000,0.012506,0.004722,0.009443,0.007848,0.013443
1108.000000,0.008173,0.002749,0.008384,0.007693,-0.015047
1109.000000,0.008065,0.001743,0.008720,0.007836,0.006401
1110.000000,0.007773,0.001395,0.009218,0.007981,0.004244
1111.000000,0.002759,0.007881,0.009530,0.007971,0.004754
1112.000000,0.001209,0.006858,0.009470,0.007586,0.005692
1113.000000,0.004515,0.006344,0.009030,0.007370,0.001483
1114.000000,0.001483,0.004774,0.008597,0.006764,-0.008757
1115.000000,0.003568,0.005670,0.009185,0.007188,0.014669
1116.000000,0.000736,0.001748,0.002756,0.006693,-0.009405
1117.000000,-0.007219,-0.003005,0.000858,0.005294,-0.034086
1118.000000,-0.010361,-0.002923,-0.000087,0.004615,-0.014223
1119.000000,-0.006635,-0.002576,-0.000417,0.004954,0.009869
1120.000000,-0.009496,-0.002964,-0.000785,0.005157,0.000364
1121.000000,-0.006690,-0.002977,0.002452,0.005361,0.004625
1122.000000,0.000091,-0.003564,0.001647,0.005125,-0.000181
1123.000000,0.008539,-0.000911,0.002717,0.005716,0.028018
1124.000000,0.006248,-0.000194,0.002290,0.005667,-0.001585
1125.000000,0.005646,-0.001925,0.001873,0.005481,-0.002647
1126.000000,0.003746,-0.001472,0.000138,0.001347,-0.004872
1127.000000,0.000650,0.000370,-0.001317,0.000696,-0.015661
1128.000000,-0.003175,0.002682,-0.000121,0.000836,0.008890
1129.000000,-0.009290,-0.001521,-0.002048,-0.000785,-0.032158
1130.000000,-0.007858,-0.001106,-0.002035,-0.000892,0.004513
1131.000000,-0.010837,-0.003545,-0.003261,0.000453,-0.019770
1132.000000,-0.009513,-0.004431,-0.003998,-0.000379,-0.009040
1133.000000,-0.011859,-0.007517,-0.004214,-0.000695,-0.002842
1134.000000,-0.002901,-0.006096,-0.003145,-0.000505,0.012631
1135.000000,-0.005705,-0.006781,-0.004353,-0.001012,-0.009506
1136.000000,0.001438,-0.004699,-0.003086,-0.001475,0.015948
1137.000000,0.003971,-0.002771,-0.001200,-0.001802,0.003623
1138.000000,0.005612,-0.003124,-0.000221,-0.001122,0.005364
1139.000000,0.007212,0.002155,0.000317,-0.000647,0.020631
1140.000000,0.006017,0.000156,-0.000475,-0.001305,-0.015479
1141.000000,0.002846,0.002142,-0.000702,-0.001460,0.000092
1142.000000,0.002946,0.003458,-0.000486,-0.001512,0.004120
1143.000000,0.003402,0.004507,-0.001505,-0.001307,0.007646
1144.000000,0.001620,0.004416,-0.000840,-0.000624,0.011719
1145.000000,0.005413,0.005715,-0.000533,-0.000997,0.003489
1146.000000,0.005841,0.004344,-0.000178,-0.000609,0.002230
1147.000000,0.007725,0.005335,0.001282,0.000978,0.013542
1148.000000,0.006038,0.004720,0.000798,0.001426,-0.000792
1149.000000,0.011189,0.006404,0.004280,0.002346,0.037473
1150.000000,0.009812,0.007612,0.003884,0.002221,-0.003396
1151.000000,0.010468,0.008154,0.005148,0.002250,0.005512
1152.000000,0.005189,0.006457,0.004958,0.001828,-0.012852
1153.000000,0.005656,0.005847,0.005177,0.000946,0.001541
1154.000000,-0.001993,0.004598,0.004507,0.000973,-0.000770
1155.000000,0.002115,0.005963,0.005839,0.001632,0.017142
1156.000000,-0.001750,0.004359,0.004351,0.001334,-0.013810
1157.000000,0.000377,0.002783,0.004059,0.001782,-0.002221
1158.000000,-0.000720,0.002468,0.003594,0.001355,-0.003941
1159.000000,-0.001236,-0.001615,0.002395,0.002315,-0.003353
1160.000000,-0.008350,-0.003118,0.002247,0.001550,-0.018427
1161.000000,-0.003043,-0.002396,0.002879,0.002633,0.012727
1162.000000,0.000256,0.000316,0.003387,0.003411,0.014276
1163.000000,0.001590,0.000435,0.003141,0.003596,0.002729
1164.000000,0.005337,0.002050,0.003324,0.003688,0.015380
1165.000000,0.004305,-0.002023,0.001970,0.003219,-0.023588
1166.000000,0.002462,-0.000290,0.002034,0.002804,0.003514
1167.000000,-0.000462,-0.000103,0.001340,0.002672,-0.000342
1168.000000,0.002707,0.002148,0.002308,0.003112,0.018570
1169.000000,-0.001803,0.001767,0.000076,0.002186,-0.007167
1170.000000,0.002305,0.003305,0.000093,0.002600,-0.003051
1171.000000,0.000086,0.001274,-0.000561,0.002344,-0.007583
1172.000000,0.003209,0.001374,0.000845,0.002716,0.015277
1173.000000,0.000336,0.001521,0.000978,0.002601,0.004202
1174.000000,0.006313,0.002255,0.002153,0.002968,0.022721
1175.000000,0.006151,0.004228,0.001103,0.002723,-0.003861
1176.000000,0.004030,0.002058,0.000884,0.002042,-0.018189
1177.000000,-0.000878,0.001166,0.000532,0.001282,-0.009262
1178.000000,-0.003776,-0.001720,0.000214,0.000965,-0.010289
1179.000000,-0.005048,0.000633,0.001200,0.000262,0.016361
1180.000000,-0.005372,0.000390,0.001847,0.000192,-0.005480
1181.000000,0.003127,0.003578,0.002426,0.000819,0.024305
1182.000000,0.003688,0.001405,0.001389,0.001032,-0.006457
1183.000000,0.004396,0.000310,0.000916,0.000755,-0.006750
1184.000000,0.000437,-0.002306,-0.000025,0.000667,-0.003434
1185.000000,0.001918,-0.001727,0.001251,0.000159,0.001928
1186.000000,-0.002040,0.000543,0.001301,0.000770,0.004512
1187.000000,-0.000332,0.001678,0.001422,0.000914,0.002082
1188.000000,0.001234,0.002815,0.000547,0.001081,0.001081
1189.000000,-0.001973,-0.000768,-0.000068,0.000544,-0.019467
1190.000000,-0.001547,0.000186,0.000288,0.001293,0.004059
1191.000000,-0.009841,-0.005941,-0.001181,-0.000363,-0.036962
1192.000000,-0.010749,-0.005541,-0.002068,-0.000921,-0.002455
1193.000000,-0.007398,-0.003082,-0.001386,-0.000417,0.017835
1194.000000,-0.002404,-0.002188,-0.002247,-0.000746,0.005503
1195.000000,-0.000744,-0.001145,-0.001436,0.000452,0.012358
1196.000000,0.006462,-0.001690,-0.000573,0.000304,-0.000932
1197.000000,0.006970,-0.001889,-0.000106,0.000318,0.000085
1198.000000,0.004418,-0.001490,0.000662,-0.000132,0.005074
1199.000000,0.004930,0.001263,0.000247,0.000376,0.008065
1200.000000,0.003410,0.001333,0.000759,0.000636,0.004758
1201.000000,0.001133,0.003797,-0.001072,0.000478,-0.012316
1202.000000,-0.000238,0.003366,-0.001087,-0.000256,-0.006767
1203.000000,-0.004280,0.000069,-0.001507,-0.000901,-0.015137
1204.000000,-0.004023,0.000453,-0.000867,-0.001347,0.009349
1205.000000,-0.002463,0.000473,-0.000336,-0.000800,0.012555
1206.000000,-0.001931,-0.000399,-0.001045,-0.000515,-0.009657
1207.000000,-0.003148,-0.001693,-0.001791,-0.000635,-0.012850
1208.000000,-0.005044,-0.004662,-0.003076,-0.001112,-0.024615
1209.000000,-0.007073,-0.005548,-0.002142,-0.001684,-0.000796
1210.000000,-0.008613,-0.005538,-0.002103,-0.001340,0.004852
1211.000000,-0.006611,-0.004271,-0.000237,-0.002138,0.000352
1212.000000,-0.004517,-0.003832,-0.000233,-0.002002,-0.002378
1213.000000,0.002459,-0.001292,-0.000612,-0.001435,0.010265
1214.000000,0.004823,-0.001125,-0.000336,-0.000953,0.011025
1215.000000,0.005675,-0.001469,-0.000498,-0.000714,0.009110
1216.000000,0.006781,0.000085,-0.000157,-0.000668,0.005886
1217.000000,0.010664,0.003074,0.000690,-0.000170,0.017034
1218.000000,-0.000157,0.001151,-0.001755,-0.001667,-0.043840
1219.000000,-0.005497,-0.000337,-0.002942,-0.001540,-0.015672
1220.000000,-0.006415,-0.000370,-0.002954,-0.001525,0.004515
1221.000000,-0.008904,-0.001061,-0.002666,-0.000512,-0.006559
1222.000000,-0.013667,-0.001502,-0.002667,-0.000656,-0.006781
1223.000000,-0.000560,-0.000359,-0.000825,-0.000527,0.021697
1224.000000,-0.001425,-0.003461,-0.002293,-0.001377,-0.019997
1225.000000,-0.000797,-0.003606,-0.002538,-0.001534,0.007657
1226.000000,-0.000802,-0.004853,-0.002384,-0.001722,-0.006585
1227.000000,0.001018,-0.006325,-0.001626,-0.001648,0.002319
1228.000000,-0.004734,-0.002647,-0.000748,-0.002052,-0.007061
1229.000000,-0.000519,-0.000972,-0.000654,-0.002285,0.001076
1230.000000,-0.007096,-0.003946,-0.002158,-0.003285,-0.025226
1231.000000,-0.007959,-0.004381,-0.002721,-0.003238,-0.010903
1232.000000,-0.008293,-0.003637,-0.002570,-0.002991,0.000650
1233.000000,-0.007606,-0.006170,-0.003264,-0.002607,-0.003627
1234.000000,-0.006669,-0.003594,-0.003527,-0.002726,0.005760
1235.000000,-0.003392,-0.005244,-0.004425,-0.003440,-0.008840
1236.000000,0.003372,-0.002294,-0.003573,-0.002354,0.022915
1237.000000,-0.004165,-0.006229,-0.006277,-0.003160,-0.037034
1238.000000,-0.001816,-0.004711,-0.003679,-0.002069,0.008119
1239.000000,-0.003590,-0.005129,-0.003051,-0.002146,-0.003108
1240.000000,-0.011860,-0.007626,-0.005786,-0.003981,-0.050192
1241.000000,-0.011448,-0.004038,-0.004209,-0.003160,0.024976
1242.000000,-0.004428,-0.004297,-0.003967,-0.003145,-0.001936
1243.000000,-0.003759,-0.002787,-0.004479,-0.003105,0.011467
1244.000000,-0.001420,-0.002505,-0.003049,-0.003187,0.008586
