0.000000,-0.000160,-0.000120,-0.000388,-0.000298,-0.001198
1.000000,0.000000,-0.000108,-0.000259,-0.000305,-0.000200
2.000000,-0.000040,0.000000,0.000010,-0.000489,0.001198
3.000000,-0.000120,-0.000034,-0.000015,-0.000463,-0.000399
4.000000,-0.000092,0.000008,0.000021,-0.000359,0.000140
5.000000,0.000147,-0.000007,-0.000002,-0.000465,-0.000006
6.000000,0.000200,0.000100,0.000020,-0.000436,0.000066
7.000000,-0.000280,-0.000160,-0.000070,-0.000437,-0.001199
8.000000,-0.000320,-0.000220,0.000000,-0.000444,-0.000600
9.000000,-0.000385,-0.000238,-0.000109,-0.000417,-0.000184
10.000000,-0.000027,0.000060,-0.000030,-0.000239,0.001783
11.000000,-0.000360,-0.000080,-0.000094,-0.000199,-0.001599
12.000000,-0.000060,-0.000170,-0.000085,-0.000050,0.000300
13.000000,0.000053,-0.000133,-0.000084,-0.000054,-0.000034
14.000000,0.000037,-0.000174,-0.000083,-0.000044,-0.000266
15.000000,-0.000560,-0.000293,-0.000150,-0.000099,-0.001201
16.000000,0.000100,-0.000130,-0.000015,-0.000030,0.001701
17.000000,-0.000180,-0.000120,-0.000140,-0.000087,-0.001100
18.000000,-0.000494,-0.000220,-0.000220,-0.000073,-0.001602
19.000000,-0.000426,-0.000195,-0.000216,-0.000138,0.000072
20.000000,-0.000561,-0.000561,-0.000250,-0.000207,-0.001878
21.000000,-0.000540,-0.000220,-0.000150,-0.000136,0.001806
22.000000,0.001277,0.000548,0.000189,0.000126,0.007986
23.000000,0.000560,0.000033,-0.000050,-0.000045,-0.005183
24.000000,-0.000536,-0.000481,-0.000328,-0.000216,-0.005411
25.000000,0.000181,-0.000190,-0.000242,-0.000163,0.001707
26.000000,0.000152,-0.000194,-0.000162,-0.000075,0.001664
27.000000,-0.001557,-0.000140,-0.000130,-0.000140,-0.000561
28.000000,-0.000536,0.000012,-0.000104,-0.000143,-0.000080
29.000000,0.000040,-0.000248,-0.000221,-0.000227,-0.002528
30.000000,0.000060,0.000120,-0.000220,-0.000127,0.001807
31.000000,-0.000915,-0.000382,-0.000301,-0.000227,-0.003214
32.000000,-0.000577,-0.001067,-0.000259,-0.000229,0.001132
33.000000,-0.000026,-0.000281,-0.000124,-0.000127,0.002671
34.000000,0.000213,0.000127,-0.000177,-0.000176,-0.001332
35.000000,-0.000161,-0.000050,-0.000120,-0.000178,-0.000060
36.000000,0.000121,-0.000397,-0.000296,-0.000240,-0.001808
37.000000,0.000657,0.000040,-0.000050,-0.000073,0.003813
38.000000,0.000403,0.000188,0.000100,-0.000007,0.001401
39.000000,0.000865,0.000539,0.000145,0.000032,0.000980
40.000000,0.000921,0.000380,0.000250,-0.000020,0.000220
41.000000,0.001083,0.000602,0.000110,0.000000,-0.001000
42.000000,0.000160,0.000409,-0.000329,-0.000037,-0.000800
43.000000,-0.000360,0.000021,-0.000130,-0.000076,-0.001202
44.000000,0.000084,0.000475,0.000301,0.000040,0.003201
45.000000,-0.000801,0.000060,0.000005,-0.000060,-0.004204
46.000000,-0.000521,0.000281,-0.000058,-0.000103,0.000401
47.000000,-0.000595,-0.000217,-0.000089,-0.000106,-0.001172
48.000000,-0.000160,-0.000260,-0.000036,-0.000020,0.000971
49.000000,-0.000841,-0.000378,0.000080,-0.000029,-0.000201
50.000000,0.000160,-0.000320,0.000030,0.000060,0.000802
51.000000,-0.000696,-0.000608,-0.000003,-0.000129,-0.003880
52.000000,-0.000167,-0.000381,0.000014,-0.000346,0.001472
53.000000,-0.000623,-0.000392,-0.000185,-0.000217,-0.001309
54.000000,-0.000241,-0.000541,-0.000033,0.000020,0.001711
55.000000,-0.000401,-0.000120,-0.000030,-0.000037,0.000000
56.000000,0.000218,-0.000239,0.000021,-0.000118,-0.000782
57.000000,-0.000443,-0.000305,-0.000261,-0.000161,-0.001833
58.000000,0.000169,-0.000227,-0.000244,-0.000100,0.001750
59.000000,-0.000197,-0.000219,-0.000299,-0.000019,-0.000121
60.000000,0.000201,-0.000100,-0.000210,-0.000013,0.001988
61.000000,0.000116,0.000167,-0.000220,0.000054,-0.001205
62.000000,0.000575,0.000066,-0.000157,0.000031,0.000460
63.000000,0.000374,0.000271,-0.000060,-0.000033,0.000745
64.000000,0.001094,0.000449,-0.000046,0.000127,0.003483
65.000000,0.000397,0.000299,0.000089,0.000080,-0.001499
66.000000,0.000361,0.000239,0.000000,0.000094,-0.001383
67.000000,0.000069,0.000322,0.000008,-0.000067,-0.001003
68.000000,-0.000281,0.000046,-0.000090,-0.000147,-0.001004
69.000000,-0.000572,0.000261,0.000021,-0.000112,0.002027
70.000000,-0.000437,-0.000020,-0.000060,-0.000147,-0.000822
71.000000,0.000200,0.000281,0.000224,-0.000053,0.001805
72.000000,0.000657,0.000363,0.000215,0.000016,0.001281
73.000000,0.000838,0.000279,0.000275,0.000053,-0.000100
74.000000,0.000162,-0.000205,0.000122,-0.000099,-0.001355
75.000000,0.000120,-0.000158,0.000070,0.000007,-0.001028
76.000000,0.000210,0.000205,0.000222,0.000068,0.002254
77.000000,-0.000027,0.000315,0.000318,0.000111,0.000094
78.000000,-0.000274,0.000282,0.000164,0.000034,-0.001333
79.000000,0.000475,0.000318,0.000290,0.000120,0.002389
80.000000,0.000641,0.000381,0.000180,0.000087,-0.000200
81.000000,-0.000058,0.000076,0.000178,0.000175,-0.001240
82.000000,-0.000429,-0.000228,0.000067,0.000067,-0.001763
83.000000,0.000180,-0.000047,0.000116,0.000168,0.001713
84.000000,-0.000585,-0.000055,-0.000130,0.000063,-0.001432
85.000000,-0.001093,-0.000226,-0.000192,-0.000029,-0.002744
86.000000,-0.000553,-0.000306,-0.000050,0.000046,0.001460
87.000000,-0.000201,-0.000315,0.000000,0.000107,0.000000
88.000000,-0.000664,-0.000242,0.000020,0.000029,-0.000602
89.000000,-0.000056,-0.000320,-0.000001,0.000086,0.001605
90.000000,-0.000392,-0.000742,-0.000181,-0.000127,-0.004421
91.000000,-0.000001,-0.000277,-0.000101,0.000027,0.003412
92.000000,-0.000724,-0.000462,-0.000345,-0.000109,-0.003614
93.000000,0.001441,0.000389,0.000171,0.000207,0.010222
94.000000,-0.000482,-0.000269,-0.000162,-0.000176,-0.008008
95.000000,0.000081,-0.000156,-0.000191,-0.000180,-0.001609
96.000000,0.000202,0.000100,-0.000103,0.000000,0.004018
97.000000,-0.000969,-0.000847,-0.000581,-0.000282,-0.009469
98.000000,-0.001843,-0.000201,-0.000221,-0.000054,0.005853
99.000000,-0.000523,-0.000503,-0.000411,-0.000168,-0.001410
100.000000,-0.000888,-0.000404,-0.000573,-0.000255,-0.003432
101.000000,-0.002543,-0.001170,-0.000724,-0.000457,-0.004256
102.000000,-0.000405,-0.000687,-0.000575,-0.000459,0.001218
103.000000,-0.001576,-0.001709,-0.000660,-0.000456,0.000000
104.000000,-0.002160,-0.001342,-0.000805,-0.000555,-0.004330
105.000000,-0.002892,-0.001890,-0.001023,-0.000757,-0.007094
106.000000,-0.002082,-0.002312,-0.001106,-0.000839,-0.000205
107.000000,-0.001957,-0.001181,-0.001014,-0.000781,0.001845
108.000000,-0.001033,-0.001305,-0.000753,-0.000582,0.004619
109.000000,0.000907,-0.000627,-0.000565,-0.000483,0.005368
110.000000,-0.000246,-0.001569,-0.000987,-0.000905,-0.012859
111.000000,-0.000370,-0.001226,-0.001198,-0.000891,-0.000822
112.000000,-0.000903,-0.001430,-0.001059,-0.000860,-0.000823
113.000000,0.000871,-0.000081,-0.000895,-0.000467,0.013489
114.000000,-0.000528,0.000189,-0.000576,-0.000474,-0.001625
115.000000,-0.000082,-0.000164,-0.001027,-0.000737,-0.010630
116.000000,0.000657,0.000144,-0.001084,-0.000690,0.002873
117.000000,0.000370,-0.000267,-0.000724,-0.000765,-0.002257
118.000000,-0.006143,-0.002636,-0.001970,-0.001381,-0.019076
119.000000,-0.007120,-0.003824,-0.002225,-0.001651,-0.006511
120.000000,-0.005966,-0.003024,-0.002297,-0.001666,-0.004858
121.000000,-0.004128,-0.001736,-0.001481,-0.001377,0.012059
122.000000,-0.002231,-0.000930,-0.001180,-0.001016,0.007233
123.000000,0.002331,-0.001906,-0.000994,-0.001232,0.003731
124.000000,0.003302,-0.001909,-0.000860,-0.001020,-0.001657
125.000000,0.002901,-0.001532,-0.000848,-0.001196,-0.006863
126.000000,0.000697,-0.001715,-0.000786,-0.001295,0.001043
127.000000,0.000498,-0.000866,-0.000566,-0.000771,0.006234
128.000000,-0.004944,-0.001306,-0.001971,-0.001749,-0.023476
129.000000,-0.003302,0.000000,-0.001912,-0.001484,0.006553
130.000000,0.000459,0.001680,-0.000672,-0.000971,0.011939
131.000000,-0.000232,0.000233,-0.000752,-0.000910,-0.002412
132.000000,-0.001915,-0.000709,-0.000819,-0.001023,-0.002179
133.000000,0.002613,-0.001165,-0.001536,-0.001051,-0.000837
134.000000,0.002845,-0.000228,-0.001069,-0.000649,0.007716
135.000000,0.000250,0.000354,-0.000589,-0.000448,-0.001039
136.000000,-0.000603,-0.000418,-0.001067,-0.000663,-0.006676
137.000000,0.001621,-0.000147,-0.000507,-0.000427,0.008940
138.000000,0.000710,0.001662,0.000178,-0.000760,-0.005388
139.000000,-0.001079,0.000883,0.000442,-0.000980,-0.001231
140.000000,-0.001419,-0.000585,0.000547,-0.000643,-0.002740
141.000000,-0.000629,-0.000616,-0.000192,-0.000706,-0.002724
142.000000,0.001492,0.001557,0.000424,-0.000027,0.019545
143.000000,0.000142,0.000426,-0.000370,-0.000882,-0.012141
144.000000,-0.000088,-0.000583,-0.000406,-0.000907,-0.002379
145.000000,0.001836,0.000208,0.000281,-0.000323,0.006878
146.000000,0.000084,-0.000273,-0.000345,-0.000802,-0.011485
147.000000,-0.002528,-0.000518,-0.000333,-0.000510,0.006486
148.000000,0.003004,0.001573,0.001617,0.000643,0.015520
149.000000,-0.000482,-0.000285,0.000299,0.000200,-0.019807
150.000000,0.000082,0.000959,0.000187,0.000685,0.009694
151.000000,0.002545,0.001314,0.000349,0.000310,0.000829
152.000000,0.002528,0.000000,0.000778,0.000283,0.006404
153.000000,-0.002604,0.000200,0.000313,-0.000180,-0.010142
154.000000,0.000732,0.000125,-0.000229,-0.000229,-0.003125
155.000000,-0.000623,-0.000271,-0.000031,0.000097,0.002917
156.000000,-0.000956,0.000794,0.000261,0.000035,-0.000833
157.000000,-0.003742,-0.000607,-0.000562,-0.000424,-0.007525
158.000000,-0.003403,-0.003003,-0.000715,0.000077,-0.008447
159.000000,-0.002351,-0.000809,-0.000547,-0.000070,0.002133
160.000000,-0.002934,-0.001779,-0.000410,-0.000468,0.000000
161.000000,-0.000542,-0.000749,0.000283,-0.000017,0.011129
162.000000,0.000587,-0.001577,-0.000789,-0.000007,-0.001881
163.000000,0.000764,-0.001319,-0.000560,-0.000231,-0.007560
164.000000,0.003018,0.000333,0.000229,-0.000042,0.013401
165.000000,0.000848,-0.001043,-0.000657,-0.000369,-0.010849
166.000000,-1234.000000,-1234.000000,-1234.000000,-1234.000000,-1234.000000
167.000000,-0.000524,0.000093,-0.000275,-0.000359,-1234.000000
168.000000,-0.000105,0.000378,-0.001402,-0.000376,-0.005887
169.000000,-0.004427,-0.000291,-0.000564,-0.000468,-0.003886
170.000000,-0.002012,-0.000423,-0.001137,-0.000414,-0.001188
171.000000,-0.001609,-0.001660,-0.001180,-0.000320,0.000000
172.000000,-0.000336,-0.000419,-0.001029,-0.000674,0.009283
173.000000,-0.000845,-0.000516,-0.000939,-0.000546,-0.008435
174.000000,0.001451,-0.001162,-0.000375,-0.000202,0.007595
175.000000,0.001726,0.000065,-0.000518,-0.000433,0.000189
176.000000,0.002192,0.000291,-0.000352,0.000043,0.002330
177.000000,-0.000505,-0.000420,-0.000177,-0.000325,-0.004202
178.000000,0.003178,0.001167,0.000793,-0.000516,0.009980
179.000000,0.002319,0.001885,0.000854,0.000281,0.003300
180.000000,0.000843,0.001285,0.000476,-0.000302,-0.007193
181.000000,0.004022,0.003107,0.000849,0.000298,0.018226
182.000000,0.004698,0.002097,0.000905,0.000049,-0.000822
183.000000,0.002418,0.002798,0.001228,0.000350,-0.001420
184.000000,0.003072,0.002696,0.000869,0.000684,0.006568
185.000000,0.001542,0.001193,0.000658,0.000072,-0.014840
186.000000,-0.001937,0.001043,0.000667,0.000129,0.000830
187.000000,0.000095,0.002396,0.000988,0.000710,0.009334
188.000000,0.001845,0.002132,0.001649,0.001254,0.007331
189.000000,-0.001314,0.000879,0.001382,0.000863,-0.009224
190.000000,0.003091,0.002317,0.001801,0.001110,0.007182
191.000000,0.003292,0.000678,0.001893,0.000790,0.001838
192.000000,-0.000584,-0.000245,0.000926,0.000508,-0.010048
193.000000,-0.002712,-0.000433,0.001182,0.000655,-0.003306
194.000000,0.000370,-0.000472,0.001112,0.000406,0.006186
195.000000,-0.001684,0.000703,0.000948,0.000674,-0.003088
196.000000,-0.002733,0.000280,0.000661,0.000538,-0.003408
197.000000,0.001192,0.000304,0.001350,0.000760,0.009574
198.000000,0.001237,-0.000737,0.000697,0.000854,-0.003079
199.000000,-0.000370,0.000000,0.000440,0.000921,-0.001852
200.000000,0.001069,-0.000307,0.001005,0.001098,0.004110
201.000000,0.001956,-0.000389,0.000145,0.001132,0.001025
202.000000,-0.000904,0.000144,-0.000050,0.000665,-0.004723
203.000000,0.002776,0.002007,0.000787,0.001457,0.015320
204.000000,0.001804,0.000717,0.000123,0.000980,-0.006712
205.000000,0.001833,0.001451,0.001077,0.001116,0.004256
206.000000,0.001794,0.001875,0.001077,0.001066,0.000831
207.000000,0.002707,0.000902,0.000603,0.001201,-0.000160
208.000000,-0.001302,0.000737,0.000000,0.000711,-0.004723
209.000000,-1234.000000,-1234.000000,-1234.000000,-1234.000000,-1234.000000
210.000000,0.000208,0.001111,0.000365,0.001038,-1234.000000
211.000000,-0.002448,-0.000091,-0.000248,0.000071,-0.009794
212.000000,-0.000824,0.001138,0.000615,0.000318,0.006336
213.000000,-0.001946,-0.001588,0.000304,0.000050,-0.009211
214.000000,0.000245,0.000159,0.000452,0.000134,0.009007
215.000000,-0.000769,-0.000335,0.000605,0.000639,-0.000185
216.000000,0.000369,-0.000883,0.000569,0.000469,-0.004103
217.000000,-0.001678,-0.001298,-0.000140,0.000013,-0.003896
218.000000,-0.000907,-0.001369,-0.000260,-0.000425,-0.005356
219.000000,-0.002378,-0.001067,-0.000076,-0.000050,0.001651
220.000000,-0.001888,-0.001329,-0.000173,-0.000219,0.002266
221.000000,-0.001809,-0.000720,-0.000422,-0.000411,-0.003711
222.000000,0.000214,-0.000732,0.000154,0.000150,0.006218
223.000000,0.002219,0.000656,-0.000407,0.000425,0.004669
224.000000,0.002093,-0.000143,0.000000,0.000247,0.001021
225.000000,0.001517,-0.000185,-0.000256,0.000333,-0.000612
226.000000,0.001481,-0.000164,-0.000505,0.000316,-0.003887
227.000000,0.000074,0.000144,-0.000539,-0.000042,-0.000818
228.000000,-0.000532,0.000843,-0.000204,0.000120,0.001638
229.000000,-0.001187,0.000453,-0.000307,0.000106,-0.002256
230.000000,-0.000491,0.000513,-0.000408,0.000064,0.002870
231.000000,-0.001605,-0.000062,-0.000391,-0.000298,-0.009459
232.000000,-0.000370,-0.000148,-0.000440,0.000050,0.005357
233.000000,-0.001522,-0.001027,-0.000185,-0.000621,-0.004119
234.000000,-0.001194,-0.001191,-0.000667,-0.000411,-0.000619
235.000000,-0.000780,-0.000635,-0.000410,-0.000387,0.004942
236.000000,-0.000174,-0.000889,-0.000527,-0.000637,-0.006428
237.000000,0.000657,0.000143,0.000144,-0.000304,0.009508
238.000000,-0.001060,-0.001291,-0.000224,-0.000579,-0.012701
239.000000,-0.001201,-0.001198,-0.000373,-0.000604,-0.001329
240.000000,-0.000246,-0.000513,0.000000,-0.000443,0.009718
241.000000,0.000586,0.000206,0.000072,-0.000192,-0.002266
242.000000,-0.001192,-0.000268,-0.000208,-0.000383,0.000618
243.000000,0.001307,0.000124,-0.000451,-0.000082,-0.000206
244.000000,0.000747,-0.000227,-0.000709,-0.000520,-0.004131
245.000000,-0.000536,-0.000391,-0.000513,-0.000404,0.003306
246.000000,0.000124,0.000355,-0.000267,-0.000233,0.001031
247.000000,-0.000206,-0.000699,-0.000278,-0.000137,-0.001031
248.000000,-0.000876,0.000216,-0.000537,-0.000077,-0.003555
249.000000,0.000248,0.000497,-0.000350,-0.000083,0.001490
250.000000,-0.001018,-0.000777,-0.000645,-0.000259,-0.003023
251.000000,-0.000578,-0.000227,-0.000010,-0.000028,0.003230
252.000000,-0.001449,-0.000828,-0.000548,-0.000414,-0.005389
253.000000,-1234.000000,-1234.000000,-1234.000000,-1234.000000,-1234.000000
254.000000,0.000671,0.000436,0.000087,-0.000354,-1234.000000
255.000000,0.000031,-0.000552,-0.000467,-0.000525,-0.005583
256.000000,0.000361,-0.000160,0.000111,-0.000234,0.004551
257.000000,0.001863,0.000023,-0.000357,-0.000185,0.000619
258.000000,0.002006,0.000704,0.000447,-0.000152,0.002575
259.000000,0.000576,0.000618,0.000555,-0.000050,0.000720
260.000000,0.000993,0.000565,-0.000141,-0.000269,-0.003501
261.000000,0.000000,0.000161,-0.000043,0.000043,-0.000413
262.000000,0.000692,0.001213,0.000139,-0.000001,0.004078
263.000000,0.000596,0.001301,0.000260,0.000213,0.002094
264.000000,0.000575,0.000576,0.000510,0.000255,0.000615
265.000000,0.000782,0.000888,0.000206,0.000000,-0.002463
266.000000,0.002584,0.001292,0.000604,0.000518,0.008594
267.000000,0.001646,0.001169,0.000626,0.000169,-0.000611
268.000000,0.001227,0.000911,0.000813,0.000607,0.000000
269.000000,0.000737,0.000656,0.000638,0.000590,-0.001837
270.000000,0.001719,0.001251,0.000926,0.000339,0.002448
271.000000,0.000081,0.001333,0.000778,0.000431,0.000407
272.000000,-0.000204,0.000721,0.000954,0.000340,-0.002037
273.000000,0.000448,0.000838,0.001069,0.000459,0.003258
274.000000,0.001222,0.000979,0.000777,0.000672,0.002032
275.000000,-0.000694,0.000512,0.000700,0.000312,-0.007131
276.000000,-0.000530,-0.000224,0.000534,0.000318,0.001226
277.000000,0.000652,0.000224,0.000696,0.000487,0.003872
278.000000,0.000447,0.000448,0.000679,0.000687,0.002235
279.000000,-0.000203,0.000509,0.000583,0.000594,-0.001219
280.000000,-0.000303,-0.000498,0.000376,0.000435,-0.007629
281.000000,0.000648,0.000059,0.000696,0.000530,0.005982
282.000000,-0.000611,0.000020,0.000371,0.000632,-0.002425
283.000000,-0.000977,-0.000265,0.000286,0.000624,0.000408
284.000000,-0.001302,-0.000752,0.000113,0.000268,-0.002843
285.000000,-0.000188,-0.000246,0.000133,0.000385,-0.002064
286.000000,-0.001057,-0.000204,-0.000214,0.000288,0.001638
287.000000,-0.000572,-0.000592,-0.000184,0.000267,0.000000
288.000000,-0.000736,-0.000856,-0.000204,0.000168,-0.000409
289.000000,0.001017,-0.000142,0.000183,0.000341,0.005919
290.000000,0.001958,0.000885,0.000193,0.000546,0.002640
291.000000,0.001590,0.000266,0.000163,0.000553,-0.000201
292.000000,0.001995,0.000712,0.000366,0.000484,0.002028
293.000000,0.000164,-0.000286,-0.000275,0.000096,-0.009568
294.000000,-0.000530,0.000244,-0.000254,0.000157,0.002451
295.000000,-0.001262,0.000348,0.000051,0.000205,-0.001021
296.000000,-0.001979,-0.000195,-0.000199,-0.000208,-0.003786
297.000000,-0.001873,0.000061,-0.000265,-0.000102,0.002560
298.000000,-0.000246,-0.000041,-0.000449,-0.000150,-0.001433
299.000000,-0.000082,-0.000306,-0.000224,0.000020,0.003271
300.000000,0.000571,-0.000345,0.000270,0.000014,0.002243
301.000000,0.001654,-0.000163,0.000052,0.000054,0.001628
302.000000,0.000714,-0.000579,0.000066,0.000051,-0.002137
303.000000,0.001176,0.000465,0.000090,-0.000028,0.000876
304.000000,-0.000409,-0.000245,-0.000001,-0.000251,-0.004653
305.000000,-0.001718,-0.000574,-0.000113,-0.000157,-0.004305
306.000000,-0.002414,-0.000380,-0.000287,-0.000260,-0.001851
307.000000,-0.001021,-0.000153,-0.000046,-0.000228,0.004825
308.000000,-0.001136,0.000020,-0.000010,-0.000292,0.000305
309.000000,0.000164,-0.000123,-0.000214,-0.000190,0.001843
310.000000,0.000902,-0.000408,-0.000377,0.000044,-0.000613
311.000000,0.001182,-0.000616,-0.000389,-0.000171,-0.000450
312.000000,0.000287,-0.000367,-0.000473,-0.000078,0.000348
313.000000,0.000328,-0.000404,0.000031,-0.000075,0.000511
314.000000,-0.000918,-0.000377,-0.000311,-0.000126,-0.004384
315.000000,-0.000676,0.000113,-0.000230,-0.000038,0.000595
316.000000,0.000133,0.000658,0.000139,0.000028,0.003597
317.000000,0.000551,0.000419,0.000133,0.000109,0.002438
318.000000,0.000490,0.000409,0.000215,0.000129,0.000204
319.000000,0.001693,0.000388,0.000133,-0.000014,0.001630
320.000000,0.001899,0.000612,0.000102,-0.000047,0.001627
321.000000,0.001342,0.000738,0.000061,-0.000014,0.000813
322.000000,0.000245,0.000398,0.000015,-0.000183,-0.003051
323.000000,0.000489,0.000489,0.000043,0.000184,0.001425
324.000000,0.000000,0.000846,0.000235,0.000075,-0.000814
325.000000,-0.000448,0.000726,0.000419,0.000088,-0.000611
326.000000,-0.000896,0.000223,0.000441,0.000167,-0.001427
327.000000,-0.000095,0.000075,0.000247,0.000114,0.000954
328.000000,-0.001343,-0.000427,-0.000009,0.000001,-0.004817
329.000000,-0.000041,-0.000020,0.000184,0.000082,0.005697
330.000000,0.000041,-0.000203,0.000204,0.000000,-0.000204
331.000000,0.000408,-0.000244,0.000247,-0.000041,0.000407
332.000000,0.000156,0.000031,0.000214,0.000020,-0.000305
333.000000,-1234.000000,-1234.000000,-1234.000000,-1234.000000,-1234.000000
334.000000,0.000864,0.000361,0.000617,0.000274,-1234.000000
335.000000,0.001320,0.000609,0.000671,0.000478,0.001622
336.000000,0.000356,0.000385,0.000300,0.000423,-0.003450
337.000000,-0.000025,0.000075,0.000075,0.000194,-0.001831
338.000000,0.000833,0.001085,0.000289,0.000330,0.004268
339.000000,-0.000474,0.000121,0.000046,0.000164,-0.002979
340.000000,0.000405,0.000812,0.000277,0.000393,0.006017
341.000000,0.000690,0.000542,0.000128,0.000338,-0.002024
342.000000,0.001279,0.000699,0.000347,0.000365,0.001114
343.000000,0.000890,0.000862,0.000395,0.000427,0.002325
344.000000,0.001567,0.000546,0.000459,0.000592,0.000404
345.000000,-0.000113,0.000146,0.000365,0.000490,-0.002384
346.000000,0.000324,0.000507,0.000449,0.000371,0.000162
347.000000,0.000303,0.000791,0.000452,0.000322,0.001011
348.000000,0.000444,0.000667,0.000865,0.000419,0.003026
349.000000,-1234.000000,-1234.000000,-1234.000000,-1234.000000,-1234.000000
350.000000,0.000993,0.000378,0.000595,0.000310,-1234.000000
351.000000,0.001412,0.000807,0.000674,0.000346,0.001838
352.000000,0.001712,0.000929,0.000814,0.000534,0.002210
353.000000,0.000930,0.000660,0.000766,0.000480,-0.000100
354.000000,0.000503,0.000481,0.000515,0.000466,-0.001205
355.000000,-0.001284,-0.000272,-0.000052,0.000160,-0.009165
356.000000,-0.000564,0.000314,0.000416,0.000406,0.005440
357.000000,-0.001095,0.000153,0.000489,0.000356,-0.000444
358.000000,-0.000784,-0.000022,0.000340,0.000580,0.001452
359.000000,-0.001310,-0.000404,0.000295,0.000239,-0.003836
360.000000,0.001306,0.000011,0.000185,0.000386,0.003916
361.000000,-0.000081,-0.000322,0.000213,0.000318,-0.001492
362.000000,0.000048,-0.000523,0.000165,0.000337,0.000202
363.000000,0.000101,-0.000342,0.000133,0.000384,0.001713
364.000000,0.000848,-0.000231,0.000106,0.000258,-0.000101
365.000000,0.000507,0.000906,0.000348,0.000278,0.002213
366.000000,0.000282,0.000101,0.000202,0.000307,-0.002616
367.000000,0.000765,0.000407,0.000286,0.000460,0.002616
368.000000,-0.000006,0.000048,0.000014,0.000239,-0.002141
369.000000,0.000322,0.000585,0.000091,0.000395,0.001537
370.000000,-0.000121,0.000193,0.000102,0.000188,0.000000
371.000000,0.000604,0.000443,0.000060,0.000292,0.001005
372.000000,0.000201,0.000483,-0.000020,0.000275,0.000602
373.000000,0.001030,0.000512,0.000085,0.000264,0.002006
374.000000,0.000474,0.000398,0.000083,0.000207,-0.001243
375.000000,0.000683,0.000281,0.000594,0.000325,0.001043
376.000000,0.000040,0.000322,0.000211,0.000243,-0.002207
377.000000,-0.000531,-0.000165,0.000121,0.000131,-0.002252
378.000000,-0.000940,0.000045,0.000046,0.000025,-0.000040
379.000000,-0.000715,-0.000121,0.000232,0.000020,-0.000121
380.000000,-0.000522,0.000080,0.000137,0.000095,0.002011
381.000000,-0.000765,-0.000362,0.000040,-0.000081,-0.003422
382.000000,0.000410,-0.000060,0.000211,-0.000033,0.003622
383.000000,0.000579,-0.000180,0.000166,-0.000003,0.000803
384.000000,-0.000359,-0.000537,-0.000070,-0.000123,-0.004809
385.000000,-0.000133,-0.000327,-0.000023,0.000287,0.003141
386.000000,0.000411,-0.000177,0.000072,0.000082,-0.000704
387.000000,0.000482,0.000446,0.000140,0.000229,0.003976
388.000000,-0.000241,0.000169,0.000107,0.000087,-0.002810
389.000000,0.001291,0.000466,0.000173,0.000310,0.002850
390.000000,0.000614,0.000241,0.000161,0.000171,-0.000241
391.000000,0.000635,0.000523,0.000080,0.000201,-0.000602
392.000000,-0.000482,0.000000,-0.000030,0.000141,-0.001606
393.000000,0.000353,0.000056,-0.000062,0.000129,0.001365
394.000000,-0.000369,0.000461,-0.000038,0.000107,-0.000763
395.000000,-0.000128,0.000243,-0.000042,0.000066,0.000963
396.000000,-0.000562,0.000036,-0.000070,0.000060,-0.002772
397.000000,-0.000281,-0.000381,0.000032,-0.000034,-0.000201
398.000000,-0.000339,0.000007,0.000088,0.000074,0.001076
399.000000,0.000120,-0.000124,0.000171,0.000074,0.001536
400.000000,0.000048,-0.000040,0.000100,0.000094,0.000602
401.000000,0.000402,-0.000080,0.000221,0.000027,-0.001003
402.000000,0.000723,0.000221,0.000110,0.000053,0.001404
403.000000,0.000428,0.000044,0.000050,-0.000027,-0.000401
404.000000,0.000321,0.000221,0.000341,0.000048,0.001002
405.000000,-0.000201,-0.000076,0.000083,-0.000053,-0.002005
406.000000,0.000241,0.000321,0.000179,0.000060,0.001204
407.000000,-0.000441,0.000141,-0.000120,0.000068,-0.002007
408.000000,0.000321,0.000374,0.000191,0.000183,0.003409
409.000000,0.000120,0.000220,0.000048,0.000187,0.000000
410.000000,-0.000293,-0.000247,-0.000144,-0.000015,-0.004072
411.000000,-0.000602,-0.000181,-0.000131,0.000087,-0.000342
412.000000,0.000281,-0.000080,0.000070,0.000047,0.002410
413.000000,-0.000441,-0.000060,-0.000008,0.000013,-0.000201
414.000000,0.000200,0.000160,0.000190,0.000281,0.003205
415.000000,0.001214,0.000461,0.000192,0.000209,0.001000
416.000000,0.001323,0.000360,0.000341,0.000239,0.000200
417.000000,0.001120,0.000701,0.000421,0.000153,0.001397
418.000000,0.001240,0.000400,0.000387,0.000260,0.000399
419.000000,-0.001123,-0.000462,-0.000121,-0.000122,-0.008611
420.000000,-0.000921,0.000147,-0.000050,-0.000047,0.002009
421.000000,-0.000999,0.000162,-0.000010,-0.000033,-0.000191
422.000000,-0.001474,-0.000177,-0.000128,-0.000012,-0.000974
423.000000,-0.001020,0.000110,0.000025,0.000031,0.002669
424.000000,0.000233,-0.000445,-0.000142,-0.000021,-0.002348
425.000000,-0.000161,-0.000541,-0.000040,-0.000052,0.000040
426.000000,-0.000380,-0.000690,-0.000165,-0.000003,-0.001286
427.000000,-0.000088,-0.000781,-0.000040,0.000020,0.000483
428.000000,-0.000642,-0.000831,-0.000216,-0.000019,-0.000101
429.000000,-0.000032,0.000101,-0.000181,-0.000047,0.000703
430.000000,0.000040,-0.000060,0.000043,-0.000054,0.000400
431.000000,0.000093,-0.000144,0.000009,-0.000054,-0.001023
432.000000,0.000362,0.000137,-0.000020,-0.000040,0.001828
433.000000,-0.000342,-0.000492,-0.000191,-0.000147,-0.003619
434.000000,0.000682,0.000325,-0.000060,0.000013,0.005824
435.000000,0.000562,0.000301,-0.000120,0.000074,-0.000200
436.000000,0.000845,0.000469,-0.000110,0.000046,0.000392
437.000000,-0.000040,0.000161,-0.000310,0.000027,-0.002598
438.000000,0.000997,0.000327,-0.000252,-0.000035,0.001564
439.000000,0.000096,0.000389,0.000245,0.000009,0.001322
440.000000,0.000520,0.000541,0.000240,0.000209,0.001920
441.000000,-0.000279,0.000283,0.000070,0.000100,-0.003602
442.000000,0.001161,0.000560,0.000348,0.000173,0.004600
443.000000,0.001127,0.001062,0.000285,0.000227,0.001396
444.000000,0.001261,0.000679,0.000502,0.000186,0.001991
445.000000,0.001354,0.000937,0.000619,0.000232,0.002384
446.000000,0.001558,0.000639,0.000554,0.000140,-0.002583
447.000000,0.000717,0.000939,0.000550,0.000106,0.000396
448.000000,0.000750,0.000939,0.000633,0.000145,0.001562
449.000000,0.000556,0.000909,0.000649,0.000466,0.001022
450.000000,0.001108,0.001231,0.000886,0.000570,0.005143
451.000000,-0.000036,0.000761,0.000522,0.000300,-0.008302
452.000000,-0.000318,0.000199,0.000380,0.000299,-0.001015
453.000000,-0.000193,0.000279,0.000670,0.000283,0.002188
454.000000,-0.000278,0.000139,0.000409,0.000381,0.000596
455.000000,-0.001346,-0.000119,0.000409,0.000373,-0.000199
456.000000,0.000473,0.000219,0.000429,0.000442,0.000794
457.000000,0.001136,0.000409,0.000674,0.000503,0.002300
458.000000,0.000714,0.000261,0.000600,0.000509,0.000077
459.000000,0.000357,0.000040,0.000474,0.000446,-0.001187
460.000000,-0.000239,-0.000792,0.000219,0.000327,-0.003177
461.000000,-0.000139,0.000167,0.000464,0.000404,0.001292
462.000000,-0.000539,0.000298,0.000249,0.000353,0.000298
463.000000,-0.000932,-0.000109,0.000085,0.000410,-0.001888
464.000000,-0.000476,-0.000060,0.000040,0.000253,0.001094
465.000000,0.000099,-0.000070,-0.000094,0.000249,-0.000298
466.000000,-0.000338,-0.000238,-0.000010,0.000207,-0.000895
467.000000,0.000179,-0.000180,0.000114,0.000389,0.002881
468.000000,0.000417,-0.000258,0.000001,0.000314,-0.000695
469.000000,0.000159,-0.000159,-0.000060,0.000263,-0.000201
470.000000,-0.000019,0.000040,-0.000376,0.000159,-0.001188
471.000000,0.000338,0.000000,0.000083,0.000309,0.000892
472.000000,0.000006,0.000092,0.000195,0.000197,0.001223
473.000000,0.000040,0.000229,0.000060,0.000133,-0.000528
474.000000,0.000338,0.000248,0.000094,0.000109,0.001289
475.000000,0.000159,0.000070,0.000000,-0.000040,-0.002082
476.000000,0.000218,0.000278,0.000020,0.000086,0.001189
477.000000,-0.000185,-0.000089,-0.000135,0.000046,-0.000794
478.000000,0.000456,0.000248,-0.000005,0.000084,0.002677
479.000000,0.000535,0.000436,0.000139,0.000106,0.001682
480.000000,0.001208,0.000683,0.000362,-0.000023,0.001284
481.000000,0.000693,0.000456,0.000228,0.000208,-0.001383
482.000000,0.000278,0.000046,0.000069,0.000146,-0.002871
483.000000,-0.000328,0.000064,0.000146,0.000061,-0.000351
484.000000,-0.000554,-0.000010,0.000119,0.000060,0.000549
485.000000,-0.000573,0.000317,0.000193,0.000106,0.001189
486.000000,-0.001250,-0.000278,0.000000,-0.000079,-0.004764
487.000000,0.000040,0.000159,0.000035,-0.000037,0.003575
488.000000,0.000506,0.000089,0.000168,0.000026,0.001981
489.000000,0.000989,0.000217,0.000327,0.000165,0.002964
490.000000,-0.000357,-0.000465,0.000109,0.000086,-0.005539
491.000000,0.000953,-0.000148,0.000154,0.000102,0.001784
492.000000,0.000159,0.000099,0.000073,0.000079,-0.000396
493.000000,0.000079,0.000293,0.000178,0.000195,0.001584
494.000000,-0.000553,0.000218,0.000104,0.000152,-0.000198
495.000000,-0.000079,-0.000218,0.000050,0.000056,-0.003170
496.000000,-0.000040,0.000457,0.000089,0.000152,0.001983
497.000000,-0.000040,0.000059,0.000109,0.000043,-0.000396
498.000000,-0.000277,-0.000099,-0.000005,0.000079,0.000396
499.000000,-0.001868,-0.001211,-0.000497,-0.000186,-0.008154
500.000000,-0.000477,-0.000278,-0.000372,-0.000020,0.003787
501.000000,-0.001033,-0.000536,-0.000342,-0.000076,-0.000796
502.000000,0.002050,0.001005,0.000552,0.000384,0.015015
503.000000,0.000514,0.000118,0.000205,0.000158,-0.007283
504.000000,0.001512,-0.000178,0.000020,0.000010,-0.003164
505.000000,0.001565,0.000544,0.000163,0.000214,0.004054
506.000000,0.002257,0.000612,0.000534,0.000264,0.002661
507.000000,-0.001614,0.000218,0.000139,0.000145,-0.004340
508.000000,-0.000039,0.000237,0.000069,0.000076,0.000593
509.000000,0.000424,0.000968,-0.000121,-0.000009,-0.000850
510.000000,-0.000099,0.000733,0.000228,-0.000003,0.001443
511.000000,-0.001105,0.000576,0.000020,-0.000036,-0.002372
512.000000,0.000356,-0.000629,0.000188,0.000158,0.002965
513.000000,0.000237,0.000099,0.000109,0.000170,0.000000
514.000000,-0.000662,-0.000119,-0.000149,-0.000026,-0.005343
515.000000,-0.002024,-0.001062,-0.000259,-0.000245,-0.005372
516.000000,-0.001191,-0.001148,-0.000268,-0.000027,0.001794
517.000000,-0.001029,-0.000337,-0.000059,-0.000020,0.003776
518.000000,-0.000573,-0.000168,0.000035,-0.000010,0.002279
519.000000,0.001029,0.000184,0.000576,-0.000020,0.002668
520.000000,0.001955,-0.000035,0.000349,0.000140,-0.000741
521.000000,0.001824,0.000316,0.000446,0.000119,0.001135
522.000000,0.000198,-0.000415,-0.000522,-0.000013,-0.004350
523.000000,0.000534,-0.000020,0.000040,0.000066,0.003956
524.000000,-0.000395,0.000317,0.000099,0.000007,-0.001976
525.000000,-0.000089,0.000933,-0.000064,0.000139,0.000789
526.000000,-0.000632,0.000596,-0.000276,0.000020,-0.001580
527.000000,0.000040,0.000119,-0.000109,0.000000,-0.000990
528.000000,-0.001426,-0.000446,-0.000307,-0.000126,-0.003374
529.000000,-0.000277,-0.000336,-0.000076,0.000272,0.003770
530.000000,-0.000712,-0.000401,-0.000218,0.000099,-0.001387
531.000000,-0.000674,-0.000653,-0.000169,0.000080,-0.001389
532.000000,0.000514,0.000277,-0.000069,-0.000256,0.004953
533.000000,0.000159,-0.000634,-0.000327,-0.000185,-0.005152
534.000000,-0.001391,-0.000834,-0.000259,-0.000212,-0.003981
535.000000,-0.000158,-0.000435,0.000249,-0.000188,0.004777
536.000000,0.000397,-0.000139,0.000228,-0.000230,0.001386
537.000000,-0.001216,-0.000351,-0.000116,-0.000190,-0.003113
538.000000,0.000083,0.000121,-0.000163,-0.000164,0.001347
539.000000,0.001984,0.000296,-0.000020,0.000048,0.005523
540.000000,0.001069,0.000455,0.000027,0.000007,0.000199
541.000000,-0.000516,-0.000060,-0.000356,-0.000132,-0.006537
542.000000,0.000146,-0.000535,-0.000129,-0.000224,0.000199
543.000000,-0.000361,-0.000139,-0.000386,-0.000264,-0.001191
544.000000,-0.000791,0.000597,-0.000119,0.000027,0.003376
545.000000,-0.001546,-0.000239,-0.000337,0.000086,-0.003577
546.000000,0.000000,-0.000258,-0.000198,0.000066,0.001193
547.000000,-0.001435,-0.000645,-0.000498,-0.000292,-0.006978
548.000000,-0.000598,-0.000480,-0.000179,-0.000268,0.002995
549.000000,-0.000765,-0.000778,-0.000241,-0.000273,0.002541
550.000000,0.000239,-0.000654,-0.000099,-0.000200,0.001442
551.000000,0.000119,0.000059,-0.000000,-0.000218,0.000594
552.000000,0.001435,-0.000000,-0.000268,-0.000086,-0.000397
553.000000,0.000836,0.000119,-0.000010,-0.000218,0.000000
554.000000,0.000010,-0.000378,0.000110,-0.000205,-0.001589
555.000000,0.000813,0.000526,0.000144,-0.000049,0.005458
556.000000,0.000159,0.000139,-0.000060,-0.000086,-0.002676
557.000000,-0.000039,0.000698,0.000027,-0.000099,-0.001390
558.000000,0.001425,0.001131,0.000325,0.000257,0.007324
559.000000,0.001111,0.000561,-0.000109,0.000026,-0.003159
560.000000,0.000020,0.000416,-0.000119,0.000073,0.000000
561.000000,-0.000238,-0.000040,0.000010,-0.000013,-0.003966
562.000000,0.000595,0.000278,0.000139,-0.000086,0.002778
563.000000,-0.000909,0.000258,0.000189,0.000079,-0.000198
564.000000,0.000119,0.000615,0.000119,0.000278,0.001980
565.000000,0.000435,0.000227,0.000377,0.000172,0.001581
566.000000,0.000833,0.000297,0.000218,0.000059,-0.001977
567.000000,0.000594,0.000594,0.000646,0.000216,0.001582
568.000000,0.000633,-0.000138,0.000496,0.000171,0.000000
569.000000,-0.000396,-0.000138,0.000211,-0.000119,-0.003164
570.000000,-0.000871,-0.000218,0.000099,-0.000152,-0.000795
571.000000,0.000237,0.000535,0.000248,0.000185,0.003564
572.000000,0.000473,0.000533,0.000406,0.000270,0.002761
573.000000,0.000316,0.000474,0.000366,0.000284,-0.000787
574.000000,0.000146,-0.000125,0.000245,0.000038,-0.004012
575.000000,0.001304,0.000217,0.000222,0.000323,0.004996
576.000000,0.000474,0.000356,0.000326,0.000264,-0.000589
577.000000,-0.000197,0.000138,0.000366,0.000477,-0.000594
578.000000,-0.000711,-0.000198,-0.000168,0.000265,-0.003355
579.000000,0.000012,0.000079,-0.000030,0.000167,-0.000398
580.000000,-0.000282,0.000511,0.000147,0.000237,0.003524
581.000000,0.000079,0.000276,0.000406,0.000257,0.001217
582.000000,-0.000236,-0.000217,0.000158,0.000198,-0.002170
583.000000,0.000790,0.000039,0.000257,0.000257,0.001776
584.000000,-0.000238,-0.000113,-0.000119,0.000126,-0.005536
585.000000,-0.000309,-0.000296,-0.000040,0.000049,0.003167
586.000000,-0.001464,-0.000692,-0.000168,-0.000013,-0.004556
587.000000,-0.000911,-0.000574,-0.000218,0.000053,0.000595
588.000000,-0.001266,-0.000238,-0.000218,-0.000191,0.000000
589.000000,-0.000742,-0.000490,-0.000205,-0.000183,-0.002917
590.000000,-0.000953,-0.000631,-0.000060,-0.000113,0.002111
591.000000,0.001069,-0.000197,0.000040,0.000205,0.005556
592.000000,-0.000199,-0.000555,-0.000386,-0.000079,-0.005743
593.000000,-0.000517,-0.000891,-0.000426,-0.000126,-0.001590
594.000000,0.000742,0.000000,-0.000056,-0.000079,0.003376
595.000000,0.000121,-0.000416,-0.000356,-0.000165,-0.000992
596.000000,-0.000316,0.000376,-0.000158,0.000013,0.003368
597.000000,-0.000119,-0.000159,-0.000366,-0.000198,-0.004758
598.000000,-0.000080,-0.000298,-0.000268,-0.000245,-0.001392
599.000000,-0.000874,-0.000066,-0.000278,-0.000159,-0.000597
600.000000,0.000278,0.000200,-0.000216,0.000026,0.004768
601.000000,-0.000595,-0.000455,-0.000326,-0.000125,-0.000993
602.000000,0.000516,0.000198,-0.000178,-0.000191,0.000795
603.000000,0.000874,0.000397,-0.000247,-0.000152,0.000396
604.000000,0.000795,-0.000040,-0.000020,-0.000051,-0.000991
605.000000,-0.000357,-0.000040,-0.000228,-0.000250,-0.000992
606.000000,-0.000596,-0.000595,-0.000109,-0.000304,-0.002186
607.000000,-0.001632,-0.000558,-0.000358,-0.000430,-0.004387
608.000000,-0.002111,-0.000619,-0.000458,-0.000385,-0.002000
609.000000,-0.001281,-0.000243,-0.000155,-0.000266,0.003159
610.000000,-0.002035,-0.001196,-0.000498,-0.000543,-0.004762
611.000000,-0.001702,-0.001149,-0.000802,-0.000601,-0.000522
612.000000,-0.000560,-0.001096,-0.000449,-0.000484,0.001324
613.000000,-0.001095,-0.001603,-0.000603,-0.000699,-0.004674
614.000000,-0.000712,-0.000997,-0.000518,-0.000345,0.005075
615.000000,0.000146,-0.000944,-0.000492,-0.000467,-0.000471
616.000000,0.000425,-0.000639,-0.000617,-0.000286,0.000869
617.000000,0.000040,-0.000260,-0.000409,-0.000326,-0.000599
618.000000,0.001175,0.000040,-0.000289,-0.000292,0.001001
619.000000,0.000180,-0.000266,-0.000255,-0.000192,0.000100
620.000000,0.000894,0.000520,-0.000338,-0.000159,0.003097
621.000000,-0.000080,0.000172,-0.000488,-0.000477,-0.003998
622.000000,0.000240,0.000140,-0.000478,-0.000253,0.001001
623.000000,0.000000,0.000588,-0.000508,-0.000206,-0.000200
624.000000,-0.000300,-0.000060,-0.000528,-0.000365,-0.001402
625.000000,-0.001221,-0.000163,-0.000554,-0.000383,-0.001504
626.000000,0.000200,0.000060,-0.000289,-0.000391,0.003107
627.000000,0.000040,0.000140,-0.000060,-0.000226,0.000198
628.000000,-0.001204,-0.000602,-0.000281,-0.000394,-0.006419
629.000000,-0.000040,-0.000170,-0.000218,-0.000226,0.004418
630.000000,0.000749,-0.000236,0.000142,-0.000304,0.002443
631.000000,-0.000300,-0.000050,0.000061,-0.000342,-0.002142
632.000000,0.000878,0.000459,0.000300,-0.000166,0.006092
633.000000,0.000362,-0.000421,0.000083,-0.000479,-0.009003
634.000000,-0.000844,-0.000442,-0.000251,-0.000500,-0.001609
635.000000,-0.001622,-0.000437,-0.000300,-0.000515,-0.001451
636.000000,-0.000301,-0.000301,-0.000120,-0.000293,0.004466
637.000000,-0.000678,0.000100,0.000120,-0.000007,0.004206
638.000000,0.001082,0.000722,0.000060,0.000053,-0.000200
639.000000,0.000563,-0.000140,-0.000155,-0.000192,-0.004207
640.000000,0.001476,-0.000073,-0.000154,0.000070,0.003117
641.000000,0.001200,0.000450,0.000200,0.000191,0.003085
642.000000,0.000160,-0.000259,0.000100,0.000113,-0.000996
643.000000,0.000120,0.000601,0.000090,0.000256,-0.000400
644.000000,0.001281,0.000922,0.000240,0.000140,0.001597
645.000000,0.001012,0.001244,0.000404,0.000215,0.001774
646.000000,-0.000040,0.000580,0.000140,0.000113,-0.002173
647.000000,0.000439,0.000299,0.000200,0.000180,0.001396
648.000000,0.000519,0.000319,0.000521,0.000146,0.000000
649.000000,0.001114,0.001197,0.000528,0.000296,0.004573
650.000000,-0.000235,0.000389,0.000158,0.000027,-0.004972
651.000000,0.000160,0.000060,0.000255,0.000153,-0.000199
652.000000,-0.000479,-0.000020,-0.000140,0.000060,-0.001796
653.000000,-0.000703,-0.000092,0.000255,0.000029,-0.001119
654.000000,-0.001473,-0.000180,0.000371,0.000100,0.000720
655.000000,-0.000212,-0.000224,0.000510,0.000195,0.001334
656.000000,0.000915,0.000537,0.000559,0.000272,0.005438
657.000000,0.000996,0.000259,0.000279,0.000219,-0.001390
658.000000,-0.000208,-0.000455,-0.000068,0.000195,-0.007141
659.000000,0.000040,-0.000717,0.000240,0.000113,0.001962
660.000000,-0.000157,-0.000185,0.000102,0.000044,0.000348
661.000000,-0.001011,-0.000048,0.000006,0.000154,0.001168
662.000000,-0.000757,0.000120,0.000050,-0.000053,-0.000120
663.000000,0.000456,0.000124,0.000016,0.000211,-0.001078
664.000000,0.000798,0.000419,0.000120,0.000387,0.003670
665.000000,0.001482,0.000663,0.000220,0.000561,0.003772
666.000000,-0.000104,-0.000557,-0.000010,0.000187,-0.006764
667.000000,0.000160,-0.000299,-0.000020,0.000087,0.001197
668.000000,0.000773,0.000614,0.000080,0.000159,0.001990
669.000000,0.000317,0.000557,-0.000080,0.000346,0.001392
670.000000,-0.001034,0.000224,0.000020,0.000143,-0.002983
671.000000,0.000339,0.000118,0.000035,0.000043,0.000100
672.000000,-0.000311,-0.000076,0.000022,0.000008,-0.002055
673.000000,0.000080,0.000427,0.000275,0.000153,0.003946
674.000000,-0.000119,0.000099,0.000259,0.000113,0.000396
675.000000,-0.000679,-0.000856,-0.000097,-0.000139,-0.005780
676.000000,0.000069,0.000204,-0.000177,0.000061,0.003836
677.000000,0.000016,-0.000148,-0.000223,-0.000063,-0.002317
678.000000,-0.000358,-0.000139,0.000238,0.000007,0.002074
679.000000,-0.001264,-0.000692,-0.000067,-0.000284,-0.004133
680.000000,0.000240,-0.000219,0.000002,-0.000060,0.001739
681.000000,-0.000847,-0.000389,-0.000136,-0.000107,-0.001599
682.000000,0.000216,0.000116,0.000020,0.000053,0.002996
683.000000,-0.000159,-0.000259,0.000084,0.000097,0.000201
684.000000,0.000587,-0.000338,-0.000120,0.000060,-0.000401
685.000000,0.000805,0.000523,-0.000167,0.000110,0.002829
686.000000,0.000719,-0.000064,0.000070,-0.000139,-0.002031
687.000000,0.000319,0.000267,0.000060,-0.000060,0.000996
688.000000,0.000020,-0.000070,-0.000104,0.000135,-0.001295
689.000000,-0.000040,0.000274,-0.000209,0.000047,-0.000698
690.000000,0.000072,0.000438,0.000109,0.000148,0.003386
691.000000,0.000577,0.000648,0.000129,0.000125,0.000497
692.000000,0.000338,0.000329,0.000222,0.000123,-0.000199
693.000000,0.001450,0.000735,0.000238,0.000301,0.004265
694.000000,0.001511,0.000735,0.000199,0.000165,-0.000396
695.000000,0.001071,0.000571,0.000547,0.000079,0.001185
696.000000,0.000258,0.000418,0.000177,0.000186,-0.003565
697.000000,-0.000857,-0.000259,0.000004,-0.000047,-0.005773
698.000000,-0.001351,0.000050,-0.000010,-0.000053,0.001795
699.000000,-0.000119,0.000696,0.000485,0.000093,0.005763
700.000000,-0.000753,0.000159,0.000299,0.000126,-0.001983
701.000000,0.000000,0.000129,0.000389,0.000129,0.000199
702.000000,0.000678,-0.000089,0.000120,0.000118,-0.002385
703.000000,0.000398,-0.000476,0.000129,0.000000,0.000398
704.000000,-0.000913,-0.000516,0.000110,-0.000040,-0.000794
705.000000,-0.000246,-0.000499,0.000036,0.000198,0.001351
706.000000,0.000079,0.000040,0.000229,0.000131,0.001827
707.000000,0.000691,0.000684,0.000213,0.000231,0.000672
708.000000,0.000556,0.000477,0.000263,0.000152,-0.000276
709.000000,0.000794,-0.000059,0.000318,0.000303,0.000397
710.000000,0.000722,0.000238,0.000198,0.000278,0.000991
711.000000,-0.000238,-0.000079,0.000025,0.000233,-0.002975
712.000000,-0.001080,-0.000195,-0.000142,0.000015,-0.003538
713.000000,-0.000675,-0.000060,-0.000268,0.000066,0.001749
714.000000,-0.000566,0.000114,-0.000201,0.000111,0.000945
715.000000,-0.001152,-0.000215,-0.000357,-0.000048,-0.001940
716.000000,-0.000179,-0.000209,-0.000084,0.000083,0.001891
717.000000,0.000350,-0.000365,0.000159,0.000020,-0.000895
718.000000,-0.000359,-0.000517,-0.000020,0.000003,-0.001793
719.000000,-0.000468,-0.000517,-0.000288,0.000040,0.000399
720.000000,-0.000399,-0.000775,-0.000269,-0.000126,-0.001596
721.000000,-0.001157,-0.000668,-0.000374,-0.000206,-0.001898
722.000000,-0.001197,-0.000424,-0.000309,-0.000236,-0.001098
723.000000,-0.000599,-0.000479,-0.000269,-0.000338,0.001198
724.000000,-0.000043,-0.000255,-0.000071,-0.000219,0.003178
725.000000,0.000200,-0.000100,-0.000157,-0.000271,-0.000383
726.000000,0.000295,-0.000431,-0.000320,-0.000200,-0.001419
727.000000,0.001001,-0.000098,-0.000232,0.000074,0.002431
728.000000,0.000719,0.000060,-0.000229,0.000007,-0.000215
729.000000,-0.000156,-0.000100,-0.000308,-0.000225,-0.001196
730.000000,-0.000200,0.000000,-0.000388,-0.000179,-0.000599
731.000000,0.000164,0.000230,-0.000219,-0.000172,0.000399
732.000000,0.000005,0.000503,0.000040,-0.000038,0.001635
733.000000,-0.000066,0.000326,-0.000076,-0.000071,-0.000570
734.000000,0.000478,0.000161,-0.000047,0.000007,0.001526
735.000000,0.000439,0.000120,0.000010,-0.000065,-0.000796
736.000000,0.000279,0.000222,-0.000104,-0.000139,-0.000398
737.000000,-0.000167,-0.000081,-0.000090,-0.000182,-0.000598
738.000000,0.000487,0.000211,0.000135,-0.000082,0.002704
739.000000,-0.000159,0.000159,0.000030,-0.000152,-0.001707
740.000000,-0.000040,0.000199,0.000100,-0.000192,-0.000199
741.000000,0.000478,0.000378,0.000304,-0.000020,0.002189
742.000000,0.000322,0.000077,0.000290,0.000052,-0.001376
743.000000,-0.000940,-0.000226,0.000050,-0.000126,-0.003605
744.000000,-0.001068,-0.000614,-0.000226,-0.000236,-0.002348
745.000000,-0.001480,-0.000760,-0.000320,-0.000247,-0.002257
746.000000,-0.000637,-0.000080,0.000071,-0.000096,0.006401
747.000000,0.000196,0.000259,0.000089,0.000027,0.002788
748.000000,0.000279,-0.000330,-0.000060,-0.000020,-0.003187
749.000000,0.000430,-0.000319,-0.000080,-0.000086,-0.001597
750.000000,0.000401,-0.000539,-0.000170,-0.000113,-0.002400
751.000000,-0.000251,-0.000444,-0.000033,0.000055,0.003143
752.000000,-0.001308,-0.000556,-0.000239,0.000008,-0.002497
753.000000,-0.000674,-0.000197,-0.000212,-0.000032,-0.000020
754.000000,-0.000385,0.000022,-0.000296,-0.000143,-0.000152
755.000000,0.000716,0.000558,-0.000101,-0.000027,0.003104
756.000000,0.000171,-0.000040,-0.000060,0.000034,0.000419
757.000000,0.001029,-0.000139,0.000060,0.000013,0.001794
758.000000,0.001510,0.000418,0.000044,0.000099,0.002387
759.000000,0.001660,0.000637,0.000159,0.000159,0.000596
760.000000,0.001218,0.000967,0.000214,0.000209,0.000893
761.000000,0.001154,0.000662,0.000109,0.000199,0.000099
762.000000,0.000860,0.000944,0.000194,0.000155,0.000325
763.000000,0.000179,0.000845,0.000324,0.000140,-0.001016
764.000000,0.000040,0.000850,0.000436,0.000086,-0.000103
765.000000,0.000139,0.000678,0.000618,0.000159,0.001388
766.000000,-0.000278,0.000438,0.000199,0.000106,-0.001984
767.000000,0.000608,0.000734,0.000297,0.000285,0.004755
768.000000,-0.000060,0.000060,0.000239,0.000049,-0.004358
769.000000,-0.000159,-0.000060,0.000289,0.000086,-0.000596
770.000000,0.000534,0.000337,0.000652,0.000255,0.004855
771.000000,0.000793,0.000258,0.000460,0.000159,-0.000692
772.000000,-0.000079,0.000265,0.000604,0.000218,0.000396
773.000000,0.000911,0.000425,0.000635,0.000358,0.000593
774.000000,0.001701,0.000771,0.000810,0.000548,0.003352
775.000000,-0.000099,0.000218,0.000448,0.000485,-0.004143
776.000000,0.000947,0.000870,0.000654,0.000423,0.004539
777.000000,0.000119,0.000020,0.000377,0.000205,-0.003748
778.000000,0.000553,0.000732,0.000396,0.000403,0.002763
779.000000,-0.000829,0.000436,0.000188,0.000338,-0.003554
780.000000,0.001026,0.000463,0.000400,0.000589,0.005129
781.000000,-0.000908,0.000020,0.000139,0.000313,-0.005129
782.000000,0.000237,0.000178,0.000221,0.000462,0.001976
783.000000,0.001688,0.001120,0.000773,0.000797,0.010017
784.000000,-0.000119,-0.000474,0.000149,0.000382,-0.012586
785.000000,-0.000355,0.000336,0.000277,0.000411,0.003950
786.000000,0.000198,-0.000355,0.000258,0.000318,-0.002368
787.000000,0.000513,0.000375,0.000197,0.000376,0.003550
788.000000,-0.001546,0.000071,0.000402,0.000288,-0.000274
789.000000,0.001037,0.000459,0.000448,0.000278,0.000325
790.000000,0.000433,0.000039,0.000251,0.000280,0.000933
791.000000,0.000828,0.000513,0.000266,0.000263,-0.000393
792.000000,0.000197,0.000355,0.000266,0.000266,0.000393
793.000000,-0.000182,-0.000864,0.000128,0.000227,-0.002166
794.000000,0.000108,0.000572,0.000049,0.000290,0.001773
795.000000,-0.001105,-0.000336,0.000000,0.000073,-0.005129
796.000000,-0.000512,0.000158,-0.000099,0.000224,0.002568
797.000000,-0.000512,-0.000158,0.000109,0.000079,0.000394
798.000000,-0.000079,-0.000130,-0.000030,0.000224,0.000000
799.000000,-0.000749,-0.000321,0.000069,0.000191,-0.001579
800.000000,0.000652,-0.000226,-0.000094,0.000092,0.001875
801.000000,-0.000403,-0.000458,0.000028,0.000025,-0.002704
802.000000,-0.000751,-0.000631,-0.000138,-0.000033,-0.001345
803.000000,-0.000830,-0.000454,-0.000659,-0.000066,-0.000396
804.000000,-0.000198,-0.000473,0.000049,-0.000125,0.001583
805.000000,-0.000652,0.000000,-0.000168,0.000000,-0.000395
806.000000,0.000126,-0.000138,0.000010,-0.000112,0.001186
807.000000,0.000316,-0.000217,-0.000187,0.000000,-0.000395
808.000000,0.000672,-0.000079,-0.000105,-0.000046,0.001382
809.000000,-0.000079,-0.000138,-0.000229,0.000000,-0.002173
810.000000,-0.000158,-0.000405,-0.000316,-0.000197,-0.000791
811.000000,-0.000514,-0.000194,-0.000326,-0.000046,-0.000594
812.000000,-0.000514,-0.000099,-0.000365,-0.000125,-0.000396
813.000000,-0.000712,-0.000020,-0.000237,-0.000446,0.000396
814.000000,0.000237,0.000079,-0.000197,0.000059,0.002571
815.000000,0.000908,0.000375,0.000188,0.000013,0.002565
816.000000,0.000475,-0.000020,-0.000079,0.000000,-0.002762
817.000000,0.000594,0.000040,-0.000089,-0.000112,0.000198
818.000000,0.000712,0.000000,-0.000039,-0.000070,0.000987
819.000000,0.000611,0.000424,0.000143,-0.000012,0.002070
820.000000,-0.000481,0.000214,-0.000096,-0.000139,-0.002897
821.000000,0.000119,0.000297,0.000051,-0.000118,0.000235
822.000000,-0.000594,0.000000,-0.000050,-0.000243,-0.003363
823.000000,-0.000237,0.000237,0.000109,-0.000079,0.002770
824.000000,-0.000770,-0.000079,0.000000,-0.000158,-0.000593
825.000000,-0.000032,-0.000256,0.000059,0.000040,0.000791
826.000000,-0.000079,0.000020,0.000000,-0.000046,0.000000
827.000000,0.000830,0.000118,0.000079,-0.000020,0.001185
828.000000,0.000119,-0.000059,-0.000030,-0.000046,-0.000790
829.000000,0.000316,-0.000227,0.000099,0.000020,0.000395
830.000000,-0.000079,-0.000056,0.000079,-0.000082,-0.001185
831.000000,-0.000316,-0.000197,0.000050,-0.000032,-0.001184
832.000000,-0.000672,0.000079,0.000040,-0.000007,-0.000596
833.000000,0.000118,0.000118,0.000178,0.000112,0.003163
834.000000,-0.000395,-0.000040,-0.000059,-0.000013,-0.002173
835.000000,0.000198,0.000059,-0.000099,0.000059,0.001778
836.000000,0.000671,0.000177,0.000099,0.000059,0.001182
837.000000,0.000672,0.000000,0.000059,0.000053,-0.000590
838.000000,0.000158,0.000138,0.000039,0.000026,0.000592
839.000000,0.000592,0.000099,-0.000064,0.000099,0.000000
840.000000,-0.000158,0.000020,-0.000018,0.000059,-0.001974
841.000000,0.000473,0.000572,0.000187,0.000224,0.004338
842.000000,0.000039,0.000356,0.000217,0.000145,-0.002758
843.000000,0.000709,0.000433,0.000276,0.000263,0.003938
844.000000,0.000158,0.000375,0.000168,0.000085,-0.002755
845.000000,0.000631,0.000237,0.000148,0.000013,0.000394
846.000000,0.000000,0.000237,0.000207,0.000145,0.001181
847.000000,0.000905,0.000472,0.000236,0.000197,0.001769
848.000000,-0.000118,0.000295,0.000217,0.000125,-0.001179
849.000000,0.000630,0.000394,0.000246,0.000089,0.000983
850.000000,0.000158,0.000394,0.000207,0.000120,-0.001966
851.000000,-0.000473,-0.000236,0.000168,0.000046,-0.001970
852.000000,-0.000265,0.000320,0.000338,0.000252,0.002810
853.000000,-0.000197,-0.000157,0.000138,0.000131,-0.000840
854.000000,-0.000827,-0.000099,0.000138,0.000079,-0.002167
855.000000,-0.000394,-0.000118,0.000059,0.000059,0.000197
856.000000,0.000276,-0.000098,0.000069,0.000105,0.001379
857.000000,0.000029,-0.000118,0.000177,0.000118,0.001574
858.000000,0.000275,0.000039,0.000167,0.000158,0.000393
859.000000,0.000591,-0.000118,0.000138,0.000125,-0.000590
860.000000,0.000669,0.000138,0.000266,0.000184,0.000590
861.000000,-0.000158,0.000059,-0.000089,0.000132,-0.002755
862.000000,-0.000243,-0.000107,0.000107,0.000190,0.001146
863.000000,-0.000192,0.000042,-0.000058,0.000106,0.000649
864.000000,-0.000433,0.000079,-0.000010,0.000118,-0.001796
865.000000,-0.000098,0.000286,0.000084,0.000135,0.002264
866.000000,0.000590,0.000216,0.000059,0.000118,0.000688
867.000000,0.000084,-0.000080,-0.000099,0.000092,-0.001386
868.000000,0.000408,0.000108,0.000074,0.000148,0.002270
869.000000,0.000551,0.000059,-0.000029,0.000112,-0.001080
870.000000,0.000099,0.000000,0.000069,0.000177,0.000002
871.000000,0.000549,0.000570,0.000315,0.000131,0.002942
872.000000,0.000891,0.000487,0.000190,0.000233,0.000319
873.000000,-0.000294,0.000057,0.000049,-0.000020,-0.003654
874.000000,-0.000354,0.000098,0.000089,0.000026,-0.001379
875.000000,-0.000142,-0.000022,0.000132,0.000049,0.001063
876.000000,-0.000392,0.000079,0.000147,0.000066,0.001690
877.000000,0.000406,0.000648,0.000284,0.000150,0.004310
878.000000,0.001332,0.000519,0.000313,0.000222,0.000977
879.000000,0.001540,0.000593,0.000326,0.000178,-0.000340
880.000000,0.001315,0.000587,0.000293,0.000242,-0.000061
881.000000,0.000039,-0.000177,0.000197,0.000151,-0.004691
882.000000,-0.000039,0.000183,0.000335,0.000188,0.003919
883.000000,-0.000391,0.000471,0.000264,0.000190,-0.000782
884.000000,-0.000304,0.000618,0.000358,0.000265,0.000096
885.000000,-0.000898,0.000208,0.000093,0.000157,-0.003034
886.000000,0.000133,0.000086,0.000082,0.000127,0.000469
887.000000,-0.001098,-0.000569,0.000040,0.000000,-0.002239
888.000000,-0.000372,-0.000382,0.000069,0.000082,0.002847
889.000000,-0.000825,-0.000564,0.000014,0.000029,-0.002167
890.000000,-0.000040,-0.000469,0.000059,0.000039,0.000892
891.000000,0.000188,0.000161,-0.000008,0.000185,0.001608
892.000000,0.000933,-0.000083,0.000050,0.000196,0.001485
893.000000,0.000333,-0.000020,0.000226,0.000169,-0.000153
894.000000,0.000688,-0.000068,0.000275,0.000216,-0.000392
895.000000,0.000431,0.000196,0.000202,0.000128,-0.000392
896.000000,-0.000322,-0.000067,0.000010,0.000033,-0.002157
897.000000,-0.001051,-0.000059,-0.000314,0.000007,-0.002162
898.000000,-0.000078,0.000127,-0.000127,0.000088,0.004711
899.000000,0.000117,0.000403,-0.000081,0.000144,0.000587
900.000000,0.000039,0.000235,-0.000117,0.000118,-0.000783
901.000000,0.000275,-0.000024,0.000069,-0.000013,-0.000980
902.000000,0.000550,-0.000250,-0.000166,-0.000050,-0.000784
903.000000,-0.000157,-0.000118,-0.000069,0.000111,0.001176
904.000000,-0.000353,-0.000118,-0.000093,0.000144,-0.000392
905.000000,-0.000039,0.000000,0.000098,0.000135,0.000784
906.000000,0.000078,0.000177,0.000055,0.000065,-0.000392
907.000000,0.000470,0.000510,0.000226,-0.000039,0.001175
908.000000,0.000505,0.000174,0.000151,-0.000027,0.001352
909.000000,0.000431,0.000039,0.000221,-0.000041,-0.000763
910.000000,0.000235,0.000098,0.000167,-0.000045,-0.000198
911.000000,0.000274,0.000176,0.000076,0.000105,-0.000196
912.000000,0.000068,0.000269,0.000009,-0.000021,0.000143
913.000000,-0.000114,0.000196,0.000039,0.000020,0.000444
914.000000,-0.000079,0.000176,0.000029,-0.000003,-0.000587
915.000000,0.000047,0.000141,0.000070,0.000112,0.000430
916.000000,-0.000392,-0.000059,0.000059,0.000017,-0.002389
917.000000,-0.000774,-0.000353,0.000079,0.000033,-0.001766
918.000000,-0.000509,-0.000311,-0.000069,-0.000003,0.001766
919.000000,-0.000534,-0.000306,-0.000134,0.000045,-0.000712
920.000000,-0.000847,-0.000400,-0.000151,-0.000022,-0.001133
921.000000,0.000228,-0.000082,0.000047,0.000024,0.002985
922.000000,0.000510,-0.000132,0.000069,-0.000038,-0.000357
923.000000,-0.000235,-0.000372,-0.000088,-0.000098,-0.001959
924.000000,-0.000289,-0.000412,-0.000118,-0.000118,-0.000984
925.000000,-0.000024,-0.000435,-0.000147,-0.000098,0.000196
926.000000,-0.000581,-0.000177,-0.000118,-0.000020,0.000196
927.000000,0.000039,0.000275,-0.000039,0.000144,0.002746
928.000000,-0.000158,-0.000196,-0.000254,-0.000111,-0.002943
929.000000,-0.000275,-0.000282,-0.000294,-0.000183,-0.001573
930.000000,-0.000236,-0.000130,-0.000265,-0.000144,0.000393
931.000000,0.000145,-0.000218,-0.000150,-0.000041,0.002100
932.000000,-0.000510,-0.000235,-0.000184,-0.000033,-0.000528
933.000000,0.000393,0.000118,-0.000127,-0.000020,0.001570
934.000000,0.000432,0.000079,-0.000167,-0.000052,-0.001373
935.000000,0.000000,-0.000118,-0.000277,-0.000137,-0.001769
936.000000,-0.000381,-0.000118,-0.000147,-0.000118,0.000197
937.000000,-0.000079,-0.000294,-0.000010,-0.000124,0.000983
938.000000,0.000078,0.000235,0.000020,-0.000091,0.002355
939.000000,0.000157,0.000295,0.000006,-0.000098,-0.000980
940.000000,0.000511,0.000255,0.000063,-0.000091,0.000000
941.000000,0.000750,0.000185,-0.000017,-0.000038,0.001394
942.000000,0.000589,0.000255,0.000010,-0.000037,0.000174
943.000000,0.000196,0.000137,0.000127,-0.000039,0.000392
944.000000,0.000118,0.000137,0.000108,-0.000065,-0.001372
945.000000,-0.000118,0.000197,0.000039,-0.000119,-0.001177
946.000000,-0.000947,-0.000098,-0.000108,-0.000131,-0.002752
947.000000,-0.000549,0.000020,-0.000137,0.000000,0.002163
948.000000,-0.000667,-0.000235,0.000000,-0.000065,-0.000196
949.000000,-0.000226,-0.000054,0.000120,-0.000014,0.000835
950.000000,-0.000121,-0.000119,0.000068,0.000002,-0.000654
951.000000,0.000242,-0.000353,-0.000084,-0.000129,-0.000939
952.000000,-0.000039,-0.000294,-0.000020,-0.000092,0.000759
953.000000,0.000236,-0.000216,-0.000039,0.000013,0.001178
954.000000,-0.000324,-0.000275,-0.000069,-0.000020,-0.001964
955.000000,-0.000036,-0.000079,0.000059,0.000000,0.000786
956.000000,0.000270,0.000256,0.000079,0.000013,0.000589
957.000000,0.000137,0.000049,0.000034,-0.000075,0.000098
958.000000,-0.000039,0.000098,-0.000069,0.000033,0.000294
959.000000,0.000177,-0.000074,-0.000064,0.000056,-0.000884
960.000000,0.000156,0.000060,-0.000030,0.000065,0.000679
961.000000,0.000039,0.000154,-0.000099,-0.000005,0.000008
962.000000,-0.000059,0.000039,-0.000127,0.000000,-0.000393
963.000000,-0.000314,-0.000177,-0.000196,-0.000085,-0.000982
964.000000,-0.000047,0.000065,-0.000105,-0.000024,0.000454
965.000000,-0.000313,-0.000079,-0.000079,0.000013,-0.000651
966.000000,-0.000432,-0.000197,0.000030,-0.000013,-0.000590
967.000000,-0.000433,-0.000246,-0.000098,-0.000059,-0.000394
968.000000,-0.000315,-0.000315,-0.000108,-0.000151,-0.000394
969.000000,-0.000287,-0.000167,-0.000120,-0.000098,0.000590
970.000000,-0.000354,-0.000333,-0.000137,-0.000131,-0.000984
971.000000,-0.000433,-0.000433,-0.000139,-0.000210,-0.000985
972.000000,-0.000986,-0.000710,-0.000335,-0.000321,-0.003160
973.000000,-0.001740,-0.001027,-0.000602,-0.000473,-0.004162
974.000000,-0.001779,-0.001033,-0.000484,-0.000414,0.000397
975.000000,-0.002178,-0.001266,-0.000672,-0.000475,-0.002982
976.000000,-0.002101,-0.001267,-0.000732,-0.000403,-0.000598
977.000000,-0.001071,-0.001029,-0.000637,-0.000408,0.001990
978.000000,-0.000637,-0.001188,-0.000751,-0.000468,-0.001990
979.000000,-0.001155,-0.001467,-0.000817,-0.000569,-0.002194
980.000000,-0.000478,-0.001328,-0.000831,-0.000534,0.000399
981.000000,-0.000959,-0.001530,-0.000981,-0.000603,-0.002999
982.000000,-0.001197,-0.001134,-0.000922,-0.000601,0.000800
983.000000,-0.001761,-0.001199,-0.001113,-0.000801,-0.004813
984.000000,-0.000440,-0.000797,-0.000915,-0.000588,0.004412
985.000000,-0.000640,-0.000559,-0.000913,-0.000635,-0.000601
986.000000,-0.000095,-0.000527,-0.000897,-0.000664,-0.000276
987.000000,-0.000922,-0.001059,-0.001044,-0.000778,-0.003334
988.000000,0.000482,-0.000640,-0.000914,-0.000714,0.002208
989.000000,-0.001486,-0.000963,-0.001215,-0.000866,-0.005429
990.000000,-0.000321,-0.000480,-0.000904,-0.000714,0.005228
991.000000,-0.000706,-0.000401,-0.000965,-0.000788,-0.002203
992.000000,0.000442,-0.000240,-0.000687,-0.000695,0.002403
993.000000,-0.000522,-0.000020,-0.000609,-0.000749,-0.002610
994.000000,0.000724,-0.000381,-0.000589,-0.000737,0.000804
995.000000,-0.000442,-0.000381,-0.000470,-0.000736,-0.000603
996.000000,-0.000928,-0.000817,-0.000672,-0.000870,-0.004634
997.000000,-0.001732,-0.000645,-0.000852,-0.000911,-0.001617
998.000000,-0.001493,-0.001008,-0.000824,-0.000945,-0.001417
999.000000,-0.001350,-0.000313,-0.000638,-0.000914,0.001518
1000.000000,-0.001574,-0.001008,-0.000744,-0.000939,-0.001721
1001.000000,-0.000485,-0.000707,-0.000554,-0.000879,0.000810
1002.000000,-0.000121,-0.000927,-0.000584,-0.000767,0.000202
1003.000000,0.000081,-0.000706,-0.000363,-0.000642,-0.000405
1004.000000,-0.000587,-0.000969,-0.000675,-0.000716,-0.001824
1005.000000,0.000526,-0.000524,-0.000453,-0.000488,0.003847
1006.000000,0.000929,0.000222,-0.000298,-0.000374,0.002825
1007.000000,0.001090,0.000484,-0.000080,-0.000407,0.001007
1008.000000,0.001090,0.000586,-0.000211,-0.000354,-0.000403
1009.000000,0.001455,0.000434,0.000060,-0.000281,0.000000
1010.000000,0.001169,0.000847,-0.000080,-0.000214,0.002414
1011.000000,0.000443,0.000686,-0.000010,-0.000140,-0.000804
1012.000000,0.000582,0.000836,-0.000045,-0.000110,0.001705
1013.000000,-0.000081,0.000505,-0.000101,-0.000074,-0.003718
1014.000000,0.000282,0.000868,-0.000050,-0.000160,0.001811
1015.000000,0.000040,0.000604,0.000040,-0.000100,0.001206
1016.000000,-0.000483,-0.000020,0.000101,-0.000205,-0.003420
1017.000000,0.000061,0.000322,0.000403,0.000054,0.004424
1018.000000,-0.000403,-0.000242,0.000172,-0.000221,-0.006037
1019.000000,-0.000725,-0.000222,0.000106,-0.000034,0.000202
1020.000000,-0.000563,-0.000261,0.000293,-0.000141,0.002016
1021.000000,0.000282,-0.000101,0.000293,-0.000040,0.000805
1022.000000,-0.000630,-0.000285,0.000276,-0.000125,-0.000135
1023.000000,0.000041,-0.000181,0.000162,-0.000128,-0.002685
1024.000000,0.000161,-0.000282,0.000293,-0.000127,0.000805
1025.000000,-0.000161,-0.000362,0.000121,-0.000094,0.000403
1026.000000,-0.000282,0.000000,-0.000010,0.000067,0.000202
1027.000000,0.000389,-0.000120,0.000101,0.000228,0.003219
1028.000000,0.000322,0.000182,-0.000030,0.000175,-0.003018
1029.000000,-0.000404,-0.000121,-0.000171,0.000030,-0.002825
1030.000000,-0.000323,-0.000242,-0.000252,0.000115,0.000808
1031.000000,0.000403,0.000060,-0.000020,0.000215,0.003829
1032.000000,-0.000483,-0.000047,-0.000166,0.000168,-0.001207
1033.000000,0.000804,0.000563,0.000191,0.000296,0.003417
1034.000000,0.000786,0.000191,-0.000045,0.000259,-0.002914
1035.000000,0.000886,0.000282,-0.000040,0.000175,0.001307
1036.000000,-0.000201,0.000101,0.000050,0.000027,-0.001609
1037.000000,-0.000141,-0.000312,-0.000216,-0.000037,-0.000906
1038.000000,-0.001127,-0.000161,0.000010,-0.000074,-0.001512
1039.000000,-0.000222,0.000282,0.000081,-0.000020,0.001613
1040.000000,-0.000121,0.000383,0.000070,-0.000040,0.001812
1041.000000,0.000362,0.000080,0.000070,0.000013,0.000804
1042.000000,0.000744,0.000302,0.000127,-0.000010,0.001004
1043.000000,0.001247,0.000060,0.000312,0.000147,0.001003
1044.000000,0.001486,0.000632,0.000412,0.000180,0.002804
1045.000000,0.000584,0.000232,0.000257,0.000051,-0.002694
1046.000000,-0.000080,0.000141,0.000121,0.000081,-0.002520
1047.000000,-0.001047,-0.000151,-0.000232,-0.000195,-0.003827
1048.000000,-0.001773,-0.000263,-0.000212,-0.000081,-0.002627
1049.000000,-0.002455,-0.000485,-0.000101,-0.000108,-0.000607
1050.000000,-0.001478,-0.000447,-0.000032,-0.000102,0.002192
1051.000000,-0.000887,-0.000483,-0.000202,-0.000114,0.000436
1052.000000,-0.001012,-0.001029,-0.000364,-0.000258,-0.004453
1053.000000,-0.000892,-0.001333,-0.000636,-0.000236,-0.002030
1054.000000,-0.000487,-0.001471,-0.000419,-0.000216,0.001422
1055.000000,-0.001250,-0.001364,-0.000566,-0.000283,-0.001625
1056.000000,-0.002152,-0.001519,-0.000689,-0.000426,-0.004074
1057.000000,0.000284,-0.000364,-0.000258,-0.000276,0.007727
1058.000000,0.000284,-0.000304,-0.000283,-0.000243,-0.002028
1059.000000,0.000487,0.000000,-0.000242,-0.000067,0.002433
1060.000000,0.001700,0.000225,-0.000111,0.000054,0.004444
1061.000000,0.002152,0.000000,-0.000242,-0.000134,-0.001816
1062.000000,0.001654,0.000969,-0.000030,0.000080,0.005237
1063.000000,0.001174,0.000729,-0.000302,-0.000181,-0.004429
1064.000000,0.000728,0.000607,-0.000432,-0.000077,0.000202
1065.000000,0.000483,0.001092,-0.000136,-0.000013,0.003223
1066.000000,0.000220,0.001186,-0.000167,-0.000064,-0.003130
1067.000000,-0.000724,0.000465,0.000050,-0.000017,0.000512
1068.000000,0.000282,0.000728,0.000212,0.000054,0.000605
1069.000000,0.000443,0.000585,0.000293,0.000034,0.001007
1070.000000,-0.000201,0.000141,0.000183,-0.000027,0.000000
1071.000000,0.000666,0.000443,0.000222,-0.000013,0.001207
1072.000000,0.001006,0.000141,0.000555,0.000027,0.002209
1073.000000,0.000604,0.000443,0.000586,-0.000054,-0.001405
1074.000000,-0.000322,0.000061,0.000334,-0.000268,-0.003622
1075.000000,0.000241,0.000020,0.000556,-0.000084,0.002819
1076.000000,0.000562,0.000614,0.000900,0.000094,0.002811
1077.000000,0.000201,0.000603,0.000534,0.000235,0.000401
1078.000000,0.000628,0.000616,0.000672,0.000347,0.000733
1079.000000,0.001046,0.000362,0.000474,0.000316,-0.001533
1080.000000,0.001602,0.000922,0.000531,0.000429,0.005598
1081.000000,0.000696,0.000629,0.000536,0.000358,-0.001717
1082.000000,0.000040,0.000120,0.000130,0.000410,-0.002881
1083.000000,0.000214,0.000421,0.000432,0.000531,0.001602
1084.000000,0.000179,0.000613,0.000337,0.000427,-0.001706
1085.000000,-0.001843,-0.000121,-0.000050,0.000330,-0.004515
1086.000000,-0.001017,-0.000161,0.000227,0.000547,0.002413
1087.000000,-0.000281,-0.000120,0.000241,0.000316,0.000803
1088.000000,-0.000842,-0.000314,0.000151,0.000343,-0.001205
1089.000000,-0.000943,-0.000382,-0.000010,0.000188,-0.002212
1090.000000,0.000683,-0.000580,0.000171,0.000161,0.003617
1091.000000,-0.000523,-0.000770,-0.000070,0.000101,-0.003617
1092.000000,-0.000402,-0.000341,-0.000110,-0.000027,0.001408
1093.000000,0.000080,-0.000381,0.000020,0.000161,0.001206
1094.000000,-0.000201,-0.000572,0.000020,0.000034,-0.003621
1095.000000,-0.000562,0.000060,-0.000030,-0.000013,0.001812
1096.000000,0.000038,-0.000242,-0.000201,0.000070,-0.000616
1097.000000,-0.000443,-0.000422,-0.000271,0.000020,-0.000995
1098.000000,-0.000121,-0.000020,-0.000167,0.000094,0.002817
1099.000000,0.000965,0.000382,-0.000000,0.000121,0.001807
1100.000000,0.000843,0.000140,-0.000220,0.000161,0.001203
1101.000000,0.001367,0.000702,-0.000034,0.000187,0.002001
1102.000000,0.001503,0.000530,0.000094,0.000103,-0.000312
1103.000000,0.000962,0.000421,0.000020,0.000154,0.000112
1104.000000,0.000200,0.000583,0.000005,0.000208,-0.002002
1105.000000,0.000240,0.000542,0.000301,0.000160,0.001402
1106.000000,-0.000400,0.000483,0.000120,0.000027,-0.001201
1107.000000,0.000262,0.000883,0.000230,0.000113,0.003000
1108.000000,0.000200,0.000581,0.000280,0.000082,-0.000200
1109.000000,0.000788,0.000494,0.000438,0.000165,0.000938
1110.000000,0.000299,0.000270,0.000205,-0.000057,-0.001040
1111.000000,0.000200,-0.000100,0.000301,-0.000056,-0.001698
1112.000000,-0.000080,0.000091,0.000311,0.000093,0.001600
1113.000000,-0.000080,0.000060,0.000240,0.000033,-0.000200
1114.000000,0.000132,0.000460,0.000521,0.000157,0.001996
1115.000000,-0.000219,0.000040,0.000291,0.000214,-0.002796
1116.000000,0.000599,0.000400,0.000441,0.000214,0.002397
1117.000000,0.000040,-0.000020,0.000431,0.000147,-0.001198
1118.000000,-0.000240,-0.000160,0.000211,0.000134,-0.001599
1119.000000,-0.000640,-0.000254,0.000120,0.000207,-0.000002
1120.000000,0.000440,0.000110,0.000190,0.000173,0.002600
1121.000000,-0.001000,-0.000200,-0.000150,0.000134,-0.004801
1122.000000,-0.000370,-0.000165,-0.000037,0.000152,0.001953
1123.000000,-0.000641,-0.000441,-0.000190,0.000013,-0.002956
1124.000000,-0.000120,-0.000380,0.000040,0.000221,0.002606
1125.000000,-0.000520,-0.000040,0.000000,0.000181,0.000600
1126.000000,0.000321,-0.000340,0.000030,0.000181,-0.000600
1127.000000,-0.000190,-0.000280,-0.000150,0.000194,-0.000601
1128.000000,0.000601,-0.000020,-0.000090,0.000134,0.001001
1129.000000,-0.000350,-0.000235,-0.000244,0.000002,-0.002150
1130.000000,-0.000441,-0.000480,-0.000185,-0.000033,0.000146
1131.000000,-0.000280,0.000020,-0.000090,-0.000093,0.000201
1132.000000,-0.000883,-0.000537,-0.000351,-0.000204,-0.003615
1133.000000,-0.001934,-0.000667,-0.000554,-0.000349,-0.004255
1134.000000,-0.001137,-0.000743,-0.000562,-0.000221,0.001837
1135.000000,-0.001449,-0.000945,-0.000492,-0.000315,-0.001413
1136.000000,-0.001408,-0.000844,-0.000592,-0.000261,0.000404
1137.000000,-0.000363,-0.000623,-0.000452,-0.000308,0.001612
1138.000000,0.000573,-0.000681,-0.000350,-0.000287,0.000425
1139.000000,0.000400,-0.000368,-0.000302,-0.000286,0.000973
1140.000000,0.000726,-0.000362,-0.000421,-0.000244,0.000215
1141.000000,0.000766,-0.000321,-0.000151,-0.000167,0.000604
1142.000000,0.000081,-0.000141,-0.000339,-0.000281,-0.001812
1143.000000,0.000519,0.000546,-0.000060,-0.000187,0.002616
1144.000000,0.000204,0.000302,-0.000221,-0.000274,-0.000603
1145.000000,0.000482,0.000604,-0.000170,-0.000127,0.001607
1146.000000,0.000482,0.000624,-0.000110,-0.000187,0.000602
1147.000000,0.000925,0.000503,-0.000060,-0.000133,0.000401
1148.000000,-0.000201,0.000159,-0.000261,-0.000181,-0.003013
1149.000000,0.000321,0.000263,-0.000053,-0.000114,0.002010
1150.000000,0.000120,0.000301,-0.000030,-0.000180,0.000602
1151.000000,-0.000161,0.000161,-0.000080,-0.000047,-0.000803
1152.000000,-0.000201,0.000362,0.000111,-0.000105,0.000201
1153.000000,0.000201,0.000000,0.000273,-0.000040,-0.001004
1154.000000,-0.000120,0.000101,0.000201,-0.000114,0.000404
1155.000000,-0.000040,0.000040,0.000322,-0.000100,0.001002
1156.000000,-0.000094,-0.000127,0.000248,-0.000116,-0.001070
1157.000000,-0.000008,-0.000105,0.000199,-0.000075,0.000627
1158.000000,-0.000020,0.000090,0.000125,-0.000144,-0.001063
1159.000000,-0.000161,-0.000141,0.000061,-0.000082,-0.000302
1160.000000,0.000160,0.000060,0.000181,0.000000,0.002610
1161.000000,-0.000024,-0.000059,0.000051,-0.000073,-0.001991
1162.000000,-0.000072,-0.000040,0.000161,0.000060,0.000386
1163.000000,-0.000020,-0.000020,-0.000010,0.000175,-0.000804
1164.000000,0.000247,0.000043,0.000072,0.000149,0.001035
1165.000000,-0.000160,0.000000,0.000020,0.000215,0.000572
1166.000000,0.000238,0.000107,-0.000010,0.000201,0.000000
1167.000000,0.000582,0.000255,0.000075,0.000218,0.002105
1168.000000,0.000522,0.000251,0.000171,0.000167,-0.001102
1169.000000,0.000566,0.000407,0.000133,0.000176,0.001256
1170.000000,0.000341,0.000090,0.000075,0.000151,-0.000555
1171.000000,0.000281,0.000259,0.000100,0.000120,-0.000301
1172.000000,0.000140,0.000361,0.000160,0.000228,0.001402
1173.000000,0.000573,0.000547,0.000264,0.000176,0.001060
1174.000000,0.000029,0.000298,0.000170,0.000147,-0.001460
1175.000000,0.000379,0.000360,0.000180,0.000133,0.001192
1176.000000,-0.000241,0.000020,0.000064,0.000000,-0.003397
1177.000000,0.000520,0.000330,0.000292,0.000160,0.005203
1178.000000,-0.000212,0.000180,0.000216,0.000174,-0.002598
1179.000000,0.000520,0.000275,0.000341,0.000180,0.002199
1180.000000,0.000122,0.000250,0.000170,0.000133,-0.000799
1181.000000,0.000330,0.000045,0.000152,0.000082,-0.002355
1182.000000,-0.000560,-0.000020,0.000170,0.000100,0.000755
1183.000000,-0.000160,-0.000186,0.000181,0.000114,-0.000601
1184.000000,-0.000600,-0.000040,0.000129,0.000100,0.000000
1185.000000,-0.000270,-0.000074,0.000143,0.000095,0.000853
1186.000000,-0.000410,-0.000040,-0.000010,0.000029,-0.003058
1187.000000,-0.000080,-0.000320,0.000005,0.000088,0.002406
1188.000000,-0.000481,-0.000321,-0.000070,0.000037,-0.002607
1189.000000,-0.000521,-0.000561,-0.000143,0.000040,-0.000201
1190.000000,-0.000531,-0.000400,-0.000075,-0.000020,0.000803
1191.000000,0.000350,-0.000030,0.000007,0.000091,0.001347
1192.000000,0.000160,0.000040,0.000010,0.000127,0.001458
1193.000000,0.000361,-0.000060,-0.000123,0.000100,-0.001602
1194.000000,0.000281,-0.000120,-0.000080,0.000046,-0.000601
1195.000000,0.000361,-0.000085,-0.000080,0.000067,0.001202
1196.000000,-0.000350,0.000000,-0.000020,-0.000007,-0.002206
1197.000000,-0.000200,-0.000020,-0.000170,-0.000003,0.002206
1198.000000,-0.000321,0.000020,-0.000150,-0.000040,-0.002206
1199.000000,-0.000275,0.000003,-0.000279,-0.000094,-0.000373
1200.000000,-0.000642,-0.000141,-0.000271,-0.000097,-0.000631
1201.000000,-0.000299,-0.000325,-0.000177,-0.000103,-0.000492
1202.000000,-0.000803,-0.000501,-0.000231,-0.000160,-0.000312
1203.000000,-0.000124,-0.000223,-0.000141,-0.000156,0.001186
1204.000000,0.000155,-0.000060,-0.000090,-0.000073,0.001024
1205.000000,0.000482,-0.000080,-0.000083,-0.000080,0.001003
1206.000000,0.000420,0.000060,0.000030,0.000007,-0.000802
1207.000000,0.000321,-0.000241,-0.000130,-0.000194,-0.000803
1208.000000,-0.000237,-0.000181,-0.000080,-0.000160,-0.001607
1209.000000,-0.000321,-0.000083,-0.000040,-0.000214,0.000603
1210.000000,-0.000884,-0.000201,-0.000171,-0.000247,-0.001810
1211.000000,-0.000201,0.000109,-0.000108,-0.000082,0.002614
1212.000000,-0.000442,-0.000060,-0.000281,-0.000174,-0.002010
1213.000000,-0.000040,-0.000139,-0.000181,-0.000140,0.000402
1214.000000,-0.000604,-0.000463,-0.000261,-0.000214,-0.002215
1215.000000,-0.000241,-0.000563,-0.000321,-0.000243,0.000002
1216.000000,-0.000040,-0.000120,-0.000030,-0.000020,0.003620
1217.000000,0.000506,0.000032,-0.000104,-0.000076,0.000719
1218.000000,0.000000,-0.000020,-0.000100,-0.000060,-0.002126
1219.000000,0.000483,-0.000060,-0.000072,-0.000047,0.000201
1220.000000,0.000322,0.000040,-0.000080,-0.000100,-0.000805
1221.000000,0.000040,0.000000,0.000055,-0.000072,0.002211
1222.000000,0.000017,0.000261,0.000100,-0.000100,0.000602
1223.000000,0.000080,0.000040,-0.000049,-0.000107,-0.001808
1224.000000,-0.000121,0.000181,-0.000141,-0.000114,-0.000805
1225.000000,-0.000403,-0.000041,-0.000302,-0.000228,-0.002216
1226.000000,-0.000816,-0.000388,-0.000254,-0.000149,0.000145
1227.000000,-0.000659,-0.000321,-0.000145,-0.000177,0.001388
1228.000000,0.000000,0.000040,0.000010,-0.000054,0.001487
1229.000000,0.000040,-0.000040,-0.000050,-0.000061,-0.000603
1230.000000,0.000328,-0.000037,0.000001,-0.000066,-0.000777
1231.000000,0.000253,-0.000282,-0.000141,-0.000057,-0.000232
1232.000000,0.000016,-0.000322,-0.000030,-0.000040,0.000203
1233.000000,0.000080,0.000040,0.000040,-0.000019,0.001810
1234.000000,-0.000120,-0.000040,0.000071,-0.000107,-0.001607
1235.000000,0.000231,0.000280,0.000120,-0.000108,0.000982
1236.000000,0.000242,0.000247,-0.000070,-0.000087,-0.000179
1237.000000,0.000170,0.000093,-0.000114,-0.000066,-0.000157
1238.000000,-0.000684,-0.000302,-0.000131,-0.000094,-0.002461
1239.000000,-0.000524,-0.000322,-0.000181,-0.000141,-0.000805
1240.000000,-0.000721,-0.000245,-0.000141,-0.000081,-0.000002
1241.000000,-0.000403,-0.000080,-0.000181,-0.000121,0.001412
1242.000000,-0.000210,-0.000020,-0.000171,-0.000027,0.000806
1243.000000,0.000363,-0.000161,-0.000060,-0.000027,0.000403
1244.000000,0.000254,-0.000135,-0.000088,0.000002,-0.001350
