0.000000,0.009539,0.004980,0.002490,0.003193,0.065145
1.000000,0.009802,0.001216,0.001715,0.002099,-0.015817
2.000000,0.008368,0.002668,0.001831,0.001238,-0.008771
3.000000,0.010442,0.001501,0.001949,0.001346,-0.003181
4.000000,0.007845,0.003773,0.003171,0.000964,0.001848
5.000000,0.000519,0.005029,0.003972,0.002142,0.028516
6.000000,0.008138,0.008970,0.003713,0.002940,0.022280
7.000000,0.005596,0.006982,0.002712,0.001484,-0.021483
8.000000,0.004149,0.007295,0.002704,0.001265,-0.010414
9.000000,0.001492,0.004668,0.002516,0.000755,-0.011439
10.000000,-0.005908,-0.002695,0.001142,0.000762,-0.008486
11.000000,-0.010323,-0.001092,0.000062,0.000779,0.000205
12.000000,-0.006006,-0.000205,0.001231,0.001152,0.000103
13.000000,-0.003965,0.000092,0.000797,0.001330,-0.000205
14.000000,-0.011008,-0.004758,-0.000492,0.000528,-0.046657
15.000000,-0.005919,-0.005914,-0.000442,0.000677,0.016960
16.000000,-0.005685,-0.008004,0.000483,-0.000193,0.001374
17.000000,-0.006086,-0.006046,0.000468,-0.000207,-0.001903
18.000000,-0.004990,-0.004477,0.001409,0.000310,0.005277
19.000000,0.005077,-0.002966,0.000851,0.000689,0.003677
20.000000,-0.001188,-0.003554,-0.003124,-0.000423,-0.014366
21.000000,0.006627,0.000471,-0.000311,0.000198,0.040452
22.000000,0.001518,-0.002284,-0.001245,0.000060,-0.027450
23.000000,0.000673,-0.002159,-0.001033,-0.000188,0.001050
24.000000,-0.003214,0.000932,-0.001913,-0.000018,-0.015755
25.000000,-0.002829,-0.002008,-0.003961,-0.000964,-0.012440
26.000000,-0.008794,-0.001083,-0.004544,-0.000039,0.010626
27.000000,-0.006229,-0.002356,-0.004201,-0.000473,-0.014627
28.000000,-0.011020,-0.005174,-0.004825,-0.000785,-0.022904
29.000000,-0.003917,-0.003566,-0.003266,-0.000621,0.019757
30.000000,-0.011184,-0.007006,-0.005280,-0.004418,-0.048774
31.000000,-0.017042,-0.012918,-0.006223,-0.004513,-0.018660
32.000000,-0.020303,-0.013266,-0.007775,-0.005252,-0.030935
33.000000,-0.013172,-0.012096,-0.007127,-0.004721,0.012750
34.000000,-0.010555,-0.007236,-0.003152,-0.003688,0.032843
35.000000,-0.000434,-0.005809,-0.003909,-0.004577,0.001832
36.000000,0.000650,-0.008196,-0.004639,-0.005761,-0.013239
37.000000,0.004670,-0.007817,-0.005086,-0.005406,-0.010836
38.000000,0.004866,-0.004153,-0.004664,-0.004601,0.013729
39.000000,-0.001241,-0.005898,-0.004732,-0.004143,0.002308
40.000000,-0.001538,-0.000986,-0.003996,-0.003849,0.000346
41.000000,0.008197,0.004423,-0.004247,-0.002674,0.035437
42.000000,0.012818,0.008744,-0.002261,-0.002269,0.012271
43.000000,0.014787,0.009827,-0.001135,-0.001476,0.023574
44.000000,0.012296,0.005527,-0.000855,-0.000259,-0.010150
45.000000,0.009652,0.004057,-0.000876,-0.001254,-0.012875
46.000000,0.003899,0.006048,-0.001074,-0.001077,0.006677
47.000000,0.001620,0.007219,-0.000299,-0.000984,0.000872
48.000000,-0.003619,0.005584,0.000715,-0.001248,-0.002619
49.000000,-0.000869,0.005713,-0.000092,-0.001250,0.003600
50.000000,0.005631,0.007641,0.003327,-0.000117,0.019623
51.000000,0.004252,0.004076,0.004250,-0.001473,-0.000214
52.000000,0.002146,0.001883,0.005314,-0.000880,-0.009658
53.000000,0.005114,0.000747,0.005287,-0.000507,0.012217
54.000000,0.001086,0.000108,0.002818,-0.000534,-0.016540
55.000000,-0.000385,0.002623,0.003340,0.000290,0.012270
56.000000,-0.002774,0.000739,0.003394,-0.000470,-0.012162
57.000000,-0.002977,-0.000415,0.003402,-0.000338,-0.010669
58.000000,0.000085,0.002600,0.004092,0.001343,0.027526
59.000000,-0.000434,0.000326,0.003020,0.000047,-0.019134
60.000000,0.004485,0.002050,0.004846,0.002902,0.036864
61.000000,0.013967,0.005597,0.004836,0.004699,0.035250
62.000000,0.012515,0.004769,0.003326,0.005132,-0.017932
63.000000,0.010333,0.005209,0.002978,0.005261,0.016619
64.000000,0.014766,0.007166,0.003637,0.004267,0.003029
65.000000,0.005326,0.004906,0.003764,0.003862,-0.010335
66.000000,-0.001439,0.006264,0.003502,0.004350,0.001425
67.000000,0.005636,0.009075,0.004330,0.005293,0.017443
68.000000,0.003050,0.006692,0.004646,0.004958,0.003691
69.000000,0.001806,0.008286,0.004306,0.004775,-0.003192
70.000000,-0.004033,0.000646,0.001348,0.003446,-0.039532
71.000000,-0.004360,-0.002899,0.001349,0.002258,-0.000208
72.000000,-0.010886,-0.002625,0.001072,0.001342,-0.015188
73.000000,-0.017471,-0.007210,-0.001001,-0.000418,-0.029236
74.000000,-0.015576,-0.006885,0.000141,0.000130,0.006283
75.000000,-0.012368,-0.008201,-0.001648,-0.000224,-0.023492
76.000000,-0.009603,-0.006981,-0.000359,0.000007,0.013616
77.000000,-0.012005,-0.011445,-0.001185,-0.000928,-0.027196
78.000000,0.014259,-0.001606,0.002543,0.002562,0.102083
79.000000,0.014052,-0.000762,0.003762,0.002617,0.005248
80.000000,0.017376,0.002504,0.001575,0.001734,-0.006869
81.000000,0.013311,0.001854,-0.000523,0.001517,-0.006712
82.000000,0.016017,0.002006,-0.000309,0.001383,-0.013664
83.000000,-0.005374,0.004442,-0.001384,0.000814,-0.004874
84.000000,-0.002370,0.005841,-0.000522,0.002041,0.020271
85.000000,-0.003249,0.007064,-0.000569,0.001256,-0.011268
86.000000,-0.003396,0.004957,-0.001012,0.001413,-0.007445
87.000000,-0.000145,0.007936,-0.001755,0.001855,0.002591
88.000000,0.004095,-0.000640,-0.001123,0.001482,0.016326
89.000000,0.011807,0.004719,0.001978,0.004081,0.058832
90.000000,0.015439,0.006095,0.004299,0.003082,0.006890
91.000000,0.022569,0.009587,0.005720,0.002847,0.028208
92.000000,0.017072,0.008464,0.005235,0.002615,-0.024895
93.000000,0.007260,0.005678,0.005060,0.000970,-0.032733
94.000000,-0.002396,0.004706,0.005273,0.001221,0.010551
95.000000,-0.009431,0.003004,0.005034,0.000622,-0.028288
96.000000,-0.009863,0.006353,0.005655,0.001443,0.026050
97.000000,-0.009017,0.004028,0.005982,0.000173,-0.020666
98.000000,-0.003847,0.001707,0.000533,-0.000180,-0.006885
99.000000,-0.007384,-0.004890,-0.000086,-0.000311,-0.007134
100.000000,0.002306,-0.003563,0.001266,0.001679,0.020164
101.000000,-0.006796,-0.008329,0.000629,0.001037,-0.019459
102.000000,0.001111,-0.003953,0.002255,0.002172,0.018866
103.000000,-0.004659,-0.004253,0.000712,0.001956,-0.035734
104.000000,-0.007584,-0.007484,-0.001389,0.001021,-0.021756
105.000000,-0.017829,-0.007761,-0.002379,0.000769,-0.031060
106.000000,-0.017754,-0.012275,-0.002961,-0.000321,-0.019088
107.000000,-0.016934,-0.007912,-0.001942,0.001351,0.022969
108.000000,-0.006669,-0.005664,-0.001979,-0.001532,0.015590
109.000000,-0.007621,-0.007603,-0.006246,-0.002591,-0.026519
110.000000,0.001013,-0.008408,-0.005985,-0.001959,0.012112
111.000000,0.001186,-0.008284,-0.008307,-0.002342,-0.018224
112.000000,0.001052,-0.007941,-0.005947,-0.001143,0.022300
113.000000,-0.004630,-0.005650,-0.004951,-0.001408,-0.012821
114.000000,-0.001288,-0.004455,-0.005969,-0.002411,-0.009807
115.000000,-0.001381,-0.000184,-0.003973,-0.001647,0.011649
116.000000,-0.000570,0.000308,-0.005984,-0.001871,-0.014171
117.000000,-0.010867,-0.004908,-0.006410,-0.002931,-0.029185
118.000000,-0.008253,-0.006442,-0.006053,-0.003466,0.000249
119.000000,-0.007429,-0.004359,-0.005981,-0.005617,-0.005689
120.000000,-0.008875,-0.005128,-0.006768,-0.005699,0.004423
121.000000,0.003612,0.001521,-0.003382,-0.005031,0.048262
122.000000,0.011679,0.000406,-0.003767,-0.003829,0.011151
123.000000,0.008296,0.000022,-0.002814,-0.003294,-0.016664
124.000000,0.017133,0.004852,0.000199,-0.002362,0.038495
125.000000,0.015182,0.003154,0.001485,-0.001597,-0.005334
126.000000,0.006971,0.005292,0.002800,-0.002225,0.007210
127.000000,0.005593,0.008636,0.001864,-0.001394,0.004260
128.000000,0.004502,0.006399,-0.000021,-0.001902,-0.022119
129.000000,-0.000271,0.008431,0.002036,-0.001177,0.014626
130.000000,0.009763,0.012472,0.003672,-0.000354,0.044838
131.000000,0.010941,0.008956,0.005238,0.000731,0.013098
132.000000,0.033890,0.019742,0.010074,0.004069,0.119009
133.000000,0.026916,0.015709,0.007865,0.003360,-0.056994
134.000000,0.022334,0.011031,0.007942,0.003810,-0.008280
135.000000,0.016426,0.013095,0.008124,0.005355,0.015297
136.000000,0.019055,0.014998,0.010145,0.006866,0.026242
137.000000,-0.003692,0.015099,0.011868,0.006276,0.005274
138.000000,0.008827,0.017871,0.012135,0.005943,0.005601
139.000000,0.004398,0.013366,0.010899,0.005813,-0.030423
140.000000,0.001959,0.009193,0.010833,0.005512,0.003102
141.000000,-0.007339,0.005858,0.007407,0.005445,-0.020247
142.000000,0.000588,-0.001552,0.009095,0.006198,0.044904
143.000000,-0.004936,0.001945,0.008827,0.005892,-0.022018
144.000000,0.013533,0.008965,0.009998,0.008283,0.061923
145.000000,0.011386,0.006673,0.009884,0.007640,-0.007631
146.000000,0.017184,0.004923,0.009960,0.008404,0.008740
147.000000,0.008322,0.004455,0.009777,0.009397,0.000597
148.000000,0.012538,0.003801,0.010836,0.009357,-0.000938
149.000000,-0.004684,0.004425,0.008895,0.008741,-0.024187
150.000000,-0.002669,0.004359,0.006776,0.008675,0.002445
151.000000,-0.005326,0.005929,0.005894,0.006914,-0.004546
152.000000,-0.005515,0.001403,-0.000074,0.006531,-0.000351
153.000000,-0.013979,-0.000720,0.000612,0.005645,-0.043257
154.000000,-0.007574,-0.006129,0.001418,0.004623,0.007840
155.000000,-0.008845,-0.005757,0.000458,0.004670,-0.003912
156.000000,-0.014501,-0.009913,-0.002495,0.003336,-0.032824
157.000000,-0.016605,-0.011060,-0.003303,0.002831,-0.010874
158.000000,-0.009043,-0.011511,-0.003855,0.003387,-0.005443
159.000000,-0.009332,-0.008453,-0.002014,0.003113,0.006395
160.000000,-0.008131,-0.008488,-0.002065,0.001688,0.002091
161.000000,0.001169,-0.006666,-0.000369,0.001707,0.013674
162.000000,0.000874,-0.007866,-0.003231,-0.002671,-0.012345
163.000000,0.005217,-0.001913,-0.001317,-0.000229,0.016271
164.000000,0.001139,-0.004097,-0.005113,-0.000420,-0.013998
165.000000,0.004209,-0.001961,-0.003859,-0.000348,0.017444
166.000000,0.004684,0.002926,-0.003494,-0.000688,0.016048
167.000000,0.004315,0.002595,-0.004233,-0.001337,-0.014190
168.000000,0.005484,0.005351,-0.003080,-0.000786,0.022118
169.000000,0.012736,0.006937,-0.000758,0.000970,0.022261
170.000000,0.008963,0.006586,-0.000951,0.000819,-0.001421
171.000000,0.004093,0.004389,-0.001139,0.001217,-0.008302
172.000000,0.009106,0.006711,-0.000577,0.000083,0.010876
173.000000,0.006167,0.005826,0.001956,0.001064,0.007421
174.000000,0.003677,0.008206,0.002055,-0.000673,0.009809
175.000000,0.003035,0.005999,0.002019,-0.000573,-0.004630
176.000000,0.004573,0.004333,0.003630,-0.000885,-0.000613
177.000000,0.001695,0.005401,0.003998,-0.001022,-0.003511
178.000000,0.001088,0.003628,0.004489,-0.000844,0.004386
179.000000,0.002067,0.002872,0.004905,0.000452,0.014702
180.000000,-0.000315,0.001360,0.003973,-0.000181,-0.016542
181.000000,-0.000860,0.001856,0.003122,-0.000140,-0.003338
182.000000,-0.002192,-0.000249,0.003231,-0.000468,-0.010170
183.000000,-0.001141,-0.000026,0.002900,0.001296,0.009642
184.000000,-0.005035,-0.001484,0.003361,0.000875,-0.004765
185.000000,0.003374,0.001529,0.003764,0.001856,0.025501
186.000000,0.004816,0.001978,0.003155,0.003079,0.003873
187.000000,0.006403,0.002105,0.003753,0.003367,-0.002236
188.000000,0.006581,0.002720,0.003174,0.003899,0.010533
189.000000,0.006441,0.000703,0.001787,0.003504,-0.005467
190.000000,-0.003041,0.000166,0.000763,0.002704,-0.021908
191.000000,0.000034,0.002425,0.002141,0.002890,0.019250
192.000000,-0.002896,0.001753,0.000752,0.002739,-0.016889
193.000000,-0.015806,-0.004612,-0.002319,0.000396,-0.054014
194.000000,-0.020303,-0.006931,-0.004207,-0.000069,-0.027952
195.000000,-0.009955,-0.006498,-0.002484,0.000343,0.029831
196.000000,-0.013555,-0.006760,-0.002391,-0.000150,0.001251
197.000000,-0.013513,-0.008205,-0.003050,-0.000233,-0.016681
198.000000,-0.000425,-0.008115,-0.002698,-0.000589,0.011429
199.000000,0.010130,-0.005087,-0.002192,-0.000504,0.024819
200.000000,0.003857,-0.003049,-0.001441,-0.000508,-0.001533
201.000000,-0.000700,-0.007127,-0.002351,-0.000949,-0.021532
202.000000,-0.002123,-0.007818,-0.003032,-0.002104,-0.023798
203.000000,-0.000963,-0.000694,-0.002653,-0.001777,0.017229
204.000000,-0.002357,0.003886,-0.001522,-0.001509,0.017849
205.000000,0.010394,0.007125,0.000314,0.000719,0.062222
206.000000,0.028714,0.014007,0.003623,0.003075,0.070066
207.000000,0.031917,0.014897,0.003346,0.002933,-0.007780
208.000000,0.028278,0.013658,0.002771,0.002754,-0.000967
209.000000,0.026984,0.012314,0.003614,0.002643,0.011379
210.000000,0.010434,0.010414,0.003683,0.002511,-0.020528
211.000000,-0.002916,0.012899,0.002886,0.002732,0.003313
212.000000,-0.002056,0.014931,0.003556,0.002955,-0.003476
213.000000,-0.007455,0.010412,0.004859,0.001702,-0.027964
214.000000,-0.015192,0.005896,0.004891,0.000950,-0.027306
215.000000,-0.014941,-0.002253,0.002436,-0.000542,-0.019270
216.000000,-0.009850,-0.006383,0.003812,0.000288,0.028767
217.000000,-0.011312,-0.006684,0.004107,0.000003,-0.010788
218.000000,-0.006496,-0.006975,0.003341,-0.000478,-0.003881
219.000000,0.000481,-0.007356,0.002479,-0.000043,0.007576
220.000000,0.010033,-0.002454,0.003980,0.001637,0.028492
221.000000,0.011001,0.000576,0.006737,0.002116,0.033604
222.000000,0.008098,-0.001607,0.006662,0.001835,-0.025303
223.000000,0.004663,-0.000916,0.004748,0.002934,-0.021052
224.000000,0.004176,0.002328,0.004112,0.004037,0.005137
225.000000,0.002205,0.006119,0.001933,0.003664,0.018639
226.000000,-0.002074,0.004463,-0.000960,0.004029,0.012209
227.000000,0.001974,0.005036,-0.000824,0.004416,-0.005062
228.000000,0.005742,0.005203,-0.000886,0.003962,-0.002212
229.000000,0.003629,0.003902,-0.001727,0.002953,-0.005429
230.000000,0.005208,0.003706,0.000626,0.003889,0.026534
231.000000,0.001638,-0.000218,0.000179,0.004419,-0.005638
232.000000,-0.000016,0.000979,-0.000314,0.004768,-0.013336
233.000000,0.001227,0.003484,0.001284,0.004327,0.004003
234.000000,0.001528,0.002579,0.002453,0.003601,-0.003921
235.000000,0.001520,0.003364,0.004742,0.002410,0.026494
236.000000,0.003269,0.002454,0.003458,0.000178,0.003104
237.000000,0.004996,0.002490,0.003763,0.000281,-0.004700
238.000000,-0.001720,-0.000246,0.002478,-0.000673,-0.029575
239.000000,0.000294,0.000911,0.002407,-0.000847,0.006149
240.000000,-0.002826,-0.000653,0.001527,0.000200,0.010893
241.000000,-0.003301,-0.000016,-0.000117,0.000114,0.000727
242.000000,-0.003528,0.000734,0.000856,0.000035,-0.005834
243.000000,0.011272,0.004776,0.004130,0.002448,0.044423
244.000000,0.013280,0.006787,0.004683,0.003898,0.016192
245.000000,0.010933,0.004054,0.003709,0.004512,-0.000842
246.000000,0.011186,0.003942,0.003198,0.003620,0.001988
247.000000,0.012597,0.004534,0.003512,0.004020,0.001222
248.000000,0.006515,0.008894,0.004324,0.004617,0.014017
249.000000,0.001250,0.007265,0.004088,0.004026,-0.010133
250.000000,0.003129,0.007031,0.003189,0.003362,0.008552
251.000000,0.003009,0.007097,0.003540,0.002288,0.001386
252.000000,0.003599,0.008098,0.004416,0.003270,0.004175
253.000000,-0.001799,0.002358,0.003567,0.003540,-0.012973
254.000000,-0.002616,-0.000683,0.003052,0.002894,-0.014222
255.000000,0.000707,0.001918,0.002986,0.003112,0.025170
256.000000,0.001673,0.002341,0.003141,0.002912,0.006213
257.000000,0.000942,0.002271,0.003403,0.003098,0.000522
258.000000,0.005230,0.001716,0.005305,0.003454,0.008467
259.000000,0.001152,-0.000732,0.003266,0.002481,-0.034613
260.000000,0.006632,0.003670,0.005350,0.003349,0.052571
261.000000,0.004472,0.003072,0.005085,0.003384,-0.004587
262.000000,0.008384,0.004663,0.006381,0.004498,0.020084
263.000000,0.006548,0.005889,0.004124,0.004341,-0.000716
264.000000,0.017537,0.009345,0.004331,0.005150,0.020334
265.000000,0.004440,0.005536,0.003727,0.003836,-0.012918
266.000000,0.001324,0.002898,0.002619,0.003060,-0.020166
267.000000,-0.009027,-0.000321,0.000975,0.002161,-0.031669
268.000000,-0.014684,-0.004068,-0.001176,0.002180,-0.029001
269.000000,-0.013896,0.001821,0.000544,0.002785,0.024275
270.000000,-0.010232,-0.002896,0.000387,0.002601,0.005399
271.000000,0.032156,0.016740,0.009906,0.008970,0.191773
272.000000,0.034411,0.012692,0.008678,0.008484,-0.020392
273.000000,0.035029,0.010172,0.008031,0.006140,-0.025911
274.000000,0.032155,0.009130,0.009237,0.005930,0.009907
275.000000,0.028861,0.009314,0.007425,0.005589,-0.011072
276.000000,-0.005761,0.013197,0.008048,0.006145,0.018661
277.000000,0.006081,0.020246,0.009962,0.007398,0.038817
278.000000,0.019030,0.027030,0.011481,0.008226,0.038838
279.000000,0.022064,0.027110,0.014465,0.009399,0.025078
280.000000,0.025912,0.027387,0.012245,0.009387,0.008165
281.000000,0.026833,0.010536,0.013638,0.010116,0.023269
282.000000,0.019680,0.012880,0.012786,0.010079,0.003051
283.000000,0.012477,0.015753,0.012963,0.010605,0.002821
284.000000,0.006742,0.014403,0.011766,0.010959,-0.003596
285.000000,0.003607,0.014759,0.012037,0.009870,-0.007511
286.000000,0.001682,0.014258,0.013727,0.010118,0.013645
287.000000,0.003296,0.011488,0.015867,0.010471,0.011121
288.000000,0.001727,0.007102,0.017066,0.010021,-0.005025
289.000000,0.002380,0.004561,0.015835,0.011164,-0.000329
290.000000,0.005323,0.004465,0.015926,0.009652,0.007204
291.000000,-0.005269,-0.001794,0.004371,0.008494,-0.039319
292.000000,-0.012499,-0.004602,0.004139,0.006990,-0.025028
293.000000,-0.010326,-0.004300,0.005727,0.007209,0.005840
294.000000,-0.013094,-0.005357,0.004523,0.006059,-0.014168
295.000000,-0.017421,-0.006049,0.004355,0.006008,-0.014431
296.000000,-0.010152,-0.007710,0.003274,0.006581,-0.002971
297.000000,0.008593,-0.001953,0.004767,0.009927,0.068695
298.000000,0.002874,-0.003726,0.001688,0.010135,-0.022757
299.000000,0.007912,-0.002591,0.000985,0.009693,0.011022
300.000000,0.007705,-0.004858,-0.000197,0.008998,-0.015465
301.000000,0.008425,-0.000863,-0.001329,0.002626,0.000628
302.000000,-0.002246,0.003174,-0.000714,0.003817,0.015343
303.000000,0.005593,0.004233,-0.000033,0.005229,0.016438
304.000000,-0.002238,0.002837,-0.001260,0.003961,-0.028136
305.000000,-0.001732,0.002987,-0.001531,0.003899,-0.012930
306.000000,-0.018505,-0.005040,-0.006375,0.000502,-0.083239
307.000000,-0.034539,-0.018392,-0.010173,-0.002952,-0.064826
308.000000,-0.033441,-0.013924,-0.008825,-0.003516,0.021927
309.000000,-0.031147,-0.016693,-0.009642,-0.004908,-0.016665
310.000000,-0.027831,-0.014782,-0.009820,-0.005058,0.003647
311.000000,-0.013420,-0.015962,-0.008413,-0.006207,-0.011181
312.000000,0.003140,-0.015699,-0.006263,-0.005709,0.017974
313.000000,0.002938,-0.015252,-0.005509,-0.005106,0.020913
314.000000,0.005193,-0.012977,-0.005070,-0.005166,-0.005390
315.000000,0.000476,-0.013678,-0.005346,-0.005580,-0.019937
316.000000,-0.009484,-0.011452,-0.008246,-0.008067,-0.060980
317.000000,-0.008692,-0.002776,-0.010584,-0.007707,0.021933
318.000000,-0.010147,-0.003605,-0.008764,-0.007085,0.013637
319.000000,0.001740,0.003466,-0.006613,-0.005273,0.054046
320.000000,-0.009838,-0.004681,-0.009731,-0.008107,-0.077826
321.000000,-0.004098,-0.006791,-0.011377,-0.007872,-0.032279
322.000000,-0.005132,-0.006912,-0.011306,-0.006479,0.016763
323.000000,-0.003057,-0.006602,-0.010927,-0.005874,0.024010
324.000000,-0.008935,-0.003598,-0.008287,-0.004579,0.024656
325.000000,0.007634,-0.001102,-0.007390,-0.003931,0.005019
326.000000,0.017255,0.006579,-0.002437,-0.003304,0.015829
327.000000,0.018976,0.006922,0.002073,-0.004749,0.025367
328.000000,0.009153,0.003048,-0.000278,-0.004827,-0.025104
329.000000,0.009128,0.000096,0.001781,-0.004377,0.024528
330.000000,0.004476,0.006055,0.000687,-0.004469,-0.018241
331.000000,-0.000724,0.008266,0.000737,-0.004829,-0.010170
332.000000,0.001557,0.010267,0.001677,-0.004115,0.036773
333.000000,0.007694,0.008423,0.000911,-0.004477,0.005578
334.000000,0.004801,0.006964,0.001683,-0.003204,0.010063
335.000000,0.002504,0.003490,0.001194,-0.003763,-0.029724
336.000000,0.010358,0.004817,0.005698,-0.000019,0.029098
337.000000,-0.002122,-0.000282,0.003320,0.001288,-0.025623
338.000000,-0.005798,0.000948,0.001998,0.000130,-0.012802
339.000000,-0.011262,-0.003231,-0.001567,0.000111,-0.017262
340.000000,-0.002922,-0.000209,0.002923,0.000388,0.011977
341.000000,0.001746,0.006052,0.007159,0.002509,0.052437
342.000000,0.007366,0.002622,0.006444,0.001992,0.002480
343.000000,0.007710,0.000956,0.004690,0.000926,-0.011083
344.000000,0.008629,-0.001317,0.002824,0.000683,-0.012664
345.000000,0.006513,0.001795,0.002643,0.001394,0.001394
346.000000,-0.003355,-0.000805,0.002006,0.003530,0.003098
347.000000,-0.007122,0.000122,-0.000080,0.002254,-0.016356
348.000000,-0.003945,0.001882,0.001415,0.001959,0.004801
349.000000,0.003482,0.006056,0.001412,0.000974,0.024475
350.000000,0.005459,0.005986,0.002888,0.003944,0.011277
351.000000,0.011981,0.004313,0.005182,0.006210,0.035707
352.000000,0.014597,0.003737,0.003180,0.005542,-0.003275
353.000000,0.013482,0.004768,0.002862,0.004716,-0.000776
354.000000,0.007149,0.005316,0.002000,0.003654,-0.007189
355.000000,0.005769,0.005614,0.003705,0.003633,0.004380
356.000000,0.000024,0.006002,0.002599,0.003338,0.006979
357.000000,0.002301,0.008449,0.004285,0.002763,0.008111
358.000000,0.002350,0.007916,0.004899,0.003582,-0.000531
359.000000,0.004612,0.005880,0.005968,0.002902,0.004121
360.000000,0.000908,0.003339,0.004662,0.003038,-0.014142
361.000000,-0.001576,-0.000776,0.001768,0.003196,-0.005438
362.000000,-0.002528,-0.000113,0.001812,0.002082,0.003350
363.000000,-0.004209,-0.000930,0.001919,0.001598,-0.008937
364.000000,-0.007751,-0.001569,0.001873,0.000810,-0.013588
365.000000,-0.006037,-0.002565,0.001525,0.001615,-0.005573
366.000000,-0.008257,-0.004916,0.000543,0.000094,-0.016534
367.000000,-0.008577,-0.005553,0.001448,0.001006,0.001747
368.000000,-0.007715,-0.005962,0.000977,0.001279,-0.004623
369.000000,0.002102,-0.002824,0.001528,0.003037,0.035495
370.000000,-0.001430,-0.003734,-0.000198,0.001864,-0.023234
371.000000,-0.001712,-0.004984,-0.002880,-0.000482,-0.017944
372.000000,-0.001627,-0.005102,-0.002608,-0.000493,0.002170
373.000000,0.000563,-0.003576,-0.002253,0.000088,0.006327
374.000000,-0.009734,-0.003816,-0.002693,-0.000023,-0.015988
375.000000,-0.006808,-0.004119,-0.003342,-0.000356,-0.008603
376.000000,0.004982,0.001635,-0.001641,0.000907,0.041004
377.000000,0.006297,0.002335,-0.001609,0.001744,0.008746
378.000000,0.005020,0.002791,-0.001585,0.001582,-0.000061
379.000000,0.003846,-0.002944,-0.002884,0.000037,-0.021856
380.000000,0.003590,-0.001609,-0.002671,-0.000668,-0.009883
381.000000,0.002114,0.003548,-0.000718,-0.000737,0.033625
382.000000,-0.001626,0.002335,-0.001383,-0.000960,-0.009957
383.000000,-0.001222,0.001899,-0.000838,-0.000869,0.001963
384.000000,0.003822,0.003834,0.000009,-0.000517,0.003364
385.000000,0.001553,0.002571,-0.000774,-0.001371,-0.021230
386.000000,-0.007115,-0.002500,-0.000433,-0.001927,-0.009715
387.000000,-0.009853,-0.005739,-0.001702,-0.002986,-0.023644
388.000000,-0.002416,-0.001819,0.000486,-0.001663,0.039144
389.000000,-0.000477,0.001673,-0.000636,-0.001365,0.013062
390.000000,0.009323,0.005438,0.001915,0.000032,0.027768
391.000000,0.017259,0.005072,0.004310,0.001212,0.029969
392.000000,0.015410,0.002779,0.002557,0.000004,-0.032890
393.000000,0.007055,0.002320,0.002109,0.000214,-0.002631
394.000000,-0.000773,-0.000625,0.001605,-0.000202,-0.026079
395.000000,-0.005052,0.002135,0.002353,0.000196,0.006370
396.000000,-0.011168,0.003046,0.000273,0.000727,-0.000611
397.000000,-0.010405,0.002503,-0.001618,-0.000301,-0.029072
398.000000,-0.009715,-0.001330,-0.001574,-0.000119,0.000817
399.000000,-0.004814,-0.002793,-0.000560,-0.001355,-0.001572
400.000000,-0.009145,-0.007099,-0.000830,-0.001090,-0.015286
401.000000,-0.006167,-0.008668,-0.001798,-0.000016,0.014278
402.000000,-0.003848,-0.007126,-0.002174,-0.000671,-0.017479
403.000000,-0.000013,-0.004864,-0.001272,-0.000215,0.019996
404.000000,0.003630,-0.000592,-0.000608,0.000873,0.016642
405.000000,0.005248,-0.001948,0.000093,0.000919,-0.007196
406.000000,0.006570,0.000201,0.001624,0.000249,0.020886
407.000000,0.015941,0.006047,0.004275,0.000937,0.029379
408.000000,0.014764,0.007376,0.003023,0.001409,0.014110
409.000000,0.010194,0.006912,0.002060,0.001931,-0.006207
410.000000,0.011069,0.008159,0.000530,0.002166,-0.002824
411.000000,0.005686,0.006128,-0.001270,0.000844,-0.006027
412.000000,-0.002898,0.006522,-0.000302,0.000725,-0.013544
413.000000,-0.003629,0.005568,0.000352,0.001008,0.010458
414.000000,0.000376,0.005285,0.002347,0.001356,0.013814
415.000000,0.002935,0.007002,0.002527,0.002396,0.009976
416.000000,0.000509,0.003098,0.001650,0.002115,-0.018159
417.000000,0.002198,-0.000350,0.002848,0.002733,-0.005097
418.000000,0.001268,-0.001180,0.003098,0.001622,0.005806
419.000000,-0.001672,-0.000648,0.003132,0.001157,-0.000886
420.000000,-0.002700,0.000118,0.004138,0.000393,0.004836
421.000000,-0.004217,-0.001854,0.002137,-0.001465,-0.025746
422.000000,-0.003609,-0.000705,0.002908,-0.000437,-0.002055
423.000000,-0.006154,-0.002443,0.001562,-0.000580,-0.006920
424.000000,-0.009405,-0.005539,-0.000127,-0.000282,-0.017142
425.000000,-0.005137,-0.003919,0.001542,0.000378,0.026177
426.000000,0.001576,-0.001321,0.000888,0.000659,0.007817
427.000000,-0.003146,-0.003378,-0.001864,0.000773,-0.025663
428.000000,-0.004609,-0.005382,-0.003281,0.000271,-0.014236
429.000000,0.002513,-0.003446,-0.002047,0.000939,0.018467
430.000000,-0.005037,-0.005087,-0.002485,0.001063,-0.011571
431.000000,-0.006564,-0.002494,-0.002174,0.000593,0.000186
432.000000,-0.001579,-0.002363,-0.001534,0.001151,-0.000743
433.000000,-0.001037,-0.002823,-0.002633,0.000100,-0.011526
434.000000,-0.005887,-0.001687,-0.003613,-0.000647,-0.005781
435.000000,0.008686,0.001824,-0.001047,0.001636,0.061295
436.000000,0.005253,-0.000655,-0.000988,0.000374,-0.016978
437.000000,0.007549,0.002985,-0.000196,-0.000248,0.010734
438.000000,0.010212,0.004587,-0.000397,-0.000658,0.001788
439.000000,0.008815,0.001464,-0.000991,-0.000877,-0.012763
440.000000,-0.001786,0.003450,-0.000819,-0.000506,0.008288
441.000000,0.002397,0.003825,0.000666,-0.000174,0.003940
442.000000,0.011959,0.009754,0.003695,0.002229,0.058541
443.000000,0.006687,0.008449,0.002813,0.001061,-0.024572
444.000000,0.002565,0.005690,0.002001,-0.000512,-0.033374
445.000000,0.010735,0.004475,0.003150,0.000793,0.049142
446.000000,0.002886,0.002642,0.000993,0.000222,-0.035306
447.000000,-0.011780,0.000089,0.001537,-0.000101,-0.014789
448.000000,-0.012952,-0.003133,0.000727,-0.001309,-0.030435
449.000000,-0.010387,-0.003911,-0.001223,-0.001964,-0.020545
450.000000,-0.018628,-0.003946,-0.000248,-0.001861,0.007933
451.000000,-0.008456,-0.002785,0.000520,-0.000484,0.015557
452.000000,-0.003669,-0.007724,0.001015,-0.000111,0.009146
453.000000,0.006563,-0.003195,0.002627,0.000810,0.020725
454.000000,0.017998,0.003806,0.004748,0.002603,0.036628
455.000000,0.015025,-0.001802,0.001336,0.001499,-0.006930
456.000000,0.026007,0.008775,0.005709,0.003587,0.070465
457.000000,0.028824,0.012578,0.006334,0.005217,0.023233
458.000000,0.024952,0.015758,0.006312,0.005737,0.001365
459.000000,0.019351,0.018674,0.007382,0.005409,0.008622
460.000000,0.018950,0.016987,0.006520,0.005497,-0.008937
461.000000,0.007402,0.016704,0.006960,0.005915,0.012728
462.000000,0.001121,0.014973,0.003624,0.005667,-0.008171
463.000000,0.000514,0.012733,0.004769,0.005996,-0.001674
464.000000,-0.000939,0.009206,0.006506,0.006234,0.001360
465.000000,-0.000631,0.009159,0.003679,0.003944,-0.007398
466.000000,0.000218,0.003810,0.006293,0.005076,0.016970
467.000000,0.002544,0.001833,0.007205,0.004833,0.003463
468.000000,0.004922,0.002718,0.009238,0.005114,0.010215
469.000000,0.003749,0.001405,0.010040,0.005390,-0.004505
470.000000,0.003963,0.001666,0.009327,0.004902,-0.006330
471.000000,0.000465,0.000342,0.008523,0.004754,-0.000516
472.000000,-0.005280,-0.001368,0.006802,0.001960,-0.025266
473.000000,-0.009432,-0.002255,0.005239,0.002428,-0.010545
474.000000,-0.002634,0.000558,0.004882,0.004523,0.029489
475.000000,-0.001794,0.001084,0.005122,0.002814,-0.002134
476.000000,-0.001077,-0.000306,0.001752,0.004093,0.003069
477.000000,0.002380,-0.001450,0.000191,0.004320,-0.007978
478.000000,0.007740,-0.000846,0.000936,0.005876,0.016253
479.000000,0.000415,-0.001109,0.000148,0.006323,-0.007133
480.000000,0.002855,0.000530,0.001098,0.006395,0.010065
481.000000,0.002426,0.000674,0.000508,0.005907,0.000924
482.000000,0.001554,0.001967,0.000300,0.005191,-0.012339
483.000000,0.006726,0.007233,0.002489,0.005904,0.042111
484.000000,0.006241,0.003328,0.001943,0.004364,-0.009558
485.000000,0.002997,0.002926,0.002005,0.004390,-0.006153
486.000000,0.003771,0.003099,0.001396,0.002201,0.004795
487.000000,0.004743,0.003149,0.000849,0.001177,-0.007480
488.000000,-0.001014,0.002856,0.001005,0.001576,0.013328
489.000000,-0.007625,-0.000692,-0.000901,-0.000132,-0.042617
490.000000,-0.006207,-0.001605,-0.000537,0.000197,0.000940
491.000000,-0.012154,-0.004191,-0.001758,-0.001058,-0.024941
492.000000,-0.014646,-0.004952,-0.001492,-0.001451,-0.019941
493.000000,-0.023385,-0.012199,-0.002483,-0.002407,-0.030367
494.000000,-0.010026,-0.008826,-0.002749,-0.001647,0.024181
495.000000,-0.002796,-0.004501,-0.000788,-0.000164,0.037089
496.000000,0.002795,-0.004680,-0.000790,-0.000629,0.003012
497.000000,0.005321,-0.004662,-0.000757,-0.000988,-0.007308
498.000000,0.001279,-0.011053,-0.004099,-0.003014,-0.050580
499.000000,-0.000132,-0.005079,-0.002886,-0.002293,0.017128
500.000000,-0.001567,-0.002182,-0.001893,-0.001085,0.029912
501.000000,-0.000867,0.000964,-0.001614,-0.000851,0.006513
502.000000,-0.003442,0.000940,-0.002006,-0.000681,-0.020180
503.000000,0.006772,0.004025,-0.004087,-0.000314,0.000487
504.000000,0.005036,0.002452,-0.003187,-0.001015,0.008449
505.000000,-0.005752,-0.003660,-0.004080,-0.001745,-0.024027
506.000000,-0.011742,-0.006304,-0.005492,-0.002628,-0.023438
507.000000,0.003208,-0.000117,-0.002390,-0.000544,0.054567
508.000000,-0.001334,0.002719,-0.004167,-0.001826,-0.022221
509.000000,-0.002513,0.001262,-0.001909,-0.001503,0.002554
510.000000,0.001302,-0.002225,-0.002203,-0.002004,-0.004951
511.000000,0.001411,-0.005165,-0.002101,-0.002798,-0.022893
512.000000,-0.013800,-0.005296,-0.002178,-0.003103,-0.021489
513.000000,-0.012262,-0.006798,-0.001386,-0.004991,-0.014529
514.000000,-0.004201,-0.003357,-0.000452,-0.003243,0.042858
515.000000,-0.000327,0.000487,-0.001586,-0.002558,0.014416
516.000000,0.000056,0.000733,-0.002786,-0.003417,-0.020977
517.000000,0.005533,-0.004134,-0.002125,-0.002971,0.005896
518.000000,0.011739,-0.000261,0.001229,-0.002865,0.016500
519.000000,0.002555,-0.000823,0.000219,-0.001547,-0.003059
520.000000,-0.002972,-0.001650,-0.001937,-0.002019,-0.013219
521.000000,-0.001658,-0.000801,-0.002983,-0.001668,-0.014408
522.000000,0.008395,0.006964,0.000834,0.000869,0.056161
523.000000,-0.000087,0.005826,-0.000486,0.001018,-0.025911
524.000000,-0.005087,-0.001266,-0.002311,-0.000724,-0.028059
525.000000,-0.003186,-0.003079,-0.001296,-0.002084,-0.003711
526.000000,0.000573,-0.000543,0.000095,-0.002038,0.004384
527.000000,-0.010794,-0.001199,-0.002667,-0.001817,-0.000673
528.000000,-0.008483,-0.004285,-0.002273,-0.000609,-0.014359
529.000000,-0.007724,-0.006406,-0.003614,-0.001989,-0.024263
530.000000,-0.001266,-0.002226,-0.001938,-0.002033,0.028581
531.000000,-0.005447,-0.002437,-0.001619,-0.002801,-0.016520
532.000000,-0.002144,-0.006469,0.000247,-0.001600,0.015839
533.000000,0.007444,-0.000520,0.002653,-0.000497,0.033582
534.000000,0.008620,0.000448,-0.000409,-0.001392,-0.018381
535.000000,0.004374,0.001554,-0.000762,-0.000346,0.007348
536.000000,0.009873,0.002213,0.000835,0.000801,0.010977
537.000000,0.010767,0.004312,0.001556,-0.000341,0.020310
538.000000,0.002020,0.004732,0.000223,0.000062,-0.010158
539.000000,0.003676,0.006148,-0.000129,-0.000360,-0.010098
540.000000,0.005050,0.004712,0.001243,0.000279,0.014216
541.000000,0.000909,0.005391,0.001477,0.000718,-0.009728
542.000000,-0.006169,0.002299,-0.002085,0.000931,-0.015077
543.000000,0.000521,0.001270,0.000375,0.002192,0.023289
544.000000,0.000241,0.001959,0.001203,0.000380,-0.011495
545.000000,-0.002580,0.001235,0.001394,-0.000097,0.000110
546.000000,0.002906,0.001907,0.002060,0.001193,0.017702
547.000000,0.001414,-0.002377,0.000967,0.000245,-0.022535
548.000000,0.000314,0.000417,0.002574,0.000288,0.017787
549.000000,-0.001352,-0.000556,0.002796,-0.000271,-0.019826
550.000000,-0.004118,-0.003349,0.000681,-0.000288,-0.013719
551.000000,-0.008567,-0.002830,0.001280,0.000041,-0.004540
552.000000,-0.005311,-0.001948,0.000176,-0.002039,-0.006255
553.000000,-0.007056,-0.003371,-0.001051,-0.000874,0.009061
554.000000,0.003109,0.000878,0.001418,0.001095,0.030999
555.000000,0.010194,0.003038,0.002136,0.001942,0.021705
556.000000,0.012067,0.001750,0.001829,0.001957,0.004825
557.000000,0.011874,0.003282,0.000452,0.001739,-0.007219
558.000000,0.007629,0.000286,0.000352,0.001812,-0.012167
559.000000,-0.000740,0.001184,0.000314,0.002259,-0.010844
560.000000,-0.013783,-0.001794,-0.002572,-0.000144,-0.043508
561.000000,-0.014281,-0.001107,-0.001969,0.000484,0.002332
562.000000,-0.007734,0.002070,0.000061,0.000807,0.025518
563.000000,-0.005666,0.000981,-0.001195,-0.000373,-0.001829
564.000000,-0.011373,-0.006056,-0.002589,-0.001073,-0.039376
565.000000,-0.007105,-0.010444,-0.003703,-0.002057,-0.022171
566.000000,-0.007053,-0.010667,-0.004459,-0.002337,0.002593
567.000000,-0.011346,-0.009540,-0.003129,-0.002879,0.004052
568.000000,-0.004783,-0.005225,-0.002469,-0.001507,0.030987
569.000000,0.005621,-0.002876,-0.000846,-0.000749,0.012647
570.000000,0.009077,0.000986,-0.000404,-0.001386,-0.004893
571.000000,0.014458,0.003702,0.001298,-0.000078,0.029498
572.000000,0.013888,0.001271,0.001671,0.000464,0.001204
573.000000,0.007494,0.001355,0.001168,-0.000345,-0.000985
574.000000,0.006176,0.005899,-0.000079,0.000240,0.006056
575.000000,0.007644,0.008360,-0.001042,0.000318,0.002445
576.000000,-0.001472,0.006493,-0.002087,-0.000808,-0.016083
577.000000,0.003049,0.008469,-0.000536,0.000737,0.023813
578.000000,0.004395,0.005945,0.000360,0.000335,0.005745
579.000000,0.004688,0.005432,0.001278,0.001247,0.007521
580.000000,0.000325,0.003985,0.002485,0.001059,-0.019369
581.000000,-0.001395,-0.001433,0.001134,0.000387,-0.024682
582.000000,-0.012166,-0.004558,-0.001644,-0.000406,-0.030045
583.000000,-0.017560,-0.006582,-0.002613,-0.001415,-0.021225
584.000000,-0.016128,-0.005720,0.000089,-0.001959,0.014680
585.000000,-0.017365,-0.008520,-0.000080,-0.003534,-0.025553
586.000000,-0.008601,-0.004998,0.000748,-0.003057,0.019139
587.000000,-0.003988,-0.008077,0.000196,-0.003049,-0.006981
588.000000,-0.002980,-0.010270,-0.002163,-0.003183,-0.016184
589.000000,-0.022664,-0.019396,-0.006982,-0.005613,-0.083743
590.000000,-0.007551,-0.012458,-0.004237,-0.002496,0.050015
591.000000,-0.011305,-0.009953,-0.005693,-0.002561,0.000368
592.000000,-0.012353,-0.008170,-0.006364,-0.003819,-0.012220
593.000000,-0.009066,-0.006023,-0.006303,-0.003750,0.000248
594.000000,0.005598,-0.008533,-0.007127,-0.002785,-0.010422
595.000000,-0.001565,-0.004558,-0.006539,-0.001572,0.014201
596.000000,-0.003041,-0.007173,-0.006085,-0.001893,-0.007013
597.000000,0.002616,-0.004869,-0.006473,-0.001492,0.016064
598.000000,0.001090,-0.003988,-0.007129,-0.002771,-0.007382
599.000000,0.006213,0.005906,-0.006745,-0.002686,0.015196
600.000000,0.008334,0.003385,-0.004537,-0.001696,0.024805
601.000000,0.013696,0.005327,-0.002313,-0.002020,0.019794
602.000000,0.003379,0.002997,-0.002587,-0.003244,-0.035519
603.000000,0.007466,0.004278,-0.000873,-0.002776,0.013052
604.000000,0.002117,0.004165,-0.002184,-0.003363,-0.011546
605.000000,-0.005692,0.001321,-0.001618,-0.003919,-0.014241
606.000000,-0.008507,0.002594,-0.002289,-0.003192,0.005721
607.000000,-0.002462,0.000459,-0.002205,-0.004162,-0.005294
608.000000,-0.007997,-0.000266,-0.002127,-0.004841,-0.014627
609.000000,-0.008770,-0.003326,0.001290,-0.005606,-0.015409
610.000000,-0.004419,-0.005055,-0.000835,-0.004710,0.007516
611.000000,-0.006664,-0.007585,-0.001129,-0.004070,-0.005506
612.000000,-0.006032,-0.004247,-0.000625,-0.003140,-0.002136
613.000000,0.010080,0.001041,0.002660,-0.000235,0.065937
614.000000,0.011851,0.001541,0.002853,-0.000942,-0.006555
615.000000,0.010668,0.003125,0.002223,-0.000037,0.001599
616.000000,0.016654,0.004995,0.003795,0.000139,0.024427
617.000000,0.021557,0.007762,0.004110,0.001117,0.022378
618.000000,0.011362,0.010721,0.005228,0.002156,0.014960
619.000000,0.017291,0.014571,0.005622,0.005717,0.023089
620.000000,0.017394,0.014031,0.004488,0.004120,0.002117
621.000000,0.016631,0.016643,0.004529,0.004795,0.020610
622.000000,0.014983,0.018270,0.007011,0.005673,0.014137
623.000000,0.005669,0.008516,0.004778,0.004612,-0.031607
624.000000,0.002044,0.009667,0.005604,0.005124,0.004961
625.000000,0.000054,0.008724,0.005924,0.004390,-0.007830
626.000000,-0.011457,0.002587,0.003791,0.003392,-0.036944
627.000000,-0.010926,0.002029,0.004895,0.003416,0.016791
628.000000,-0.001215,0.002227,0.006474,0.004228,0.016949
629.000000,-0.000733,0.000655,0.007613,0.003967,0.007370
630.000000,0.001932,0.000993,0.007512,0.003323,0.005492
631.000000,0.010487,-0.000485,0.008079,0.002858,0.005836
632.000000,0.004258,-0.003334,0.007468,0.003563,-0.014355
633.000000,0.004624,0.001704,0.005110,0.003754,0.018776
634.000000,0.007742,0.003504,0.006586,0.004904,0.022959
635.000000,0.013364,0.007648,0.008186,0.006499,0.033605
636.000000,0.018028,0.014258,0.008422,0.007280,0.029153
637.000000,0.019725,0.011991,0.007010,0.007261,-0.005871
638.000000,0.016420,0.010522,0.006375,0.007823,0.002255
639.000000,0.011868,0.009805,0.005230,0.008344,0.000196
640.000000,0.005303,0.009334,0.005163,0.008119,0.000783
641.000000,-0.000117,0.008955,0.004235,0.008371,0.002052
642.000000,0.002303,0.011014,0.003840,0.008650,0.006228
643.000000,0.003475,0.009948,0.005826,0.006723,0.008116
644.000000,-0.003267,0.004300,0.003902,0.005824,-0.033513
645.000000,-0.006320,-0.000509,0.003570,0.005288,-0.014483
646.000000,-0.001303,-0.000710,0.006774,0.005378,0.027140
647.000000,-0.007311,-0.002504,0.004744,0.003839,-0.023814
648.000000,-0.008402,-0.002463,0.004029,0.003429,0.002663
649.000000,-0.003564,-0.003415,0.003195,0.002348,-0.009326
650.000000,-0.002407,-0.004364,0.002485,0.001988,-0.008699
651.000000,-0.006389,-0.003846,0.002555,0.001542,0.007229
652.000000,-0.000827,-0.004069,0.003472,0.001204,0.003999
653.000000,-0.009832,-0.009117,0.000415,0.000845,-0.042362
654.000000,-0.008083,-0.005823,-0.000761,0.000660,-0.000580
655.000000,-0.005490,-0.003949,-0.002229,0.001064,0.004263
656.000000,-0.011311,-0.008850,-0.004780,0.001566,-0.021873
657.000000,-0.007128,-0.003977,-0.003241,0.001837,0.024914
658.000000,-0.000951,-0.005391,-0.003927,0.000889,-0.011479
659.000000,-0.003232,-0.005657,-0.004536,0.000244,-0.011987
660.000000,0.000828,-0.002331,-0.003347,0.000880,0.024564
661.000000,0.001188,-0.005061,-0.004454,0.000016,-0.020073
662.000000,-0.006437,-0.006782,-0.005426,0.000054,-0.013213
663.000000,-0.011117,-0.006034,-0.007575,-0.001734,-0.034879
664.000000,-0.014179,-0.008706,-0.007265,-0.003410,-0.027298
665.000000,-0.027266,-0.013219,-0.008584,-0.005892,-0.040868
666.000000,-0.024949,-0.011880,-0.010365,-0.007147,-0.008487
667.000000,-0.012746,-0.009592,-0.006784,-0.005358,0.047800
668.000000,0.001339,-0.004889,-0.005140,-0.004248,0.035548
669.000000,0.005728,-0.004226,-0.004942,-0.004433,-0.005353
670.000000,0.006301,-0.010483,-0.006407,-0.005726,-0.038005
671.000000,0.006435,-0.009257,-0.007159,-0.006055,-0.007813
672.000000,0.003088,-0.004829,-0.005806,-0.005227,0.031061
673.000000,-0.005114,-0.001888,-0.003961,-0.005679,-0.005462
674.000000,-0.007845,-0.001058,-0.004882,-0.005196,-0.019007
675.000000,0.005431,0.005866,-0.003677,-0.003767,0.028376
676.000000,0.001062,0.003749,-0.004066,-0.005660,-0.029656
677.000000,-0.005278,-0.001095,-0.005343,-0.004888,-0.000641
678.000000,-0.003859,-0.004487,-0.004688,-0.004922,0.001630
679.000000,-0.003733,-0.005789,-0.005007,-0.005224,-0.018373
680.000000,-0.009136,-0.001852,-0.006167,-0.004889,0.001362
681.000000,-0.004677,-0.001807,-0.005532,-0.005375,-0.007363
682.000000,-0.004311,-0.004794,-0.004812,-0.005469,0.001191
683.000000,-0.006322,-0.005091,-0.003489,-0.004338,-0.008429
684.000000,-0.010072,-0.006902,-0.003980,-0.005556,-0.037119
685.000000,-0.011933,-0.010534,-0.002334,-0.005962,-0.007944
686.000000,-0.009971,-0.007324,-0.001787,-0.005152,0.002446
687.000000,-0.013468,-0.008889,-0.004992,-0.006525,-0.016294
688.000000,-0.021971,-0.014146,-0.009317,-0.007841,-0.050941
689.000000,-0.019499,-0.014785,-0.010287,-0.008267,-0.024760
690.000000,-0.014978,-0.013455,-0.007654,-0.008597,0.014659
691.000000,-0.004101,-0.007036,-0.004422,-0.006033,0.056831
692.000000,0.000978,-0.006245,-0.005520,-0.005289,0.009102
693.000000,0.021357,-0.000307,-0.002699,-0.002428,0.050954
694.000000,0.023092,0.001797,-0.002553,-0.002055,-0.016086
695.000000,0.015930,0.000476,-0.005029,-0.001397,-0.021150
696.000000,0.010452,0.003175,-0.002074,-0.000133,0.029437
697.000000,0.008060,0.004519,-0.002185,-0.001822,-0.002856
698.000000,-0.006102,0.007628,-0.003259,-0.003669,-0.019854
699.000000,-0.004405,0.009344,-0.002721,-0.003743,-0.007603
700.000000,-0.008621,0.003655,-0.004900,-0.003884,-0.042228
701.000000,-0.015280,-0.002414,-0.004725,-0.003752,-0.003857
702.000000,-0.003983,0.002038,-0.002103,-0.003000,0.053626
703.000000,-0.000447,-0.003275,-0.001791,-0.002891,-0.002175
704.000000,0.002795,-0.000805,0.000496,-0.001970,0.008611
705.000000,0.007392,-0.000614,-0.000069,-0.003557,-0.019245
706.000000,0.009779,-0.002750,0.000213,-0.002300,0.008079
707.000000,0.006943,0.001480,0.003000,-0.000963,0.039446
708.000000,0.012587,0.006070,0.006849,-0.000150,0.026043
709.000000,0.009516,0.006156,0.007750,0.000238,-0.006742
710.000000,0.020960,0.014176,0.008915,0.001458,0.037973
711.000000,0.020271,0.015025,0.006306,0.001858,0.004633
712.000000,0.010729,0.008836,0.005437,0.001543,-0.008264
713.000000,0.005577,0.009082,0.002904,0.001834,0.000284
714.000000,0.012263,0.010890,0.005042,0.003960,0.026686
715.000000,0.001219,0.011090,0.005238,0.003651,-0.017242
716.000000,-0.002210,0.009030,0.003140,0.003152,-0.012517
717.000000,-0.002874,0.003928,0.002704,0.003309,-0.011579
718.000000,-0.004424,0.000577,0.003323,0.004758,-0.007466
719.000000,-0.009192,0.001535,0.003846,0.005678,0.002842
720.000000,-0.006045,-0.002413,0.005882,0.005139,-0.001507
721.000000,-0.006864,-0.004537,0.005244,0.002691,-0.016612
722.000000,-0.008612,-0.005743,0.001547,0.001711,-0.020318
723.000000,-0.006746,-0.005585,0.001749,0.000074,0.001864
724.000000,-0.004368,-0.006780,0.002055,0.001101,0.014731
725.000000,-0.001362,-0.003704,0.003693,0.002257,0.013525
726.000000,0.008216,0.000676,0.004853,0.002319,0.031280
727.000000,0.009808,0.000598,0.002263,0.002002,-0.012360
728.000000,0.008412,0.000833,0.000705,0.002493,-0.005114
729.000000,0.008189,0.001911,0.001723,0.003201,0.013617
730.000000,0.007554,0.003096,0.000341,0.004953,0.010346
731.000000,0.006231,0.007224,0.001343,0.005904,0.024665
732.000000,0.008944,0.009376,0.001817,0.004156,0.001206
733.000000,0.005511,0.006962,0.000688,0.003486,-0.022279
734.000000,0.004840,0.006515,-0.000133,0.003541,0.010259
735.000000,-0.001377,0.003088,-0.000308,0.003491,-0.020737
736.000000,-0.015334,-0.004552,-0.001938,0.001718,-0.045119
737.000000,-0.007482,0.000731,0.000664,0.001752,0.040464
738.000000,0.000794,0.003153,0.001993,0.001521,0.019104
739.000000,0.009151,0.006995,0.004453,0.003480,0.052041
740.000000,0.007317,0.002970,0.003033,0.001218,-0.029904
741.000000,0.021163,0.002915,0.005069,0.001867,0.024112
742.000000,0.013528,0.003023,0.006200,0.002219,0.002289
743.000000,0.009420,0.005107,0.006034,0.002161,-0.001437
744.000000,-0.002678,0.003236,0.004875,0.000990,-0.008449
745.000000,0.006182,0.006750,0.004919,0.002045,0.014396
746.000000,-0.001971,0.009596,0.002522,0.001907,-0.016654
747.000000,-0.006408,0.003560,0.002146,0.001630,-0.019896
748.000000,-0.002918,0.003251,0.003202,0.002412,0.016013
749.000000,0.000922,-0.000878,0.003058,0.002676,0.010749
750.000000,-0.001616,0.002283,0.002627,0.002783,0.001709
751.000000,0.003859,0.000944,0.001929,0.003694,0.010722
752.000000,0.007511,0.000551,0.001787,0.004317,-0.001638
753.000000,0.007227,0.002155,0.003631,0.004741,0.014594
754.000000,0.004482,0.002702,0.002969,0.004151,-0.002975
755.000000,0.003554,0.000969,0.003859,0.003602,-0.002931
756.000000,-0.005058,-0.000599,0.004498,0.001482,-0.032339
757.000000,-0.004492,0.001509,0.002535,0.001934,0.001191
758.000000,-0.008311,-0.000542,0.001355,0.001954,-0.004499
759.000000,-0.018543,-0.007030,-0.003954,-0.000304,-0.054137
760.000000,-0.025245,-0.010845,-0.004281,-0.001864,-0.036442
761.000000,-0.026638,-0.015848,-0.007452,-0.003996,-0.039304
762.000000,-0.021421,-0.012957,-0.006203,-0.003127,0.027277
763.000000,-0.030646,-0.019478,-0.008662,-0.004072,-0.050622
764.000000,-0.008290,-0.013417,-0.005357,-0.002493,0.057640
765.000000,-0.011570,-0.018407,-0.008719,-0.003563,-0.052839
766.000000,-0.006156,-0.016397,-0.008498,-0.002467,-0.012237
767.000000,-0.007645,-0.014533,-0.006512,-0.003154,0.019834
768.000000,-0.003063,-0.016854,-0.008698,-0.004715,-0.027712
769.000000,-0.009976,-0.009133,-0.008082,-0.005681,0.023073
770.000000,-0.005287,-0.008428,-0.009637,-0.005664,-0.029394
771.000000,-0.005314,-0.005735,-0.010792,-0.006880,-0.012371
772.000000,-0.011282,-0.009464,-0.011210,-0.007290,-0.010008
773.000000,-0.013169,-0.008116,-0.013797,-0.008480,-0.037142
774.000000,-0.017344,-0.013660,-0.013538,-0.008125,0.002195
775.000000,-0.014824,-0.010055,-0.014231,-0.009165,-0.016792
776.000000,-0.021095,-0.013205,-0.014801,-0.010067,-0.043730
777.000000,-0.006935,-0.009108,-0.011821,-0.007377,0.060796
778.000000,0.000562,-0.006303,-0.011579,-0.007900,0.000342
779.000000,-0.005066,-0.011205,-0.010169,-0.009123,-0.025947
780.000000,-0.006157,-0.010490,-0.009459,-0.009921,-0.022244
781.000000,-0.001315,-0.011205,-0.008470,-0.010929,-0.019521
782.000000,-0.010045,-0.008490,-0.008977,-0.010303,0.017147
783.000000,-0.015161,-0.007299,-0.007708,-0.011631,-0.025240
784.000000,-0.001651,-0.003359,-0.008509,-0.010145,0.041602
785.000000,0.004603,-0.000777,-0.005416,-0.009746,0.009030
786.000000,0.017045,0.007865,-0.002670,-0.007246,0.042688
787.000000,0.006143,-0.001951,-0.005530,-0.008531,-0.037365
788.000000,0.014983,-0.000089,-0.003196,-0.007749,0.018960
789.000000,0.005880,0.002114,-0.004545,-0.006075,-0.003915
790.000000,-0.000464,0.002070,-0.004210,-0.005616,-0.022689
791.000000,-0.009128,0.003958,-0.003623,-0.004327,-0.000634
792.000000,-0.003680,0.001231,-0.003629,-0.005574,-0.010124
793.000000,-0.008014,0.003485,-0.001907,-0.003977,-0.002708
794.000000,-0.006320,-0.000220,-0.001789,-0.005746,0.004556
795.000000,0.011981,0.005758,0.002491,-0.001691,0.068813
796.000000,0.013113,0.001992,0.004929,-0.001116,0.005026
797.000000,0.007417,0.001869,-0.000041,-0.003064,-0.038601
798.000000,0.006044,-0.000985,-0.000537,-0.002459,-0.009576
799.000000,0.012125,0.002903,0.002508,-0.002063,0.034962
800.000000,-0.013436,-0.000728,0.000671,-0.003049,-0.058992
801.000000,-0.015166,-0.001027,0.001466,-0.002758,-0.003623
802.000000,-0.012870,-0.002726,-0.000748,-0.003328,-0.027122
803.000000,-0.007318,-0.000637,0.001424,-0.001484,0.018187
804.000000,-0.021280,-0.004578,-0.002399,-0.002719,-0.034850
805.000000,-0.009571,-0.011504,-0.002873,-0.002174,-0.000446
806.000000,-0.014275,-0.014720,-0.006364,-0.001621,-0.027143
807.000000,-0.013380,-0.013125,-0.005628,-0.004402,-0.022648
808.000000,-0.016175,-0.011746,-0.006366,-0.004273,0.004213
809.000000,-0.005182,-0.013231,-0.005164,-0.002738,0.020116
810.000000,0.001880,-0.003845,-0.002286,-0.000834,0.034865
811.000000,0.004220,-0.005028,-0.003027,-0.000699,-0.015445
812.000000,0.008090,-0.002645,-0.002686,-0.001380,-0.003298
813.000000,0.006209,-0.004983,-0.002810,-0.000712,-0.005194
814.000000,0.005241,0.000030,-0.002274,-0.001589,0.015279
815.000000,-0.001316,0.000282,-0.005611,-0.001821,0.002079
816.000000,0.008196,0.006208,-0.004256,-0.002173,0.032115
817.000000,0.014130,0.011110,-0.001008,-0.000049,0.026370
818.000000,0.020906,0.013557,0.000905,0.000275,0.028688
819.000000,0.019111,0.012176,-0.000528,0.000616,0.006302
820.000000,0.030487,0.014585,0.005370,0.003337,0.058958
821.000000,0.012272,0.010234,0.002603,0.001393,-0.058958
822.000000,0.008157,0.011143,0.004249,0.001924,0.005793
823.000000,0.001058,0.010982,0.002999,0.001787,-0.006807
824.000000,0.007322,0.013216,0.006623,0.002890,0.037625
825.000000,-0.005344,0.012571,0.006427,0.000450,-0.004373
826.000000,0.008879,0.010576,0.008392,0.000688,0.012158
827.000000,0.005564,0.006860,0.008985,0.001615,-0.010785
828.000000,0.010319,0.005688,0.009623,0.002500,0.016969
829.000000,0.002447,0.004884,0.008530,0.001276,-0.001735
830.000000,0.005369,0.000013,0.007299,0.003584,0.010241
831.000000,0.008390,0.008635,0.009434,0.004614,0.027261
832.000000,0.007701,0.006633,0.008888,0.005044,-0.014229
833.000000,0.002945,0.006632,0.008807,0.004210,-0.006811
834.000000,-0.001848,0.000299,0.006758,0.004515,-0.025704
835.000000,-0.008136,-0.001383,0.005594,0.003823,-0.021196
836.000000,-0.024842,-0.008226,0.001175,0.002853,-0.056269
837.000000,-0.026609,-0.009454,-0.001297,0.002839,-0.023066
838.000000,-0.023460,-0.010257,-0.002285,0.002996,0.008935
839.000000,-0.012928,-0.007388,-0.001252,0.003224,0.026958
840.000000,-0.012832,-0.010484,-0.005235,0.001371,-0.020716
841.000000,0.000070,-0.012386,-0.001876,0.002161,0.008240
842.000000,0.002441,-0.012084,-0.002726,0.001897,-0.011214
843.000000,0.004211,-0.009625,-0.001496,0.002663,0.017785
844.000000,0.001532,-0.005698,-0.002699,0.002606,0.013564
845.000000,-0.003639,-0.008236,-0.004809,0.000984,-0.046572
846.000000,-0.004928,-0.002429,-0.005327,-0.000026,0.001799
847.000000,-0.001781,0.000330,-0.004562,-0.000755,0.004519
848.000000,0.001458,0.002834,-0.003712,-0.000578,0.033980
849.000000,-0.007736,-0.003102,-0.005245,-0.001869,-0.032407
850.000000,0.004936,0.000648,-0.004918,-0.003274,0.016792
851.000000,-0.000115,-0.002521,-0.007454,-0.002091,-0.023459
852.000000,0.003940,0.001079,-0.005503,-0.001458,0.024793
853.000000,-0.002870,-0.000706,-0.005165,-0.001233,-0.000070
854.000000,0.009366,0.000815,-0.002442,-0.001528,0.028773
855.000000,0.009977,0.007457,-0.000389,-0.000721,0.019847
856.000000,0.012734,0.006310,0.001940,-0.001448,-0.009672
857.000000,0.010790,0.007365,0.003847,-0.000586,0.015071
858.000000,0.011441,0.004285,0.003560,-0.001046,0.003186
859.000000,0.008058,0.008712,0.002805,-0.000593,0.011858
860.000000,0.009350,0.009663,0.005156,-0.000057,0.026305
861.000000,0.007576,0.010155,0.003817,-0.001584,-0.018542
862.000000,0.005986,0.008388,0.004734,-0.000872,0.007123
863.000000,-0.017684,-0.003122,-0.001914,-0.004484,-0.115165
864.000000,-0.018973,-0.005457,-0.002321,-0.003447,0.005415
865.000000,-0.025158,-0.007904,-0.000224,-0.002894,-0.004619
866.000000,-0.025291,-0.008858,-0.001274,-0.001659,-0.019208
867.000000,-0.030122,-0.012068,-0.002352,-0.001458,-0.017031
868.000000,-0.010264,-0.013974,-0.004844,-0.002285,-0.015877
869.000000,-0.013909,-0.016441,-0.003864,-0.003610,-0.012808
870.000000,-0.016191,-0.020674,-0.005506,-0.003454,-0.016029
871.000000,-0.015974,-0.020633,-0.005239,-0.004333,-0.018125
872.000000,-0.014559,-0.022340,-0.006976,-0.004291,-0.009954
873.000000,-0.011093,-0.010679,-0.006900,-0.004835,0.001451
874.000000,-0.012979,-0.013444,-0.009451,-0.006029,-0.022237
875.000000,-0.006246,-0.011218,-0.009561,-0.003889,0.017635
876.000000,-0.020523,-0.018248,-0.013553,-0.006932,-0.089508
877.000000,-0.020489,-0.017524,-0.014796,-0.007409,-0.009783
878.000000,-0.015400,-0.013247,-0.013610,-0.007645,0.026894
879.000000,-0.012297,-0.012638,-0.014539,-0.006789,-0.006722
880.000000,-0.011337,-0.008792,-0.014733,-0.006601,0.022432
881.000000,0.009675,-0.005424,-0.013028,-0.005301,0.015552
882.000000,0.010023,-0.005233,-0.013787,-0.006395,-0.008043
883.000000,0.010474,-0.002463,-0.006571,-0.005421,0.029153
884.000000,0.015451,0.001577,-0.005933,-0.005775,0.018163
885.000000,0.012708,0.000686,-0.005266,-0.006146,0.008718
886.000000,0.011008,0.010341,-0.003954,-0.005588,0.007048
887.000000,0.012696,0.011359,-0.003082,-0.006077,0.000399
888.000000,0.003843,0.007159,-0.003044,-0.006687,-0.015112
889.000000,0.002914,0.009182,-0.001728,-0.006632,0.013515
890.000000,0.001856,0.007282,-0.000755,-0.007395,0.003430
891.000000,0.000255,0.005631,0.000104,-0.006808,-0.000956
892.000000,-0.001908,0.005394,0.000081,-0.007393,-0.010416
893.000000,0.005528,0.004685,0.001111,-0.002819,0.022065
894.000000,0.003407,0.003160,0.002369,-0.002902,0.002911
895.000000,0.000350,0.001103,0.000894,-0.003143,-0.011853
896.000000,0.003163,0.001709,0.006025,-0.002066,0.013109
897.000000,0.003971,0.001032,0.006196,-0.001711,-0.006375
898.000000,0.004441,0.004984,0.006072,-0.000368,0.024413
899.000000,0.004812,0.004109,0.006646,0.000218,0.004766
900.000000,0.004403,0.002376,0.004829,0.000289,-0.013900
901.000000,0.009260,0.006211,0.005921,0.002140,0.037395
902.000000,0.010700,0.007335,0.006365,0.002499,0.000824
903.000000,0.011789,0.008115,0.006400,0.003446,0.029862
904.000000,0.007570,0.006191,0.004676,0.003643,-0.016332
905.000000,0.012815,0.008609,0.004856,0.003466,0.012329
906.000000,0.003828,0.006544,0.004127,0.006198,-0.007541
907.000000,0.002070,0.006385,0.003708,0.006259,-0.007968
908.000000,-0.007384,0.002202,0.003593,0.004782,-0.017410
909.000000,-0.002616,0.002477,0.003293,0.005256,0.007509
910.000000,-0.005426,0.003695,0.003035,0.004451,-0.001722
911.000000,-0.000015,0.001907,0.004059,0.004583,0.019518
912.000000,-0.001846,0.000112,0.003724,0.004281,-0.017122
913.000000,0.000587,-0.003399,0.002358,0.003134,-0.005247
914.000000,-0.001864,-0.002240,0.001975,0.002370,-0.004746
915.000000,-0.001966,-0.003696,0.002457,0.002005,-0.002230
916.000000,0.000675,0.000330,0.003437,0.002861,0.032720
917.000000,0.005399,0.001777,0.004081,0.003064,0.006498
918.000000,-0.001418,-0.000415,0.000893,0.002257,-0.039331
919.000000,-0.004985,-0.003424,-0.000474,0.001054,-0.022581
920.000000,-0.003828,-0.002897,0.000399,0.001058,0.003555
921.000000,-0.012918,-0.006122,-0.002107,0.000666,-0.012732
922.000000,-0.013859,-0.004230,-0.002059,0.001073,0.001795
923.000000,-0.009708,-0.005563,-0.004481,-0.000282,-0.018577
924.000000,-0.005558,-0.005271,-0.003756,-0.000440,-0.001829
925.000000,-0.009414,-0.006621,-0.005158,-0.000569,-0.015724
926.000000,-0.003372,-0.008145,-0.003908,-0.000424,0.017474
927.000000,-0.004943,-0.009401,-0.003812,-0.000413,-0.006057
928.000000,0.006565,-0.001571,-0.000993,0.000072,0.038962
929.000000,-0.001134,-0.003346,-0.003385,-0.001431,-0.040322
930.000000,0.008888,-0.000263,-0.001580,0.000178,0.034384
931.000000,0.001488,-0.000942,-0.003532,-0.001719,-0.019526
932.000000,0.006806,0.000932,-0.001649,-0.001062,0.020531
933.000000,-0.000554,0.003005,-0.001279,-0.001985,0.002161
934.000000,0.010206,0.004536,-0.000368,-0.000992,0.013479
935.000000,0.002902,0.005895,-0.000363,-0.001474,-0.002132
936.000000,0.007644,0.004566,-0.001789,-0.001083,0.004184
937.000000,0.001447,0.004127,-0.002637,-0.001166,-0.010455
938.000000,0.006060,0.002753,0.000591,0.000255,0.025224
939.000000,-0.006557,0.001824,-0.000761,-0.001649,-0.049606
940.000000,-0.010437,-0.003767,-0.002015,-0.002309,-0.021532
941.000000,-0.008926,-0.000641,-0.000791,-0.002568,0.011737
942.000000,-0.010391,-0.004472,-0.001770,-0.002590,-0.017779
943.000000,-0.021506,-0.007723,-0.002359,-0.003427,-0.030353
944.000000,-0.007496,-0.007027,-0.001245,-0.002587,0.020446
945.000000,-0.003844,-0.007140,-0.000622,-0.002622,-0.003270
946.000000,-0.004122,-0.006524,-0.000979,-0.003368,0.010344
947.000000,0.002808,-0.003791,0.000168,-0.003022,0.016873
948.000000,0.004660,-0.008423,-0.002835,-0.002414,-0.021096
949.000000,0.004055,-0.001720,0.000052,-0.001081,0.017424
950.000000,0.006302,0.001229,-0.001269,-0.000934,0.007965
951.000000,-0.002676,-0.003399,-0.002020,-0.001661,-0.034545
952.000000,-0.011073,-0.004132,-0.004302,-0.002558,-0.025114
953.000000,-0.005411,-0.000376,-0.004049,-0.001698,0.007216
954.000000,-0.011030,-0.003488,-0.005257,-0.001993,-0.010675
955.000000,-0.010723,-0.002210,-0.004675,-0.001152,0.009503
956.000000,-0.000707,-0.001692,-0.004108,-0.001216,0.015531
957.000000,0.002610,-0.004231,-0.004011,-0.001299,-0.008525
958.000000,0.004726,-0.000342,-0.004383,-0.002004,0.017794
959.000000,0.003219,-0.003906,-0.002813,-0.001267,-0.018210
960.000000,0.003551,-0.003586,-0.001178,-0.002041,0.011163
961.000000,0.000115,-0.000296,-0.001847,-0.001445,-0.001646
962.000000,0.002117,0.002363,-0.000884,-0.002080,0.001481
963.000000,0.014030,0.009378,0.004501,0.000426,0.077363
964.000000,0.023996,0.013607,0.005060,0.001031,0.031618
965.000000,0.014111,0.008831,0.003310,-0.000173,-0.038262
966.000000,0.015845,0.007980,0.003144,-0.000079,0.007025
967.000000,0.009868,0.005993,0.000881,-0.000677,-0.028401
968.000000,-0.005949,0.004041,0.001849,-0.001575,-0.001724
969.000000,-0.009965,0.007016,0.001555,0.000463,0.011539
970.000000,-0.016693,-0.001291,-0.002439,-0.001216,-0.071904
971.000000,-0.019268,-0.001711,-0.001004,-0.001802,-0.005848
972.000000,-0.000910,0.004479,0.003421,0.000903,0.063386
973.000000,-0.001006,-0.003478,0.002950,0.001842,-0.002204
974.000000,-0.025391,-0.017678,-0.002035,-0.002519,-0.110382
975.000000,-0.001942,-0.009317,-0.000243,-0.000899,0.045339
976.000000,0.001685,-0.008791,-0.000405,-0.000834,0.012289
977.000000,-0.007451,-0.004180,0.000906,-0.000806,0.017705
978.000000,-0.006260,-0.003633,0.000204,0.000022,0.003748
979.000000,0.010676,-0.007357,-0.000171,-0.001416,-0.025699
980.000000,-0.002046,-0.001994,-0.001643,-0.002290,-0.018272
981.000000,-0.005628,-0.001972,-0.001841,-0.001326,-0.005624
982.000000,-0.005948,-0.006700,-0.001110,0.000048,0.016106
983.000000,-0.006849,-0.006555,-0.005016,-0.000218,-0.000757
984.000000,-0.000786,0.004945,-0.006366,0.000292,0.004618
985.000000,0.013011,0.005482,-0.001918,0.001665,0.050711
986.000000,0.009300,0.001836,-0.003478,0.000342,-0.024177
987.000000,0.005130,-0.000409,-0.002295,0.000468,-0.004742
988.000000,0.006833,-0.000008,-0.001821,0.000133,0.007756
989.000000,0.009088,0.004151,-0.001603,0.001270,0.015894
990.000000,-0.002274,0.005368,0.001687,0.000694,-0.006102
991.000000,0.004883,0.007092,0.002560,0.001136,0.011610
992.000000,0.006436,0.005783,-0.000458,0.001188,0.003020
993.000000,0.014295,0.010564,0.002005,0.000177,0.047050
994.000000,-0.016425,-0.003668,0.000638,-0.005467,-0.137705
995.000000,-0.024216,-0.013245,-0.003881,-0.005693,-0.045056
996.000000,-0.020256,-0.007687,-0.002925,-0.004881,0.031408
997.000000,-0.015335,-0.004450,-0.002429,-0.003013,0.027628
998.000000,-0.019101,-0.002403,-0.001206,-0.002015,0.028218
999.000000,-0.000906,-0.008665,-0.002257,-0.003957,-0.046726
1000.000000,0.011841,-0.006187,-0.000410,-0.000938,0.018679
1001.000000,0.009412,-0.005422,0.000835,-0.000101,0.019262
1002.000000,0.015097,-0.000119,0.002832,-0.000345,0.056051
1003.000000,0.011571,-0.003765,0.003399,0.000081,0.010591
1004.000000,0.019132,0.009113,0.002722,0.003463,-0.008924
1005.000000,0.011665,0.011753,-0.000746,0.001330,-0.018656
1006.000000,0.007651,0.008531,0.000422,0.000894,-0.000809
1007.000000,-0.005641,0.004728,0.000139,-0.000044,-0.010407
1008.000000,-0.007302,0.002135,-0.000134,-0.000092,0.002286
1009.000000,0.001659,0.010395,0.000865,0.001960,0.035881
1010.000000,0.023533,0.017599,0.005706,0.005593,0.090715
1011.000000,0.029962,0.018806,0.006692,0.006825,0.031333
1012.000000,0.033652,0.014006,0.006943,0.006557,0.008045
1013.000000,0.031669,0.012184,0.004209,0.006328,-0.007627
1014.000000,0.014489,0.008074,0.008593,0.004506,-0.050023
1015.000000,-0.002647,0.010443,0.011098,0.002984,0.005036
1016.000000,-0.009526,0.010218,0.009375,0.003687,-0.003063
1017.000000,-0.013530,0.010061,0.007394,0.003446,-0.011975
1018.000000,-0.011164,0.010253,0.006194,0.003328,0.004204
1019.000000,-0.003410,0.005540,0.007967,0.002423,-0.011250
1020.000000,-0.007992,-0.005319,0.006140,0.002031,-0.017874
1021.000000,-0.008108,-0.008817,0.004995,0.001522,-0.003644
1022.000000,-0.008192,-0.010861,0.001572,0.001008,-0.012397
1023.000000,-0.009665,-0.010415,0.000884,-0.000665,-0.003162
1024.000000,-0.009371,-0.006390,0.000842,0.003599,-0.009780
1025.000000,-0.004196,-0.006094,0.002175,0.005367,0.008002
1026.000000,-0.005302,-0.006705,0.001756,0.004015,-0.009173
1027.000000,0.001244,-0.003474,0.003293,0.003772,0.020331
1028.000000,0.004370,-0.002648,0.003803,0.003247,0.012472
1029.000000,0.000281,-0.004545,0.000497,0.003797,-0.030229
1030.000000,-0.003513,-0.003855,-0.004587,0.002808,-0.010965
1031.000000,0.000219,-0.002542,-0.005679,0.002482,0.009484
1032.000000,-0.004582,-0.001669,-0.006265,0.000492,-0.003673
1033.000000,-0.009202,-0.002416,-0.006415,-0.000216,-0.010626
1034.000000,-0.002036,-0.000877,-0.003634,0.000269,0.005603
1035.000000,-0.000742,-0.002127,-0.004111,0.000741,-0.004495
1036.000000,-0.000656,-0.000219,-0.003462,0.001098,0.009910
1037.000000,0.002768,-0.000907,-0.002191,0.001893,0.013449
1038.000000,0.008718,-0.000242,-0.001445,0.002454,0.019121
1039.000000,0.005143,0.001554,-0.001496,0.000849,-0.012272
1040.000000,0.003619,0.001439,-0.001208,-0.002578,-0.012114
1041.000000,0.003291,0.001317,-0.000612,-0.003347,0.008272
1042.000000,0.002044,0.002406,0.000368,-0.003375,0.007211
1043.000000,-0.002378,0.003170,0.000377,-0.003220,-0.002985
1044.000000,0.001756,0.003449,0.001286,-0.001273,0.008398
1045.000000,0.005180,0.004399,0.001136,-0.001274,0.005005
1046.000000,0.002083,0.002687,0.001234,-0.001412,-0.007212
1047.000000,0.005101,0.003572,0.001333,-0.000270,0.022302
1048.000000,0.003797,0.000710,0.000234,-0.000727,-0.009508
1049.000000,0.005178,0.003467,0.002510,0.000158,0.015303
1050.000000,0.001702,0.003441,0.002440,0.000342,-0.012373
1051.000000,-0.003179,-0.000548,0.000385,-0.000591,-0.031620
1052.000000,-0.010399,-0.002649,-0.000122,-0.000637,-0.013797
1053.000000,-0.009852,-0.003028,0.000071,-0.000758,-0.006773
1054.000000,-0.011715,-0.003269,0.000090,-0.000232,0.005988
1055.000000,-0.013319,-0.005808,-0.000704,-0.001179,-0.020393
1056.000000,-0.012094,-0.007637,-0.002475,-0.001723,-0.025495
1057.000000,-0.008481,-0.009440,-0.002934,-0.002258,0.004267
1058.000000,-0.006652,-0.008252,-0.003771,-0.002595,0.002372
1059.000000,-0.008390,-0.010052,-0.003293,-0.001677,-0.002699
1060.000000,-0.007415,-0.010367,-0.003463,-0.001829,-0.015520
1061.000000,-0.004828,-0.008461,-0.004504,-0.002564,-0.012558
1062.000000,-0.003369,-0.005925,-0.004287,-0.002056,0.011559
1063.000000,-0.003544,-0.005098,-0.004063,-0.001652,0.001498
1064.000000,-0.004674,-0.006532,-0.004900,-0.002117,-0.008350
1065.000000,-0.002293,-0.004854,-0.005331,-0.002088,-0.003612
1066.000000,-0.000287,-0.002557,-0.005097,-0.002502,-0.002528
1067.000000,0.001063,-0.001153,-0.005297,-0.002340,0.018308
1068.000000,0.003004,-0.000270,-0.004261,-0.002604,0.011203
1069.000000,0.003293,-0.000690,-0.005371,-0.002425,-0.006905
1070.000000,0.000773,-0.000760,-0.005563,-0.002562,-0.016215
1071.000000,-0.000388,-0.000338,-0.004399,-0.003115,-0.008334
1072.000000,-0.007615,-0.003276,-0.004601,-0.003950,-0.017825
1073.000000,-0.011099,-0.004047,-0.004573,-0.004058,-0.006215
1074.000000,-0.009493,-0.003100,-0.004816,-0.004300,0.001125
1075.000000,-0.003177,-0.001202,-0.003028,-0.003955,0.015363
1076.000000,-0.002398,-0.001393,-0.001975,-0.003862,-0.004439
1077.000000,-0.002843,-0.005229,-0.003191,-0.005274,-0.020047
1078.000000,0.004892,-0.003103,-0.001686,-0.003875,0.032460
1079.000000,0.005477,-0.002008,-0.001349,-0.004250,0.004048
1080.000000,0.001375,-0.000901,-0.000830,-0.004009,-0.005147
1081.000000,0.006067,0.001834,0.000748,-0.002321,0.019019
1082.000000,0.007116,0.002137,-0.000570,-0.002355,-0.014799
1083.000000,-0.002602,0.001145,-0.001451,-0.002667,-0.016133
1084.000000,0.001191,0.003334,0.000117,-0.002099,0.023017
1085.000000,0.003903,0.002639,0.000719,-0.001139,0.008414
1086.000000,0.000398,0.003232,0.000920,-0.000239,0.001492
1087.000000,0.013342,0.010229,0.002500,0.001282,0.049922
1088.000000,0.017935,0.007666,0.002282,0.001431,0.006832
1089.000000,0.019208,0.010200,0.004096,0.002500,0.029381
1090.000000,0.020272,0.012088,0.005593,0.003476,0.013736
1091.000000,0.015456,0.007927,0.004881,0.003141,-0.022590
1092.000000,0.005042,0.009192,0.005664,0.002684,-0.002149
1093.000000,0.001621,0.009778,0.005462,0.002292,-0.010272
1094.000000,-0.011109,0.004049,0.003692,0.001428,-0.034271
1095.000000,-0.013503,0.003385,0.003012,0.001607,0.001766
1096.000000,-0.015092,0.000182,0.001707,0.000674,-0.030534
1097.000000,-0.017846,-0.006402,0.001914,-0.000467,-0.015918
1098.000000,-0.014052,-0.006215,0.000726,-0.000551,0.008699
1099.000000,-0.005787,-0.008448,0.000876,-0.000085,0.007054
1100.000000,-0.007184,-0.010344,0.000872,0.000281,-0.005223
1101.000000,-0.008099,-0.011595,-0.001834,-0.000611,-0.035106
1102.000000,-0.004022,-0.010934,-0.000871,0.000132,0.004467
1103.000000,-0.010673,-0.012362,-0.001292,-0.000480,-0.024555
1104.000000,-0.009327,-0.007557,-0.001754,-0.000058,0.013784
1105.000000,-0.027893,-0.017538,-0.007077,-0.003838,-0.098052
1106.000000,-0.027794,-0.017946,-0.008882,-0.004844,-0.034614
1107.000000,-0.033859,-0.018940,-0.012671,-0.005038,-0.025856
1108.000000,-0.030578,-0.020626,-0.013420,-0.006391,-0.008155
1109.000000,-0.033172,-0.021249,-0.014849,-0.006499,0.000818
1110.000000,-0.013050,-0.020472,-0.015408,-0.006242,0.002553
1111.000000,-0.000992,-0.014393,-0.012994,-0.006020,0.025680
1112.000000,0.006650,-0.013604,-0.012269,-0.005115,0.012351
1113.000000,0.007848,-0.011365,-0.011864,-0.004650,-0.002163
1114.000000,0.007409,-0.012881,-0.010219,-0.005463,-0.001379
1115.000000,0.004259,-0.004396,-0.010967,-0.006183,-0.013194
1116.000000,0.004600,0.001804,-0.008071,-0.005320,0.027383
1117.000000,0.006854,0.006752,-0.006094,-0.006197,0.023621
1118.000000,0.010113,0.008981,-0.005823,-0.005953,0.014134
1119.000000,0.012474,0.009941,-0.005654,-0.006585,0.010425
1120.000000,0.032823,0.018541,-0.000965,-0.004091,0.088553
1121.000000,0.027313,0.015956,0.000782,-0.003344,-0.000170
1122.000000,0.015690,0.011272,-0.001166,-0.004422,-0.034492
1123.000000,0.016652,0.013383,0.001009,-0.003448,0.018946
1124.000000,0.019482,0.015978,0.001548,-0.001487,0.024575
1125.000000,0.009241,0.021032,0.008318,-0.000301,0.037345
1126.000000,0.013518,0.020415,0.011110,0.001424,0.021217
1127.000000,0.020163,0.017926,0.012339,0.001913,-0.001268
1128.000000,0.014813,0.015733,0.012357,0.001363,-0.007804
1129.000000,0.005076,0.012279,0.011110,0.000324,-0.024111
1130.000000,0.003577,0.006409,0.012475,0.001493,0.029851
1131.000000,-0.006113,0.003702,0.009829,0.001755,-0.027233
1132.000000,-0.007105,0.006529,0.008900,0.001399,-0.006227
1133.000000,-0.006516,0.004148,0.008765,0.002055,-0.004861
1134.000000,0.004758,0.004917,0.010448,0.002671,0.032262
1135.000000,-0.007648,-0.002035,0.009498,0.004867,-0.032180
1136.000000,0.001027,-0.002543,0.008936,0.006559,0.016138
1137.000000,0.003406,-0.001849,0.008039,0.007610,0.005672
1138.000000,0.005281,-0.000617,0.007558,0.008032,0.004515
1139.000000,-0.000176,0.002291,0.007285,0.008170,0.004975
1140.000000,0.009389,0.000871,0.003640,0.008607,0.015645
1141.000000,0.005846,0.003436,0.003569,0.007698,-0.001577
1142.000000,0.003238,0.003322,0.004926,0.007041,-0.007367
1143.000000,0.003903,0.004592,0.004370,0.007374,0.007840
1144.000000,0.003743,0.001783,0.003350,0.007559,0.004172
1145.000000,0.004519,0.006954,0.002459,0.008650,0.019525
1146.000000,0.007862,0.006854,0.002155,0.008242,0.015138
1147.000000,0.007735,0.005487,0.001819,0.007188,-0.007999
1148.000000,0.004029,0.003966,0.001674,0.006361,-0.010689
1149.000000,0.005837,0.004790,0.003540,0.006453,0.013210
1150.000000,0.006234,0.005376,0.003123,0.004219,0.021511
1151.000000,0.009194,0.008528,0.005982,0.005222,0.029939
1152.000000,0.009850,0.008793,0.006057,0.006215,-0.004722
1153.000000,0.012642,0.008336,0.006464,0.005692,0.003271
1154.000000,0.010261,0.008049,0.004916,0.004916,0.001305
1155.000000,0.004138,0.005186,0.006070,0.003368,-0.009101
1156.000000,-0.001966,0.003614,0.005234,0.002641,-0.000585
1157.000000,0.001437,0.005643,0.005565,0.003093,0.012292
1158.000000,-0.002556,0.005043,0.004505,0.002797,-0.016693
1159.000000,-0.001630,0.004315,0.004553,0.003799,0.005936
1160.000000,-0.006573,-0.001217,0.002080,0.001677,-0.033813
1161.000000,-0.005505,-0.003736,0.002396,0.002743,0.004751
1162.000000,-0.006420,-0.002492,0.003150,0.003208,0.007719
1163.000000,-0.001224,-0.001890,0.003223,0.003679,0.009288
1164.000000,-0.000439,-0.001035,0.003507,0.002933,0.009862
1165.000000,0.003492,-0.001540,0.001823,0.003533,-0.014161
1166.000000,0.000706,-0.002400,0.000607,0.002689,-0.009178
1167.000000,-0.000793,-0.003607,0.001018,0.002508,0.000225
1168.000000,0.004375,0.001575,0.003309,0.003528,0.035125
1169.000000,-0.001293,-0.000866,0.001725,0.002746,-0.018476
1170.000000,0.004626,0.004059,0.001421,0.002739,0.015433
1171.000000,0.006113,0.003409,-0.000163,0.002734,-0.001743
1172.000000,0.008208,0.003708,0.000608,0.003336,0.010703
1173.000000,0.000260,0.002317,0.000214,0.002921,-0.004614
1174.000000,0.004057,0.001382,0.000174,0.002799,0.000506
1175.000000,0.006610,0.005618,0.002039,0.003088,0.028201
1176.000000,0.009291,0.007702,0.002651,0.002972,0.011658
1177.000000,0.008037,0.008122,0.002258,0.003386,0.004432
1178.000000,0.009511,0.004886,0.003231,0.003835,0.002760
1179.000000,0.007165,0.005611,0.002372,0.003020,-0.011226
1180.000000,-0.001721,0.002445,0.003252,0.001762,-0.016229
1181.000000,-0.001603,0.003844,0.003627,0.001172,0.012248
1182.000000,-0.000900,0.003568,0.003638,0.001595,0.007944
1183.000000,0.001838,0.005675,0.003996,0.002034,0.016453
1184.000000,0.001541,0.004353,0.002867,0.001567,-0.012712
1185.000000,0.007643,0.002961,0.004290,0.002346,0.014281
1186.000000,0.000991,-0.000306,0.003698,0.001665,-0.021011
1187.000000,-0.001729,-0.001315,0.003404,0.001067,-0.005655
1188.000000,-0.004893,-0.001528,0.001679,0.001645,0.000630
1189.000000,-0.002351,-0.000405,0.002603,0.001447,0.000000
1190.000000,-0.005347,0.001148,0.001796,0.002550,-0.000700
1191.000000,0.000445,0.000718,0.002281,0.002657,0.007950
1192.000000,-0.004432,-0.003080,0.000244,0.001399,-0.030038
1193.000000,-0.004916,-0.004905,0.000385,0.001029,-0.001791
1194.000000,-0.006514,-0.004433,-0.000040,0.000434,-0.007992
1195.000000,-0.003575,-0.004461,-0.000750,0.001373,0.013997
1196.000000,-0.004269,-0.001912,-0.001109,0.001828,0.004481
1197.000000,0.002532,-0.000950,-0.001132,0.001953,0.003966
1198.000000,0.003526,-0.000695,-0.001111,0.000888,0.003176
1199.000000,0.007728,0.000607,0.000101,0.001938,0.013020
1200.000000,0.001435,-0.001070,0.000039,0.000841,-0.017469
1201.000000,0.000312,-0.001978,-0.000630,0.000861,-0.001133
1202.000000,0.003309,0.002920,-0.000080,0.001136,0.018949
1203.000000,-0.000989,0.001268,-0.001818,0.000680,-0.018312
1204.000000,-0.003267,0.002230,-0.001101,0.000717,0.001627
1205.000000,-0.000979,0.000228,-0.002117,-0.000424,-0.006027
1206.000000,-0.000426,-0.000057,-0.000984,-0.000758,0.001634
1207.000000,-0.000948,0.001180,0.000115,-0.000361,0.016338
1208.000000,-0.001407,-0.001198,-0.000946,-0.001140,-0.020608
1209.000000,-0.001419,-0.002343,-0.000868,-0.000714,0.001568
1210.000000,-0.002274,-0.001627,-0.001348,-0.000516,-0.010305
1211.000000,-0.008174,-0.004300,-0.003139,-0.001853,-0.027863
1212.000000,-0.009293,-0.005121,-0.001100,-0.001760,0.010741
1213.000000,-0.012096,-0.006751,-0.002741,-0.003462,-0.034618
1214.000000,-0.021617,-0.011518,-0.004644,-0.004573,-0.046040
1215.000000,-0.015551,-0.008913,-0.004342,-0.004382,0.020025
1216.000000,-0.011242,-0.009708,-0.004882,-0.003892,-0.006318
1217.000000,-0.026568,-0.017931,-0.008375,-0.005900,-0.065890
1218.000000,-0.025754,-0.018925,-0.010061,-0.006939,-0.030547
1219.000000,-0.017288,-0.019453,-0.010898,-0.007063,-0.003712
1220.000000,-0.017320,-0.016436,-0.009031,-0.006377,0.019865
1221.000000,-0.019494,-0.015368,-0.009834,-0.007215,-0.017188
1222.000000,-0.003779,-0.015174,-0.010147,-0.005791,0.012684
1223.000000,-0.001158,-0.013456,-0.010104,-0.006313,-0.017440
1224.000000,0.001276,-0.008006,-0.009762,-0.005765,0.008457
1225.000000,-0.004770,-0.011045,-0.009979,-0.006577,-0.010365
1226.000000,-0.004342,-0.011918,-0.010813,-0.007228,-0.015047
1227.000000,-0.013092,-0.008436,-0.013183,-0.008395,-0.031064
1228.000000,-0.008950,-0.005054,-0.011989,-0.008392,0.003268
1229.000000,-0.010660,-0.004692,-0.012072,-0.008829,-0.000091
1230.000000,-0.007610,-0.006190,-0.011313,-0.008084,0.004882
1231.000000,-0.008941,-0.006641,-0.011005,-0.008770,-0.021700
1232.000000,-0.003541,-0.008316,-0.011745,-0.009537,-0.004064
1233.000000,-0.005029,-0.006990,-0.010223,-0.009066,-0.004173
1234.000000,-0.003142,-0.006901,-0.007454,-0.008808,0.009343
1235.000000,-0.005709,-0.006660,-0.008852,-0.008873,-0.007950
1236.000000,-0.000720,-0.004831,-0.008374,-0.008819,0.003243
1237.000000,-0.001263,-0.002402,-0.005419,-0.009589,-0.006776
1238.000000,0.004066,-0.000481,-0.002768,-0.008153,0.022471
1239.000000,0.000643,-0.001250,-0.002971,-0.008465,-0.007771
1240.000000,0.007290,0.000791,-0.002700,-0.007278,0.025283
1241.000000,0.001475,0.000377,-0.003132,-0.007211,-0.025834
1242.000000,0.003783,0.001260,-0.003528,-0.007410,0.004764
1243.000000,-0.005596,-0.000765,-0.003877,-0.007070,-0.024423
1244.000000,0.009849,0.005246,-0.000827,-0.003220,0.069455
