0.000000,0.006443,0.002746,0.003491,0.004170,0.031619
1.000000,0.008059,0.001325,0.003928,0.004096,0.006893
2.000000,0.014949,0.006642,0.005253,0.004970,0.032661
3.000000,0.016369,0.006576,0.005216,0.004538,0.001107
4.000000,0.013902,0.006595,0.004164,0.004172,-0.002771
5.000000,0.007245,0.006844,0.004810,0.004243,-0.001666
6.000000,0.008187,0.008123,0.004691,0.004650,0.011606
7.000000,0.002532,0.008741,0.005335,0.003801,0.004386
8.000000,0.001324,0.008846,0.004604,0.003924,-0.004936
9.000000,0.001878,0.007890,0.004664,0.003862,0.000000
10.000000,0.000887,0.004066,0.003406,0.003683,-0.006619
11.000000,0.000000,0.004094,0.002709,0.003983,0.007168
12.000000,0.001851,0.002192,0.004417,0.004232,0.013643
13.000000,0.009029,0.005176,0.005876,0.005203,0.030952
14.000000,0.004780,0.003329,0.004962,0.003886,-0.021243
15.000000,0.008240,0.004564,0.005704,0.004728,0.010678
16.000000,0.011010,0.005505,0.006814,0.004963,0.021020
17.000000,0.008904,0.005378,0.007059,0.005349,0.003115
18.000000,0.004880,0.006954,0.007900,0.005387,0.010828
19.000000,0.007377,0.006079,0.006984,0.005135,-0.008756
20.000000,0.005861,0.007050,0.005558,0.004621,0.003099
21.000000,0.004728,0.007869,0.005981,0.004429,0.015353
22.000000,0.000828,0.004866,0.003529,0.004567,-0.016385
23.000000,0.001736,0.003308,0.004242,0.005020,0.015369
24.000000,0.002161,0.004769,0.004049,0.004898,-0.006631
25.000000,0.002867,0.004364,0.004464,0.005257,0.006631
26.000000,0.000000,0.002364,0.003934,0.005331,0.001016
27.000000,0.003277,0.002052,0.003715,0.005390,0.000000
28.000000,0.003727,0.002732,0.004843,0.006177,0.017619
29.000000,0.004854,0.003507,0.004793,0.005825,-0.000999
30.000000,0.004921,0.003894,0.005472,0.005004,0.006969
31.000000,0.004321,0.002160,0.005015,0.004708,-0.001986
32.000000,0.004221,0.003749,0.004308,0.003602,-0.000497
33.000000,-0.002915,0.000406,0.001857,0.002963,-0.018064
34.000000,-0.008364,-0.001755,0.001507,0.002114,-0.028243
35.000000,-0.005941,-0.000510,0.001927,0.002806,0.019088
36.000000,-0.010405,-0.003042,-0.000339,0.001609,-0.024309
37.000000,-0.011883,-0.003831,-0.000889,0.001200,-0.007884
38.000000,-0.006484,-0.004700,-0.000984,0.001662,0.008931
39.000000,-0.001989,-0.005177,-0.000835,0.001470,-0.005770
40.000000,-0.005176,-0.005558,-0.000832,0.001795,0.003151
41.000000,0.003940,-0.003233,-0.000536,0.002266,0.021272
42.000000,0.008877,-0.001503,0.001123,0.002371,0.016799
43.000000,0.010096,0.001806,0.001106,0.001840,0.015030
44.000000,0.014114,0.006062,0.002154,0.003025,0.014318
45.000000,0.017848,0.006336,0.002913,0.003397,0.021819
46.000000,0.015407,0.009674,0.003316,0.002998,0.009071
47.000000,0.011477,0.010177,0.003173,0.002799,-0.002856
48.000000,0.012528,0.011312,0.003306,0.003115,0.020288
49.000000,0.007032,0.010573,0.002698,0.002968,-0.013164
50.000000,0.001529,0.009688,0.002065,0.002675,-0.005695
51.000000,-0.002872,0.006268,0.001517,0.001732,-0.012934
52.000000,-0.002977,0.004250,0.001373,0.002165,-0.003381
53.000000,-0.003582,0.004473,0.003140,0.002229,0.017267
54.000000,-0.003148,0.001942,0.004002,0.002083,-0.010997
55.000000,-0.003844,-0.001158,0.002589,0.001556,-0.009177
56.000000,-0.002718,-0.002795,0.003439,0.001279,-0.007305
57.000000,-0.000484,-0.001731,0.004223,0.001538,0.007790
58.000000,-0.005789,-0.004685,0.003313,0.000642,-0.009257
59.000000,-0.001738,-0.002443,0.004065,0.000984,0.009257
60.000000,-0.003524,-0.003684,0.003002,0.000148,-0.018107
61.000000,-0.002360,-0.002539,0.001864,0.000165,-0.001483
62.000000,-0.009230,-0.004857,-0.000304,-0.000704,-0.026561
63.000000,-0.007176,-0.006482,-0.001005,-0.000068,0.001015
64.000000,-0.013024,-0.007381,-0.002720,0.000208,-0.019985
65.000000,-0.006729,-0.005127,-0.003142,0.000017,0.013368
66.000000,-0.005008,-0.003684,-0.003240,0.001065,0.007125
67.000000,0.004420,-0.002405,-0.002068,0.002014,0.020578
68.000000,0.006391,-0.000392,-0.002539,0.002078,0.010870
69.000000,0.006918,-0.003053,-0.002748,0.001692,-0.017349
70.000000,-0.001435,-0.004082,-0.003883,0.000641,-0.028399
71.000000,-0.002346,-0.003677,-0.003108,0.000017,0.002569
72.000000,-0.010819,-0.003199,-0.004028,-0.001269,-0.021785
73.000000,-0.013098,-0.003353,-0.004918,-0.001788,-0.000525
74.000000,-0.007333,-0.000207,-0.003794,-0.001882,0.011476
75.000000,-0.003215,-0.002325,-0.003726,-0.002870,-0.007811
76.000000,-0.001029,-0.001688,-0.002686,-0.002722,0.013500
77.000000,0.005176,-0.002821,-0.002613,-0.002319,0.009240
78.000000,0.006097,-0.003500,-0.001946,-0.002859,0.004080
79.000000,0.002679,-0.002327,-0.002690,-0.002608,-0.005614
80.000000,0.004854,0.000820,-0.001631,-0.002316,0.003066
81.000000,0.005293,0.002132,-0.000773,-0.001361,0.015693
82.000000,-0.004026,0.000575,-0.001312,-0.002494,-0.037354
83.000000,-0.000714,0.002692,-0.000331,-0.002381,0.020641
84.000000,0.012209,0.007444,0.003618,-0.000048,0.059001
85.000000,0.013417,0.009136,0.003405,0.000561,0.009106
86.000000,0.008842,0.007068,0.002690,0.000565,-0.007182
87.000000,0.018036,0.007005,0.002092,0.000593,0.008612
88.000000,0.015048,0.007167,0.001833,0.001091,0.005701
89.000000,0.010960,0.011585,0.004629,0.002068,0.038565
90.000000,0.010411,0.011914,0.006367,0.002884,0.006361
91.000000,0.017738,0.013290,0.007711,0.003915,0.029453
92.000000,0.013003,0.015519,0.008047,0.004298,-0.015065
93.000000,0.011416,0.013232,0.007962,0.004190,-0.002235
94.000000,0.007339,0.009149,0.008297,0.005462,0.018178
95.000000,0.004390,0.007401,0.008268,0.004737,-0.008383
96.000000,-0.003460,0.007139,0.007103,0.004173,-0.009795
97.000000,0.000089,0.006546,0.006775,0.003577,0.002681
98.000000,-0.000269,0.005574,0.006370,0.003080,-0.004024
99.000000,-0.003278,0.002030,0.006808,0.003763,0.003131
100.000000,0.009348,0.006869,0.009392,0.006534,0.054749
101.000000,0.012151,0.004346,0.008818,0.006589,0.004219
102.000000,0.013042,0.006565,0.011042,0.007553,0.007132
103.000000,0.009792,0.004762,0.008997,0.006895,-0.020271
104.000000,0.007108,0.001915,0.005532,0.006169,-0.010292
105.000000,-0.005226,0.002061,0.004731,0.006199,-0.006920
106.000000,-0.010902,0.000624,0.003882,0.004944,-0.024161
107.000000,-0.005338,0.003852,0.005199,0.005801,0.034953
108.000000,0.004805,0.007299,0.006436,0.006680,0.030446
109.000000,0.006363,0.006735,0.004383,0.006783,-0.002502
110.000000,0.005057,-0.000085,0.003392,0.006233,-0.013451
111.000000,0.009211,-0.000846,0.001750,0.005597,-0.003391
112.000000,0.004500,-0.000419,0.003073,0.007222,0.011400
113.000000,-0.004294,0.000256,0.002509,0.006083,-0.013525
114.000000,0.000417,0.003390,0.002652,0.004818,0.021053
115.000000,0.002774,0.003915,0.002988,0.004459,-0.001668
116.000000,0.003702,0.006457,0.003541,0.004740,0.001251
117.000000,-0.000757,0.001872,0.002862,0.004090,-0.010897
118.000000,0.000764,-0.001765,0.002767,0.003703,-0.005917
119.000000,-0.003107,-0.001345,0.002695,0.002474,0.001694
120.000000,-0.001004,0.000885,0.000400,0.002556,0.008848
121.000000,0.000333,0.002018,0.000586,0.001839,0.007938
122.000000,0.005978,0.002610,0.001096,0.002919,0.017327
123.000000,0.005848,0.003306,0.001781,0.002775,-0.006565
124.000000,0.007720,0.002307,0.002848,0.002537,0.011054
125.000000,0.005706,0.002351,0.003133,0.002776,-0.001222
126.000000,0.006308,0.003321,0.004889,0.003467,0.010947
127.000000,0.007860,0.006919,0.004395,0.004214,0.025086
128.000000,0.013606,0.009727,0.003981,0.005087,0.022167
129.000000,0.013918,0.010819,0.004737,0.005403,0.012612
130.000000,0.012867,0.009287,0.005086,0.003362,-0.006477
131.000000,0.005802,0.006055,0.004036,0.002409,-0.024377
132.000000,0.004048,0.005954,0.004282,0.002715,0.016317
133.000000,0.001151,0.007378,0.005342,0.003647,0.007678
134.000000,-0.004067,0.004926,0.003616,0.003541,-0.013475
135.000000,-0.005032,0.003917,0.003134,0.003395,-0.011304
136.000000,0.004109,0.004956,0.004138,0.004911,0.021331
137.000000,0.001459,0.002754,0.004836,0.003848,0.003065
138.000000,-0.000766,0.000192,0.004960,0.002718,-0.003449
139.000000,0.010568,0.003251,0.007035,0.004242,0.043199
140.000000,0.009343,0.002156,0.005721,0.004109,-0.017430
141.000000,0.008930,0.006520,0.006288,0.004864,0.019267
142.000000,0.006622,0.004041,0.004997,0.004202,-0.008476
143.000000,0.004929,0.002081,0.004730,0.004255,-0.011914
144.000000,-0.001254,0.004657,0.004791,0.003963,0.012284
145.000000,0.002232,0.005788,0.004853,0.004019,0.000000
146.000000,0.003131,0.006031,0.005493,0.004769,0.023763
147.000000,0.003449,0.005036,0.003895,0.004903,-0.006888
148.000000,0.005468,0.005198,0.002695,0.005039,-0.001820
149.000000,0.001180,-0.000037,0.001607,0.004678,-0.009153
150.000000,0.002134,0.002183,0.002169,0.004542,0.004770
151.000000,-0.002399,0.000366,0.003443,0.004314,0.001097
152.000000,-0.000656,0.001397,0.002719,0.003797,0.001826
153.000000,-0.007728,-0.001130,0.000476,0.002777,-0.037179
154.000000,0.001758,0.001469,0.003063,0.003684,0.038273
155.000000,-0.003099,-0.000482,0.002653,0.003074,-0.019511
156.000000,-0.007526,-0.004962,0.000534,0.002008,-0.021038
157.000000,-0.004578,-0.002617,0.001209,0.001724,0.016567
158.000000,0.002634,-0.002547,0.001326,0.000948,-0.001121
159.000000,-0.003012,-0.000627,-0.000332,0.000862,0.010043
160.000000,-0.000894,-0.001996,0.000093,0.000781,-0.008922
161.000000,0.004282,-0.001622,-0.000628,0.001755,0.004843
162.000000,0.001488,-0.001545,-0.000074,0.001297,0.002598
163.000000,0.001490,0.002062,0.000466,0.001004,-0.001113
164.000000,-0.011894,-0.007453,-0.002992,-0.000442,-0.056875
165.000000,-0.008233,-0.004564,-0.002523,0.000247,0.009382
166.000000,-0.006419,-0.001069,-0.003015,0.000000,0.013911
167.000000,-0.009955,-0.004233,-0.003425,-0.000605,-0.015079
168.000000,-0.007639,-0.003075,-0.002811,-0.000141,0.010463
169.000000,0.008234,-0.001830,-0.001229,-0.000831,0.022490
170.000000,0.008531,0.000149,-0.000924,0.000112,0.010872
171.000000,0.004102,-0.001159,-0.001390,-0.000805,-0.008237
172.000000,0.008317,-0.000819,-0.001182,-0.000322,0.005997
173.000000,0.013201,0.002781,0.002421,0.001238,0.034885
174.000000,0.008415,0.008324,0.000436,0.000780,-0.001445
175.000000,0.006890,0.007711,0.001573,0.000888,0.003247
176.000000,0.007888,0.005995,0.002463,-0.000012,-0.003247
177.000000,0.006254,0.007286,0.001526,0.000145,-0.002171
178.000000,0.002439,0.007820,0.002373,0.000733,0.015811
179.000000,-0.005422,0.001496,-0.000167,-0.000320,-0.040748
180.000000,-0.009819,-0.001465,-0.000658,-0.001104,-0.018741
181.000000,-0.008264,-0.000188,-0.000673,-0.000990,0.004530
182.000000,-0.009950,-0.001848,-0.001333,-0.001404,-0.010602
183.000000,-0.012125,-0.004843,-0.001031,0.000000,0.004936
184.000000,-0.004203,-0.004812,0.001756,-0.001314,-0.001137
185.000000,-0.000151,-0.004985,0.001363,-0.000613,0.001516
186.000000,-0.002044,-0.005154,0.000420,-0.000076,-0.004935
187.000000,-0.000686,-0.005318,0.000984,-0.000755,-0.003812
188.000000,0.001284,-0.005421,0.001200,-0.000225,0.014787
189.000000,-0.000608,-0.002405,-0.000454,-0.000913,-0.010594
190.000000,-0.001826,-0.000989,-0.001227,-0.000768,-0.004575
191.000000,0.001818,-0.000113,-0.000151,-0.000487,0.013285
192.000000,-0.000306,-0.000496,-0.001172,-0.001054,-0.014432
193.000000,-0.007673,-0.003194,-0.004019,-0.001752,-0.022047
194.000000,-0.004773,-0.002690,-0.003751,0.000274,0.003903
195.000000,0.002204,0.000189,-0.002398,0.000971,0.030311
196.000000,0.001128,0.001473,-0.001840,0.000771,0.007905
197.000000,0.006400,0.003047,-0.001136,0.001671,0.011927
198.000000,0.013459,0.002893,-0.001264,0.001764,0.013250
199.000000,0.015871,0.005549,0.001572,0.001547,0.015960
200.000000,0.011528,0.006866,0.002939,0.001471,0.008599
201.000000,0.014462,0.007795,0.003841,0.002498,0.022576
202.000000,0.009550,0.007975,0.003739,0.001877,-0.012636
203.000000,0.006970,0.010215,0.003510,0.000726,0.000353
204.000000,0.001363,0.008617,0.002963,0.000371,-0.012078
205.000000,-0.002730,0.004399,0.002294,-0.000132,-0.011864
206.000000,-0.005302,0.004580,0.003027,0.000300,0.009718
207.000000,-0.002703,0.003423,0.003235,0.000384,0.000358
208.000000,-0.004789,0.001091,0.001992,-0.000479,-0.010076
209.000000,-0.004408,-0.001523,0.002013,0.000540,-0.010178
210.000000,-0.002841,-0.002785,0.002040,0.001031,-0.004027
211.000000,-0.001871,-0.003586,0.002104,0.001365,0.014567
212.000000,-0.000933,-0.001818,0.003078,0.001887,0.005049
213.000000,-0.001088,-0.002938,0.003638,0.001361,-0.010850
214.000000,0.002758,-0.000825,0.003896,0.001700,0.009050
215.000000,0.000952,-0.000945,0.001727,0.001215,-0.013058
216.000000,0.004787,0.001458,0.003019,0.002504,0.033743
217.000000,0.008659,0.003863,0.003643,0.003444,0.024408
218.000000,0.010277,0.004594,0.002843,0.002860,-0.002760
219.000000,0.010050,0.006404,0.002440,0.003476,0.007913
220.000000,0.011768,0.006360,0.001787,0.003480,-0.004465
221.000000,0.004882,0.004834,0.000624,0.003014,-0.000689
222.000000,-0.000483,0.004088,0.001135,0.003415,-0.002414
223.000000,0.001034,0.005655,0.001358,0.004311,0.004823
224.000000,0.000137,0.005093,0.002134,0.004295,0.003431
225.000000,0.003074,0.007421,0.003238,0.003625,0.010222
226.000000,0.004967,0.004924,0.003191,0.003654,0.008775
227.000000,0.004034,0.001775,0.002819,0.003021,-0.007081
228.000000,0.003407,0.002220,0.003407,0.002635,0.001691
229.000000,0.002180,0.001158,0.003781,0.002013,-0.002706
230.000000,-0.004942,-0.000934,0.002713,0.000880,-0.025387
231.000000,-0.005934,-0.000483,0.002175,0.000255,0.003815
232.000000,-0.006046,-0.001006,0.001541,0.000421,-0.007644
233.000000,-0.006385,-0.001489,0.002083,0.000409,0.000000
234.000000,-0.006542,-0.002181,0.001456,0.000696,-0.003494
235.000000,0.000278,-0.002332,0.002545,0.001381,0.008712
236.000000,0.001792,-0.002071,0.001427,0.001437,0.011385
237.000000,0.002909,-0.001569,0.000103,0.001356,-0.002060
238.000000,0.003046,-0.001669,0.000276,0.001715,0.000687
239.000000,0.004568,-0.000987,0.000086,0.002192,0.004114
240.000000,0.002688,0.001483,0.000275,0.002303,-0.000684
241.000000,0.002726,0.002259,0.000888,0.002203,0.011573
242.000000,0.000549,0.001729,0.000361,0.001603,-0.012943
243.000000,0.006489,0.004768,0.001639,0.002978,0.030387
244.000000,0.007915,0.006241,0.002030,0.003051,0.011244
245.000000,0.008052,0.005370,0.001519,0.003486,0.000000
246.000000,0.005869,0.004297,0.001113,0.002384,0.000657
247.000000,0.008523,0.004536,0.001484,0.001581,0.000329
248.000000,0.000995,0.003742,0.001036,0.001431,-0.007254
249.000000,-0.001386,0.003265,0.001139,0.001145,-0.000662
250.000000,-0.001386,0.003333,0.002408,0.001294,0.000000
251.000000,0.001375,0.003622,0.002941,0.001799,0.014464
252.000000,-0.000066,0.004229,0.002979,0.001650,-0.006877
253.000000,0.003217,0.002106,0.003437,0.001795,0.009159
254.000000,0.002435,0.000525,0.003383,0.001528,-0.004569
255.000000,0.002828,0.000721,0.003046,0.001253,0.001961
256.000000,0.001236,0.001306,0.002802,0.001177,0.006508
257.000000,0.004291,0.002113,0.003325,0.001693,0.008398
258.000000,0.001557,0.002387,0.003065,0.001487,-0.004513
259.000000,0.000000,0.001218,0.002241,0.001165,-0.012354
260.000000,0.004455,0.003641,0.003487,0.002819,0.024238
261.000000,0.006258,0.003747,0.003685,0.003210,0.015524
262.000000,0.008254,0.006273,0.005251,0.004077,0.018378
263.000000,0.009219,0.005388,0.003747,0.004087,0.000309
264.000000,0.020384,0.010192,0.005358,0.005653,0.043472
265.000000,0.015477,0.009966,0.005344,0.005352,-0.000295
266.000000,0.009335,0.007797,0.004551,0.004467,-0.015186
267.000000,-0.002172,0.003041,0.002577,0.003230,-0.039161
268.000000,-0.006332,0.001443,0.001915,0.002524,-0.020489
269.000000,-0.013314,0.003535,0.002376,0.002672,0.008562
270.000000,-0.017016,-0.000769,0.001436,0.002068,-0.018805
271.000000,-0.010913,-0.000789,0.001479,0.002194,0.015326
272.000000,-0.005056,-0.003614,0.001330,0.002296,-0.009871
273.000000,-0.009189,-0.007760,-0.001186,-0.000089,-0.041155
274.000000,-0.007398,-0.010356,-0.000082,0.000120,0.017518
275.000000,-0.003375,-0.010195,-0.000114,0.000164,0.001310
276.000000,-0.004097,-0.007505,0.000146,0.000532,0.011711
277.000000,0.000511,-0.002272,0.000384,0.000961,0.013173
278.000000,0.010964,0.000888,0.001166,0.001573,0.011109
279.000000,0.012202,0.002402,0.002969,0.002385,0.023707
280.000000,0.012248,0.004437,0.001834,0.002436,0.001540
281.000000,0.013868,0.004885,0.002048,0.002614,0.019809
282.000000,0.007517,0.004014,0.000200,0.002224,-0.018578
283.000000,0.010094,0.010529,0.001385,0.002719,0.023995
284.000000,0.002512,0.007357,-0.001499,0.002398,-0.014206
285.000000,0.004022,0.008135,-0.001030,0.002635,0.009091
286.000000,0.001203,0.007535,0.000015,0.002609,0.005715
287.000000,0.007304,0.007411,0.002569,0.002727,0.011926
288.000000,-0.001809,0.004143,0.002515,0.002158,-0.021571
289.000000,-0.000061,0.001226,0.001814,0.002388,-0.005466
290.000000,-0.000786,0.001618,0.003027,0.001762,0.005466
291.000000,0.000539,0.000871,0.002878,0.001656,0.012340
292.000000,-0.005468,0.000918,0.002466,0.000439,-0.018111
293.000000,0.007315,0.002753,0.006641,0.001841,0.042344
294.000000,0.007413,0.003676,0.005516,0.000226,-0.004976
295.000000,0.008943,0.004079,0.006107,0.000673,0.013118
296.000000,0.005721,0.003130,0.005333,0.001053,-0.003772
297.000000,0.008469,0.001500,0.004456,0.002213,-0.004370
298.000000,-0.001524,0.002895,0.003519,0.002642,-0.007620
299.000000,-0.000647,0.003383,0.002304,0.002337,-0.000589
300.000000,-0.006894,0.001024,0.001321,0.002360,-0.018120
301.000000,-0.006861,-0.000570,0.000151,0.001729,-0.003604
302.000000,-0.002823,0.002823,0.001871,0.002585,0.015819
303.000000,-0.001121,-0.001323,0.000715,0.003987,0.000888
304.000000,0.002748,0.001051,0.002363,0.004028,0.018758
305.000000,0.011248,0.002177,0.003128,0.004797,0.024381
306.000000,0.012139,0.002639,0.002885,0.004435,0.000850
307.000000,0.007441,0.002309,0.001905,0.003740,-0.007674
308.000000,0.006348,0.002613,0.002754,0.003217,-0.004575
309.000000,0.000580,0.001664,0.002524,0.002091,-0.010082
310.000000,-0.009696,0.000776,0.000900,0.001140,-0.026997
311.000000,-0.011179,0.000480,-0.000045,0.000260,-0.006565
312.000000,-0.006377,0.000532,0.001677,0.001424,0.016333
313.000000,-0.004639,0.000854,-0.000234,0.000762,0.004115
314.000000,-0.004213,-0.001817,-0.000383,0.000970,-0.007952
315.000000,-0.009752,-0.009724,-0.003773,-0.001156,-0.054692
316.000000,-0.017054,-0.014116,-0.005739,-0.002782,-0.043076
317.000000,-0.022353,-0.014365,-0.006028,-0.003519,-0.010159
318.000000,-0.022649,-0.013644,-0.005515,-0.002712,0.002632
319.000000,-0.018708,-0.011460,-0.004898,-0.002138,0.011757
320.000000,-0.012567,-0.011159,-0.005191,-0.003120,-0.023987
321.000000,-0.005085,-0.011070,-0.005295,-0.003720,-0.005670
322.000000,-0.000066,-0.011209,-0.005339,-0.002618,0.014938
323.000000,0.000197,-0.011226,-0.005186,-0.003898,0.003946
324.000000,0.003157,-0.007775,-0.004796,-0.002847,0.026556
325.000000,0.011062,-0.000752,-0.005238,-0.002766,0.015539
326.000000,0.012824,0.003869,-0.005124,-0.002536,0.003142
327.000000,0.015770,0.007852,-0.003256,-0.001401,0.029668
328.000000,0.011231,0.005714,-0.003965,-0.001772,-0.018750
329.000000,0.007527,0.005342,-0.003059,-0.001485,0.008035
330.000000,0.004419,0.007740,-0.001709,-0.000881,0.000000
331.000000,-0.000817,0.006003,-0.002533,-0.001529,-0.023040
332.000000,-0.005620,0.005075,-0.003067,-0.001868,0.005653
333.000000,-0.002058,0.004586,-0.003320,-0.001928,-0.000940
334.000000,-0.003603,0.001962,-0.002907,-0.002543,0.000313
335.000000,-0.003916,0.000251,-0.000250,-0.003408,-0.001568
336.000000,0.000189,-0.000314,0.001778,-0.003520,-0.002514
337.000000,-0.006235,-0.005927,0.000962,-0.004147,-0.026464
338.000000,-0.005080,-0.003569,0.001073,-0.003833,0.004835
339.000000,-0.008057,-0.005830,-0.000244,-0.003983,-0.014575
340.000000,-0.005473,-0.004695,0.001523,-0.002704,0.011355
341.000000,-0.000693,-0.000252,0.002876,-0.001773,0.021383
342.000000,0.000516,-0.002859,0.001108,-0.002998,-0.020415
343.000000,-0.003242,-0.004161,0.000213,-0.003600,-0.013954
344.000000,-0.006432,-0.007245,-0.002641,-0.004353,-0.030527
345.000000,-0.008635,-0.007054,-0.003401,-0.002518,0.000337
346.000000,-0.010768,-0.005731,-0.003022,-0.000725,0.010720
347.000000,-0.008492,-0.003988,-0.004958,-0.000688,-0.009038
348.000000,-0.003827,-0.003534,-0.003552,-0.000463,0.009371
349.000000,0.003474,-0.001479,-0.003655,-0.000656,0.005978
350.000000,0.002942,-0.002847,-0.003771,0.000066,-0.002321
351.000000,0.001659,-0.004554,-0.002403,0.000399,0.004305
352.000000,0.000939,-0.003777,-0.003318,-0.000520,-0.012637
353.000000,0.001791,-0.001018,-0.002589,-0.000197,0.013628
354.000000,0.000925,0.002199,-0.002523,-0.001028,0.001649
355.000000,0.002047,0.002495,-0.002280,-0.001436,0.003291
356.000000,-0.001127,0.000266,-0.002732,-0.001926,-0.011565
357.000000,0.003451,0.002195,-0.000897,-0.002573,0.010250
358.000000,0.001382,0.001586,-0.000974,-0.001839,0.003284
359.000000,0.002554,0.001740,0.000130,-0.001856,0.007513
360.000000,0.004290,0.003169,0.000161,-0.001457,0.011968
361.000000,0.004144,0.001509,-0.001523,-0.001099,-0.012294
362.000000,-0.001983,0.000734,-0.001521,-0.001967,-0.020389
363.000000,-0.002906,-0.000762,-0.000890,-0.001980,-0.001330
364.000000,-0.003678,-0.000562,0.000819,-0.001869,0.003653
365.000000,-0.006205,-0.000957,0.000769,-0.001839,-0.000663
366.000000,0.005522,0.004833,0.002550,-0.000210,0.046339
367.000000,0.007563,0.002790,0.002492,0.000332,-0.010185
368.000000,0.006287,0.001691,0.001638,-0.000086,-0.007707
369.000000,0.007928,0.002125,0.001932,0.000795,0.011857
370.000000,0.007295,0.000545,0.001857,0.000289,-0.003830
371.000000,-0.004418,0.000552,0.001030,-0.000831,-0.012227
372.000000,-0.000384,0.003589,0.002161,0.000182,0.009986
373.000000,0.001285,0.003786,0.001512,0.000669,0.000641
374.000000,-0.000510,0.003709,0.001574,0.001782,0.002879
375.000000,0.000511,0.003903,0.001473,0.001813,0.001277
376.000000,0.005114,0.000348,0.002590,0.001816,0.010787
377.000000,0.001405,0.000511,0.001650,0.001832,-0.008557
378.000000,0.007605,0.004445,0.003068,0.002574,0.031639
379.000000,0.005233,0.002361,0.002243,0.002075,-0.008983
380.000000,0.000637,0.000574,0.000560,0.001429,-0.021702
381.000000,-0.003566,0.000774,0.000663,0.000945,-0.010227
382.000000,-0.002756,-0.000675,0.001457,0.001216,-0.004507
383.000000,-0.008375,-0.000385,0.001701,0.000880,0.003543
384.000000,-0.005233,0.000000,0.001854,0.001049,0.006730
385.000000,-0.003205,-0.001284,0.001309,0.000554,-0.011565
386.000000,-0.001483,-0.002524,-0.001088,0.000885,-0.001617
387.000000,-0.003056,-0.002906,-0.001198,0.000131,-0.012374
388.000000,0.000514,-0.003931,0.000257,0.000735,0.021395
389.000000,-0.001025,-0.003129,-0.000384,0.000452,-0.000963
390.000000,-0.001622,-0.002414,-0.000920,-0.000432,-0.014552
391.000000,0.001097,-0.000193,0.000291,0.000378,0.011980
392.000000,0.005111,0.001027,0.000176,0.001314,0.007695
393.000000,-0.000321,0.000096,-0.000144,0.001166,-0.005766
394.000000,0.001853,0.000414,0.000207,0.001374,0.009909
395.000000,0.007355,0.002866,0.000791,0.001828,0.012956
396.000000,0.009184,0.005141,0.001308,0.000988,0.021125
397.000000,0.005108,0.005110,0.001102,0.000905,-0.012684
398.000000,0.003818,0.001749,-0.001091,0.000754,-0.012216
399.000000,0.003593,0.002723,-0.000203,0.000652,0.008786
400.000000,0.000314,0.003834,0.000710,0.000665,-0.003442
401.000000,-0.003285,0.002949,0.001378,0.001177,0.003130
402.000000,-0.003581,0.000764,0.000895,0.000372,-0.014162
403.000000,0.002443,0.003131,0.001614,0.000947,0.017905
404.000000,0.003653,0.003623,0.002019,0.001346,0.014833
405.000000,0.002802,0.001558,0.002212,0.001047,-0.007698
406.000000,0.001928,-0.000679,0.002231,0.000646,-0.001237
407.000000,0.004451,0.000435,0.002772,0.000879,-0.001549
408.000000,0.000000,0.001222,0.001485,-0.000320,-0.004349
409.000000,-0.001725,0.000964,0.001844,0.000186,0.006207
410.000000,-0.001303,0.000750,0.002292,0.000723,-0.005585
411.000000,0.001787,0.001858,0.002403,0.001538,0.014211
412.000000,0.003015,0.003733,0.002248,0.001841,0.004591
413.000000,0.004312,0.002156,0.002643,0.001794,0.002135
414.000000,0.006753,0.002514,0.003069,0.002184,0.018416
415.000000,0.008587,0.003642,0.002600,0.002689,0.003583
416.000000,0.003467,0.002627,0.000974,0.002363,-0.011391
417.000000,0.001521,0.002268,0.001351,0.002604,-0.005138
418.000000,0.001759,0.003036,0.002129,0.002002,0.003328
419.000000,-0.002347,0.002203,0.001584,0.001963,-0.002116
420.000000,-0.004644,0.001972,0.001361,0.002185,-0.007900
421.000000,-0.003344,0.000061,0.000959,0.001623,-0.004893
422.000000,-0.002316,-0.000398,0.001668,0.001366,0.000000
423.000000,-0.003105,-0.000673,0.000742,0.001538,-0.000613
424.000000,-0.003050,-0.002698,-0.000092,0.001146,-0.001842
425.000000,0.000913,-0.001865,0.000889,0.001112,0.011914
426.000000,0.001283,-0.001030,0.000798,0.000306,-0.003041
427.000000,0.004846,0.001265,0.001766,0.001323,0.017812
428.000000,0.004309,0.000602,0.001819,0.001620,-0.003297
429.000000,0.005097,0.001024,0.001614,0.001397,0.002099
430.000000,0.005570,0.003242,0.002607,0.001988,0.014277
431.000000,0.008410,0.004847,0.002454,0.002255,0.011160
432.000000,0.003618,0.004232,0.001917,0.002522,-0.006152
433.000000,0.002861,0.003585,0.001456,0.001690,-0.007078
434.000000,0.001016,0.003057,0.000179,0.000957,-0.007128
435.000000,-0.001007,0.002282,0.000208,0.001353,0.004164
436.000000,-0.005327,0.001542,0.000256,0.001046,-0.010443
437.000000,-0.002305,0.000656,0.000960,0.001396,0.008958
438.000000,-0.002142,0.000360,0.000481,0.001332,-0.006262
439.000000,-0.001076,-0.000030,0.000497,0.001066,-0.001796
440.000000,-0.004139,-0.002573,0.000334,0.000880,-0.011150
441.000000,-0.000360,-0.002844,0.001002,0.000688,0.008449
442.000000,0.000416,-0.000945,0.001643,0.000963,0.012838
443.000000,0.001549,-0.000296,0.001644,0.000872,-0.000593
444.000000,-0.002230,-0.001653,0.000702,-0.000432,-0.020693
445.000000,-0.000243,-0.002191,0.000046,-0.000591,-0.001213
446.000000,-0.007469,-0.003915,-0.001187,-0.001135,-0.027686
447.000000,-0.015604,-0.007594,-0.003469,-0.001891,-0.027832
448.000000,-0.020947,-0.009699,-0.004670,-0.002912,-0.027310
449.000000,-0.019129,-0.010679,-0.005355,-0.003228,-0.011603
450.000000,-0.022656,-0.011449,-0.007011,-0.003593,-0.018849
451.000000,-0.014956,-0.011213,-0.007028,-0.003070,0.010815
452.000000,-0.007516,-0.011560,-0.006252,-0.002758,0.009368
453.000000,-0.001655,-0.011301,-0.005799,-0.002671,0.001996
454.000000,0.005330,-0.006899,-0.004276,-0.001832,0.023322
455.000000,0.008058,-0.007299,-0.004745,-0.002403,-0.005208
456.000000,0.009902,-0.002527,-0.003221,-0.001633,0.020033
457.000000,0.008348,0.000416,-0.003589,-0.002174,0.001598
458.000000,0.007949,0.003147,-0.003276,-0.002064,0.000000
459.000000,0.009634,0.007482,-0.001599,-0.001076,0.031749
460.000000,0.014598,0.011328,-0.000061,-0.000898,0.019608
461.000000,0.011499,0.010701,-0.000256,-0.001119,0.004541
462.000000,0.014949,0.011649,0.000044,-0.000285,0.018849
463.000000,0.016367,0.012158,0.000429,0.000187,0.007088
464.000000,0.009841,0.009737,0.001419,0.000395,-0.000883
465.000000,0.009423,0.012010,0.002356,0.000840,0.017519
466.000000,0.010358,0.010929,0.004201,0.001496,0.009219
467.000000,0.004976,0.009963,0.005189,0.000928,-0.008062
468.000000,0.006258,0.011312,0.007230,0.001587,0.013496
469.000000,0.008252,0.009046,0.008264,0.001950,0.009086
470.000000,0.002588,0.006005,0.008667,0.001961,-0.010799
471.000000,-0.000115,0.005122,0.007911,0.001537,-0.004295
472.000000,0.001440,0.003208,0.007428,0.001099,-0.000287
473.000000,-0.001546,0.002356,0.007257,0.001071,-0.001436
474.000000,-0.004170,0.002041,0.005889,0.001626,-0.004032
475.000000,-0.001837,0.000376,0.006193,0.001696,0.000865
476.000000,-0.002599,-0.001357,0.004786,0.002348,-0.008107
477.000000,-0.003299,-0.000929,0.004517,0.003150,-0.003786
478.000000,-0.001790,-0.001668,0.004822,0.004264,0.006109
479.000000,-0.000926,-0.002548,0.003249,0.004660,0.000290
480.000000,-0.001331,-0.001584,0.002211,0.005250,-0.001160
481.000000,0.001217,-0.000691,0.002215,0.005044,0.004634
482.000000,-0.001935,-0.002617,0.000296,0.004080,-0.019548
483.000000,0.000521,-0.000634,0.000861,0.004626,0.018392
484.000000,0.005829,0.002452,0.002246,0.004743,0.026828
485.000000,0.006623,0.002646,0.001511,0.005011,0.002812
486.000000,0.011563,0.006390,0.002517,0.005321,0.029332
487.000000,0.015800,0.006932,0.003001,0.005322,0.001635
488.000000,0.011958,0.006240,0.002286,0.005295,-0.000817
489.000000,0.002463,0.004146,0.000799,0.003548,-0.020648
490.000000,0.002678,0.004651,0.001533,0.003024,0.003887
491.000000,-0.009780,0.000892,0.000100,0.001774,-0.032956
492.000000,-0.012701,0.001550,-0.000534,0.000714,-0.012970
493.000000,-0.015460,-0.001751,-0.001193,-0.000010,-0.014612
494.000000,-0.006502,-0.002020,0.000216,0.000824,0.024140
495.000000,-0.002566,0.000056,0.001351,0.001026,0.023571
496.000000,0.004194,-0.002793,0.001799,0.000747,0.000842
497.000000,0.007124,-0.002788,0.002072,0.001072,0.001681
498.000000,0.012550,-0.001455,0.002393,0.001039,0.012519
499.000000,0.007667,0.000582,0.002364,0.000727,-0.000277
500.000000,0.001566,-0.000500,0.002075,0.000856,-0.006938
501.000000,0.001676,0.002935,0.001913,0.001045,0.001391
502.000000,0.000503,0.003814,0.002682,0.000915,-0.004180
503.000000,-0.002168,0.005191,0.001720,0.000935,-0.000838
504.000000,-0.003290,0.002189,0.000084,0.000873,-0.005886
505.000000,-0.006971,-0.002702,-0.001323,0.000000,-0.025339
506.000000,-0.012685,-0.005505,-0.004149,-0.000636,-0.027183
507.000000,-0.009434,-0.004466,-0.003627,-0.000107,0.012075
508.000000,-0.005095,-0.003632,-0.002543,0.000384,0.020858
509.000000,-0.007388,-0.005339,-0.002378,-0.000204,-0.017352
510.000000,-0.004432,-0.005701,-0.003101,-0.000517,-0.010557
511.000000,0.003291,-0.004697,-0.000881,-0.000290,0.011432
512.000000,-0.002949,-0.006192,-0.001189,-0.000276,-0.019127
513.000000,-0.010960,-0.008028,-0.001418,-0.001529,-0.019197
514.000000,-0.007490,-0.007439,-0.002625,-0.002423,0.000000
515.000000,-0.004773,-0.004603,-0.003653,-0.002416,0.003024
516.000000,-0.006096,-0.001402,-0.003454,-0.003233,0.004819
517.000000,0.002010,-0.000469,-0.002468,-0.002574,0.021404
518.000000,0.003542,-0.003709,-0.003670,-0.002932,-0.011537
519.000000,0.005614,-0.000938,-0.003139,-0.001898,0.010360
520.000000,0.000964,-0.001905,-0.003803,-0.002702,-0.020227
521.000000,-0.006102,-0.006099,-0.005398,-0.002620,-0.030509
522.000000,-0.007308,-0.002649,-0.004420,-0.001676,0.015371
523.000000,-0.007395,-0.001926,-0.004977,-0.001588,-0.011969
524.000000,-0.007562,-0.000974,-0.004206,-0.002075,0.009525
525.000000,0.006271,0.003617,-0.000493,-0.001229,0.048936
526.000000,0.013012,0.003455,0.001026,-0.001151,0.003198
527.000000,0.012534,0.002613,0.001072,-0.000774,0.012978
528.000000,0.019964,0.006284,0.001288,-0.000352,0.025182
529.000000,0.015585,0.004012,0.001537,-0.000755,-0.012370
530.000000,0.008495,0.007383,0.002739,-0.000074,0.013487
531.000000,0.008413,0.010712,0.002307,-0.000028,0.002787
532.000000,0.006539,0.009537,0.003444,0.000232,0.003612
533.000000,0.000279,0.010121,0.004098,0.000056,-0.006120
534.000000,0.001970,0.008778,0.003902,0.000122,-0.003914
535.000000,-0.002245,0.003125,0.003371,0.000713,-0.007592
536.000000,-0.000056,0.004179,0.003817,0.002077,0.013735
537.000000,0.000055,0.003297,0.002955,0.001814,0.004167
538.000000,0.000613,0.000446,0.003365,0.001007,-0.003332
539.000000,0.005634,0.003802,0.003907,0.002292,0.021192
540.000000,0.006607,0.002181,0.004782,0.002553,-0.002727
541.000000,0.004078,0.002011,0.006362,0.002208,0.001092
542.000000,0.001106,0.000581,0.005059,0.002489,-0.010695
543.000000,0.005974,0.003293,0.006707,0.003829,0.021007
544.000000,0.000978,0.003306,0.006042,0.003703,-0.003787
545.000000,0.000981,0.003794,0.003459,0.003512,-0.002714
546.000000,-0.000164,0.001957,0.003068,0.003197,-0.004630
547.000000,0.007681,0.004393,0.003845,0.003434,0.028527
548.000000,0.002148,0.004061,0.002254,0.003597,-0.006655
549.000000,0.000757,0.000868,0.002335,0.002894,-0.010741
550.000000,0.003609,0.002295,0.002238,0.003953,0.011542
551.000000,0.006606,0.003221,0.002616,0.005315,0.010355
552.000000,0.000371,0.004026,0.002303,0.004714,-0.002645
553.000000,0.002073,0.002110,0.002702,0.005175,0.001852
554.000000,0.004009,0.002383,0.002845,0.004822,-0.001058
555.000000,-0.001985,0.000812,0.002303,0.002577,-0.018428
556.000000,-0.006769,-0.000082,0.000938,0.002018,-0.013569
557.000000,-0.004066,-0.001848,0.001273,0.001948,0.010870
558.000000,-0.003897,-0.000912,0.001574,0.001198,0.002699
559.000000,-0.002879,0.000565,0.000717,0.001745,0.004035
560.000000,-0.001515,-0.001750,0.000272,0.000909,-0.011611
561.000000,0.002066,-0.002352,0.000435,0.000960,0.004336
562.000000,-0.000054,-0.002060,0.000983,0.000849,0.000270
563.000000,0.000646,-0.001626,0.000242,0.001259,0.006199
564.000000,0.000054,-0.001412,0.000485,0.001426,0.001074
565.000000,0.000109,-0.000703,0.000054,0.001301,-0.011336
566.000000,-0.000325,0.000871,0.000394,0.000915,0.002169
567.000000,-0.001574,-0.000814,-0.001331,0.000577,-0.005977
568.000000,-0.003688,-0.001521,-0.001217,0.000543,-0.004369
569.000000,-0.001509,-0.000727,-0.000081,0.000235,0.011970
570.000000,0.003551,0.001830,0.000040,0.000792,0.013964
571.000000,0.002797,0.001236,-0.000558,0.000702,-0.001601
572.000000,0.004526,0.001476,-0.000292,0.001147,0.002667
573.000000,0.001907,-0.000891,-0.001258,-0.000135,-0.017467
574.000000,0.000270,-0.000619,-0.001016,0.000117,0.003788
575.000000,-0.003714,-0.000081,-0.000392,0.000009,-0.005959
576.000000,-0.005085,-0.001144,-0.000137,-0.000119,-0.008457
577.000000,-0.006003,-0.000738,-0.000776,-0.001133,-0.001920
578.000000,-0.008133,-0.003113,-0.002317,-0.001849,-0.028116
579.000000,-0.007652,-0.003691,-0.002209,-0.001284,0.006192
580.000000,-0.004617,-0.004166,-0.001168,-0.001362,0.009217
581.000000,-0.003985,-0.004535,-0.001649,-0.001884,-0.005296
582.000000,-0.002820,-0.004411,-0.001468,-0.001665,0.003905
583.000000,0.006281,-0.000926,-0.000908,-0.001147,0.017387
584.000000,0.006188,-0.000732,-0.000676,-0.000921,0.005729
585.000000,0.001551,-0.001533,-0.000807,-0.000773,-0.013971
586.000000,0.002002,-0.000991,-0.001068,-0.000422,-0.003039
587.000000,0.004078,0.000629,-0.000055,-0.000308,0.014286
588.000000,0.000928,0.003604,0.000246,-0.000343,0.001635
589.000000,-0.001529,0.002330,-0.000681,-0.000696,-0.006557
590.000000,0.001539,0.001545,-0.001310,-0.000264,0.001370
591.000000,0.001324,0.001663,-0.001436,-0.000545,-0.004115
592.000000,0.002332,0.003205,-0.000603,0.000090,0.019328
593.000000,0.000327,0.000627,-0.000149,-0.000396,-0.008393
594.000000,0.002018,0.000245,-0.000244,-0.000369,0.001901
595.000000,0.002773,0.002156,0.000311,0.000180,0.005143
596.000000,0.001860,0.001592,0.000300,-0.000181,-0.008677
597.000000,0.002572,0.002452,0.001541,0.000781,0.022884
598.000000,0.004941,0.002634,0.003119,0.001042,0.003454
599.000000,0.002267,0.002142,0.002236,0.000260,-0.011471
600.000000,-0.000108,0.001332,0.001439,-0.000429,-0.006730
601.000000,0.001951,0.001906,0.001784,-0.000322,0.001619
602.000000,-0.003436,-0.000432,0.001386,-0.000546,-0.004054
603.000000,-0.000744,0.002099,0.001363,0.000600,0.016915
604.000000,0.001816,0.002041,0.001143,0.000518,0.001330
605.000000,0.000701,0.000297,0.001226,0.000306,-0.012306
606.000000,-0.000648,0.000651,0.001122,0.000417,-0.005128
607.000000,0.002529,-0.000454,0.000999,0.000876,0.011834
608.000000,0.003641,0.001448,0.002041,0.002562,0.022473
609.000000,0.001589,0.001703,0.001923,0.002058,-0.008929
610.000000,0.007191,0.003946,0.002639,0.002274,0.015703
611.000000,0.006600,0.002976,0.002441,0.002182,-0.008082
612.000000,0.005277,0.003903,0.001736,0.002225,0.005222
613.000000,0.001770,0.002705,0.002402,0.001810,0.004936
614.000000,0.003244,0.002417,0.002229,0.001568,-0.001556
615.000000,-0.000989,0.003101,0.001699,0.001851,-0.005465
616.000000,-0.000472,0.003064,0.001858,0.001769,-0.005495
617.000000,-0.000522,0.002378,0.000962,0.001459,0.004973
618.000000,-0.002766,-0.000498,0.000475,0.001195,-0.006286
619.000000,-0.005953,-0.001354,0.000174,0.000830,-0.017493
620.000000,-0.006525,-0.003757,0.000094,0.000507,-0.008323
621.000000,-0.001686,-0.001079,0.000948,0.001268,0.018697
622.000000,-0.001415,-0.000968,0.001468,0.000834,0.006331
623.000000,-0.002379,-0.002572,0.000067,0.000744,-0.011105
624.000000,0.002022,-0.001966,0.000225,0.000831,0.004510
625.000000,0.005636,-0.000445,0.001328,0.000984,0.009746
626.000000,-0.005690,-0.003688,-0.000312,0.000009,-0.037932
627.000000,-0.006467,-0.003941,-0.000781,-0.000672,0.002447
628.000000,-0.000746,-0.001562,-0.001030,-0.000204,0.017499
629.000000,-0.002772,-0.000375,-0.000865,-0.000009,-0.005620
630.000000,-0.006284,-0.000324,-0.002041,-0.000045,-0.007814
631.000000,-0.000436,-0.003063,-0.002071,-0.000389,-0.008693
632.000000,-0.004949,-0.005708,-0.003338,-0.000924,-0.020119
633.000000,-0.006400,-0.003573,-0.003073,-0.001147,0.010248
634.000000,-0.002811,-0.002791,-0.002379,-0.000780,0.012324
635.000000,0.001079,-0.002602,-0.001523,0.000018,0.011636
636.000000,0.003998,0.001781,-0.000954,0.000386,0.005901
637.000000,0.008342,0.001697,-0.001122,0.000045,0.001603
638.000000,0.010990,0.002295,0.000366,0.000078,0.023487
639.000000,0.009358,0.003274,0.001449,0.000515,0.004165
640.000000,0.006303,0.003691,0.001683,-0.000130,-0.003643
641.000000,0.001810,0.002904,-0.000079,-0.000413,-0.016560
642.000000,-0.000856,0.003743,-0.000983,-0.000978,-0.011730
643.000000,-0.005983,0.002504,-0.000535,-0.001214,-0.002148
644.000000,-0.008056,0.000651,-0.001070,-0.001369,-0.006200
645.000000,-0.011315,-0.002506,-0.002554,-0.001851,-0.019938
646.000000,-0.006410,-0.002300,-0.000259,-0.001402,0.007968
647.000000,-0.001670,-0.001263,0.000217,-0.001169,0.011970
648.000000,0.000269,-0.002857,-0.000281,-0.000708,0.007543
649.000000,-0.001357,-0.004706,-0.000716,-0.000603,-0.014327
650.000000,0.001922,-0.004697,-0.000503,-0.000443,-0.003546
651.000000,0.003473,-0.001468,0.000718,-0.000542,0.015723
652.000000,0.002633,0.000482,0.002112,-0.000494,0.007770
653.000000,-0.000484,-0.000108,0.001198,-0.000392,-0.008039
654.000000,0.001735,0.000189,0.000420,-0.000650,-0.003234
655.000000,0.006240,0.004081,0.000787,-0.000343,0.018982
656.000000,-0.001349,0.001062,-0.000619,0.000181,-0.022226
657.000000,-0.006510,-0.001939,-0.001601,-0.000502,-0.018033
658.000000,-0.005565,-0.003024,-0.002941,-0.001195,-0.003314
659.000000,-0.003156,-0.000710,-0.002708,-0.000714,0.008813
660.000000,-0.008328,-0.001044,-0.002870,-0.000683,-0.006879
661.000000,-0.006663,-0.004006,-0.002737,-0.000857,-0.013901
662.000000,-0.007529,-0.007019,-0.003269,-0.000932,-0.022365
663.000000,-0.012675,-0.009120,-0.004614,-0.002241,-0.029046
664.000000,-0.021273,-0.012214,-0.006013,-0.003791,-0.034176
665.000000,-0.030095,-0.019212,-0.007565,-0.005879,-0.050988
666.000000,-0.029509,-0.018086,-0.008512,-0.006441,-0.010971
667.000000,-0.015223,-0.011376,-0.006657,-0.004859,0.049068
668.000000,-0.002431,-0.007553,-0.005289,-0.004478,0.034910
669.000000,0.005118,-0.008077,-0.004394,-0.004498,0.003574
670.000000,0.014243,-0.007926,-0.004485,-0.004555,-0.005365
671.000000,0.008325,-0.010592,-0.007299,-0.005356,-0.040561
672.000000,0.000986,-0.007118,-0.007069,-0.004552,0.012373
673.000000,-0.004892,-0.003662,-0.006391,-0.004297,0.005518
674.000000,-0.007573,-0.001227,-0.006721,-0.004418,-0.009831
675.000000,0.002199,0.008221,-0.005495,-0.002303,0.043498
676.000000,0.007753,0.008039,-0.005023,-0.002995,-0.012792
677.000000,0.007364,0.004175,-0.003601,-0.003047,0.010425
678.000000,0.006793,0.000950,-0.003302,-0.003209,0.002663
679.000000,0.006859,-0.000357,-0.004217,-0.003048,-0.009501
680.000000,0.001941,0.002070,-0.002928,-0.002300,0.018913
681.000000,0.007175,0.007464,-0.001564,-0.002378,0.013376
682.000000,-0.002205,0.002579,-0.002269,-0.003853,-0.036475
683.000000,-0.009749,-0.001478,-0.002570,-0.004753,-0.035059
684.000000,-0.004953,0.000953,-0.000137,-0.004163,0.014477
685.000000,-0.011818,-0.004938,0.001642,-0.005309,-0.015409
686.000000,-0.013997,-0.003411,0.002314,-0.004486,0.002481
687.000000,-0.010139,-0.006172,-0.000998,-0.004458,-0.017185
688.000000,0.001299,-0.004225,-0.001638,-0.003609,0.022130
689.000000,-0.012362,-0.008658,-0.004508,-0.005698,-0.053827
690.000000,-0.007660,-0.009739,-0.003834,-0.005198,0.008100
691.000000,-0.002745,-0.008371,-0.000453,-0.003833,0.027059
692.000000,0.002007,-0.004066,-0.000743,-0.002868,0.006574
693.000000,-0.007987,-0.003344,-0.002411,-0.002828,-0.027841
694.000000,0.008596,-0.001883,-0.000465,-0.000719,0.029088
695.000000,0.003328,-0.002166,-0.003552,0.000372,-0.018239
696.000000,0.001252,-0.000746,-0.002079,0.001294,0.016680
697.000000,0.000623,0.001315,-0.002428,-0.000227,0.003427
698.000000,0.004442,-0.001773,-0.002999,-0.001683,-0.008747
699.000000,-0.000062,0.004267,-0.002195,-0.001583,0.006568
700.000000,0.000950,0.002139,-0.003800,-0.001843,-0.013179
701.000000,-0.006084,-0.002416,-0.005393,-0.001108,-0.018490
702.000000,-0.002819,-0.001098,-0.002582,-0.000862,0.019752
703.000000,0.001936,0.003189,-0.000078,-0.000545,0.015028
704.000000,0.000747,0.000342,-0.000770,-0.000196,0.000621
705.000000,0.005606,0.003278,0.000556,-0.001275,0.011118
706.000000,0.007453,0.000684,-0.000031,-0.001158,-0.009256
707.000000,0.007796,0.002488,0.001902,-0.000790,0.021467
708.000000,0.010591,0.006263,0.002245,0.000089,0.029005
709.000000,0.009876,0.005312,0.004789,0.000307,-0.002952
710.000000,0.004374,0.004990,0.003565,-0.000870,-0.016391
711.000000,0.015674,0.011564,0.004574,0.000259,0.047244
712.000000,0.011782,0.009789,0.004345,0.001542,0.002004
713.000000,0.003158,0.006874,0.005032,0.002240,-0.014115
714.000000,0.013100,0.011488,0.005915,0.003316,0.046757
715.000000,0.016433,0.010404,0.006841,0.003839,0.000277
716.000000,0.007979,0.011827,0.006255,0.003922,0.004970
717.000000,0.007026,0.009404,0.005946,0.004402,-0.002758
718.000000,0.015566,0.009362,0.007813,0.004618,0.028585
719.000000,0.004544,0.008822,0.007067,0.006133,-0.008355
720.000000,0.002803,0.009618,0.007304,0.005583,-0.008425
721.000000,0.002409,0.005194,0.008379,0.004780,0.002998
722.000000,-0.000941,0.003042,0.006416,0.003911,-0.019509
723.000000,-0.008554,0.003506,0.005190,0.004523,-0.009479
724.000000,-0.005098,-0.000277,0.005605,0.003851,0.008924
725.000000,-0.002472,0.000166,0.005285,0.004616,0.004708
726.000000,0.000706,0.001558,0.006692,0.004689,0.018887
727.000000,0.002974,0.001017,0.005210,0.004303,-0.008168
728.000000,0.006558,-0.000998,0.004182,0.004876,0.008439
729.000000,0.003031,-0.001034,0.003894,0.004367,-0.008712
730.000000,0.000827,-0.000822,0.004398,0.004596,-0.006309
731.000000,-0.001852,-0.000573,0.002310,0.005395,0.005488
732.000000,0.000873,0.001924,0.002483,0.004918,0.005459
733.000000,-0.001415,0.002572,0.003039,0.004317,-0.002999
734.000000,0.001905,0.002468,0.001095,0.004560,0.007886
735.000000,0.002298,0.001563,0.000864,0.004044,-0.004343
736.000000,-0.002922,-0.002387,-0.000415,0.003666,-0.020614
737.000000,0.000381,0.000627,0.000822,0.003682,0.021973
738.000000,-0.001535,-0.001475,-0.001236,0.002296,-0.012575
739.000000,-0.004936,-0.001515,-0.001275,0.002091,-0.009120
740.000000,-0.008049,-0.002875,-0.001849,0.001974,-0.019908
741.000000,-0.002066,-0.002494,-0.001533,0.000709,0.009302
742.000000,-0.014067,-0.006843,-0.002460,-0.000626,-0.038032
743.000000,-0.011668,-0.006601,-0.002015,-0.000175,-0.000583
744.000000,-0.003077,-0.004007,-0.000769,-0.000605,0.033834
745.000000,0.002197,-0.002926,-0.000682,-0.000399,0.006463
746.000000,-0.004598,-0.003332,-0.002860,-0.001387,-0.024672
747.000000,-0.003114,-0.008590,-0.003982,-0.002316,-0.030610
748.000000,-0.001875,-0.006772,-0.004123,-0.003081,0.005609
749.000000,-0.004217,-0.003647,-0.002581,-0.002065,0.022126
750.000000,-0.004418,-0.001111,-0.001993,-0.001603,0.005456
751.000000,0.000172,-0.002213,-0.002353,-0.001760,-0.001720
752.000000,0.006867,0.001877,-0.002483,-0.001014,0.002865
753.000000,0.007170,0.002648,-0.001977,-0.000461,0.007126
754.000000,0.002461,-0.000878,-0.002442,-0.000806,-0.001421
755.000000,-0.001206,-0.002812,-0.002869,-0.001392,-0.012881
756.000000,-0.007422,-0.003625,-0.003478,-0.003115,-0.032799
757.000000,-0.009070,-0.001101,-0.004846,-0.003022,-0.005373
758.000000,-0.017005,-0.004917,-0.005844,-0.004388,-0.032550
759.000000,-0.024991,-0.011265,-0.007456,-0.005476,-0.041350
760.000000,-0.022479,-0.011843,-0.006477,-0.005276,-0.000322
761.000000,-0.018189,-0.012806,-0.007509,-0.005837,-0.011347
762.000000,-0.014265,-0.011668,-0.004895,-0.005545,0.014244
763.000000,-0.014955,-0.015980,-0.006666,-0.006645,-0.035999
764.000000,-0.004827,-0.014909,-0.007893,-0.006598,0.009287
765.000000,-0.012710,-0.017595,-0.010203,-0.007778,-0.039736
766.000000,-0.011681,-0.014935,-0.009280,-0.007297,-0.006203
767.000000,-0.018863,-0.016564,-0.008833,-0.008752,-0.021664
768.000000,-0.014080,-0.014517,-0.009717,-0.008735,-0.012083
769.000000,-0.008429,-0.006628,-0.008946,-0.007180,0.037542
770.000000,-0.004516,-0.008613,-0.010228,-0.007189,-0.020175
771.000000,-0.000831,-0.006256,-0.009531,-0.007092,0.012223
772.000000,-0.000283,-0.009573,-0.010620,-0.006455,-0.018921
773.000000,-0.004483,-0.009281,-0.012631,-0.007538,-0.033085
774.000000,-0.010317,-0.009373,-0.012141,-0.008387,0.008374
775.000000,-0.006645,-0.005581,-0.011588,-0.008662,-0.001815
776.000000,-0.020141,-0.010486,-0.012711,-0.009682,-0.055259
777.000000,-0.015437,-0.007860,-0.012212,-0.008509,0.004596
778.000000,-0.001984,-0.003234,-0.008875,-0.007556,0.034182
779.000000,-0.003069,-0.006693,-0.006660,-0.008195,0.002950
780.000000,-0.008458,-0.007551,-0.008082,-0.009336,-0.028760
781.000000,0.002366,-0.008887,-0.007572,-0.009316,-0.001137
782.000000,0.001219,-0.007109,-0.008341,-0.009450,-0.001139
783.000000,-0.010617,-0.006300,-0.007791,-0.010521,-0.024996
784.000000,-0.006587,-0.004828,-0.007100,-0.009703,0.023096
785.000000,0.005088,-0.001685,-0.003633,-0.008287,0.029618
786.000000,0.011069,0.006717,-0.001884,-0.006235,0.028766
787.000000,0.009928,0.005574,-0.001143,-0.006284,-0.006843
788.000000,0.016511,0.002947,-0.000143,-0.004935,0.007919
789.000000,0.013036,0.003224,-0.001734,-0.003366,0.005720
790.000000,0.005250,0.005169,-0.001191,-0.003665,-0.009312
791.000000,-0.000431,0.005319,-0.001784,-0.003275,0.000360
792.000000,0.004503,0.007215,0.000053,-0.003156,0.017826
793.000000,0.008975,0.012743,0.003221,-0.000946,0.030279
794.000000,0.003744,0.008390,0.001781,-0.001937,-0.020434
795.000000,0.015571,0.010410,0.004363,0.001048,0.049823
796.000000,0.018866,0.009217,0.007967,0.001816,0.016835
797.000000,0.018483,0.011493,0.008533,0.003069,0.015912
798.000000,0.012492,0.010733,0.006840,0.003482,0.000322
799.000000,0.019520,0.011632,0.007428,0.002721,0.014706
800.000000,0.002053,0.008812,0.006991,0.002143,-0.037508
801.000000,-0.001775,0.008545,0.006932,0.001659,-0.002309
802.000000,-0.002529,0.007977,0.007596,0.002694,0.012145
803.000000,0.005589,0.009041,0.010892,0.005161,0.040913
804.000000,0.000063,0.009792,0.009091,0.004451,-0.012924
805.000000,0.005268,0.003661,0.007035,0.004129,-0.011487
806.000000,0.000923,-0.000426,0.004395,0.005169,-0.024035
807.000000,0.002593,0.000032,0.005763,0.005700,0.020499
808.000000,-0.001509,0.002040,0.006387,0.005240,0.020402
809.000000,0.000000,0.000032,0.005832,0.004963,-0.005379
810.000000,0.002741,0.004004,0.006408,0.005995,0.002218
811.000000,0.005512,0.003217,0.005881,0.005694,-0.010181
812.000000,0.000836,0.001714,0.004846,0.005636,-0.002882
813.000000,-0.003887,-0.002698,0.003171,0.006362,-0.003212
814.000000,-0.002426,-0.001213,0.004289,0.005656,0.001929
815.000000,0.000190,0.001465,0.002563,0.005179,0.015297
816.000000,0.001656,0.003584,0.001579,0.004125,-0.002850
817.000000,0.006748,0.003792,0.001912,0.005106,0.022579
818.000000,0.003572,-0.000158,0.000941,0.004205,-0.019096
819.000000,0.000385,-0.001020,-0.000494,0.003548,-0.014004
820.000000,-0.000443,-0.000127,0.001939,0.004230,0.011155
821.000000,-0.010750,-0.004547,-0.000665,0.002405,-0.054384
822.000000,-0.015266,-0.004259,-0.001272,0.001811,0.000000
823.000000,-0.007142,-0.001785,-0.002242,0.001519,0.021520
824.000000,-0.001286,-0.000451,-0.000832,0.002709,0.015277
825.000000,0.005317,0.002437,0.001951,0.002521,0.044171
826.000000,0.015699,0.002475,0.003029,0.001877,-0.002472
827.000000,0.011825,-0.001720,0.001036,0.000701,-0.019370
828.000000,0.007206,0.000032,-0.000063,0.000638,-0.001579
829.000000,-0.000129,-0.000708,-0.000864,-0.000565,-0.021396
830.000000,-0.008512,-0.001597,-0.000862,0.000760,0.002257
831.000000,-0.006414,0.004643,0.000048,0.001104,0.008019
832.000000,0.000378,0.006102,0.000922,0.001186,0.014590
833.000000,0.000694,0.003950,0.001082,-0.000178,0.000000
834.000000,0.006354,0.003112,0.001331,0.000483,0.006903
835.000000,0.003765,-0.002374,0.000032,0.000510,-0.010689
836.000000,-0.005047,-0.005730,-0.001628,0.000109,-0.036040
837.000000,-0.012539,-0.006080,-0.003900,-0.001336,-0.022868
838.000000,-0.011402,-0.005354,-0.002661,-0.001827,0.005683
839.000000,-0.017573,-0.005610,-0.003159,-0.002446,-0.023951
840.000000,-0.018740,-0.007488,-0.004543,-0.003071,-0.016524
841.000000,-0.011601,-0.008324,-0.001841,-0.002743,-0.000347
842.000000,-0.009825,-0.011182,-0.002540,-0.003113,-0.013986
843.000000,-0.010399,-0.010901,-0.003475,-0.002912,0.002813
844.000000,-0.000547,-0.009060,-0.002974,-0.002133,0.025309
845.000000,0.000485,-0.009127,-0.005750,-0.003021,-0.011362
846.000000,0.002347,-0.004627,-0.005179,-0.002628,0.008962
847.000000,0.002102,-0.003862,-0.004971,-0.003887,-0.015215
848.000000,0.003274,-0.003563,-0.004458,-0.002962,0.008673
849.000000,-0.002688,-0.001618,-0.003614,-0.002645,-0.004501
850.000000,0.011439,0.005962,-0.000763,-0.001041,0.059277
851.000000,0.007411,0.004879,-0.001723,0.000399,-0.011181
852.000000,0.014059,0.008080,-0.001551,0.001000,0.018024
853.000000,0.012194,0.007734,-0.001583,0.000261,-0.000650
854.000000,0.019868,0.008590,-0.000235,0.000881,0.033869
855.000000,0.011562,0.011501,0.001187,0.000000,0.017749
856.000000,0.010751,0.009081,0.002227,-0.000426,-0.015239
857.000000,0.010625,0.012342,0.004240,0.000800,0.017397
858.000000,0.011983,0.012089,0.004263,0.001057,0.006141
859.000000,0.005148,0.012508,0.005445,0.001760,-0.000306
860.000000,0.002941,0.007252,0.006607,0.001909,0.006713
861.000000,-0.002777,0.003987,0.004433,0.000181,-0.043830
862.000000,-0.002979,0.003823,0.005952,0.000241,0.016389
863.000000,-0.006977,0.002503,0.005119,-0.000221,-0.013850
864.000000,-0.008187,-0.001519,0.003535,-0.000663,-0.006359
865.000000,-0.012746,-0.004902,0.003299,-0.000843,-0.016078
866.000000,-0.008835,-0.005806,0.001637,-0.000451,-0.024279
867.000000,-0.014855,-0.008917,0.001712,-0.000146,-0.013710
868.000000,-0.014661,-0.010819,0.000635,-0.000764,-0.012877
869.000000,-0.011826,-0.010007,0.001251,0.000295,0.007814
870.000000,-0.008475,-0.010610,-0.001679,0.000868,0.000677
871.000000,-0.003958,-0.006397,-0.001205,0.000823,-0.001692
872.000000,0.000806,-0.007024,-0.001601,0.001626,0.010111
873.000000,0.002979,-0.005841,-0.001669,0.001465,-0.002014
874.000000,0.002087,-0.004869,-0.003194,0.000734,0.003355
875.000000,0.010154,0.000839,-0.002031,0.002479,0.041010
876.000000,-0.009362,-0.006660,-0.006233,-0.001128,-0.099272
877.000000,-0.022253,-0.010723,-0.009820,-0.002433,-0.054343
878.000000,-0.017843,-0.007432,-0.009125,-0.002054,0.020038
879.000000,-0.014225,-0.006069,-0.008038,-0.001189,0.021444
880.000000,-0.017701,-0.003773,-0.007192,-0.002377,0.023631
881.000000,-0.001354,-0.005358,-0.005877,-0.002589,-0.017537
882.000000,0.001717,-0.010268,-0.008646,-0.004490,-0.038992
883.000000,-0.001623,-0.009733,-0.007787,-0.004357,0.003339
884.000000,-0.001879,-0.008052,-0.006461,-0.004814,0.020166
885.000000,-0.004152,-0.010926,-0.005043,-0.004996,0.012266
886.000000,0.000428,-0.000463,-0.003561,-0.004310,0.005364
887.000000,0.014545,0.008131,-0.001296,-0.003836,0.031593
888.000000,0.011374,0.004876,-0.001278,-0.004458,-0.012518
889.000000,0.011153,0.004637,-0.000716,-0.003813,0.019061
890.000000,0.010000,0.002924,-0.000425,-0.003820,0.006501
891.000000,0.008450,0.004439,-0.000459,-0.002439,-0.002390
892.000000,0.006727,0.010636,0.000184,-0.002219,0.022982
893.000000,0.009765,0.010569,0.000418,-0.001668,0.002669
894.000000,0.007016,0.009085,0.000516,-0.001279,0.005317
895.000000,0.007760,0.008880,-0.001023,-0.000402,0.010223
896.000000,0.007449,0.007949,0.003743,0.000276,-0.003945
897.000000,0.003904,0.005316,0.006723,0.000908,0.005256
898.000000,0.003567,0.006666,0.005771,0.001370,0.000982
899.000000,0.003418,0.005217,0.004927,0.001262,0.004572
900.000000,-0.000789,0.003486,0.003205,0.000879,-0.010811
901.000000,-0.001787,0.002831,0.003635,0.000637,-0.008933
902.000000,-0.006324,-0.001210,0.004713,-0.000281,-0.017433
903.000000,-0.003367,0.000100,0.005335,0.000312,0.015769
904.000000,-0.003351,0.000033,0.004559,0.000355,0.004650
905.000000,0.006481,0.002846,0.005863,0.000267,0.038354
906.000000,0.007373,0.002793,0.005371,0.003427,-0.004474
907.000000,0.010089,0.001883,0.003599,0.005110,-0.003851
908.000000,0.004281,0.000457,0.003561,0.003999,-0.013271
909.000000,0.005103,0.000876,0.003046,0.003577,0.008759
910.000000,-0.003799,0.001341,0.002414,0.002584,-0.006156
911.000000,-0.000513,0.003430,0.003131,0.003567,0.011953
912.000000,0.000385,0.005237,0.002014,0.004888,0.000642
913.000000,0.002847,0.003564,0.001832,0.004745,-0.000963
914.000000,0.001352,0.003228,0.001630,0.004115,0.001284
915.000000,0.003862,0.000032,0.001439,0.003919,0.006396
916.000000,-0.000450,-0.000482,0.001156,0.003420,-0.009609
917.000000,0.001024,0.000705,0.001294,0.002634,0.008014
918.000000,0.001727,0.002287,0.001372,0.003137,0.002551
919.000000,0.003939,0.002646,0.001761,0.002913,0.012344
920.000000,0.006029,0.004946,0.003143,0.003258,0.016844
921.000000,0.008074,0.003812,0.003621,0.003358,0.000618
922.000000,0.009722,0.005373,0.005305,0.003133,0.016251
923.000000,0.009120,0.005424,0.004494,0.003029,-0.000456
924.000000,0.004356,0.004148,0.003688,0.002469,-0.011476
925.000000,0.002398,0.004213,0.002123,0.002364,0.007054
926.000000,-0.001552,0.003261,0.001390,0.001858,-0.019130
927.000000,-0.003931,0.002895,0.001800,0.001828,0.004352
928.000000,-0.002665,0.003228,0.002757,0.001991,0.005876
929.000000,-0.002665,0.000846,0.001746,0.001456,-0.011475
930.000000,0.000366,0.001382,0.003164,0.002556,0.022209
931.000000,0.001428,-0.000062,0.001875,0.002393,-0.013823
932.000000,-0.000746,-0.002339,0.001517,0.002757,-0.006517
933.000000,0.005894,0.001615,0.003519,0.003534,0.039077
934.000000,0.006868,0.002101,0.003125,0.003159,-0.006609
935.000000,0.004166,0.002266,0.003240,0.002171,0.008702
936.000000,0.005491,0.003460,0.003361,0.002080,-0.007196
937.000000,0.008115,0.003684,0.003290,0.002428,0.006599
938.000000,0.001551,0.003723,0.003475,0.003079,0.006258
939.000000,-0.000362,0.003253,0.002049,0.002248,-0.016173
940.000000,-0.005574,-0.000704,0.000339,0.001875,-0.017360
941.000000,-0.003951,0.000770,0.000354,0.001507,0.000921
942.000000,-0.004108,0.002003,-0.000168,0.001679,0.005815
943.000000,0.004756,0.003153,0.002384,0.003397,0.050576
944.000000,0.012409,0.006023,0.004062,0.004091,0.022092
945.000000,0.014800,0.004613,0.003439,0.003697,-0.005406
946.000000,0.015413,0.005731,0.004595,0.004151,0.003986
947.000000,0.019467,0.007679,0.005682,0.004753,0.026085
948.000000,0.008519,0.006638,0.005180,0.004529,-0.004161
949.000000,0.004933,0.008671,0.005962,0.004256,0.004161
950.000000,0.004792,0.009796,0.004546,0.003491,-0.006109
951.000000,0.002934,0.009173,0.004972,0.003294,-0.005307
952.000000,-0.002339,0.008564,0.005284,0.002743,-0.000280
953.000000,-0.001563,0.003478,0.003316,0.002749,-0.000280
954.000000,0.000166,0.002550,0.004286,0.003558,0.012806
955.000000,0.000278,0.002535,0.003574,0.003138,-0.005548
956.000000,0.002891,0.002913,0.004322,0.004034,0.007758
957.000000,0.005034,0.001347,0.004513,0.004237,0.010434
958.000000,0.005254,0.001846,0.004242,0.004069,0.000819
959.000000,0.005080,0.002623,0.005647,0.004849,0.011937
960.000000,-0.002745,-0.001233,0.004281,0.002620,-0.044672
961.000000,-0.010832,-0.003970,0.002601,0.001991,-0.032677
962.000000,-0.014263,-0.004615,0.001975,0.001984,-0.006724
963.000000,-0.013608,-0.004177,-0.000349,0.000818,0.004098
964.000000,-0.017697,-0.006308,-0.001879,0.000755,-0.008508
965.000000,-0.007177,-0.004961,-0.001213,0.000729,0.007924
966.000000,-0.001580,-0.006206,-0.001647,0.000813,-0.004688
967.000000,-0.003551,-0.008907,-0.003780,0.000040,-0.016583
968.000000,-0.002292,-0.007950,-0.003052,0.000178,0.010397
969.000000,-0.002729,-0.010213,-0.003795,0.000360,-0.010695
970.000000,0.001224,-0.002977,-0.002105,0.001862,0.027690
971.000000,0.002452,0.000436,-0.001767,0.001880,0.001452
972.000000,0.010527,0.003488,-0.000563,0.002479,0.023794
973.000000,0.011874,0.004791,0.000307,0.001364,0.017133
974.000000,0.018257,0.007764,0.000728,0.001335,0.021216
975.000000,0.017833,0.009528,0.002284,0.002368,0.025570
976.000000,0.018655,0.010554,0.002174,0.002420,0.005565
977.000000,0.015633,0.013080,0.002086,0.001840,0.008683
978.000000,0.017583,0.014729,0.003390,0.002875,0.026882
979.000000,0.015370,0.016813,0.003300,0.003074,0.010150
980.000000,0.011615,0.014724,0.005873,0.003505,0.006793
981.000000,0.012100,0.015378,0.007907,0.003948,0.007992
982.000000,0.014499,0.015066,0.009277,0.004647,0.020680
983.000000,0.008342,0.012963,0.008877,0.004526,-0.003906
984.000000,0.004148,0.009759,0.008761,0.003738,-0.010822
985.000000,0.003726,0.007671,0.008599,0.004079,0.004687
986.000000,0.003990,0.008045,0.009299,0.004131,0.009309
987.000000,0.004052,0.009276,0.011178,0.004483,0.020992
988.000000,0.002914,0.005628,0.010178,0.004136,-0.009597
989.000000,0.007379,0.005764,0.011288,0.004121,0.011505
990.000000,0.008056,0.005891,0.010307,0.005879,0.008070
991.000000,0.008123,0.006057,0.010717,0.007290,0.009646
992.000000,0.006299,0.005176,0.010121,0.007910,0.011870
993.000000,0.008911,0.005913,0.009438,0.007889,0.003465
994.000000,0.003777,0.005578,0.007669,0.007700,-0.014165
995.000000,0.003096,0.005576,0.006623,0.007592,0.004666
996.000000,0.002605,0.005364,0.006705,0.007988,0.007190
997.000000,0.005117,0.005708,0.007492,0.009355,0.024428
998.000000,0.002566,0.005739,0.005683,0.008698,-0.009290
999.000000,0.004989,0.004383,0.005073,0.008987,-0.002051
1000.000000,0.006504,0.004800,0.005346,0.008472,0.012242
1001.000000,0.004479,0.003542,0.004799,0.008326,-0.002934
1002.000000,-0.000859,0.002129,0.003652,0.007457,-0.002262
1003.000000,0.002443,0.002505,0.004209,0.007127,0.007222
1004.000000,0.002944,0.003966,0.004772,0.006434,0.000450
1005.000000,-0.002403,0.002051,0.003813,0.005099,-0.014490
1006.000000,-0.003281,0.000599,0.002982,0.004669,-0.007324
1007.000000,-0.002507,-0.001683,0.002012,0.004434,0.001607
1008.000000,-0.001354,0.000545,0.003142,0.003970,0.012989
1009.000000,0.004929,0.003936,0.004160,0.004694,0.031862
1010.000000,0.010960,0.004278,0.004539,0.004990,0.015666
1011.000000,0.014700,0.005710,0.004626,0.005103,0.011377
1012.000000,0.013094,0.005293,0.003711,0.004199,-0.006424
1013.000000,0.011738,0.005192,0.003848,0.004537,0.006211
1014.000000,0.005579,0.005254,0.004610,0.004933,0.001067
1015.000000,0.001805,0.006383,0.004217,0.004670,-0.003204
1016.000000,0.000043,0.007371,0.003985,0.004445,0.002564
1017.000000,-0.002943,0.005075,0.001696,0.003033,-0.021353
1018.000000,-0.000813,0.005463,0.003004,0.003915,0.016862
1019.000000,-0.002446,0.001567,0.002751,0.003295,-0.007099
1020.000000,-0.002324,-0.000259,0.002010,0.002940,-0.002594
1021.000000,-0.003184,-0.001570,0.002070,0.002560,-0.001733
1022.000000,0.001953,-0.000495,0.002399,0.002309,0.004327
1023.000000,0.000770,-0.000021,0.002585,0.002559,0.010950
1024.000000,0.002489,0.000021,0.002638,0.003080,0.001494
1025.000000,0.003178,0.000427,0.003405,0.002953,0.000853
1026.000000,0.000779,-0.001202,0.003085,0.002256,-0.013728
1027.000000,-0.000735,0.000609,0.002842,0.001334,-0.003245
1028.000000,-0.003186,-0.001208,0.002128,0.001600,-0.001301
1029.000000,-0.023503,-0.010507,-0.004470,-0.001668,-0.100095
1030.000000,-0.021432,-0.009127,-0.004693,-0.001703,0.011208
1031.000000,-0.018971,-0.009096,-0.005333,-0.001652,-0.001424
1032.000000,-0.019036,-0.009886,-0.005191,-0.001696,-0.003568
1033.000000,-0.019827,-0.011506,-0.005764,-0.002112,-0.005257
1034.000000,0.004318,-0.009593,-0.004786,-0.001439,0.020629
1035.000000,0.000805,-0.010314,-0.004943,-0.001168,-0.006357
1036.000000,0.002923,-0.008024,-0.004613,-0.000618,0.009169
1037.000000,0.004617,-0.007209,-0.003300,-0.000508,0.004903
1038.000000,0.007892,-0.005968,-0.003588,-0.000571,0.011116
1039.000000,0.003074,0.003696,-0.003406,-0.001748,-0.003461
1040.000000,0.003790,0.002297,-0.003415,-0.002363,-0.002777
1041.000000,0.002558,0.002741,-0.003178,-0.002642,0.003008
1042.000000,0.002407,0.003512,-0.003187,-0.002290,0.004150
1043.000000,0.000276,0.004084,-0.003711,-0.002481,0.000460
1044.000000,0.000646,0.001860,-0.003866,-0.002570,-0.001611
1045.000000,0.002350,0.003070,-0.003622,-0.002272,0.005743
1046.000000,-0.020314,-0.008878,-0.008451,-0.006035,-0.110310
1047.000000,-0.010778,-0.004185,-0.005697,-0.003595,0.051830
1048.000000,-0.016884,-0.008304,-0.007136,-0.005160,-0.030074
1049.000000,-0.017868,-0.008611,-0.002457,-0.005141,-0.006528
1050.000000,-0.019067,-0.008358,-0.003030,-0.005063,-0.000252
1051.000000,0.001529,-0.009392,-0.003326,-0.005249,-0.007333
1052.000000,-0.009651,-0.010214,-0.003351,-0.005529,-0.004069
1053.000000,-0.002670,-0.009777,-0.002847,-0.005733,0.004830
1054.000000,-0.001416,-0.009642,-0.003891,-0.005791,-0.000254
1055.000000,-0.000555,-0.009811,-0.003370,-0.005685,0.004051
1056.000000,-0.000356,0.000587,-0.004146,-0.005438,-0.006336
1057.000000,0.000915,-0.004368,-0.004277,-0.005254,0.002286
1058.000000,0.004861,0.001095,-0.003605,-0.004392,0.024556
1059.000000,0.004366,0.001475,-0.003568,-0.001147,-0.002726
1060.000000,0.001159,0.000302,-0.004028,-0.001920,-0.011985
1061.000000,-0.007038,-0.003697,-0.006545,-0.003450,-0.047322
1062.000000,-0.007443,-0.003264,-0.006739,-0.003322,0.000263
1063.000000,-0.013093,-0.004116,-0.006947,-0.003270,-0.003693
1064.000000,-0.013342,-0.004488,-0.007065,-0.004090,-0.003972
1065.000000,-0.012971,-0.005906,-0.007859,-0.004216,-0.010133
1066.000000,0.001365,-0.002837,-0.001125,-0.003709,0.024359
1067.000000,0.001364,-0.003039,-0.003704,-0.003864,0.000262
1068.000000,0.005526,-0.003784,-0.001344,-0.003664,0.017112
1069.000000,0.006114,-0.003614,-0.001069,-0.003583,-0.001029
1070.000000,0.007057,-0.002957,-0.001328,-0.003671,-0.005419
1071.000000,0.000731,0.001048,-0.001324,-0.004014,-0.007271
1072.000000,-0.003482,-0.001059,-0.002161,-0.004846,-0.020804
1073.000000,-0.003370,0.001078,-0.001519,-0.004272,0.017672
1074.000000,-0.002330,0.001892,-0.001298,-0.004079,0.004174
1075.000000,-0.003655,0.001701,-0.002103,-0.004672,-0.012048
1076.000000,-0.003523,-0.001396,-0.002116,-0.001215,-0.006609
1077.000000,-0.001925,-0.002704,-0.002871,-0.003370,-0.012814
1078.000000,-0.007512,-0.005441,-0.004612,-0.002710,-0.010262
1079.000000,-0.005543,-0.003936,-0.003775,-0.002025,0.014016
1080.000000,-0.003187,-0.003421,-0.003189,-0.002026,-0.000268
1081.000000,0.000847,-0.001338,-0.000145,-0.001329,0.013562
1082.000000,0.007592,0.002833,0.000887,-0.000496,0.020910
1083.000000,0.005832,-0.000840,0.000119,-0.001293,-0.019063
1084.000000,0.009258,0.001857,0.001875,-0.000246,0.031147
1085.000000,0.008851,0.002832,0.002266,-0.000458,-0.002303
1086.000000,0.005214,0.003031,0.000817,-0.000401,-0.004621
1087.000000,-0.001715,0.002939,0.000118,-0.000935,-0.013733
1088.000000,0.001785,0.003808,-0.000816,-0.001805,-0.001567
1089.000000,-0.002158,0.003550,-0.000193,-0.001334,0.011432
1090.000000,-0.001440,0.003706,0.000142,-0.000891,0.001291
1091.000000,0.004076,0.004645,0.001653,0.001452,0.022954
1092.000000,0.003312,0.000799,0.001816,0.000858,-0.017551
1093.000000,0.003574,0.002679,0.000920,0.000972,-0.000257
1094.000000,0.001339,-0.000410,0.000724,0.001113,0.000257
1095.000000,0.001568,0.000064,0.001448,0.001532,0.002435
1096.000000,-0.006249,-0.001087,0.000972,0.000183,-0.016128
1097.000000,-0.006150,-0.001419,0.000760,-0.000395,-0.017054
1098.000000,-0.008708,-0.002567,0.000620,-0.001400,-0.013051
1099.000000,-0.003625,-0.001143,0.001203,-0.000510,0.025673
1100.000000,-0.002447,-0.000440,0.001633,-0.000052,0.008327
1101.000000,-0.011787,-0.009018,-0.002187,-0.001904,-0.062830
1102.000000,-0.006673,-0.006411,-0.002806,-0.000926,0.008518
1103.000000,-0.003680,-0.006194,-0.001757,-0.001452,0.001913
1104.000000,-0.006966,-0.005296,-0.002853,-0.001283,0.009242
1105.000000,-0.006104,-0.004275,-0.002106,-0.000460,0.012636
1106.000000,0.006622,-0.002582,-0.001835,-0.000213,0.000801
1107.000000,0.008307,0.000817,-0.000301,0.000779,0.016941
1108.000000,0.006924,0.001622,-0.000473,0.000954,-0.004999
1109.000000,0.002153,-0.002407,-0.001775,0.000000,-0.014614
1110.000000,-0.000374,-0.003239,-0.001839,0.000009,0.000000
1111.000000,0.003073,0.004847,-0.002085,0.000158,0.018038
1112.000000,-0.001846,0.003230,-0.001590,-0.000794,-0.007653
1113.000000,0.001000,0.003962,-0.001116,0.000149,0.009229
1114.000000,0.000641,0.001397,-0.001949,-0.001436,-0.016407
1115.000000,0.002130,0.000878,-0.001699,-0.001111,0.007443
1116.000000,0.003699,0.003386,0.000402,-0.000094,0.025880
1117.000000,0.010375,0.004265,0.002541,0.001221,0.025731
1118.000000,0.011525,0.006262,0.003942,0.001772,0.014978
1119.000000,0.015696,0.008169,0.002881,0.001540,0.004450
1120.000000,0.015633,0.008882,0.002821,0.001734,0.007128
1121.000000,0.009918,0.006808,0.005828,0.000879,-0.002698
1122.000000,0.004526,0.007451,0.005340,0.001423,-0.001229
1123.000000,0.003731,0.007628,0.005795,0.001799,0.011004
1124.000000,0.001915,0.008806,0.005101,0.001636,-0.004631
1125.000000,-0.001031,0.007301,0.004089,0.001301,-0.007603
1126.000000,-0.000590,0.004664,0.004025,0.001822,-0.000492
1127.000000,0.000540,0.002533,0.003399,0.002538,0.004424
1128.000000,0.000486,0.002108,0.004185,0.003331,0.010732
1129.000000,0.006537,0.004226,0.006198,0.003329,0.025627
1130.000000,0.011388,0.005178,0.007030,0.003607,0.016649
1131.000000,0.009805,0.004607,0.005708,0.005421,-0.008407
1132.000000,0.010555,0.005548,0.006499,0.005410,0.008175
1133.000000,0.013960,0.007223,0.007426,0.006271,0.027757
1134.000000,0.010681,0.008609,0.008708,0.006271,0.009233
1135.000000,0.004780,0.008084,0.007692,0.005421,-0.012860
1136.000000,0.007954,0.008880,0.006772,0.005643,0.007465
1137.000000,0.008427,0.009491,0.006012,0.005430,0.010537
1138.000000,0.000452,0.007206,0.004657,0.005192,-0.012116
1139.000000,0.000403,0.005542,0.004884,0.005979,0.008989
1140.000000,0.004890,0.004835,0.005007,0.006298,0.009574
1141.000000,0.002864,0.005409,0.005008,0.005608,-0.002663
1142.000000,-0.000268,0.004079,0.004814,0.005693,-0.005123
1143.000000,0.010638,0.005545,0.006384,0.006799,0.042411
1144.000000,0.007982,0.004192,0.006401,0.007202,-0.004290
1145.000000,0.006668,0.005779,0.006931,0.007055,0.003005
1146.000000,0.008780,0.005822,0.007351,0.006455,0.007898
1147.000000,0.007968,0.003850,0.006670,0.005291,-0.009185
1148.000000,0.001067,0.005852,0.006529,0.005056,0.007909
1149.000000,-0.001684,0.003149,0.004346,0.004306,-0.018046
1150.000000,-0.003023,0.001822,0.003329,0.003945,-0.003692
1151.000000,-0.005519,0.001631,0.003520,0.003882,-0.004580
1152.000000,-0.003769,0.002099,0.003089,0.003909,-0.000437
1153.000000,-0.006755,-0.002844,0.001350,0.003308,-0.007022
1154.000000,-0.003941,-0.002812,0.000690,0.003330,-0.003972
1155.000000,-0.003867,-0.003445,0.001167,0.003473,-0.003322
1156.000000,-0.002021,-0.003770,0.001026,0.003644,0.004648
1157.000000,-0.002553,-0.003161,0.000344,0.003393,-0.003096
1158.000000,-0.001770,-0.004262,0.000795,0.002932,-0.003106
1159.000000,-0.001643,-0.002792,0.000179,0.001967,-0.003338
1160.000000,-0.006676,-0.005271,-0.001725,0.000462,-0.028489
1161.000000,-0.006599,-0.004310,-0.001340,0.000910,0.005033
1162.000000,-0.004117,-0.003335,-0.000618,0.000948,0.009313
1163.000000,-0.006457,-0.004113,-0.003479,-0.000471,-0.014805
1164.000000,-0.006756,-0.004199,-0.003506,-0.000940,-0.004830
1165.000000,-0.005393,-0.006035,-0.004740,-0.001234,-0.021677
1166.000000,-0.006447,-0.006523,-0.005147,-0.001490,-0.000236
1167.000000,-0.008215,-0.006166,-0.004664,-0.001826,0.000471
1168.000000,-0.002447,-0.004452,-0.004357,-0.000954,0.014035
1169.000000,-0.001249,-0.004002,-0.003397,-0.001215,0.001161
1170.000000,0.004151,-0.000621,-0.002946,-0.001357,0.005322
1171.000000,0.003365,-0.001541,-0.002925,-0.001407,-0.004163
1172.000000,0.001922,-0.003146,-0.003241,-0.001461,-0.006743
1173.000000,-0.001492,-0.001970,-0.003042,-0.002976,-0.003038
1174.000000,-0.000325,-0.000787,-0.002493,-0.002599,0.006996
1175.000000,-0.000046,0.002052,-0.001991,-0.002476,0.006717
1176.000000,0.001248,0.002306,-0.002108,-0.002662,0.002306
1177.000000,-0.001687,0.000118,-0.003024,-0.003070,-0.021416
1178.000000,0.001120,-0.000186,-0.002319,-0.002967,0.010998
1179.000000,-0.002526,-0.001425,-0.002714,-0.002740,-0.011233
1180.000000,-0.001669,-0.000858,-0.000739,-0.002250,0.011001
1181.000000,0.001331,0.001289,-0.000126,-0.001520,0.017307
1182.000000,0.008070,0.003192,0.000023,-0.001097,0.012278
1183.000000,0.005871,0.003495,0.000763,-0.000863,0.000000
1184.000000,0.010588,0.004031,0.001622,-0.000318,0.012353
1185.000000,0.010387,0.004359,0.003206,0.000125,0.009995
1186.000000,0.008685,0.005008,0.003657,0.000264,0.008801
1187.000000,0.008018,0.008044,0.004081,0.000665,0.008941
1188.000000,0.009273,0.007572,0.003693,0.000978,0.006276
1189.000000,0.008179,0.009383,0.003979,0.001319,0.006880
1190.000000,0.006651,0.008519,0.003831,0.002347,0.002354
1191.000000,0.005531,0.007108,0.004199,0.002286,0.003201
1192.000000,0.004338,0.006178,0.004685,0.002074,0.002979
1193.000000,0.009809,0.009541,0.006518,0.003689,0.033632
1194.000000,0.009253,0.008716,0.006374,0.003987,0.004100
1195.000000,0.008455,0.007553,0.005956,0.004655,-0.001638
1196.000000,0.008837,0.007184,0.006096,0.004833,0.005110
1197.000000,0.010390,0.007364,0.007704,0.005175,0.010747
1198.000000,0.003179,0.006494,0.007033,0.004627,-0.002423
1199.000000,0.004811,0.007032,0.008208,0.004997,0.012258
1200.000000,-0.001977,0.003239,0.005879,0.003633,-0.035576
1201.000000,-0.001679,0.003579,0.005343,0.003992,0.006601
1202.000000,-0.006853,0.001769,0.003973,0.003713,-0.015122
1203.000000,-0.005493,-0.001157,0.004192,0.003960,0.004374
1204.000000,-0.008028,-0.001609,0.003554,0.003713,-0.000416
1205.000000,-0.004225,-0.003101,0.002226,0.002937,-0.016560
1206.000000,-0.003610,-0.002644,0.002270,0.003183,0.009676
1207.000000,-0.002901,-0.004877,0.001244,0.003510,-0.011580
1208.000000,-0.002425,-0.003959,0.001268,0.003369,0.006754
1209.000000,-0.002974,-0.005501,0.000765,0.003638,-0.003160
1210.000000,0.004018,-0.000104,0.001568,0.003885,0.018399
1211.000000,0.001543,-0.001033,0.001273,0.003218,-0.002697
1212.000000,0.011441,0.004270,0.003019,0.004072,0.037910
1213.000000,0.009610,0.003592,0.001218,0.003992,-0.002403
1214.000000,0.014447,0.005737,0.002064,0.004281,0.021028
1215.000000,0.009072,0.006545,0.001722,0.003666,-0.008477
1216.000000,0.007342,0.004442,0.000899,0.002994,-0.011349
1217.000000,-0.000040,0.005701,0.000412,0.002729,0.001001
1218.000000,-0.002339,0.003635,-0.000162,0.002057,-0.013899
1219.000000,-0.004246,0.005101,-0.000200,0.002211,0.011496
1220.000000,-0.003113,0.002980,0.001438,0.002038,-0.002811
1221.000000,-0.002823,0.002259,0.000613,0.001602,-0.009902
1222.000000,-0.006093,-0.003067,0.000602,0.000991,-0.015349
1223.000000,-0.002737,-0.002538,0.000527,-0.000034,0.002883
1224.000000,-0.006067,-0.005156,0.000290,-0.000343,-0.005154
1225.000000,-0.003530,-0.003321,0.001612,0.000041,0.009873
1226.000000,0.001940,-0.000442,0.002000,0.000452,0.017448
1227.000000,0.004688,-0.000703,0.002499,0.000040,-0.001610
1228.000000,0.001924,-0.000407,0.001614,-0.000244,-0.010938
1229.000000,0.002914,-0.001576,0.001762,-0.000659,-0.000204
1230.000000,-0.000492,-0.002011,0.000484,0.000288,-0.007155
1231.000000,-0.002958,-0.000509,0.000875,0.000239,0.005116
1232.000000,-0.001781,0.001454,-0.000806,0.000886,0.004277
1233.000000,-0.000449,0.000738,-0.000900,0.000597,-0.004277
1234.000000,0.000122,0.001518,-0.001819,0.000699,0.002650
1235.000000,0.002082,0.000795,-0.001263,0.001340,0.002643
1236.000000,0.004081,0.000562,0.000060,0.001521,0.015114
1237.000000,0.006676,0.002448,0.000873,0.002482,0.017250
1238.000000,0.008707,0.004129,0.001861,0.002453,0.005880
1239.000000,0.010122,0.005122,0.001773,0.002882,0.009724
1240.000000,0.015955,0.009019,0.003504,0.003329,0.031809
1241.000000,0.008612,0.006347,0.002919,0.002699,-0.021604
1242.000000,0.003430,0.005053,0.003253,0.001147,-0.008658
1243.000000,0.003947,0.006327,0.003533,0.001509,0.008466
1244.000000,0.004137,0.007130,0.004324,0.001164,0.010673
