0.000000,0.009449,0.003992,-0.000407,0.000274,0.018958
1.000000,0.012608,0.004479,0.000434,0.000019,0.013345
2.000000,0.011107,0.004466,0.000840,0.000019,0.002878
3.000000,0.011242,0.005317,0.001223,-0.000096,-0.001150
4.000000,0.007381,0.005483,0.001574,-0.000794,0.002873
5.000000,0.008351,0.008900,0.002675,0.000755,0.023811
6.000000,0.007356,0.009982,0.003153,0.001397,0.008368
7.000000,0.011067,0.011087,0.005726,0.002327,0.021435
8.000000,0.001147,0.006195,0.003525,0.000364,-0.050750
9.000000,0.004313,0.005847,0.005078,0.001123,0.018703
10.000000,0.003333,0.005842,0.004917,0.001676,0.018910
11.000000,0.002210,0.004783,0.004631,0.001884,0.002751
12.000000,-0.004509,0.003279,0.003873,0.001653,-0.012162
13.000000,0.009714,0.005431,0.005374,0.002626,0.020370
14.000000,0.006301,0.005307,0.005395,0.002818,0.001634
15.000000,0.002301,0.002817,0.005859,0.002723,-0.001089
16.000000,0.004348,0.003279,0.006631,0.003195,0.012987
17.000000,0.007639,0.001565,0.006326,0.004339,0.004292
18.000000,0.002599,0.006157,0.006176,0.004402,-0.004830
19.000000,-0.002849,0.001726,0.003786,0.003961,-0.025608
20.000000,0.000218,0.001259,0.003551,0.003698,0.014247
21.000000,-0.000538,0.001905,0.003344,0.003722,0.009207
22.000000,-0.005097,0.001271,0.002275,0.003005,-0.018499
23.000000,-0.007230,-0.002315,0.001558,0.002811,-0.015496
24.000000,-0.000331,-0.001590,0.001858,0.003067,0.008884
25.000000,-0.004846,-0.002314,0.000251,0.003134,-0.008326
26.000000,-0.009607,-0.005073,-0.000897,0.002729,-0.014599
27.000000,-0.006587,-0.005842,-0.002139,0.002270,-0.003399
28.000000,-0.002131,-0.004680,0.000738,0.002557,0.006787
29.000000,-0.002895,-0.001613,0.000056,0.001986,0.005060
30.000000,-0.001006,-0.002926,-0.000833,0.001392,0.001121
31.000000,0.002920,-0.003344,-0.000719,0.001115,0.005029
32.000000,0.001470,-0.002559,-0.000644,0.000664,-0.010647
33.000000,-0.006066,-0.004098,-0.003207,-0.000328,-0.030895
34.000000,-0.005573,-0.004234,-0.002912,-0.000173,0.007525
35.000000,-0.006144,-0.003575,-0.002945,-0.001024,-0.001732
36.000000,-0.010059,-0.003570,-0.004321,-0.001788,-0.014548
37.000000,-0.011478,-0.005004,-0.005423,-0.003094,-0.017741
38.000000,-0.004584,-0.005325,-0.005003,-0.001283,0.003574
39.000000,-0.005377,-0.005475,-0.003544,-0.001788,0.003561
40.000000,0.000922,-0.002611,-0.002768,-0.001426,0.029766
41.000000,-0.001058,-0.005559,-0.004451,-0.002332,-0.024448
42.000000,0.004717,-0.003380,-0.002969,-0.001556,0.011134
43.000000,0.002716,-0.000934,-0.002516,-0.002449,-0.006431
44.000000,0.001887,-0.001745,-0.002990,-0.002523,-0.000587
45.000000,-0.001733,-0.000405,-0.001990,-0.002098,0.011669
46.000000,0.005349,0.002146,-0.000712,-0.002166,0.010961
47.000000,-0.004479,0.000119,-0.002442,-0.003576,-0.038005
48.000000,-0.002241,0.000238,-0.002544,-0.003256,0.004756
49.000000,-0.002599,-0.000356,-0.002916,-0.002482,-0.002375
50.000000,-0.005052,-0.003392,-0.003001,-0.002976,-0.000595
51.000000,-0.007363,-0.001007,-0.003283,-0.003303,-0.000595
52.000000,-0.000597,-0.002538,-0.002959,-0.002826,-0.004175
53.000000,0.002710,0.000234,-0.000350,-0.001599,0.021290
54.000000,0.002834,0.000117,-0.000814,-0.001954,-0.001757
55.000000,0.002248,-0.001402,-0.000904,-0.001794,-0.003523
56.000000,0.002720,-0.002322,-0.000088,-0.001249,0.001763
57.000000,-0.002526,-0.001562,-0.000721,-0.002149,-0.030405
58.000000,-0.005818,-0.001554,-0.000658,-0.002214,0.004831
59.000000,-0.006433,-0.001800,-0.001078,-0.002544,-0.004831
60.000000,-0.009887,-0.003820,-0.003606,-0.003274,-0.020796
61.000000,-0.004513,-0.000897,-0.000952,-0.002487,0.028634
62.000000,-0.005399,-0.003963,-0.003250,-0.003294,-0.034834
63.000000,-0.002913,-0.004365,-0.002066,-0.001688,0.017263
64.000000,-0.003665,-0.005049,-0.002466,-0.002226,-0.008594
65.000000,0.000370,-0.004759,-0.003080,-0.002189,-0.000617
66.000000,-0.006718,-0.005616,-0.003969,-0.001931,-0.006809
67.000000,0.007806,0.001203,-0.000179,-0.000080,0.037786
68.000000,0.006258,0.001673,0.000059,0.000119,0.009524
69.000000,0.004632,0.000483,-0.000658,-0.000558,-0.016727
70.000000,-0.001114,-0.000372,-0.002096,-0.002528,-0.029342
71.000000,0.004544,-0.001087,-0.000992,-0.000997,0.021480
72.000000,-0.003378,0.002214,-0.000874,-0.001429,-0.001823
73.000000,-0.005648,0.000305,-0.002030,-0.001275,-0.001826
74.000000,0.002276,0.003454,-0.000798,-0.000493,0.022893
75.000000,0.004781,0.001834,-0.001462,-0.001442,-0.016817
76.000000,0.000969,0.002757,-0.001430,-0.001727,0.002420
77.000000,0.000000,-0.001689,-0.000243,-0.000682,-0.006669
78.000000,0.005411,-0.000119,0.000777,0.000000,0.025227
79.000000,-0.005189,-0.001456,-0.000487,-0.000924,-0.030105
80.000000,-0.000971,0.001905,0.000767,-0.000762,0.004270
81.000000,0.000964,0.000967,-0.000060,-0.000339,0.012099
82.000000,-0.011646,-0.005823,-0.001805,-0.002524,-0.069723
83.000000,0.000237,0.002824,0.001565,-0.000412,0.084645
84.000000,0.007557,0.001184,0.002319,-0.000137,0.006495
85.000000,0.007994,0.003511,0.002673,0.000196,0.006454
86.000000,0.006158,0.003561,0.003159,0.000234,0.002920
87.000000,0.022422,0.005388,0.001849,0.001634,0.011594
88.000000,0.005377,0.002807,0.001344,0.001454,-0.000577
89.000000,0.015728,0.011642,0.005093,0.003556,0.058247
90.000000,0.014328,0.011161,0.006533,0.004231,-0.000544
91.000000,0.015155,0.010656,0.005812,0.003512,0.007052
92.000000,0.006911,0.014666,0.004421,0.003686,-0.029624
93.000000,0.008690,0.007033,0.004929,0.003387,0.008317
94.000000,0.000326,0.008027,0.004606,0.004222,0.016430
95.000000,0.003561,0.008945,0.006228,0.004763,0.015630
96.000000,0.001937,0.008546,0.006053,0.004954,-0.001070
97.000000,0.010203,0.008557,0.006972,0.004085,0.011708
98.000000,0.009173,0.008932,0.005869,0.003873,0.003170
99.000000,0.007464,0.003895,0.007769,0.004694,0.007880
100.000000,0.010216,0.006888,0.009025,0.006651,0.029391
101.000000,0.003397,0.002667,0.006662,0.004763,-0.035164
102.000000,0.002001,0.006102,0.010384,0.004982,0.004726
103.000000,0.003244,0.006209,0.006621,0.005355,0.009385
104.000000,0.004348,0.005906,0.006966,0.005039,0.013402
105.000000,-0.001530,0.004343,0.006644,0.005600,0.000000
106.000000,0.001990,0.002694,0.005620,0.004933,-0.017562
107.000000,0.001253,0.001627,0.005092,0.005190,0.001042
108.000000,0.000725,0.001984,0.005458,0.004574,0.006745
109.000000,0.002645,0.003497,0.003696,0.006345,0.023001
110.000000,0.014514,0.006492,0.006690,0.008180,0.059346
111.000000,0.011542,0.006766,0.004716,0.006696,-0.032425
112.000000,0.014069,0.007661,0.006881,0.009476,0.013679
113.000000,0.008106,0.004416,0.005312,0.005886,-0.023069
114.000000,0.001911,0.002278,0.004092,0.005404,-0.007976
115.000000,-0.002106,0.006204,0.005273,0.006497,0.039259
116.000000,0.000589,0.006066,0.004380,0.005768,-0.018946
117.000000,-0.008221,0.002924,0.002275,0.004369,-0.030373
118.000000,0.005485,0.006796,0.004390,0.005904,0.045462
119.000000,0.000699,0.001305,0.002401,0.002899,-0.031905
120.000000,-0.002031,-0.002069,0.002212,0.003770,0.025605
121.000000,-0.001576,-0.000493,0.003136,0.002980,-0.016667
122.000000,0.006369,-0.000926,0.003368,0.004279,0.009348
123.000000,-0.000871,0.002307,0.003361,0.004310,0.009262
124.000000,0.010114,0.005407,0.003842,0.004530,0.023023
125.000000,0.007069,0.002519,0.004361,0.004355,0.010377
126.000000,0.010590,0.004507,0.005286,0.004422,0.000938
127.000000,0.017704,0.012036,0.007480,0.005529,0.044920
128.000000,0.016031,0.007580,0.007188,0.005453,0.000896
129.000000,0.013387,0.011751,0.006528,0.005517,0.009804
130.000000,0.013078,0.010073,0.004002,0.004832,0.008830
131.000000,0.014641,0.012615,0.006061,0.006296,0.008753
132.000000,0.007737,0.012721,0.005897,0.006485,0.010403
133.000000,0.007730,0.011881,0.007094,0.006201,0.000862
134.000000,0.004386,0.008887,0.007147,0.005524,-0.006917
135.000000,0.002620,0.007849,0.005184,0.005524,0.000000
136.000000,0.001649,0.008145,0.006326,0.006239,0.003897
137.000000,0.001289,0.004513,0.008275,0.006491,0.008606
138.000000,0.000860,0.004295,0.005937,0.006224,-0.001286
139.000000,0.001900,0.003143,0.007447,0.005400,-0.001717
140.000000,0.003100,0.002860,0.006466,0.003621,0.005998
141.000000,0.005960,0.003805,0.008210,0.005309,0.018202
142.000000,0.001791,0.001540,0.007131,0.004445,-0.012239
143.000000,-0.000086,0.000387,0.006134,0.004858,-0.010672
144.000000,-0.026522,-0.012311,-0.001712,0.000661,-0.133899
145.000000,-0.032388,-0.014644,-0.003398,-0.001426,-0.023332
146.000000,-0.035127,-0.014583,-0.003219,-0.000644,0.004510
147.000000,-0.033179,-0.015694,-0.005590,0.000285,-0.002503
148.000000,-0.030045,-0.015065,-0.005385,-0.001063,0.005000
149.000000,0.000686,-0.012918,-0.004888,0.000658,0.019754
150.000000,0.011421,-0.010484,-0.003812,0.000816,0.030342
151.000000,0.010234,-0.012446,-0.004321,0.001324,-0.001424
152.000000,0.011588,-0.010796,-0.004628,0.001155,0.004266
153.000000,0.015355,-0.007345,-0.003479,0.001641,0.023838
154.000000,0.009921,0.005303,-0.003504,0.000626,-0.007418
155.000000,0.000994,0.006207,-0.004219,-0.000196,-0.014294
156.000000,-0.003643,0.003295,-0.005644,-0.001048,-0.024610
157.000000,-0.003628,0.003980,-0.005857,-0.002400,0.004345
158.000000,-0.008588,0.003384,-0.005841,-0.002462,-0.000964
159.000000,-0.002906,0.003507,-0.004705,-0.002089,0.020993
160.000000,0.004250,0.002622,-0.003931,-0.001667,0.021486
161.000000,0.010186,0.003271,-0.004588,-0.001790,0.005070
162.000000,0.010783,0.003578,-0.003609,-0.001893,0.007329
163.000000,0.011705,0.001558,-0.002893,-0.001800,0.003645
164.000000,-0.003813,-0.003360,0.000972,-0.003456,-0.056597
165.000000,-0.008882,-0.002316,0.001946,-0.003584,-0.003857
166.000000,-0.007304,0.001441,0.002368,-0.003282,0.012959
167.000000,-0.015264,-0.002241,0.000870,-0.004652,-0.032472
168.000000,-0.014913,-0.001604,0.000890,-0.004429,0.005404
169.000000,-0.004280,-0.004047,-0.000270,-0.004486,-0.003436
170.000000,-0.004001,-0.006442,-0.001910,-0.004768,-0.002461
171.000000,-0.008773,-0.008039,-0.002384,-0.005738,-0.010902
172.000000,-0.002179,-0.008722,-0.002572,-0.005313,0.000498
173.000000,-0.003559,-0.009236,-0.003839,-0.005007,-0.001495
174.000000,-0.002772,-0.003526,-0.003443,-0.000528,0.000499
175.000000,-0.004385,-0.004193,-0.003254,-0.000101,-0.010524
176.000000,0.000994,-0.003890,-0.001224,0.000282,0.015992
177.000000,-0.003923,-0.003051,-0.002646,-0.000437,-0.024085
178.000000,0.002281,-0.000639,-0.001121,0.000380,0.029524
179.000000,0.002576,-0.000098,-0.002073,-0.000213,0.001970
180.000000,0.007029,0.001322,-0.002560,-0.000833,0.011742
181.000000,0.000495,0.000745,-0.003647,-0.001341,-0.016675
182.000000,0.002824,-0.000549,-0.004636,-0.001898,-0.012441
183.000000,-0.000692,0.000795,-0.004221,-0.002294,0.011946
184.000000,-0.004479,-0.000952,-0.002239,-0.002613,-0.016966
185.000000,-0.004327,0.001351,-0.001421,-0.001719,0.012503
186.000000,-0.000992,-0.000248,-0.002069,-0.000899,0.000000
187.000000,0.000300,0.001562,-0.000744,-0.001243,-0.005982
188.000000,0.002947,0.001128,0.000244,-0.000372,0.025180
189.000000,0.002501,-0.000989,-0.000544,-0.001711,-0.019198
190.000000,-0.001196,-0.002762,-0.000720,-0.002627,-0.005982
191.000000,-0.002199,-0.001595,-0.000425,-0.002963,-0.005013
192.000000,-0.010997,-0.005348,-0.002949,-0.004873,-0.049972
193.000000,-0.022039,-0.009546,-0.004376,-0.005996,-0.030029
194.000000,-0.024953,-0.011226,-0.006089,-0.005235,-0.033770
195.000000,-0.020628,-0.010912,-0.004781,-0.004585,0.015643
196.000000,-0.020181,-0.011190,-0.005719,-0.005109,-0.002775
197.000000,-0.006442,-0.008719,-0.003579,-0.003403,0.018723
198.000000,-0.000654,-0.011347,-0.005109,-0.003619,-0.001092
199.000000,0.010101,-0.007426,-0.004208,-0.002838,0.020006
200.000000,0.008678,-0.005975,-0.004368,-0.002472,0.008529
201.000000,0.012915,-0.003633,-0.002614,-0.001495,0.018407
202.000000,0.005276,-0.000583,-0.002966,-0.002160,-0.019469
203.000000,0.011152,0.005249,-0.002148,-0.001167,0.028289
204.000000,0.010227,0.010164,-0.000531,-0.000671,0.015377
205.000000,0.011249,0.009963,-0.000474,0.000134,0.013640
206.000000,0.004738,0.008826,-0.001182,-0.000871,-0.014149
207.000000,0.011662,0.008469,-0.000125,0.000437,0.015152
208.000000,0.006705,0.008928,-0.001209,-0.000430,0.003503
209.000000,0.000102,0.005164,-0.001131,-0.001084,-0.017637
210.000000,-0.004362,0.003443,-0.001266,-0.001764,-0.008680
211.000000,-0.004425,0.000156,-0.001738,-0.001691,-0.014463
212.000000,-0.005798,0.002932,0.001175,-0.001000,0.008290
213.000000,-0.019282,-0.006289,-0.000520,-0.003529,-0.063920
214.000000,-0.015425,-0.007662,0.001251,-0.002908,0.001649
215.000000,-0.015897,-0.010130,-0.000083,-0.003693,-0.011044
216.000000,-0.008394,-0.006410,0.001208,-0.002924,0.023053
217.000000,-0.009294,-0.007546,0.000462,-0.002599,0.003791
218.000000,0.008929,-0.005177,0.001876,-0.002532,0.027194
219.000000,0.004238,-0.005593,-0.000215,-0.002618,-0.021804
220.000000,0.001879,-0.007009,-0.001783,-0.003180,-0.022839
221.000000,0.000866,-0.003764,-0.001804,-0.002414,0.017989
222.000000,0.002471,-0.003412,-0.000240,-0.000354,0.011815
223.000000,-0.003075,0.002927,-0.001681,0.000629,-0.000534
224.000000,0.000430,0.002334,-0.002664,0.001612,-0.004283
225.000000,0.009559,0.005719,-0.002205,0.001851,0.022807
226.000000,0.003428,0.002147,-0.002131,0.001521,-0.012665
227.000000,0.000213,0.001342,-0.003102,0.000755,-0.004258
228.000000,0.004124,0.000525,-0.002326,0.001425,0.019018
229.000000,0.009635,0.005033,-0.000280,0.001534,0.023275
230.000000,0.005176,0.007368,0.000179,0.001267,0.000511
231.000000,0.003996,0.003712,-0.000026,0.000035,-0.018567
232.000000,0.000107,0.000160,-0.001626,-0.000106,-0.023704
233.000000,-0.006596,-0.001236,0.000845,-0.001533,-0.014497
234.000000,-0.011901,-0.001133,0.000600,-0.002154,-0.003250
235.000000,-0.005701,-0.000263,0.002728,-0.001558,0.031511
236.000000,-0.004847,-0.000426,0.000861,-0.001563,-0.014297
237.000000,-0.004856,-0.002375,-0.000516,-0.002859,-0.023746
238.000000,-0.002066,-0.004331,-0.001903,-0.002994,-0.000546
239.000000,-0.001744,-0.006823,-0.000895,-0.002461,-0.001641
240.000000,-0.008704,-0.007203,0.000082,-0.002281,-0.003289
241.000000,-0.005406,-0.005127,-0.000707,-0.001726,0.002194
242.000000,-0.001315,-0.003085,-0.001463,-0.002112,-0.003293
243.000000,0.002174,0.000054,-0.000591,0.000582,0.016899
244.000000,0.000109,-0.000817,-0.000975,0.000128,-0.011963
245.000000,0.005524,-0.001590,-0.000926,0.001289,0.023785
246.000000,0.008265,0.001430,0.000502,0.001050,0.015899
247.000000,0.009344,0.004014,0.000820,0.000994,0.002101
248.000000,0.008778,0.005476,0.000572,0.000556,0.014066
249.000000,0.009508,0.004809,-0.001007,0.001006,-0.008312
250.000000,0.005584,0.005554,-0.000824,0.001906,0.004165
251.000000,0.003956,0.006111,0.000492,0.001565,0.007762
252.000000,-0.003280,0.003032,-0.000027,0.000036,-0.034079
253.000000,-0.004393,0.002192,0.001123,0.000337,0.008497
254.000000,-0.009071,0.000219,-0.000299,-0.000577,-0.031698
255.000000,-0.008164,-0.001290,-0.001440,-0.001048,0.008696
256.000000,-0.012112,-0.004078,-0.001324,-0.001025,-0.011976
257.000000,-0.003226,-0.003253,0.000381,-0.000538,0.010351
258.000000,-0.001486,-0.002940,0.001268,-0.000598,0.017195
259.000000,0.007815,-0.000628,0.002090,-0.000881,0.014807
260.000000,0.009201,0.000518,0.003036,-0.000377,0.015625
261.000000,0.014571,0.001230,0.003670,0.000738,0.014876
262.000000,0.013314,0.005044,0.004038,0.001664,0.004065
263.000000,0.005258,0.001886,0.002039,0.001377,-0.023084
264.000000,-0.001264,0.003275,0.001747,0.000892,-0.017802
265.000000,-0.006406,0.001397,0.000053,-0.000494,-0.010088
266.000000,-0.009168,0.002701,-0.000688,0.000018,0.001067
267.000000,-0.012881,0.000217,-0.001518,0.000326,-0.014497
268.000000,-0.010877,-0.002809,-0.002875,-0.000091,-0.013065
269.000000,-0.006224,-0.003744,-0.002186,0.000146,0.005464
270.000000,-0.005189,-0.005798,-0.002640,0.000091,-0.004917
271.000000,-0.001606,-0.005387,-0.002079,0.000651,0.018986
272.000000,-0.002394,-0.007637,-0.001297,0.000146,-0.018439
273.000000,-0.000549,-0.005713,-0.001913,-0.000545,-0.003839
274.000000,-0.007552,-0.006888,-0.001806,-0.001131,-0.029553
275.000000,-0.007818,-0.006504,-0.002553,-0.002132,-0.006245
276.000000,-0.010593,-0.006099,-0.001699,-0.002492,0.005112
277.000000,-0.008041,-0.005218,-0.002501,-0.002751,-0.005682
278.000000,-0.004220,-0.002384,-0.002597,-0.002711,0.015267
279.000000,0.004366,-0.001593,-0.002668,-0.001988,0.013378
280.000000,0.008146,0.000164,-0.002817,-0.001705,0.012655
281.000000,0.006027,-0.002283,-0.003835,-0.002147,-0.005482
282.000000,0.007383,-0.000329,-0.003983,-0.000974,0.001099
283.000000,0.009747,0.002764,-0.001475,-0.000354,0.027087
284.000000,0.008457,0.006411,-0.000238,0.000933,0.006924
285.000000,0.004968,0.006557,0.000027,0.000483,-0.004789
286.000000,0.006597,0.006312,0.000106,0.000971,0.002663
287.000000,0.009962,0.008673,0.001728,0.001224,0.017924
288.000000,0.004858,0.007303,0.002459,0.000703,0.001566
289.000000,0.002741,0.005599,0.002003,0.000087,-0.003658
290.000000,0.000213,0.002591,0.001377,-0.001014,-0.017428
291.000000,-0.003434,0.001582,-0.000351,-0.002029,-0.015571
292.000000,-0.006047,0.001958,0.000814,-0.002003,0.004858
293.000000,0.003414,0.004136,0.003450,0.000395,0.048867
294.000000,0.003735,0.003238,0.004825,0.000920,-0.002053
295.000000,0.008143,0.004178,0.005368,0.001411,0.004614
296.000000,0.016607,0.006587,0.006449,0.002267,0.026749
297.000000,0.016728,0.005341,0.007007,0.002932,0.005463
298.000000,0.007252,0.005333,0.006318,0.003417,0.001485
299.000000,0.006869,0.005302,0.005450,0.003103,-0.003964
300.000000,-0.006023,0.001060,0.001825,0.001272,-0.059849
301.000000,-0.010952,0.002828,0.002205,0.000709,0.002106
302.000000,-0.010368,0.003180,0.002569,0.001603,0.008381
303.000000,-0.008693,-0.000721,0.001708,0.002060,0.009863
304.000000,-0.013345,-0.003238,0.000000,0.002137,-0.027227
305.000000,-0.002120,-0.004072,0.000053,0.002221,-0.003722
306.000000,-0.002968,-0.006960,-0.000187,0.001980,-0.002133
307.000000,-0.007007,-0.008688,-0.001673,0.001775,-0.011815
308.000000,-0.010825,-0.009759,-0.002213,0.000959,-0.009227
309.000000,-0.006144,-0.009745,-0.002221,0.000385,-0.003824
310.000000,-0.006608,-0.004364,-0.001652,-0.000238,-0.006039
311.000000,-0.009737,-0.006352,-0.001762,-0.000648,-0.017778
312.000000,-0.004369,-0.005688,-0.001254,-0.000184,0.015021
313.000000,-0.001203,-0.006014,-0.003367,-0.000866,0.006604
314.000000,-0.000219,-0.003182,-0.003210,-0.001061,0.001096
315.000000,0.001427,-0.002591,-0.003331,-0.000828,0.002189
316.000000,-0.001576,-0.005656,-0.006308,-0.002010,-0.032790
317.000000,-0.007081,-0.005725,-0.007207,-0.003024,-0.012507
318.000000,-0.000110,-0.000656,-0.005208,-0.001694,0.041463
319.000000,0.000766,0.000273,-0.004736,-0.001390,0.005473
320.000000,-0.011014,-0.004794,-0.004579,-0.002699,-0.056709
321.000000,-0.013678,-0.007627,-0.006989,-0.003717,-0.046107
322.000000,-0.010451,-0.008766,-0.007227,-0.003758,0.003623
323.000000,-0.016824,-0.008467,-0.007241,-0.005067,0.009598
324.000000,-0.011689,-0.005462,-0.004322,-0.003960,0.031152
325.000000,0.000577,-0.005219,-0.003905,-0.003960,0.004619
326.000000,0.011348,-0.001165,-0.003411,-0.004594,0.007746
327.000000,0.012274,0.000911,-0.002407,-0.004501,0.008254
328.000000,0.006693,-0.005066,-0.002861,-0.005160,-0.018307
329.000000,-0.005396,-0.008542,-0.004135,-0.006005,-0.029293
330.000000,-0.013585,-0.006504,-0.005649,-0.005220,-0.036324
331.000000,-0.019119,-0.003886,-0.005756,-0.005955,-0.019926
332.000000,0.011243,0.011758,0.001496,-0.000899,0.160063
333.000000,0.020714,0.013703,0.002618,-0.000259,0.029049
334.000000,0.026051,0.010328,0.002433,0.000561,-0.002606
335.000000,0.029522,0.007969,0.001375,0.000053,-0.018968
336.000000,0.030290,0.005586,0.002210,-0.000412,-0.016086
337.000000,-0.006980,0.002131,0.001521,-0.000894,-0.026288
338.000000,-0.016373,0.002170,-0.001448,-0.001184,-0.017918
339.000000,-0.017782,0.004135,-0.002204,-0.001378,-0.009651
340.000000,-0.012624,0.008449,0.000973,-0.000950,0.006822
341.000000,-0.005702,0.012294,0.004204,0.000261,0.018524
342.000000,-0.002344,-0.004662,0.003548,-0.000557,-0.009500
343.000000,-0.001474,-0.008924,0.002390,-0.001229,-0.013567
344.000000,0.004289,-0.006747,0.001790,-0.000627,0.019166
345.000000,0.000792,-0.005916,0.001026,-0.001055,-0.010665
346.000000,-0.004955,-0.005329,0.000128,-0.000303,-0.010210
347.000000,-0.004199,-0.003272,-0.000570,-0.000076,-0.005718
348.000000,0.002264,0.000395,0.001282,-0.000834,0.018745
349.000000,-0.000559,0.001865,0.003000,-0.000848,0.005052
350.000000,0.001350,0.001071,0.004760,0.001005,-0.001120
351.000000,0.009573,0.002309,0.007302,0.003572,0.030908
352.000000,0.003524,-0.000337,-0.002500,0.002253,-0.035965
353.000000,-0.004669,-0.001202,-0.005063,0.001192,-0.022217
354.000000,-0.009988,-0.005273,-0.006010,-0.000564,-0.021544
355.000000,-0.011834,-0.005242,-0.005579,-0.001063,-0.010354
356.000000,-0.017007,-0.003717,-0.004523,-0.001153,0.005042
357.000000,-0.009578,-0.003027,-0.003149,-0.001389,0.001183
358.000000,-0.000115,-0.002392,-0.000999,0.000058,0.025096
359.000000,0.006827,-0.001580,0.000142,0.001473,0.013169
360.000000,0.011610,-0.000112,0.000479,0.003136,0.013560
361.000000,0.009476,-0.003766,-0.000728,0.003612,-0.005627
362.000000,0.005480,-0.002049,-0.001193,-0.002350,-0.018799
363.000000,0.000805,0.000345,-0.000429,-0.003260,0.001724
364.000000,-0.004138,0.001345,-0.001964,-0.003558,-0.011547
365.000000,-0.004655,0.003477,-0.000882,-0.002560,0.010973
366.000000,-0.003990,0.002743,-0.000487,-0.002101,-0.002300
367.000000,0.002060,0.003770,0.000371,-0.000843,0.011448
368.000000,0.001259,0.001032,-0.000680,-0.000322,-0.002279
369.000000,0.005724,0.000793,-0.000393,0.000359,0.010780
370.000000,0.003078,-0.000789,-0.000450,0.000057,-0.002260
371.000000,0.000690,-0.001650,-0.002708,-0.001036,-0.014241
372.000000,0.001135,0.001597,-0.000226,-0.000263,0.013675
373.000000,0.002269,0.001764,0.001054,0.000302,0.003390
374.000000,-0.005145,0.000290,0.000817,-0.001213,-0.026287
375.000000,-0.006087,-0.001505,0.000986,-0.001090,-0.006973
376.000000,0.003413,0.002051,0.002397,0.000359,0.033260
377.000000,0.001241,0.001188,0.002479,0.000644,0.002816
378.000000,0.000900,0.001585,0.001308,0.000075,0.001686
379.000000,0.000924,-0.002110,-0.000658,-0.000966,-0.026168
380.000000,-0.003411,-0.004749,-0.002769,-0.001883,-0.028649
381.000000,-0.013533,-0.005060,-0.003355,-0.003492,-0.017350
382.000000,-0.018736,-0.008747,-0.003575,-0.003066,-0.023200
383.000000,-0.011557,-0.005328,-0.001782,-0.001073,0.037580
384.000000,-0.001969,-0.000522,-0.000116,0.000371,0.021772
385.000000,0.002944,-0.000234,-0.000869,0.000580,-0.004083
386.000000,0.007463,-0.003035,-0.000492,0.000587,0.005246
387.000000,0.004761,-0.006988,-0.002900,-0.000677,-0.036712
388.000000,0.003538,-0.004010,-0.001213,-0.000464,0.031466
389.000000,0.000813,-0.000578,-0.001344,-0.000632,0.008149
390.000000,0.003706,0.003325,-0.000712,-0.000738,0.010381
391.000000,0.005957,0.006710,0.000825,0.000000,0.016501
392.000000,0.006176,0.005468,-0.001639,-0.000561,-0.035615
393.000000,0.007232,0.005385,0.000028,0.000607,0.036744
394.000000,0.003676,0.002245,0.000861,0.000671,-0.009629
395.000000,0.017249,0.010478,0.005122,0.002913,0.078246
396.000000,0.008831,0.007394,0.002180,0.002137,-0.025588
397.000000,0.012469,0.009322,0.001167,0.001174,-0.017430
398.000000,0.002688,0.004960,0.000475,0.000845,-0.012162
399.000000,0.004725,0.004200,0.001811,0.000504,0.000556
400.000000,-0.008823,0.004213,0.003769,0.000930,0.010506
401.000000,-0.006475,0.001178,0.003944,0.000943,-0.013847
402.000000,-0.005120,0.003674,0.004571,0.000132,-0.010653
403.000000,-0.003365,-0.000339,0.002523,-0.000094,-0.003388
404.000000,-0.001787,0.001469,0.001857,0.001064,0.008448
405.000000,-0.001214,-0.005019,0.002730,0.001742,0.013371
406.000000,0.001223,-0.002626,0.002384,0.000578,-0.001662
407.000000,0.003354,-0.000883,0.004220,0.000484,0.000000
408.000000,0.008092,0.002363,0.003662,0.001104,0.020302
409.000000,0.009742,0.003978,0.004089,0.002533,0.016698
410.000000,0.007708,0.003247,0.003730,0.003595,0.003200
411.000000,0.008200,0.004712,0.002945,0.004200,0.000798
412.000000,0.006006,0.004680,0.004177,0.004608,-0.010967
413.000000,0.003447,0.005769,0.002715,0.003605,0.007503
414.000000,0.001808,0.005775,0.003622,0.003163,0.008506
415.000000,0.003588,0.005648,0.000315,0.003702,0.012102
416.000000,-0.000907,0.003647,0.000510,0.002805,-0.021677
417.000000,-0.001946,0.002030,0.000574,0.003490,-0.016164
418.000000,0.001277,0.002362,0.002363,0.003228,0.023619
419.000000,0.002002,0.001905,0.002941,0.003361,0.012128
420.000000,-0.000839,0.001375,0.002311,0.002945,-0.002099
421.000000,-0.001179,-0.001043,0.001834,0.001616,-0.023380
422.000000,0.004936,0.001495,0.003088,0.003283,0.014412
423.000000,0.000953,0.001115,0.003442,0.002182,0.003703
424.000000,-0.007911,-0.002955,0.001410,0.001430,-0.032192
425.000000,-0.002856,-0.001848,0.001900,-0.000406,0.023175
426.000000,0.003728,0.001275,0.002461,0.000765,0.009544
427.000000,0.000846,0.002891,0.002461,0.001346,0.000000
428.000000,-0.000317,0.000318,0.001340,0.001681,-0.002113
429.000000,0.010825,0.001457,0.001681,0.002446,0.023518
430.000000,0.008858,0.003001,0.002188,0.002541,0.013340
431.000000,0.010084,0.006906,0.002932,0.003525,0.015677
432.000000,0.002725,0.001786,0.001640,0.002654,-0.036795
433.000000,0.002522,0.001103,0.001109,0.002662,-0.003128
434.000000,-0.001036,0.004895,0.000970,0.002572,0.005728
435.000000,-0.002565,0.003147,0.000650,0.002316,0.005695
436.000000,-0.006735,0.001675,0.001475,0.002199,-0.005176
437.000000,0.000312,0.001519,0.002205,0.002147,-0.001558
438.000000,0.002800,0.002661,0.001490,0.001780,0.009312
439.000000,0.002477,0.000721,0.001089,0.001361,0.004111
440.000000,0.004391,0.000913,0.001957,0.001763,0.015267
441.000000,0.006233,-0.000251,0.003328,0.001871,0.004032
442.000000,0.009540,0.004926,0.003356,0.002736,0.014978
443.000000,0.007876,0.005338,0.003220,0.002519,0.000991
444.000000,0.005463,0.003970,0.004432,0.001970,-0.007952
445.000000,0.010813,0.007602,0.005374,0.002967,0.042019
446.000000,0.012291,0.009262,0.005468,0.004070,0.011418
447.000000,0.004023,0.006781,0.004150,0.003730,-0.026361
448.000000,0.006718,0.007297,0.004979,0.003425,0.014465
449.000000,0.010309,0.007886,0.004303,0.003354,0.010002
450.000000,-0.013662,-0.001424,-0.000255,0.000830,-0.077833
451.000000,-0.018731,-0.003220,-0.001736,0.001145,-0.013929
452.000000,-0.012733,-0.004355,0.000285,0.000786,0.003630
453.000000,-0.014079,-0.003681,0.000829,0.000920,0.007734
454.000000,-0.013528,-0.001610,0.001180,0.002418,0.012759
455.000000,0.002545,-0.005558,0.001022,0.001730,0.002532
456.000000,0.010326,-0.004203,0.002530,0.002245,0.024976
457.000000,0.011564,-0.000585,0.003098,0.002572,0.009818
458.000000,0.013312,-0.000384,0.003457,0.003191,0.016473
459.000000,-0.009981,-0.011755,-0.001934,-0.001049,-0.103707
460.000000,-0.007630,-0.002542,-0.001983,-0.001018,0.014290
461.000000,-0.011472,-0.000573,-0.001897,-0.001348,0.005764
462.000000,-0.014904,-0.001670,-0.003013,-0.000366,-0.007341
463.000000,-0.020528,-0.003608,-0.003645,-0.000650,-0.011647
464.000000,0.000639,-0.004671,-0.003141,-0.000770,0.002128
465.000000,-0.001901,-0.004765,-0.005162,-0.000907,0.001593
466.000000,-0.003691,-0.007582,-0.005892,-0.000841,-0.003188
467.000000,-0.010369,-0.012637,-0.006611,-0.002147,-0.040733
468.000000,-0.004633,-0.012580,-0.006482,-0.001889,0.017038
469.000000,-0.003863,-0.001612,-0.006683,-0.001827,0.005977
470.000000,-0.003640,-0.002771,-0.002656,-0.002246,0.002705
471.000000,-0.004957,-0.004324,-0.002449,-0.002706,-0.009772
472.000000,0.003734,-0.003318,-0.002494,-0.003114,0.002724
473.000000,-0.000983,-0.002808,-0.003208,-0.003366,-0.006550
474.000000,-0.000217,-0.002040,-0.003356,-0.002774,0.009809
475.000000,-0.004812,-0.004226,-0.004496,-0.004850,-0.020269
476.000000,-0.000765,-0.002861,-0.005221,-0.004882,0.010460
477.000000,-0.003181,0.000277,-0.006180,-0.004315,-0.009354
478.000000,0.004334,0.001675,-0.005453,-0.003763,0.031023
479.000000,0.002050,0.000917,-0.000348,-0.004150,-0.001609
480.000000,0.005889,0.000539,-0.001116,-0.001591,-0.001074
481.000000,0.002612,0.000923,-0.001700,-0.001325,-0.005928
482.000000,0.001212,-0.000984,-0.002151,-0.001991,-0.016349
483.000000,-0.000644,0.001845,-0.000482,-0.001524,0.021740
484.000000,0.003195,0.002623,0.000291,-0.001363,0.017586
485.000000,0.001499,0.003694,-0.000266,-0.001766,-0.009554
486.000000,0.003430,0.003021,0.000080,-0.002474,0.003726
487.000000,0.005848,0.003530,0.001903,-0.002943,-0.004260
488.000000,0.003412,0.001384,0.001529,-0.003174,0.009559
489.000000,-0.008195,-0.002500,-0.000792,-0.001065,-0.040448
490.000000,-0.005625,-0.002063,-0.000762,-0.001432,0.003297
491.000000,-0.009577,-0.003074,-0.001075,-0.002158,-0.016036
492.000000,-0.015991,-0.005072,-0.003028,-0.003124,-0.036326
493.000000,-0.017787,-0.007188,-0.002671,-0.002717,0.000578
494.000000,-0.002325,-0.005260,-0.001319,-0.001559,0.036863
495.000000,0.001530,-0.002047,0.000823,-0.000860,0.022572
496.000000,0.005715,-0.001931,0.000545,-0.000591,0.004887
497.000000,0.016843,0.000426,0.001978,0.001411,0.019314
498.000000,0.010357,-0.003715,-0.001166,-0.000219,-0.031852
499.000000,0.007003,0.002339,-0.000081,0.000252,0.020093
500.000000,0.006639,0.004084,0.001011,0.000853,0.020751
501.000000,0.004181,0.004948,0.000937,0.000932,-0.007400
502.000000,-0.000426,0.008209,0.001569,0.000718,-0.003720
503.000000,0.005732,0.008044,0.000428,0.000900,-0.001066
504.000000,0.002352,0.004677,-0.000291,0.000680,0.003193
505.000000,-0.002864,0.001887,-0.000080,0.001178,-0.005328
506.000000,-0.004073,0.000054,-0.000939,0.000381,-0.013445
507.000000,0.009362,0.004468,0.002447,0.002808,0.063455
508.000000,0.010993,0.008362,0.002324,0.002010,0.007089
509.000000,0.007099,0.004725,0.003532,0.001521,-0.016277
510.000000,0.009085,0.003111,0.003598,0.001711,0.004605
511.000000,0.014613,0.005270,0.005109,0.002381,0.014192
512.000000,-0.002866,0.003248,0.005728,0.002128,-0.023938
513.000000,-0.012169,-0.000588,0.003728,0.000089,-0.039427
514.000000,-0.007418,-0.000160,0.002259,-0.000247,0.007479
515.000000,-0.006854,0.001116,0.001501,0.000318,0.007423
516.000000,-0.017448,-0.001418,-0.000682,-0.001098,-0.038777
517.000000,-0.008853,-0.005859,-0.000696,-0.000322,0.019038
518.000000,-0.004008,-0.008088,0.000137,-0.001147,-0.015201
519.000000,-0.008591,-0.008004,-0.001639,-0.000313,-0.015436
520.000000,-0.010409,-0.008632,-0.002760,-0.000479,-0.001668
521.000000,-0.005117,-0.011283,-0.003006,-0.000355,-0.012318
522.000000,-0.007242,-0.008047,-0.002400,0.001136,0.008415
523.000000,-0.007014,-0.005511,-0.003050,0.000648,-0.014065
524.000000,-0.003588,-0.006089,-0.003124,-0.000524,0.001698
525.000000,-0.031909,-0.021159,-0.010022,-0.006052,-0.143275
526.000000,-0.027238,-0.016178,-0.008798,-0.005847,0.011035
527.000000,-0.028921,-0.018081,-0.011970,-0.006491,0.000000
528.000000,-0.025078,-0.016046,-0.012067,-0.005257,0.005151
529.000000,-0.029178,-0.016383,-0.012193,-0.006554,-0.018801
530.000000,0.001690,-0.015109,-0.011871,-0.006877,0.011064
531.000000,-0.000906,-0.014072,-0.012677,-0.006695,-0.001944
532.000000,-0.000776,-0.014849,-0.011448,-0.006549,0.000648
533.000000,-0.001547,-0.013313,-0.009412,-0.006471,0.001295
534.000000,0.002472,-0.013353,-0.009721,-0.006534,0.001294
535.000000,0.001932,0.001811,-0.009674,-0.006077,0.008368
536.000000,0.004489,0.001791,-0.007193,-0.005268,0.010838
537.000000,0.004739,0.001982,-0.008050,-0.007320,0.001901
538.000000,0.009604,0.004028,-0.006009,-0.006702,0.025618
539.000000,0.008232,0.005352,-0.005516,-0.006345,-0.005568
540.000000,0.007671,0.004802,-0.005154,-0.006313,0.005568
541.000000,0.002521,0.003505,-0.005284,-0.007283,-0.014916
542.000000,-0.000761,0.001989,-0.006430,-0.006969,-0.014507
543.000000,-0.001486,0.004059,-0.004627,-0.004922,0.021993
544.000000,-0.006046,0.001093,-0.006130,-0.006116,-0.028366
545.000000,-0.003988,0.001842,0.001827,-0.005835,0.015858
546.000000,-0.004432,-0.000956,0.000418,-0.005114,-0.017138
547.000000,0.000508,-0.000127,0.000927,-0.005409,0.010191
548.000000,-0.003638,-0.002562,0.000733,-0.004860,0.001267
549.000000,0.000893,-0.002576,0.001388,-0.004536,-0.005712
550.000000,0.000503,-0.001742,0.001530,-0.004017,0.013907
551.000000,0.004307,-0.000063,0.001721,-0.003543,0.001881
552.000000,-0.000254,0.000127,0.001058,-0.004244,-0.012611
553.000000,-0.001015,-0.002326,0.000866,-0.003860,-0.002541
554.000000,0.000254,0.000574,0.000833,-0.003895,0.000636
555.000000,-0.000377,0.000063,0.000952,0.001239,0.010749
556.000000,0.001249,0.002778,0.000911,0.001205,0.010013
557.000000,0.002773,0.001259,0.000566,0.001038,-0.004994
558.000000,0.009200,0.004092,0.000765,0.001853,0.029595
559.000000,0.004401,0.002328,-0.000124,0.001701,-0.023357
560.000000,0.000628,0.000125,-0.000808,0.001062,-0.008117
561.000000,-0.003518,-0.001134,-0.000598,0.000769,-0.010716
562.000000,0.001496,0.002134,0.001131,0.001417,0.020076
563.000000,-0.005170,0.002015,-0.000156,0.001249,-0.003734
564.000000,-0.000998,0.001702,0.001138,0.001123,-0.002497
565.000000,0.001375,0.001001,0.000532,0.000969,0.003743
566.000000,0.002394,-0.000562,0.001108,0.000420,-0.005620
567.000000,0.000248,0.000872,0.001066,0.000668,0.009349
568.000000,0.003828,-0.000671,0.001711,0.000287,0.014167
569.000000,0.009042,0.004022,0.003175,0.001258,0.023573
570.000000,0.002352,0.001863,0.000994,0.000082,-0.029708
571.000000,0.008340,0.005367,0.002116,0.001390,0.024317
572.000000,0.005265,0.002757,0.002446,0.001673,-0.006024
573.000000,0.002432,0.003130,0.002573,0.000940,0.000000
574.000000,0.000000,0.004521,0.003112,0.002266,0.011415
575.000000,0.003417,0.002885,0.001943,0.001316,-0.012624
576.000000,-0.004372,0.001984,0.000711,0.001400,-0.014625
577.000000,-0.000969,0.002148,0.001510,0.001427,0.010989
578.000000,-0.002432,0.000000,-0.000335,0.001141,-0.007313
579.000000,-0.004837,-0.002418,0.000802,0.001311,-0.000612
580.000000,-0.003048,0.000184,0.001024,0.000724,-0.003679
581.000000,-0.002346,-0.003359,0.001004,0.000291,-0.011118
582.000000,-0.009067,-0.005018,-0.001131,-0.000042,-0.022614
583.000000,-0.002214,-0.002323,0.000404,0.000941,0.026952
584.000000,-0.004831,-0.004834,-0.000156,0.000463,-0.013699
585.000000,-0.009562,-0.006305,-0.001710,-0.000806,-0.027329
586.000000,-0.003256,-0.002801,-0.000409,-0.000460,0.020409
587.000000,-0.000127,-0.004597,-0.001225,-0.000526,-0.006969
588.000000,0.004162,0.000974,0.000487,0.000101,0.048397
589.000000,0.004096,-0.000368,-0.001393,0.000412,-0.014029
590.000000,0.014895,0.002667,0.001426,0.001572,0.026668
591.000000,0.014135,0.005439,0.001040,0.002482,0.016608
592.000000,0.013875,0.006874,0.000928,0.001537,-0.008269
593.000000,0.002408,0.003285,0.000481,0.001364,-0.008937
594.000000,0.006526,0.005311,0.000238,0.001666,0.006561
595.000000,0.000000,0.007448,0.000571,0.001342,-0.005963
596.000000,-0.004401,0.004867,0.001033,0.001350,-0.005397
597.000000,-0.002267,0.005804,0.000604,0.001118,0.002402
598.000000,0.001312,0.001860,0.001417,0.000945,0.008958
599.000000,0.000356,0.003441,0.001537,0.000218,0.001782
600.000000,-0.001079,-0.000540,0.001064,0.000771,-0.013142
601.000000,-0.002177,-0.003289,0.001075,-0.000403,-0.010883
602.000000,-0.003388,-0.002827,0.002023,-0.000324,-0.003654
603.000000,-0.001312,0.000000,0.001642,0.000321,0.019336
604.000000,-0.005292,-0.002468,0.001422,-0.000664,-0.018116
605.000000,0.001677,0.000299,0.003873,0.000480,0.021701
606.000000,0.001815,-0.000181,0.002343,0.000628,-0.010189
607.000000,0.005061,0.000836,0.003320,0.000681,0.012571
608.000000,0.006361,0.002524,0.002192,0.001786,0.025838
609.000000,0.006829,0.000769,0.002105,0.001281,-0.015776
610.000000,0.004365,0.003021,0.001240,0.001716,0.009379
611.000000,0.006752,0.004284,0.000498,0.002145,0.001749
612.000000,0.002365,0.003713,0.000443,0.002587,-0.009362
613.000000,-0.001630,0.002366,0.001183,0.001884,0.005862
614.000000,0.002109,0.004469,0.001001,0.002437,0.002918
615.000000,0.000350,0.002357,0.001328,0.003368,0.000583
616.000000,0.002201,0.004477,0.002148,0.003054,0.011005
617.000000,0.003728,0.003047,0.001941,0.003229,-0.001730
618.000000,0.005078,0.001724,0.002124,0.002036,0.012615
619.000000,0.006874,0.004491,0.002630,0.002900,0.011895
620.000000,0.007319,0.003835,0.003428,0.002105,0.002811
621.000000,0.007795,0.004998,0.004641,0.001998,0.013386
622.000000,0.009467,0.006597,0.005155,0.002494,0.006626
623.000000,0.004173,0.004625,0.003496,0.002330,-0.013854
624.000000,-0.000451,0.003211,0.003840,0.001738,-0.011223
625.000000,-0.001352,0.002984,0.002670,0.001880,-0.001694
626.000000,-0.009415,-0.000810,0.001833,0.001162,-0.026928
627.000000,-0.010276,-0.000405,0.001321,0.001159,0.002320
628.000000,-0.006696,-0.001261,0.000231,0.000996,0.004047
629.000000,-0.006423,-0.003437,0.000527,0.000608,-0.009858
630.000000,-0.005502,-0.003427,0.000204,0.001143,0.002910
631.000000,0.000348,-0.004533,0.000232,0.001583,0.002322
632.000000,-0.004927,-0.007601,-0.000502,0.000903,-0.024055
633.000000,-0.003258,-0.004977,-0.000176,0.000671,0.012393
634.000000,-0.000935,-0.003679,-0.000234,0.001334,0.001758
635.000000,0.000464,-0.002519,0.000232,0.000941,0.009904
636.000000,0.001386,0.000867,0.000029,0.001511,0.006932
637.000000,0.003881,-0.000523,-0.000464,0.000706,-0.011581
638.000000,0.001286,-0.000986,-0.001124,-0.000174,-0.000583
639.000000,0.001516,0.000291,-0.001573,0.000448,0.002910
640.000000,-0.002332,-0.000934,-0.002180,-0.000175,-0.009340
641.000000,-0.003250,-0.000932,-0.002733,-0.000156,0.002343
642.000000,0.002661,0.003271,-0.002165,0.000756,0.017977
643.000000,0.006084,0.003685,-0.000646,0.001111,0.016529
644.000000,0.005049,0.003283,-0.000198,0.000938,-0.002264
645.000000,0.004409,0.001038,-0.000740,0.000501,-0.012543
646.000000,0.008253,0.002502,0.001684,0.000853,0.021567
647.000000,-0.002428,0.000116,-0.000203,-0.000270,-0.035432
648.000000,-0.007370,-0.000643,-0.000814,-0.000963,-0.008178
649.000000,-0.004817,0.000116,0.000204,-0.001010,0.010502
650.000000,-0.001382,0.001513,0.000290,-0.000949,0.004632
651.000000,0.025283,0.016768,0.007918,0.003768,0.154893
652.000000,0.032370,0.014971,0.009121,0.003547,0.000000
653.000000,0.034598,0.013614,0.008650,0.004107,0.002964
654.000000,0.023208,0.009196,0.006239,0.002933,-0.046450
655.000000,0.027283,0.012951,0.006994,0.003823,0.025008
656.000000,-0.005213,0.010035,0.006268,0.004468,-0.007589
657.000000,-0.004605,0.013883,0.006999,0.004492,0.003043
658.000000,-0.008774,0.012912,0.006135,0.003761,-0.017880
659.000000,-0.000932,0.011138,0.005627,0.003848,-0.007243
660.000000,-0.004898,0.011192,0.006353,0.003924,0.005179
661.000000,-0.004312,-0.004763,0.006003,0.003691,-0.004660
662.000000,-0.007112,-0.005859,0.004556,0.004128,-0.010958
663.000000,-0.014758,-0.011766,0.000924,0.001844,-0.056110
664.000000,-0.008377,-0.004654,0.002271,0.002608,0.024666
665.000000,-0.015793,-0.010346,0.001302,0.001214,-0.031906
666.000000,-0.012970,-0.008641,0.000697,0.001298,0.009458
667.000000,-0.006940,-0.007026,0.003428,0.002324,0.019194
668.000000,0.005582,-0.004588,0.004162,0.002560,0.006497
669.000000,-0.000108,-0.004242,0.003448,0.002337,-0.003785
670.000000,0.003656,-0.006069,0.002562,0.002212,-0.013086
671.000000,-0.003914,-0.008442,-0.006602,0.001188,-0.028390
672.000000,-0.003839,-0.005389,-0.005624,0.001241,0.019570
673.000000,-0.005693,-0.000056,-0.005911,0.000598,-0.002772
674.000000,-0.004381,-0.002245,-0.003450,0.000765,0.002772
675.000000,0.001531,0.002593,-0.003876,0.001733,0.016475
676.000000,0.004356,0.000221,-0.004210,0.000538,-0.014262
677.000000,0.002750,-0.000545,-0.003785,0.002104,0.011535
678.000000,0.006769,0.000538,-0.002025,0.002954,0.017326
679.000000,0.005785,0.000702,-0.001770,0.002532,-0.002149
680.000000,0.005798,0.003664,-0.001202,0.002929,0.016538
681.000000,0.008014,0.006185,-0.001128,-0.002340,-0.003180
682.000000,0.006660,0.004705,-0.000342,-0.002181,0.004766
683.000000,-0.000861,0.002954,0.001449,-0.002956,-0.020278
684.000000,-0.005232,0.000276,-0.000984,-0.002208,-0.024006
685.000000,-0.011208,-0.002705,-0.000056,-0.003486,-0.013341
686.000000,-0.011919,-0.001953,-0.000866,-0.003458,-0.006738
687.000000,-0.013324,-0.003332,-0.001938,-0.003634,-0.002256
688.000000,-0.011083,-0.005972,-0.002717,-0.003341,-0.009076
689.000000,-0.011828,-0.008530,-0.003914,-0.004024,-0.027731
690.000000,-0.012945,-0.012076,-0.004206,-0.004827,-0.018924
691.000000,-0.009696,-0.010808,-0.002311,-0.004355,0.009507
692.000000,-0.011266,-0.012295,-0.003795,-0.004326,-0.010104
693.000000,-0.006368,-0.008726,-0.002886,-0.001942,0.015412
694.000000,-0.001529,-0.006679,-0.003201,-0.002882,-0.003536
695.000000,-0.002886,-0.007916,-0.005310,-0.002676,-0.025711
696.000000,0.008453,-0.000622,-0.001287,-0.000784,0.066203
697.000000,0.013400,0.001067,-0.001132,-0.000936,0.014632
698.000000,0.013202,0.003417,-0.001278,-0.000672,0.014421
699.000000,0.015117,0.006794,-0.000868,-0.000345,0.006039
700.000000,0.018057,0.007585,-0.002245,-0.000276,-0.011007
701.000000,0.001693,0.005073,-0.002867,0.000150,-0.015617
702.000000,0.004857,0.009128,-0.001583,0.000513,0.030448
703.000000,-0.001992,0.005605,-0.001560,-0.000056,-0.019824
704.000000,-0.003757,0.005680,-0.000499,-0.000241,-0.002785
705.000000,-0.002114,0.007972,0.000028,-0.000883,-0.002793
706.000000,-0.000563,0.000565,-0.000028,-0.000670,-0.007861
707.000000,-0.004745,0.000056,0.000561,-0.000736,0.009537
708.000000,-0.000669,-0.001330,0.001043,-0.001295,0.000558
709.000000,-0.001006,-0.002382,0.002206,-0.001373,-0.004474
710.000000,0.000447,-0.000834,0.003376,-0.001775,0.004474
711.000000,0.009468,0.004453,0.004763,-0.000427,0.037244
712.000000,0.004308,-0.000218,0.004455,-0.001128,-0.016261
713.000000,0.003101,0.001216,0.003410,-0.000635,-0.005479
714.000000,0.015110,0.007052,0.006366,0.002018,0.055570
715.000000,0.031816,0.016132,0.012052,0.005396,0.088007
716.000000,0.022166,0.015817,0.008191,0.005254,-0.011008
717.000000,0.026570,0.015439,0.007747,0.005521,0.005758
718.000000,0.029191,0.016146,0.007408,0.006077,0.007626
719.000000,0.017982,0.016546,0.007082,0.006986,-0.000475
720.000000,0.000760,0.016288,0.007727,0.007680,0.001898
721.000000,0.000385,0.011275,0.007864,0.006934,-0.012885
722.000000,-0.004941,0.010814,0.005298,0.006575,-0.020869
723.000000,-0.007351,0.010920,0.006068,0.005914,-0.004424
724.000000,-0.002967,0.007507,0.007279,0.006746,0.021443
725.000000,-0.002769,-0.001005,0.007564,0.007700,0.002889
726.000000,0.005682,0.003033,0.009425,0.006472,0.029372
727.000000,0.008732,0.001896,0.008667,0.005797,-0.005618
728.000000,0.013062,0.002855,0.009501,0.005890,0.017222
729.000000,0.007384,0.002208,0.009377,0.005457,-0.006946
730.000000,0.007363,0.002297,0.009292,0.005917,0.002784
731.000000,0.004341,0.005012,0.008143,0.006913,0.014263
732.000000,0.005556,0.007144,0.008979,0.005913,0.000457
733.000000,-0.001389,0.005836,0.008378,0.005991,-0.017504
734.000000,0.003683,0.005534,0.006520,0.006697,0.018417
735.000000,-0.001582,0.002891,0.000943,0.006006,-0.023541
736.000000,-0.004996,-0.000327,0.001353,0.006174,-0.002806
737.000000,-0.003222,0.001167,0.001531,0.006167,0.009324
738.000000,-0.001399,-0.001394,0.000731,0.005869,-0.008388
739.000000,-0.003498,0.000093,0.001151,0.006282,0.007924
740.000000,0.000560,-0.000511,0.000893,0.006025,-0.003255
741.000000,0.002328,-0.001334,0.001839,0.004984,0.006037
742.000000,-0.003275,-0.003249,0.001948,0.004903,-0.018692
743.000000,0.001585,0.000093,0.002965,0.005616,0.015910
744.000000,0.006036,0.001269,0.003401,0.004770,0.030181
745.000000,0.012108,0.006334,0.004612,0.002740,0.027107
746.000000,0.003306,0.002817,0.001245,0.001841,-0.037976
747.000000,0.002717,-0.000279,0.000444,0.000928,-0.021635
748.000000,0.001756,0.001671,0.000138,0.001044,0.011106
749.000000,-0.004648,0.000694,0.000393,0.000998,-0.001842
750.000000,-0.010162,0.000973,0.000231,0.000920,-0.000461
751.000000,-0.002751,0.000277,-0.000528,0.001318,-0.000923
752.000000,0.002037,0.002377,-0.000436,0.002091,0.002306
753.000000,0.001741,0.001749,0.000921,0.002559,0.009626
754.000000,-0.000462,-0.002555,-0.000643,0.001416,-0.012856
755.000000,-0.002693,-0.006428,-0.000047,0.000932,-0.011620
756.000000,-0.011595,-0.007173,-0.002178,-0.001561,-0.045430
757.000000,-0.012938,-0.005451,-0.002865,-0.001521,-0.004413
758.000000,-0.017435,-0.007847,-0.003088,-0.002524,-0.012859
759.000000,-0.017369,-0.008915,-0.004111,-0.002709,-0.012522
760.000000,-0.021811,-0.012252,-0.005639,-0.003930,-0.033832
761.000000,-0.015984,-0.013789,-0.006756,-0.004949,-0.016295
762.000000,-0.007510,-0.010224,-0.003924,-0.003699,0.037956
763.000000,-0.008335,-0.012885,-0.005568,-0.003681,-0.016980
764.000000,-0.004485,-0.010927,-0.006741,-0.004071,0.006724
765.000000,0.002590,-0.009611,-0.008019,-0.003235,0.001545
766.000000,0.002213,-0.006885,-0.007029,-0.003747,-0.018178
767.000000,-0.000102,-0.003806,-0.004628,-0.003179,0.026379
768.000000,-0.001982,-0.005158,-0.006503,-0.003778,-0.026379
769.000000,0.002663,-0.000911,-0.004913,-0.003044,0.029945
770.000000,-0.000722,0.000934,-0.005659,-0.003448,-0.015377
771.000000,0.003533,0.002873,-0.005458,-0.003546,0.003094
772.000000,-0.008979,-0.004540,-0.007382,-0.004129,-0.036177
773.000000,-0.005203,-0.003593,-0.008239,-0.004910,-0.007503
774.000000,-0.004839,-0.001088,-0.006008,-0.004857,0.031766
775.000000,-0.005127,-0.002924,-0.006268,-0.006321,-0.016816
776.000000,0.004279,0.003906,-0.001490,-0.003384,0.050127
777.000000,0.000533,-0.004223,-0.004014,-0.004493,-0.054908
778.000000,-0.000755,-0.002979,-0.004069,-0.005328,-0.013941
779.000000,-0.011806,-0.008323,-0.004617,-0.006050,-0.023492
780.000000,-0.010331,-0.007729,-0.003398,-0.006349,-0.009442
781.000000,-0.022150,-0.008935,-0.003031,-0.006617,-0.008969
782.000000,-0.010382,-0.004924,-0.004732,-0.006563,0.003934
783.000000,-0.011902,-0.006328,-0.004960,-0.007602,-0.021543
784.000000,-0.005719,-0.008763,-0.004926,-0.006926,0.007422
785.000000,0.000112,-0.005110,-0.004017,-0.005882,0.019713
786.000000,0.002796,-0.009677,-0.002886,-0.004219,0.004452
787.000000,-0.000562,-0.005472,-0.004847,-0.004500,-0.012853
788.000000,0.005316,-0.003293,-0.003136,-0.003810,0.007843
789.000000,0.008465,0.001373,-0.003475,-0.002621,0.023167
790.000000,0.003976,0.002044,-0.002843,-0.001584,-0.002730
791.000000,0.004936,0.003866,-0.002535,-0.000732,0.009252
792.000000,0.009017,0.004228,-0.000348,-0.001746,0.007555
793.000000,0.008949,0.007132,0.000402,-0.000930,0.007499
794.000000,0.003674,0.006069,-0.001347,-0.001261,-0.003207
795.000000,0.010335,0.007156,0.001023,-0.000293,0.030577
796.000000,0.008900,0.006918,-0.001380,0.000382,0.002075
797.000000,0.011187,0.010102,0.002315,0.000136,0.018990
798.000000,0.010499,0.009724,0.003215,0.001150,0.004059
799.000000,0.016929,0.010301,0.005837,0.001117,0.028944
800.000000,0.005631,0.007983,0.005013,0.000766,-0.025911
801.000000,0.004508,0.006704,0.005285,0.000545,-0.003540
802.000000,-0.001941,0.004623,0.004425,0.001309,-0.013259
803.000000,0.001815,0.006157,0.006644,0.002320,0.022838
804.000000,-0.006702,0.005113,0.005591,0.000807,-0.013640
805.000000,-0.004183,0.000724,0.003940,0.000923,-0.013313
806.000000,-0.005131,-0.000311,0.003303,-0.001024,-0.008282
807.000000,-0.002791,-0.002366,0.003868,0.000755,-0.001560
808.000000,-0.006010,-0.002098,0.003813,0.001444,0.006745
809.000000,-0.005152,-0.005927,0.002187,0.001916,-0.009351
810.000000,-0.002803,-0.003493,0.002245,0.002178,-0.001567
811.000000,-0.004840,-0.004985,0.000859,0.001861,-0.018465
812.000000,-0.004528,-0.003660,0.000482,0.001730,0.000000
813.000000,-0.003442,-0.004726,0.000715,0.002854,0.012173
814.000000,0.000937,-0.002108,0.001503,0.003025,0.012546
815.000000,0.003729,0.000463,0.000594,0.002781,0.012390
816.000000,0.006496,0.000828,0.000258,0.002478,-0.004628
817.000000,0.009362,0.002417,0.000025,0.003384,0.014330
818.000000,0.007334,0.001946,-0.000076,0.003191,0.002030
819.000000,0.000104,0.000521,-0.002703,0.001632,-0.023603
820.000000,0.004766,0.004247,0.000377,0.002913,0.035700
821.000000,0.000309,0.003403,-0.000791,0.001707,-0.026912
822.000000,-0.001121,0.004121,0.000230,0.001695,0.007180
823.000000,-0.003788,0.001773,-0.001477,0.001068,-0.011305
824.000000,0.000726,0.000415,-0.000846,0.001140,-0.001034
825.000000,0.000300,0.002533,0.001498,0.001240,0.033574
826.000000,0.005282,0.002796,0.001812,0.001104,-0.002003
827.000000,0.003646,0.001262,0.001840,0.000438,-0.001003
828.000000,0.010078,0.003145,0.002545,0.000998,0.020855
829.000000,0.005007,0.002866,0.001693,-0.000847,-0.026389
830.000000,0.002090,0.001195,0.002721,0.000650,0.018991
831.000000,0.003380,0.004331,0.003867,0.000916,0.004446
832.000000,0.006419,0.005032,0.004576,0.001831,0.014192
833.000000,0.003604,0.006841,0.004307,0.001296,0.006780
834.000000,0.006747,0.005877,0.003146,0.001395,-0.010675
835.000000,0.003727,0.002909,0.002721,0.001968,0.003895
836.000000,-0.003129,0.000125,0.001460,0.001250,-0.029838
837.000000,-0.004720,0.000849,0.001056,0.001510,0.006238
838.000000,-0.001453,0.001075,0.002110,0.002055,0.023114
839.000000,-0.011650,-0.002452,0.000207,0.000312,-0.061658
840.000000,-0.009452,-0.002862,-0.000834,0.000860,0.014884
841.000000,0.003622,0.000246,0.002289,0.002660,0.035530
842.000000,-0.001198,-0.002959,0.001037,0.002065,-0.017858
843.000000,-0.002249,-0.001851,0.002495,0.002254,0.017858
844.000000,0.010966,-0.000342,0.002767,0.001983,0.004415
845.000000,0.003635,-0.002909,0.000000,0.000844,-0.021772
846.000000,-0.005988,-0.001183,-0.000529,0.000579,-0.012585
847.000000,-0.003535,-0.002366,-0.000758,-0.000085,-0.005588
848.000000,-0.004073,-0.003161,-0.001043,0.000353,0.015167
849.000000,-0.011587,-0.000311,-0.001381,0.000035,-0.033158
850.000000,-0.003228,0.000204,-0.001329,-0.000488,0.020026
851.000000,-0.002652,-0.004320,-0.002037,0.000086,-0.009706
852.000000,0.002430,-0.000552,-0.001755,0.000507,0.019823
853.000000,-0.001208,-0.002640,-0.002246,0.000783,-0.003024
854.000000,0.012953,0.000683,0.000170,0.002073,0.037647
855.000000,0.006994,0.001883,-0.000513,0.000628,-0.009770
856.000000,0.007061,0.002204,0.000511,0.000382,-0.009371
857.000000,0.005265,0.003848,0.000741,0.000777,0.010843
858.000000,0.007724,0.003258,0.000049,0.000391,0.009271
859.000000,0.000486,0.006719,0.003204,0.001319,0.001456
860.000000,0.003600,0.005297,0.002750,0.000879,0.005803
861.000000,0.001972,0.004517,0.000098,0.000148,-0.017510
862.000000,0.002823,0.004044,0.001746,0.000178,0.015096
863.000000,-0.000389,0.003667,0.000514,-0.000275,-0.006790
864.000000,0.002314,0.001400,0.001041,0.000580,0.014973
865.000000,0.000578,0.002089,0.001986,0.000354,-0.002880
866.000000,0.000000,0.000986,0.001595,0.000669,-0.020399
867.000000,-0.004596,-0.000886,0.001481,0.000198,-0.007882
868.000000,-0.002547,-0.001468,0.000895,-0.000457,0.003456
869.000000,-0.005936,-0.001811,0.002454,0.001533,-0.001973
870.000000,-0.004571,-0.001997,0.001650,0.001168,0.003943
871.000000,-0.009136,-0.004568,-0.000026,-0.001457,-0.043223
872.000000,-0.006331,-0.005463,-0.000710,-0.000657,0.006144
873.000000,-0.005699,-0.004123,-0.000228,-0.001032,0.006614
874.000000,-0.005609,-0.005772,-0.002186,-0.001230,-0.001522
875.000000,-0.003273,-0.003922,-0.000917,0.000017,0.015621
876.000000,0.000410,-0.004363,-0.001688,-0.000391,-0.024805
877.000000,-0.006221,-0.006276,-0.003581,-0.001105,-0.027015
878.000000,-0.005240,-0.005470,-0.003469,-0.001227,0.011518
879.000000,0.002021,-0.001794,-0.001802,0.001038,0.034786
880.000000,0.002287,-0.000493,-0.001245,0.000936,0.016950
881.000000,0.009607,0.005009,0.000220,0.001652,0.011794
882.000000,0.013342,0.003560,-0.000951,0.000714,-0.008340
883.000000,0.017055,0.005907,0.000892,0.001817,0.030085
884.000000,0.012757,0.007389,0.000808,0.001006,0.013296
885.000000,0.013660,0.007973,0.002026,0.002047,0.021466
886.000000,0.011855,0.010731,0.003184,0.002451,0.002766
887.000000,0.018524,0.015933,0.004828,0.002924,0.025007
888.000000,0.010521,0.013788,0.004159,0.002284,-0.009928
889.000000,0.009578,0.011168,0.004687,0.002521,0.008580
890.000000,0.006629,0.010145,0.004826,0.002552,0.006722
891.000000,0.004642,0.008248,0.006628,0.002896,-0.007172
892.000000,-0.001352,0.008586,0.006073,0.002228,-0.004961
893.000000,0.001536,0.006029,0.005968,0.002604,0.004511
894.000000,-0.000630,0.004474,0.005931,0.002030,-0.002253
895.000000,-0.002970,0.001830,0.004902,0.001960,-0.004974
896.000000,-0.004734,-0.000046,0.005342,0.002107,-0.015993
897.000000,-0.001452,-0.001402,0.007266,0.002752,0.011450
898.000000,0.000719,0.001127,0.007458,0.003149,0.015364
899.000000,0.003665,0.001517,0.006342,0.003630,0.012478
900.000000,-0.005795,-0.004382,0.002881,0.001756,-0.052273
901.000000,0.001377,-0.001678,0.003285,0.003859,0.019867
902.000000,-0.008274,-0.004863,0.001861,0.002428,-0.036808
903.000000,-0.007959,-0.003620,0.001204,0.002772,0.016942
904.000000,-0.006116,-0.001225,0.001624,0.003546,0.021695
905.000000,0.005704,-0.000045,0.000892,0.003253,0.006826
906.000000,0.000548,0.000963,0.000458,0.003882,-0.005913
907.000000,0.007087,-0.000594,-0.000998,0.004646,-0.004114
908.000000,0.002964,-0.002497,-0.000685,0.004139,-0.003671
909.000000,-0.001467,-0.003791,-0.001137,0.002965,-0.000460
910.000000,-0.003661,0.001021,-0.001680,0.002261,-0.004148
911.000000,-0.001373,-0.000413,-0.001045,0.002052,0.005527
912.000000,-0.001841,0.002623,-0.001120,0.002115,-0.006452
913.000000,-0.002591,0.000186,-0.001717,0.000865,-0.007425
914.000000,-0.000645,-0.001056,-0.001141,0.000731,0.009272
915.000000,0.000369,-0.001646,-0.000846,0.000046,0.000923
916.000000,0.000642,-0.000366,0.000299,0.000184,0.006892
917.000000,0.002024,0.000092,-0.000251,-0.000635,0.000458
918.000000,-0.002720,-0.002656,-0.002576,-0.001342,-0.031144
919.000000,-0.005521,-0.003083,-0.003437,-0.001786,-0.004733
920.000000,-0.004570,-0.002100,-0.000540,-0.001820,0.005676
921.000000,-0.007084,-0.003221,-0.001817,-0.001771,-0.005676
922.000000,-0.007650,-0.002813,-0.000095,-0.001684,-0.002375
923.000000,-0.001041,-0.001881,-0.000847,-0.001771,0.001900
924.000000,-0.001428,-0.003475,-0.002265,-0.001919,-0.006667
925.000000,-0.000756,-0.002663,-0.002155,-0.001452,0.009037
926.000000,-0.000095,-0.003589,-0.001977,-0.000997,-0.002370
927.000000,0.003395,-0.002128,-0.001018,-0.000877,0.015073
928.000000,0.004412,0.001685,-0.000485,-0.001156,0.006988
929.000000,0.001428,0.000000,-0.001541,-0.002291,-0.021587
930.000000,0.002914,0.001079,-0.000511,0.000000,0.016467
931.000000,0.001983,0.000944,-0.001138,-0.000896,-0.007024
932.000000,0.000280,0.001838,-0.000488,0.000549,0.006557
933.000000,0.003862,0.004137,0.001128,0.000814,0.024898
934.000000,0.007267,0.004347,0.000436,-0.000061,-0.004564
935.000000,0.004156,0.003535,0.000436,-0.000258,0.000914
936.000000,0.007381,0.004682,0.000546,0.000242,0.009099
937.000000,0.008679,0.004480,0.001176,0.000815,0.013049
938.000000,0.007069,0.005465,0.003575,0.001498,0.016844
939.000000,0.008333,0.007800,0.003900,0.001572,0.001757
940.000000,0.006165,0.005161,0.003120,0.001380,-0.009922
941.000000,0.005803,0.006592,0.003768,0.001438,0.007286
942.000000,0.003983,0.006331,0.004084,0.001785,0.003952
943.000000,-0.001766,0.002651,0.003394,0.001636,-0.011902
944.000000,-0.000615,0.003859,0.004103,0.001577,0.007511
945.000000,0.000221,0.003193,0.003364,0.001355,-0.005738
946.000000,-0.001324,0.002239,0.003461,0.001111,-0.000443
947.000000,0.001136,0.002560,0.003520,0.001637,0.016253
948.000000,0.005683,0.001959,0.003712,0.003036,0.010834
949.000000,0.003923,0.001654,0.004727,0.003151,-0.001294
950.000000,0.007728,0.003975,0.004568,0.003405,0.013291
951.000000,0.002727,0.000701,0.003647,0.002746,-0.025449
952.000000,-0.005030,-0.001947,0.002192,0.002074,-0.022532
953.000000,-0.009715,-0.002016,0.000318,0.001591,-0.012590
954.000000,-0.008914,-0.002496,0.000682,0.001904,0.002711
955.000000,-0.014115,-0.003193,0.000000,0.001178,-0.012716
956.000000,-0.007115,-0.002194,0.000023,0.001576,0.009552
957.000000,-0.006171,-0.005601,-0.001520,0.000480,-0.017813
958.000000,-0.002184,-0.005949,-0.001995,0.000492,0.007346
959.000000,-0.004657,-0.006785,-0.002566,0.000889,-0.009653
960.000000,0.000639,-0.006738,-0.001382,0.000799,0.013762
961.000000,-0.007471,-0.007293,-0.003296,0.000000,-0.030999
962.000000,-0.009050,-0.007610,-0.004779,-0.001075,-0.025703
963.000000,-0.013140,-0.007662,-0.004839,-0.002342,-0.013104
964.000000,-0.010721,-0.007689,-0.005092,-0.002109,0.002440
965.000000,-0.010475,-0.004918,-0.004056,-0.001639,0.014994
966.000000,-0.030611,-0.019041,-0.010618,-0.006332,-0.131681
967.000000,-0.026129,-0.017589,-0.011595,-0.006877,-0.003291
968.000000,-0.023508,-0.018324,-0.012137,-0.007438,0.000000
969.000000,-0.021159,-0.015940,-0.011363,-0.007024,0.014185
970.000000,-0.011663,-0.011069,-0.008904,-0.004611,0.062471
971.000000,0.015789,-0.007411,-0.007352,-0.004668,0.005582
972.000000,0.023703,-0.001213,-0.004412,-0.003590,0.036277
973.000000,0.029475,0.002984,-0.002339,-0.002231,0.028862
974.000000,0.031325,0.005083,-0.001303,-0.001701,0.023431
975.000000,0.015562,0.001949,-0.001484,-0.002054,-0.016344
976.000000,0.012268,0.014029,-0.002506,-0.002402,-0.010888
977.000000,0.003387,0.013545,-0.002022,-0.003215,-0.008124
978.000000,-0.001332,0.014072,-0.002126,-0.003400,0.005264
979.000000,-0.005161,0.013082,-0.001429,-0.003214,0.004287
980.000000,-0.001797,0.006882,-0.002093,-0.003642,0.000475
981.000000,-0.004915,0.003677,-0.001867,-0.003676,-0.026476
982.000000,0.000957,0.002172,0.000480,-0.002217,0.021236
983.000000,-0.000191,-0.000762,0.001111,-0.001813,-0.000478
984.000000,-0.006669,-0.005915,-0.000416,-0.002840,-0.028103
985.000000,-0.002967,-0.002382,-0.000217,-0.001784,0.018983
986.000000,-0.001665,-0.003290,0.005369,-0.002768,-0.019967
987.000000,-0.011398,-0.005220,0.004162,-0.003088,-0.027426
988.000000,-0.014154,-0.007172,0.003450,-0.003808,-0.014257
989.000000,-0.006290,-0.006479,0.003301,-0.003112,0.011219
990.000000,-0.008269,-0.005618,0.000632,-0.003268,0.009086
991.000000,-0.012063,-0.006864,-0.001594,-0.003533,-0.038939
992.000000,-0.003880,-0.007639,-0.002733,-0.002226,0.013493
993.000000,0.003961,-0.005097,-0.002929,-0.000958,0.024944
994.000000,0.006290,0.000000,-0.002957,-0.000277,0.022864
995.000000,0.006136,-0.001066,-0.001724,-0.000500,0.008319
996.000000,0.011867,-0.000098,-0.001694,0.003547,-0.010287
997.000000,0.012585,0.004353,-0.000434,0.004226,0.017086
998.000000,0.007015,0.005488,-0.000842,0.004129,-0.002908
999.000000,0.001566,0.003928,-0.001276,0.003510,-0.004379
1000.000000,-0.000293,0.002922,-0.001348,0.001395,-0.000976
1001.000000,0.001472,0.006669,-0.000098,0.001160,-0.001465
1002.000000,-0.001068,0.005759,-0.000940,0.000097,0.004389
1003.000000,0.000872,0.003943,-0.000577,-0.000638,0.006790
1004.000000,0.000779,0.001172,0.000586,-0.001581,-0.004845
1005.000000,-0.001077,-0.000685,-0.000876,-0.001378,-0.010251
1006.000000,-0.000882,0.000295,0.000098,-0.001031,-0.000491
1007.000000,-0.003139,-0.002103,0.001125,-0.000990,-0.006897
1008.000000,-0.002823,-0.000976,0.002256,-0.000887,0.008368
1009.000000,-0.000292,0.000243,0.002086,-0.000769,0.007813
1010.000000,-0.000098,-0.000587,0.001167,-0.001095,-0.009284
1011.000000,-0.000098,-0.000490,0.003090,-0.000228,-0.000491
1012.000000,0.003042,-0.000049,0.002855,-0.000643,0.008802
1013.000000,0.008447,0.002812,0.003378,0.000553,0.035393
1014.000000,0.006036,0.002872,0.002022,0.001348,-0.004238
1015.000000,0.001077,0.000489,-0.000098,-0.000421,-0.034081
1016.000000,0.003698,0.001800,0.001048,0.000666,0.012615
1017.000000,-0.003536,-0.000247,-0.001175,0.000667,-0.027372
1018.000000,-0.009824,-0.000689,-0.000832,0.001274,0.003956
1019.000000,-0.015090,-0.004527,-0.002142,-0.000119,-0.030571
1020.000000,-0.005645,-0.002284,-0.001436,0.000017,0.013145
1021.000000,-0.008470,-0.002386,-0.001438,0.001264,-0.001508
1022.000000,-0.003802,-0.003669,-0.001859,0.000680,-0.004032
1023.000000,-0.001287,-0.005556,-0.001372,0.000400,0.016529
1024.000000,0.001218,-0.006936,-0.002032,-0.000964,-0.018046
1025.000000,0.001601,-0.002022,-0.000766,-0.000739,0.015061
1026.000000,-0.003450,-0.005960,-0.002080,-0.001288,-0.026763
1027.000000,0.004198,0.000198,-0.000025,-0.000718,0.034209
1028.000000,0.000793,-0.000247,-0.000468,-0.000637,-0.000495
1029.000000,0.003112,0.002165,-0.001181,-0.000706,-0.006453
1030.000000,0.000000,0.000800,-0.000742,-0.000690,-0.000498
1031.000000,0.004354,0.000452,-0.000967,-0.000808,-0.004995
1032.000000,-0.016702,-0.006252,-0.004961,-0.003323,-0.071070
1033.000000,-0.019419,-0.009313,-0.007434,-0.004019,-0.014077
1034.000000,-0.017583,-0.007236,-0.007086,-0.003767,0.002723
1035.000000,-0.016724,-0.008362,-0.005192,-0.003298,0.003799
1036.000000,-0.014321,-0.004984,-0.005472,-0.003048,0.007018
1037.000000,-0.001728,-0.009215,-0.004508,-0.003088,-0.008102
1038.000000,0.001088,-0.009166,-0.004706,-0.003367,0.000000
1039.000000,-0.003843,-0.010713,-0.004274,-0.004359,-0.021931
1040.000000,-0.002288,-0.009506,-0.004353,-0.003663,0.011574
1041.000000,-0.003582,-0.008952,-0.004250,-0.003629,0.000548
1042.000000,-0.000543,-0.001135,-0.003694,-0.003686,0.007094
1043.000000,0.002479,0.001783,-0.003765,-0.004362,0.015111
1044.000000,0.007186,0.001672,-0.002782,-0.004167,0.001606
1045.000000,0.007422,0.002567,-0.002898,-0.002606,0.012753
1046.000000,0.003475,-0.000054,-0.002519,-0.003666,-0.019190
1047.000000,0.003771,0.001614,-0.003801,-0.002468,0.008575
1048.000000,-0.001938,0.000271,-0.004447,-0.003047,-0.013430
1049.000000,-0.005201,0.000993,-0.004860,-0.002519,-0.014710
1050.000000,-0.011519,-0.002048,-0.005777,-0.003585,-0.018837
1051.000000,-0.008690,-0.002608,-0.005780,-0.003703,-0.005046
1052.000000,-0.007947,-0.002088,-0.001612,-0.003158,0.012291
1053.000000,-0.005150,-0.003544,-0.000880,-0.003691,0.000555
1054.000000,-0.001986,-0.003593,-0.000961,-0.003052,0.001109
1055.000000,0.002887,-0.004316,-0.000874,-0.003370,0.005528
1056.000000,0.003013,-0.002839,-0.001446,-0.002625,-0.004420
1057.000000,0.002099,-0.002924,-0.000655,-0.003508,0.007722
1058.000000,0.002646,-0.001252,-0.000490,-0.003382,0.003291
1059.000000,0.004386,0.001200,0.001097,-0.002840,0.009809
1060.000000,-0.000773,0.001057,-0.000496,-0.003499,-0.020269
1061.000000,0.000774,0.001893,-0.000357,-0.003222,0.003315
1062.000000,-0.002655,-0.000278,-0.001183,-0.001167,-0.009421
1063.000000,-0.002424,0.000111,-0.001716,-0.000550,0.004444
1064.000000,-0.003060,0.000663,-0.001465,-0.000420,0.006630
1065.000000,0.000994,0.000110,-0.002103,-0.000546,0.000000
1066.000000,-0.001662,-0.000444,-0.001641,-0.001112,-0.009961
1067.000000,0.001994,-0.000330,-0.001627,-0.000547,0.008859
1068.000000,0.001986,-0.000219,-0.000736,-0.000400,0.004400
1069.000000,0.002300,-0.000380,0.000410,0.000604,0.008199
1070.000000,-0.001437,-0.000222,0.000418,-0.000404,-0.018682
1071.000000,0.000555,-0.000553,0.000670,-0.000423,0.000000
1072.000000,-0.002329,-0.000167,-0.000223,-0.000844,-0.005562
1073.000000,-0.000110,0.000938,0.000524,-0.000832,0.015496
1074.000000,0.001302,0.001801,0.001232,-0.000376,0.015259
1075.000000,0.004930,0.001747,0.000928,-0.000820,-0.000541
1076.000000,0.005147,0.002851,0.001204,-0.000144,0.001082
1077.000000,0.001445,-0.000442,-0.000386,-0.001232,-0.024071
1078.000000,-0.001765,-0.000937,-0.000578,-0.000803,-0.000554
1079.000000,-0.001302,0.000000,-0.000190,0.000273,0.017573
1080.000000,-0.002067,0.001432,0.000605,0.000756,-0.004364
1081.000000,-0.001519,0.001814,0.000630,0.001051,0.003820
1082.000000,0.004273,0.002859,0.001346,0.000805,0.004890
1083.000000,0.002204,0.000219,0.000579,0.000423,-0.010899
1084.000000,0.000977,-0.000162,0.000819,0.000767,0.011441
1085.000000,0.002823,0.000378,0.001062,0.000745,0.004864
1086.000000,0.007063,0.002772,0.002812,0.001726,0.025021
1087.000000,0.005242,0.004758,0.002158,0.001328,-0.004215
1088.000000,0.006257,0.004231,0.001647,0.001025,-0.005825
1089.000000,0.005028,0.003003,0.001501,0.000874,0.005297
1090.000000,0.017339,0.010081,0.005756,0.003764,0.066419
1091.000000,0.015571,0.011317,0.006566,0.004193,0.016181
1092.000000,0.023392,0.014317,0.008588,0.005670,0.034890
1093.000000,0.020093,0.013175,0.006697,0.004777,-0.022323
1094.000000,0.019609,0.012319,0.006078,0.004652,0.002878
1095.000000,0.010120,0.013730,0.007054,0.005285,0.018976
1096.000000,0.005280,0.010426,0.006599,0.005350,-0.008021
1097.000000,-0.002172,0.010610,0.007684,0.004975,-0.002371
1098.000000,0.000096,0.010094,0.007162,0.004462,-0.010981
1099.000000,0.005480,0.012544,0.007774,0.005182,0.029796
1100.000000,0.000469,0.005295,0.007688,0.005603,-0.006076
1101.000000,-0.001808,0.001736,0.006527,0.004956,-0.019409
1102.000000,-0.002485,-0.002328,0.005994,0.004949,-0.005753
1103.000000,-0.001156,-0.000530,0.006323,0.004288,-0.004336
1104.000000,-0.011410,-0.002965,0.004677,0.003064,-0.021475
1105.000000,-0.010096,-0.004813,0.004458,0.003098,0.000493
1106.000000,-0.007005,-0.004406,0.003010,0.002930,-0.003953
1107.000000,-0.003688,-0.003086,0.003762,0.004094,0.010832
1108.000000,-0.002918,-0.002037,0.004029,0.004096,-0.000490
1109.000000,-0.002382,-0.006896,0.002824,0.002884,-0.018794
1110.000000,-0.000197,-0.005147,0.000074,0.003410,0.011417
1111.000000,0.005662,-0.000671,0.000532,0.004127,0.025342
1112.000000,0.004168,0.000240,-0.001044,0.004076,0.003363
1113.000000,0.003208,0.000145,-0.000192,0.004263,-0.005290
1114.000000,0.005126,0.001372,-0.000797,0.003575,-0.009203
1115.000000,0.006316,0.003059,-0.000877,0.003992,0.017367
1116.000000,-0.000675,0.002493,-0.000957,0.002838,-0.009611
1117.000000,0.000670,0.002419,-0.000333,0.003314,0.010089
1118.000000,-0.000870,0.001169,-0.000434,0.003075,-0.012990
1119.000000,-0.000976,0.002075,-0.002410,0.002574,-0.009732
1120.000000,-0.004547,0.000885,-0.002131,0.000344,-0.000489
1121.000000,-0.002625,-0.001650,-0.001161,-0.000195,0.000000
1122.000000,-0.001632,-0.000481,-0.000120,-0.000856,0.015052
1123.000000,-0.000679,-0.000774,-0.000315,-0.000386,-0.008227
1124.000000,0.003394,0.001209,0.001291,-0.000128,0.010633
1125.000000,0.005120,0.000287,0.001673,-0.000489,0.008140
1126.000000,0.005596,0.001486,0.001990,-0.000142,0.002382
1127.000000,0.003724,0.001046,0.001733,0.000126,0.005693
1128.000000,0.006125,0.002723,0.001946,0.000618,0.003777
1129.000000,0.001151,0.002272,0.002174,-0.000850,-0.014238
1130.000000,0.003873,0.004496,0.002690,0.000078,0.021750
1131.000000,0.002647,0.004121,0.001236,0.000600,-0.003749
1132.000000,-0.000189,0.001767,0.000643,0.000509,-0.008487
1133.000000,-0.001799,0.002163,0.000694,0.000511,-0.004270
1134.000000,0.001903,0.001527,0.001368,0.001369,0.004270
1135.000000,-0.005982,-0.001055,-0.000384,0.000764,-0.017674
1136.000000,-0.002647,0.000000,0.000743,0.001326,0.012928
1137.000000,-0.005277,-0.002733,-0.000844,0.000244,-0.021641
1138.000000,-0.004423,-0.003111,-0.000194,0.000260,0.000000
1139.000000,-0.003921,-0.001009,0.000632,0.001113,0.006783
1140.000000,0.001536,-0.002223,0.001137,0.001053,0.009611
1141.000000,-0.002489,-0.002568,0.000777,-0.000032,-0.007199
1142.000000,0.004042,-0.000617,0.000575,0.000223,0.011018
1143.000000,0.000776,-0.001823,0.000170,-0.000145,-0.016331
1144.000000,0.001252,-0.001335,0.000096,0.000467,0.009159
1145.000000,-0.000191,0.000672,-0.000191,-0.000032,0.002396
1146.000000,-0.000482,-0.001486,-0.000743,0.000000,-0.008654
1147.000000,-0.002782,0.000630,-0.001052,-0.000352,-0.000483
1148.000000,-0.000971,-0.000097,-0.001604,-0.000162,-0.007273
1149.000000,-0.003387,-0.001068,-0.001038,0.000065,-0.002924
1150.000000,-0.005927,-0.003059,-0.002641,-0.000262,-0.010302
1151.000000,-0.003065,-0.001774,-0.002171,-0.000073,0.005655
1152.000000,-0.002626,-0.002704,-0.001661,-0.000518,0.001715
1153.000000,-0.003238,-0.002104,-0.001964,-0.000588,-0.010332
1154.000000,-0.002851,-0.003119,-0.002227,-0.000976,-0.000990
1155.000000,-0.000791,-0.003359,-0.001343,-0.001247,0.000000
1156.000000,-0.003412,-0.003239,-0.002362,-0.001575,-0.007453
1157.000000,-0.005659,-0.004143,-0.001756,-0.002082,-0.009521
1158.000000,0.000888,-0.001175,-0.000636,-0.001461,0.022406
1159.000000,-0.002491,-0.002671,-0.001869,-0.001583,-0.017884
1160.000000,-0.010050,-0.005420,-0.004240,-0.003567,-0.037798
1161.000000,-0.008768,-0.006090,-0.003932,-0.003477,-0.001042
1162.000000,-0.004378,-0.005019,-0.003861,-0.002780,0.012429
1163.000000,-0.010202,-0.004657,-0.003381,-0.002861,-0.006713
1164.000000,-0.007768,-0.005129,-0.004124,-0.003194,-0.005716
1165.000000,-0.002093,-0.006072,-0.004715,-0.002919,-0.009424
1166.000000,-0.002517,-0.005643,-0.004441,-0.003456,-0.003161
1167.000000,-0.002069,-0.003224,-0.003683,-0.002245,0.014668
1168.000000,-0.002188,-0.006195,-0.003685,-0.002489,-0.007307
1169.000000,-0.003257,-0.005513,-0.004092,-0.003084,-0.011061
1170.000000,-0.001478,-0.001786,-0.003603,-0.003422,-0.000530
1171.000000,-0.000634,-0.001576,-0.003833,-0.003147,0.001059
1172.000000,-0.002723,-0.002396,-0.003707,-0.003373,0.004226
1173.000000,-0.002318,-0.002253,-0.003455,-0.003005,-0.005285
1174.000000,0.000951,-0.001153,-0.003141,-0.003134,0.005285
1175.000000,0.004817,0.001669,-0.002201,-0.002587,0.018800
1176.000000,0.003672,0.001519,-0.002062,-0.002454,-0.004667
1177.000000,0.001889,-0.000417,-0.001820,-0.002594,-0.004689
1178.000000,0.005230,0.001456,-0.002369,-0.001971,0.011423
1179.000000,0.002827,0.001889,-0.001812,-0.002098,-0.006734
1180.000000,-0.001976,0.001421,-0.000183,-0.001928,-0.005211
1181.000000,0.000519,0.002095,0.000260,-0.001857,0.007806
1182.000000,0.005866,0.003877,0.000741,-0.001179,0.022047
1183.000000,0.006601,0.005916,0.001831,-0.000331,0.015098
1184.000000,0.005940,0.004383,0.001615,-0.000633,-0.010040
1185.000000,-0.000066,-0.000066,-0.000066,-0.000066,-0.004551
1186.000000,0.005320,0.002920,0.002219,-0.000401,0.004047
1187.000000,-0.001834,0.002016,0.000800,-0.000541,-0.013723
1188.000000,-0.005263,0.000669,0.001062,-0.001357,-0.002049
1189.000000,-0.001418,0.002261,0.002075,-0.000454,0.009188
1190.000000,0.002117,0.004095,0.002758,0.001243,0.013125
1191.000000,0.003006,0.004163,0.003129,0.001561,0.008489
1192.000000,0.004053,0.001109,0.002493,0.000864,-0.008489
1193.000000,0.007548,0.001142,0.003529,0.001602,0.015427
1194.000000,0.005612,0.002097,0.003240,0.001776,-0.000494
1195.000000,0.003874,0.002996,0.002522,0.002238,0.004437
1196.000000,0.006555,0.004780,0.003850,0.003073,0.021893
1197.000000,0.007964,0.006008,0.004012,0.002536,-0.001445
1198.000000,0.005071,0.006310,0.003489,0.002812,0.000963
1199.000000,0.004108,0.004860,0.003560,0.003003,-0.005310
1200.000000,0.002250,0.003062,0.003578,0.002859,-0.004852
1201.000000,-0.003006,0.001774,0.002969,0.002678,-0.004387
1202.000000,-0.001840,0.003062,0.002086,0.002683,0.004387
1203.000000,-0.002032,0.001519,0.001331,0.002859,0.000000
1204.000000,0.001255,0.002681,0.002389,0.003054,0.011125
1205.000000,-0.000097,0.001076,0.002036,0.002040,-0.011611
1206.000000,-0.000489,-0.001748,0.001516,0.001984,-0.006346
1207.000000,-0.002447,-0.002143,0.001932,0.001960,-0.005401
1208.000000,-0.001269,-0.001651,0.002329,0.001776,0.005891
1209.000000,-0.005165,-0.001955,0.001452,0.001722,-0.008356
1210.000000,-0.000878,-0.000488,0.001287,0.002223,0.009823
1211.000000,-0.000490,-0.000490,0.000642,0.001816,-0.004409
1212.000000,0.000295,-0.001076,0.000993,0.001032,-0.001474
1213.000000,-0.004655,-0.002962,-0.000721,-0.000100,-0.018859
1214.000000,-0.001685,-0.003425,-0.000372,0.000451,0.006492
1215.000000,-0.001472,-0.001175,-0.000049,0.000966,0.010891
1216.000000,-0.000295,-0.000393,-0.001070,0.000880,0.001476
1217.000000,0.009692,0.004994,0.001425,0.002953,0.048462
1218.000000,0.014678,0.005012,0.001681,0.003224,0.006071
1219.000000,0.012260,0.005287,0.001666,0.002731,-0.005602
1220.000000,0.011109,0.004818,0.002165,0.002464,0.005137
1221.000000,0.011186,0.005445,0.002478,0.002243,0.001861
1222.000000,0.001028,0.005360,0.002142,0.002449,-0.002327
1223.000000,0.000279,0.007479,0.002259,0.002012,0.002327
1224.000000,0.001400,0.006830,0.001702,0.002029,0.000000
1225.000000,-0.005286,0.002911,0.000868,0.000938,-0.028290
1226.000000,-0.005085,0.003050,0.001329,0.000303,0.002865
1227.000000,-0.001685,-0.000328,0.002333,0.000841,0.014675
1228.000000,0.000186,0.000233,0.002622,0.001198,0.011680
1229.000000,0.002127,0.001763,0.003525,0.001698,0.009707
1230.000000,0.005658,0.000186,0.002502,0.001506,-0.010636
1231.000000,0.005364,0.000139,0.002792,0.001698,0.001394
1232.000000,0.007562,0.002939,0.004149,0.002408,0.025666
1233.000000,0.001481,0.000833,0.004156,0.001783,-0.018726
1234.000000,0.001467,0.001797,0.004313,0.001734,0.009635
1235.000000,0.001574,0.003616,0.003264,0.001784,-0.010096
1236.000000,0.002858,0.004111,0.003581,0.002256,0.007811
1237.000000,-0.004762,0.001400,0.000536,0.002022,-0.012434
1238.000000,-0.003066,-0.000793,-0.000280,0.001484,-0.010247
1239.000000,-0.006214,-0.002374,-0.000305,0.001559,-0.006105
1240.000000,-0.007520,-0.002973,-0.001393,0.000677,-0.016624
1241.000000,-0.012171,-0.004656,-0.002259,0.000309,-0.015444
1242.000000,-0.009781,-0.007272,-0.002166,0.000342,-0.000486
1243.000000,-0.007829,-0.005448,-0.002307,0.000955,-0.000487
1244.000000,-0.006608,-0.006411,-0.002307,0.000738,0.000000
