0.000000,0.007586,-0.000608,0.001048,0.003627,0.046840
1.000000,0.005247,-0.002135,0.002432,0.001968,-0.010426
2.000000,0.007242,-0.001702,0.002871,0.002087,0.005533
3.000000,0.007014,0.001052,0.002881,0.001986,-0.003686
4.000000,0.008389,0.004067,0.002773,0.001591,0.003686
5.000000,0.001095,0.004340,0.004406,0.001131,0.010369
6.000000,0.011733,0.008490,0.006910,0.003340,0.042762
7.000000,0.008287,0.007764,0.004877,0.003101,-0.011696
8.000000,0.009024,0.008019,0.002875,0.002482,0.000000
9.000000,0.009811,0.009100,0.002545,0.002631,0.007618
10.000000,0.006213,0.003654,0.001523,0.001917,-0.007618
11.000000,0.004143,0.007938,0.002901,0.004267,0.032410
12.000000,0.016911,0.012599,0.005449,0.006113,0.052147
13.000000,0.018205,0.013614,0.007333,0.006459,0.006466
14.000000,0.014521,0.012166,0.008116,0.005904,-0.010799
15.000000,0.015827,0.011020,0.007680,0.006611,-0.001086
16.000000,0.008037,0.006090,0.007290,0.006636,-0.006543
17.000000,-0.000541,0.008185,0.007975,0.005980,0.009257
18.000000,-0.001509,0.008348,0.008183,0.004699,0.001625
19.000000,0.001837,0.008179,0.008640,0.004423,0.005935
20.000000,0.001839,0.008833,0.006244,0.003960,-0.001076
21.000000,0.004864,0.006450,0.007194,0.004084,0.008579
22.000000,0.001619,0.000539,0.006569,0.003812,-0.006965
23.000000,0.000864,-0.000323,0.006646,0.004781,-0.002153
24.000000,-0.001187,0.000325,0.006246,0.005519,-0.004320
25.000000,-0.002602,-0.000381,0.005320,0.004993,-0.008150
26.000000,-0.005192,-0.000164,0.002963,0.004805,-0.004374
27.000000,-0.001186,0.000217,0.004201,0.005389,0.013065
28.000000,0.000646,0.000755,0.004551,0.005707,0.007006
29.000000,0.000540,-0.000323,0.003928,0.005652,-0.004845
30.000000,0.000109,-0.001246,0.003794,0.003747,-0.010307
31.000000,-0.001761,-0.003477,0.001487,0.003637,-0.013725
32.000000,0.001294,0.000054,0.000296,0.004397,0.028340
33.000000,-0.004343,-0.001849,-0.001086,0.003814,-0.021179
34.000000,-0.005249,-0.002354,-0.001015,0.003379,-0.009374
35.000000,-0.013417,-0.006654,-0.003518,0.001328,-0.051148
36.000000,-0.006403,-0.004082,-0.002123,0.000614,0.021345
37.000000,-0.013446,-0.006076,-0.002930,0.000775,-0.006873
38.000000,-0.006130,-0.005237,-0.002241,0.001288,0.015398
39.000000,-0.009531,-0.007390,-0.003857,0.000155,-0.026378
40.000000,-0.002346,-0.007882,-0.004564,-0.000098,-0.015223
41.000000,-0.005673,-0.006038,-0.004758,-0.001022,0.004709
42.000000,-0.001037,-0.007241,-0.003594,-0.002216,0.016308
43.000000,-0.005043,-0.005587,-0.003718,-0.002586,-0.004632
44.000000,0.001851,-0.003840,-0.003097,-0.001956,0.008093
45.000000,0.006387,0.002020,-0.002317,-0.001672,0.007456
46.000000,0.005559,-0.000057,-0.002070,-0.001435,0.000571
47.000000,0.002526,0.000744,-0.002666,-0.001705,0.001142
48.000000,0.004590,-0.000227,-0.002732,-0.001570,0.005688
49.000000,0.005452,0.003651,-0.001869,-0.001354,0.012402
50.000000,0.001253,0.003820,-0.002031,-0.001769,-0.013537
51.000000,-0.000343,0.002608,-0.001715,-0.002302,-0.007410
52.000000,-0.000228,0.001149,-0.003046,-0.002013,0.001715
53.000000,0.002032,0.003311,-0.001138,-0.001375,0.016988
54.000000,-0.001236,0.002108,-0.000866,-0.001362,-0.003938
55.000000,0.006371,0.003812,0.002916,-0.000274,0.024500
56.000000,0.005863,0.002760,0.001351,-0.000460,-0.009950
57.000000,0.005520,0.002646,0.001695,-0.000895,0.000000
58.000000,-0.001918,0.000057,-0.000085,-0.001802,-0.020203
59.000000,0.001348,0.000056,0.001854,-0.001228,0.012395
60.000000,-0.004787,0.000792,0.002306,-0.001090,-0.006178
61.000000,-0.004381,0.000741,0.001675,-0.000896,-0.007919
62.000000,0.000444,0.002982,0.002065,-0.001037,0.024125
63.000000,0.009520,0.003801,0.003556,0.000508,0.025179
64.000000,0.005957,0.003653,0.002880,0.000640,-0.005420
65.000000,0.009999,0.002606,0.003209,0.002813,0.014032
66.000000,0.014245,0.004932,0.003846,0.002545,0.013309
67.000000,0.018669,0.009556,0.006101,0.004315,0.046244
68.000000,0.016739,0.013130,0.006593,0.004320,0.015531
69.000000,0.024328,0.015143,0.007599,0.006283,0.032525
70.000000,0.018809,0.014404,0.007598,0.006339,-0.013566
71.000000,0.025579,0.019912,0.010327,0.007754,0.047163
72.000000,0.009322,0.013995,0.008489,0.006042,-0.035041
73.000000,0.003889,0.010314,0.007058,0.005809,-0.011634
74.000000,0.001056,0.012692,0.008172,0.006151,0.018358
75.000000,0.002328,0.010568,0.006587,0.005662,-0.007206
76.000000,-0.007105,0.009237,0.007085,0.005643,0.000000
77.000000,0.001536,0.005429,0.007493,0.005877,0.008163
78.000000,0.010264,0.007076,0.010103,0.006754,0.032003
79.000000,0.007055,0.004055,0.009599,0.006418,0.002313
80.000000,0.007755,0.005041,0.009723,0.006746,-0.003704
81.000000,0.009510,0.001203,0.010557,0.007285,0.008774
82.000000,-0.001151,0.000193,0.007094,0.005723,-0.045142
83.000000,-0.005256,0.002504,0.006409,0.005540,0.011478
84.000000,-0.002980,0.002038,0.007365,0.006127,0.013696
85.000000,0.008179,0.007967,0.009268,0.007047,0.052090
86.000000,0.004636,0.007073,0.008155,0.007081,-0.008945
87.000000,0.006809,0.002829,0.004129,0.005938,-0.034273
88.000000,0.001799,-0.001729,0.002674,0.006159,-0.013574
89.000000,0.004728,0.000874,0.002465,0.006691,0.028341
90.000000,-0.008737,-0.000279,0.002381,0.006389,-0.015232
91.000000,-0.006948,-0.001156,0.000023,0.006653,0.000000
92.000000,0.002127,0.004468,0.002330,0.006219,0.011101
93.000000,0.006491,0.004145,0.003324,0.005654,0.008246
94.000000,-0.000826,0.001951,0.001994,0.005560,-0.008246
95.000000,0.000743,-0.003997,0.001985,0.004846,-0.007387
96.000000,-0.002810,-0.004879,0.001097,0.003810,-0.017766
97.000000,-0.002034,0.000046,0.001438,0.002768,0.014982
98.000000,0.002088,0.004289,0.001280,0.003212,0.028855
99.000000,0.005176,0.002175,0.001525,0.002368,0.007198
100.000000,0.012745,0.006744,0.003233,0.003836,0.030459
101.000000,0.013143,0.005167,0.002005,0.001738,-0.015776
102.000000,0.013910,0.005938,0.005203,0.003533,0.018815
103.000000,0.009780,0.005934,0.005039,0.004194,0.008202
104.000000,0.010138,0.007657,0.004804,0.003882,0.008988
105.000000,0.008095,0.010420,0.003212,0.004797,0.020245
106.000000,0.009825,0.011484,0.003303,0.004559,-0.007123
107.000000,0.001726,0.007818,0.003932,0.003565,-0.021680
108.000000,0.002818,0.006299,0.005294,0.002953,0.013658
109.000000,0.000935,0.005536,0.003856,0.002862,-0.000424
110.000000,-0.007400,0.000347,0.003546,0.002271,-0.021432
111.000000,-0.004250,0.002788,0.003977,0.002266,0.008628
112.000000,0.001626,0.001676,0.003807,0.004027,0.007702
113.000000,0.000846,0.001832,0.003883,0.003970,0.009756
114.000000,0.009524,0.005229,0.006443,0.004946,0.042964
115.000000,0.018368,0.005484,0.007952,0.003969,0.022787
116.000000,0.016800,0.006275,0.008880,0.004293,0.000790
117.000000,0.013115,0.007371,0.007595,0.005079,-0.010721
118.000000,0.011164,0.006005,0.006152,0.005531,0.000000
119.000000,0.004636,0.007080,0.006308,0.004930,0.010326
120.000000,-0.003107,0.007630,0.003989,0.004907,-0.015930
121.000000,-0.000871,0.007965,0.005376,0.005306,0.011971
122.000000,-0.000480,0.006318,0.003997,0.004644,-0.008765
123.000000,-0.001362,0.004901,0.003366,0.004222,-0.004411
124.000000,-0.002545,0.001046,0.003138,0.004644,0.004411
125.000000,0.006011,0.001452,0.003468,0.005785,0.026847
126.000000,0.003070,0.001100,0.003687,0.006286,-0.002731
127.000000,0.007924,0.003722,0.005547,0.006304,0.015504
128.000000,0.006408,0.002523,0.004264,0.004942,-0.011995
129.000000,0.009609,0.003532,0.005306,0.005383,0.020421
130.000000,0.003935,0.004973,0.006301,0.004317,-0.001527
131.000000,0.006230,0.004650,0.006307,0.005134,0.008747
132.000000,0.000768,0.004346,0.005332,0.004113,-0.011807
133.000000,-0.005685,0.000361,0.002631,0.002365,-0.044260
134.000000,-0.008174,0.000718,0.000882,0.002331,0.007978
135.000000,-0.012775,-0.004420,-0.001484,0.000838,-0.024534
136.000000,-0.011936,-0.002853,-0.000877,0.001507,0.012945
137.000000,-0.015530,-0.007381,-0.001829,0.001237,-0.029780
138.000000,-0.009262,-0.007474,-0.002475,0.000351,-0.012920
139.000000,-0.024348,-0.016261,-0.006364,-0.001883,-0.067451
140.000000,-0.018412,-0.015593,-0.005310,-0.000997,0.005147
141.000000,-0.018428,-0.015182,-0.005266,-0.000856,0.012863
142.000000,-0.008717,-0.012124,-0.003889,-0.000487,0.018774
143.000000,-0.004582,-0.006922,-0.003281,-0.000553,0.007755
144.000000,0.010702,-0.006823,-0.003052,-0.001686,0.008973
145.000000,0.010437,-0.003987,-0.004204,-0.002319,0.003821
146.000000,0.019310,0.000441,-0.001206,-0.000437,0.057229
147.000000,0.016434,0.003858,-0.001761,0.000066,0.004392
148.000000,0.012961,0.004190,-0.001642,-0.000254,-0.009608
149.000000,0.011247,0.010975,-0.002643,-0.000585,0.000402
150.000000,0.010161,0.010299,-0.002647,-0.000107,-0.001610
151.000000,-0.001849,0.008731,-0.003226,-0.000600,-0.002823
152.000000,-0.003781,0.006327,-0.002899,-0.000484,-0.005264
153.000000,-0.004721,0.004120,-0.001401,-0.000814,-0.014312
154.000000,-0.004555,0.003346,-0.001738,-0.000920,0.001235
155.000000,-0.003576,0.003293,-0.000347,-0.001705,0.003285
156.000000,-0.005487,-0.003668,-0.001613,-0.002027,-0.012376
157.000000,-0.009648,-0.006714,-0.001428,-0.003412,-0.026074
158.000000,-0.007554,-0.006138,-0.000974,-0.003141,-0.003842
159.000000,-0.008401,-0.006478,0.002248,-0.003921,-0.002999
160.000000,-0.010263,-0.006919,0.001690,-0.004071,-0.006024
161.000000,-0.009000,-0.007243,0.000744,-0.004565,-0.006061
162.000000,-0.003698,-0.006673,-0.000173,-0.004157,0.000434
163.000000,-0.004674,-0.006114,-0.000997,-0.002972,-0.008718
164.000000,-0.008322,-0.008361,-0.002508,-0.003946,-0.021240
165.000000,-0.008553,-0.009408,-0.003058,-0.003368,-0.007181
166.000000,-0.004834,-0.006917,-0.005292,-0.003381,0.012534
167.000000,-0.004743,-0.004221,-0.005468,-0.002359,0.000889
168.000000,-0.000702,-0.002688,-0.004413,-0.001545,0.011489
169.000000,0.003722,-0.002300,-0.004389,0.000732,0.000878
170.000000,0.004366,-0.002093,-0.004506,0.000429,-0.003959
171.000000,0.003353,-0.000741,-0.003992,0.000249,0.007464
172.000000,0.007245,0.001251,-0.002711,0.000301,0.020351
173.000000,0.007502,0.003400,-0.001357,0.000469,0.012777
174.000000,0.003740,0.003731,-0.002315,-0.000428,-0.017934
175.000000,0.006077,0.005222,-0.002093,-0.000298,0.007725
176.000000,0.006117,0.004735,-0.001091,-0.001950,0.007666
177.000000,0.006992,0.007118,0.001449,-0.001272,0.024724
178.000000,0.007720,0.007611,0.002462,-0.000405,0.016421
179.000000,0.009425,0.006583,0.002141,-0.000732,-0.009409
180.000000,0.000938,0.003508,0.000707,-0.001835,-0.034710
181.000000,-0.004549,0.000784,0.000022,-0.002400,-0.019769
182.000000,-0.012203,-0.002605,-0.000677,-0.002676,-0.013546
183.000000,-0.011307,-0.001793,0.000803,-0.001502,0.020898
184.000000,-0.008137,0.000644,0.002188,-0.001329,0.006442
185.000000,-0.000682,0.000128,0.002675,-0.001353,0.002565
186.000000,0.006910,0.001181,0.002958,-0.000334,0.018194
187.000000,0.007597,-0.002303,0.002408,0.000198,-0.010114
188.000000,0.001203,-0.005052,0.001280,-0.000043,-0.011073
189.000000,-0.002845,-0.005491,0.000546,-0.000403,-0.013799
190.000000,-0.008282,-0.004482,-0.000487,-0.001023,-0.024617
191.000000,-0.013171,-0.003130,-0.001173,-0.001029,-0.006250
192.000000,-0.014035,-0.003219,-0.002912,-0.001524,-0.014434
193.000000,-0.014105,-0.006451,-0.004122,-0.001615,-0.011423
194.000000,-0.015618,-0.009232,-0.004294,-0.001619,-0.021366
195.000000,-0.006605,-0.007444,-0.003658,-0.000698,0.020447
196.000000,-0.000808,-0.006989,-0.002904,-0.000358,0.022739
197.000000,0.002169,-0.005933,-0.004118,-0.000372,0.000450
198.000000,0.003282,-0.005411,-0.005232,-0.000951,-0.005860
199.000000,0.012732,-0.001443,-0.003467,-0.000117,0.025883
200.000000,0.009959,0.001677,-0.001402,0.000234,0.006586
201.000000,0.003477,0.001335,-0.000898,-0.000337,-0.009675
202.000000,0.002057,0.002113,-0.000553,-0.001237,-0.006650
203.000000,0.003051,0.003166,-0.001642,-0.001693,-0.000890
204.000000,-0.002037,0.005347,-0.001942,-0.001080,0.000445
205.000000,-0.000175,0.004892,-0.001276,-0.000808,0.015894
206.000000,0.007460,0.005468,-0.000760,-0.000113,0.028499
207.000000,0.014414,0.008236,0.001151,0.000000,0.028124
208.000000,0.021108,0.012079,0.003334,0.000539,0.032576
209.000000,0.021579,0.009771,0.004164,0.000945,0.002801
210.000000,0.018360,0.009092,0.005385,0.002096,-0.000200
211.000000,0.013736,0.010598,0.005966,0.002934,0.005380
212.000000,0.008111,0.011263,0.006688,0.003386,0.000000
213.000000,0.004985,0.013047,0.008106,0.003254,0.016946
214.000000,0.002698,0.012139,0.008743,0.002751,-0.008634
215.000000,-0.003914,0.007223,0.006058,0.001557,-0.033263
216.000000,0.003545,0.008641,0.007055,0.002373,0.042678
217.000000,0.003702,0.005907,0.007071,0.002736,0.000781
218.000000,-0.001963,0.001511,0.006795,0.002726,-0.011379
219.000000,0.000630,0.001664,0.005718,0.003331,0.004332
220.000000,0.008614,0.002350,0.005721,0.004373,0.006658
221.000000,-0.001096,0.001225,0.005911,0.004386,-0.005872
222.000000,-0.000312,0.001695,0.006479,0.005023,0.004700
223.000000,0.002588,0.000312,0.006679,0.005508,0.003121
224.000000,-0.003568,-0.001469,0.005335,0.005339,-0.026447
225.000000,-0.002277,0.003169,0.005196,0.005095,0.013114
226.000000,-0.000157,-0.000627,0.004007,0.004494,0.004726
227.000000,0.010059,0.004873,0.005390,0.006339,0.055782
228.000000,0.007943,0.005265,0.003388,0.006285,-0.007460
229.000000,0.010291,0.003361,0.002513,0.004932,-0.014709
230.000000,0.006754,0.002239,0.002294,0.004560,-0.004570
231.000000,-0.000709,-0.000433,0.000396,0.003797,-0.032586
232.000000,-0.016815,-0.003378,-0.000842,0.003193,-0.024752
233.000000,-0.018501,-0.005279,-0.002483,0.002693,-0.015890
234.000000,-0.017540,-0.003625,-0.002547,0.002348,-0.009905
235.000000,-0.014728,-0.003987,-0.000409,0.002135,0.009494
236.000000,-0.006900,-0.003804,-0.002215,0.001403,0.006552
237.000000,-0.003178,-0.009997,-0.002562,0.000261,-0.006141
238.000000,-0.000411,-0.009456,-0.002095,-0.000893,-0.002055
239.000000,-0.003430,-0.010485,-0.003562,-0.001820,-0.025001
240.000000,-0.004992,-0.009860,-0.003811,-0.001757,0.001686
241.000000,-0.003624,-0.005262,-0.002848,-0.001490,0.013389
242.000000,-0.005834,-0.004506,-0.003942,-0.002063,-0.017188
243.000000,-0.005169,-0.002790,-0.004035,-0.002586,0.001268
244.000000,-0.002976,-0.003203,-0.003414,-0.002766,-0.014034
245.000000,0.001176,-0.001908,-0.002947,-0.000909,0.022444
246.000000,0.002150,-0.000737,-0.002271,-0.001723,0.018258
247.000000,0.001936,-0.001949,-0.005973,-0.002357,-0.018258
248.000000,0.002184,-0.001493,-0.005474,-0.001894,0.002509
249.000000,0.006323,0.001674,-0.004406,-0.001817,0.006661
250.000000,0.001086,0.001131,-0.004364,-0.002163,-0.003741
251.000000,-0.002566,-0.000208,-0.002735,-0.001968,0.000000
252.000000,-0.000084,0.000926,-0.001790,-0.002319,-0.005848
253.000000,-0.001341,0.000421,-0.001184,-0.002549,-0.003778
254.000000,-0.005810,0.000257,-0.001473,-0.002190,-0.015682
255.000000,-0.004976,-0.001945,-0.001927,-0.002613,0.000427
256.000000,-0.003784,-0.003175,-0.001956,-0.002572,0.005960
257.000000,-0.003039,-0.001562,-0.001755,-0.004502,-0.002124
258.000000,-0.005976,-0.003658,-0.002575,-0.004869,-0.018459
259.000000,-0.009895,-0.007852,-0.003089,-0.005555,-0.035277
260.000000,-0.007926,-0.006451,-0.002660,-0.005060,0.010270
261.000000,-0.008586,-0.006185,-0.003196,-0.003885,0.002662
262.000000,-0.004909,-0.003974,-0.001524,-0.002518,0.016261
263.000000,-0.010131,-0.008053,-0.003816,-0.003474,-0.044571
264.000000,0.004087,-0.002904,-0.001324,-0.001950,0.035814
265.000000,0.007841,-0.000043,-0.000994,-0.001299,0.029038
266.000000,0.006795,-0.000895,-0.002035,-0.001603,-0.002566
267.000000,0.003629,-0.000640,-0.001101,-0.001384,0.000428
268.000000,0.008565,-0.000783,-0.002221,-0.001978,-0.019888
269.000000,0.002100,0.003093,-0.002379,-0.001028,0.003487
270.000000,-0.003534,0.002153,-0.002149,-0.001056,0.000870
271.000000,-0.002465,0.002165,-0.002010,-0.001409,0.002779
272.000000,-0.003367,0.000131,-0.001922,-0.000972,-0.004084
273.000000,-0.007202,0.000681,-0.003686,-0.002317,-0.039064
274.000000,-0.005828,-0.001864,-0.002384,-0.001504,0.010358
275.000000,-0.006990,-0.005262,-0.002652,-0.002417,-0.004940
276.000000,-0.003094,-0.002779,-0.001837,-0.002283,0.022263
277.000000,-0.001749,-0.002558,-0.001599,-0.001587,0.002639
278.000000,0.008508,0.000653,-0.000065,-0.001263,0.012222
279.000000,0.008336,0.001254,0.002174,-0.001168,0.009499
280.000000,0.006206,-0.000392,0.000881,-0.001563,-0.015591
281.000000,0.003059,-0.000017,0.001074,-0.001346,0.006526
282.000000,-0.001853,-0.001801,-0.000835,-0.001881,-0.021921
283.000000,-0.004652,0.001928,0.001305,-0.001815,-0.001775
284.000000,-0.007086,0.000625,-0.000619,-0.001381,-0.002668
285.000000,-0.001930,0.002138,-0.001562,-0.001056,0.010188
286.000000,-0.002531,0.000264,-0.001258,-0.001137,0.003520
287.000000,0.003515,0.000831,-0.000864,-0.000789,0.008310
288.000000,0.030347,0.012848,0.006750,0.004239,0.132387
289.000000,0.022545,0.007730,0.004492,0.004026,-0.041681
290.000000,0.021934,0.010002,0.004805,0.003921,0.007134
291.000000,0.019803,0.008636,0.004309,0.003595,-0.007134
292.000000,0.022080,0.012798,0.005498,0.003709,0.019693
293.000000,-0.011949,0.009199,0.005564,0.003936,-0.037755
294.000000,-0.004587,0.008979,0.004802,0.002580,-0.004872
295.000000,-0.003185,0.009375,0.005756,0.002084,0.014145
296.000000,0.001032,0.010417,0.005341,0.002634,0.013947
297.000000,-0.005376,0.008352,0.004592,0.002208,-0.012343
298.000000,0.000808,-0.005570,0.003639,0.002643,-0.006834
299.000000,0.003230,-0.000679,0.003526,0.002768,0.007235
300.000000,-0.001854,-0.002520,0.003741,0.002363,-0.011277
301.000000,-0.002389,-0.000679,0.003979,0.002647,0.011277
302.000000,0.002310,-0.001533,0.005632,0.003155,0.011151
303.000000,0.004389,0.002599,0.005899,0.004575,0.003558
304.000000,0.001078,0.002154,0.005567,0.003919,-0.009317
305.000000,0.001292,-0.000281,0.004547,0.003744,-0.010209
306.000000,0.000879,-0.000755,0.004831,0.003309,0.009213
307.000000,-0.007752,-0.002721,0.002816,0.002154,-0.032006
308.000000,-0.011283,-0.003447,-0.004509,0.001277,-0.014096
309.000000,-0.014152,-0.006537,-0.003608,0.000171,-0.023660
310.000000,-0.011342,-0.005025,-0.003772,0.000819,0.003840
311.000000,-0.011404,-0.005262,-0.002970,0.000898,0.008904
312.000000,-0.001571,-0.004661,-0.003097,0.002201,0.017159
313.000000,0.006652,-0.002315,0.000142,0.003161,0.027018
314.000000,0.008127,-0.003012,-0.000429,0.002707,-0.016287
315.000000,0.004631,-0.003355,-0.001818,0.001913,-0.013639
316.000000,-0.001866,-0.006635,-0.003695,0.001009,-0.023580
317.000000,-0.013295,-0.007433,-0.005077,-0.000601,-0.039988
318.000000,-0.016406,-0.004877,-0.004162,-0.004631,0.011464
319.000000,-0.006678,0.000724,-0.002906,-0.002164,0.032351
320.000000,-0.010333,-0.002851,-0.003938,-0.003465,-0.031913
321.000000,-0.008886,-0.005376,-0.005319,-0.003772,-0.016347
322.000000,0.004733,-0.004281,-0.004471,-0.003492,0.028109
323.000000,0.000613,-0.007897,-0.005106,-0.002538,-0.009136
324.000000,-0.005683,-0.006181,-0.004597,-0.002346,0.000874
325.000000,-0.002203,-0.006268,-0.004812,-0.003302,-0.014515
326.000000,0.000356,-0.004265,-0.005450,-0.003885,-0.003551
327.000000,-0.004467,0.000133,-0.003650,-0.003340,0.003994
328.000000,-0.009029,-0.004208,-0.004543,-0.004177,-0.031949
329.000000,-0.010029,-0.007856,-0.003566,-0.004556,-0.004124
330.000000,-0.009621,-0.005912,-0.004382,-0.004596,-0.012474
331.000000,-0.013044,-0.006344,-0.005860,-0.005661,-0.020668
332.000000,-0.014413,-0.009440,-0.006861,-0.006128,-0.002852
333.000000,-0.005094,-0.007062,-0.007479,-0.005758,0.014647
334.000000,0.001828,-0.004100,-0.005140,-0.004431,0.030487
335.000000,0.007124,-0.001248,-0.003758,-0.003624,0.014005
336.000000,0.009726,-0.001659,-0.002962,-0.004186,-0.007656
337.000000,0.010387,-0.002013,-0.000940,-0.003104,0.000452
338.000000,0.008809,0.001857,-0.001175,-0.002409,0.006755
339.000000,-0.005162,-0.001667,-0.004761,-0.002933,-0.039364
340.000000,-0.012974,-0.002925,-0.004418,-0.003896,-0.025054
341.000000,-0.004850,0.002438,-0.001953,-0.003094,0.032960
342.000000,-0.006989,0.001699,-0.003871,-0.004007,-0.010242
343.000000,-0.011263,-0.001227,-0.004144,-0.005395,-0.014613
344.000000,-0.008098,-0.006630,-0.005365,-0.005637,-0.023542
345.000000,0.006407,-0.003283,-0.002266,-0.003600,0.047470
346.000000,-0.001815,-0.003332,-0.002496,-0.003086,-0.008146
347.000000,-0.003398,-0.005194,-0.003603,-0.002358,-0.018159
348.000000,0.000758,-0.005252,-0.001697,-0.002534,0.006168
349.000000,0.004233,-0.001933,-0.001800,-0.003818,-0.006168
350.000000,-0.003366,0.001520,-0.000702,-0.002439,0.009474
351.000000,-0.001172,-0.001493,0.000472,-0.001800,0.002825
352.000000,0.000000,-0.001699,0.000000,-0.003147,-0.012299
353.000000,-0.004207,-0.001724,-0.001476,-0.003338,-0.014865
354.000000,-0.001625,0.001304,-0.002663,-0.003142,0.006741
355.000000,0.000753,-0.001307,-0.002295,-0.001946,0.021363
356.000000,-0.002555,-0.001863,-0.002598,-0.002285,-0.013715
357.000000,0.004145,0.002073,-0.001560,-0.001711,0.021202
358.000000,0.009436,0.002615,-0.001319,-0.000260,0.011588
359.000000,0.013722,0.006048,0.002058,0.000816,0.028171
360.000000,0.012825,0.006789,0.004155,0.001795,0.016882
361.000000,0.013621,0.005533,0.002020,0.002159,-0.009739
362.000000,0.009558,0.006852,0.002576,0.002284,0.000889
363.000000,0.003109,0.006273,0.002274,0.001107,-0.020656
364.000000,-0.004990,0.004366,0.002835,-0.000320,-0.012326
365.000000,-0.005810,0.003508,0.001100,-0.000361,0.012780
366.000000,-0.002642,0.005489,0.001813,0.000098,0.006104
367.000000,-0.002505,0.003527,0.002800,0.000135,0.001576
368.000000,0.003597,0.003353,0.002984,0.000239,0.009852
369.000000,0.006419,0.000714,0.003381,0.001610,0.001781
370.000000,0.006514,0.000352,0.003571,0.002887,0.013257
371.000000,0.004016,0.000687,0.003110,0.001576,-0.006386
372.000000,0.005241,0.001368,0.004110,0.002174,0.007702
373.000000,0.001775,0.002686,0.004479,0.002411,-0.007481
374.000000,0.001153,0.003786,0.004076,0.003152,-0.001326
375.000000,-0.003097,0.001709,0.002608,0.001303,-0.007993
376.000000,-0.003072,0.000472,0.002981,0.001366,-0.006261
377.000000,-0.006596,-0.000677,0.001425,0.001641,-0.009919
378.000000,-0.001775,0.000000,0.001677,0.001989,0.016626
379.000000,-0.005379,-0.002113,-0.000699,0.001550,-0.019348
380.000000,-0.007819,-0.005458,-0.002553,0.000561,-0.020193
381.000000,-0.008243,-0.005657,-0.002485,0.000188,-0.008380
382.000000,-0.005792,-0.006194,-0.002413,0.000675,0.002335
383.000000,-0.011274,-0.006525,-0.001919,0.000811,-0.010786
384.000000,-0.007499,-0.006439,-0.001327,0.000571,-0.000472
385.000000,-0.006502,-0.007161,-0.002726,-0.000648,-0.015209
386.000000,-0.004539,-0.006391,-0.002959,-0.000143,0.001436
387.000000,-0.009260,-0.007526,-0.004102,-0.001559,-0.021267
388.000000,-0.004193,-0.007734,-0.003867,-0.001460,0.014549
389.000000,-0.008086,-0.007792,-0.004953,-0.003064,-0.019937
390.000000,-0.002943,-0.004723,-0.005090,-0.003276,0.010505
391.000000,-0.008200,-0.006370,-0.006014,-0.003780,-0.024851
392.000000,-0.002656,-0.005958,-0.006076,-0.003594,0.006456
393.000000,-0.005664,-0.004929,-0.005727,-0.002922,-0.000495
394.000000,-0.004872,-0.006479,-0.006459,-0.003044,-0.015976
395.000000,-0.005569,-0.004256,-0.005708,-0.003236,0.007021
396.000000,-0.003823,-0.006012,-0.006201,-0.003977,-0.016121
397.000000,-0.006133,-0.004394,-0.005960,-0.004199,-0.005092
398.000000,-0.007674,-0.006669,-0.007201,-0.004801,-0.008201
399.000000,-0.000605,-0.002739,-0.005266,-0.004215,0.019369
400.000000,-0.056838,-0.031203,-0.017963,-0.013795,-0.274145
401.000000,-0.041755,-0.022789,-0.014579,-0.011605,0.059296
402.000000,-0.039489,-0.022811,-0.014384,-0.011654,0.006238
403.000000,-0.034640,-0.021157,-0.013043,-0.010870,0.016040
404.000000,-0.041598,-0.021101,-0.013790,-0.011340,-0.015418
405.000000,0.015333,-0.020752,-0.012504,-0.010723,0.010510
406.000000,0.008814,-0.016470,-0.011241,-0.009624,0.026701
407.000000,0.002472,-0.018508,-0.011451,-0.010143,-0.025471
408.000000,-0.000982,-0.017811,-0.012240,-0.010738,-0.001229
409.000000,0.003206,-0.019196,-0.010967,-0.009909,0.005520
410.000000,0.000369,0.007851,-0.011676,-0.009358,-0.003676
411.000000,-0.005463,0.001675,-0.010557,-0.009161,-0.002459
412.000000,-0.000492,0.000990,-0.010910,-0.009259,-0.000616
413.000000,-0.001729,-0.001356,-0.011256,-0.009147,-0.007417
414.000000,-0.001967,0.000620,-0.010241,-0.008987,0.004333
415.000000,0.001102,0.000735,-0.010009,-0.008091,0.011667
416.000000,0.001471,-0.001996,-0.009233,-0.008159,-0.000611
417.000000,0.004866,0.002187,-0.008160,-0.006905,0.016359
418.000000,0.006350,0.002310,-0.007750,-0.007390,0.000000
419.000000,0.005843,0.001938,-0.008629,-0.006665,0.001801
420.000000,0.002307,0.001704,0.004778,-0.007216,-0.006017
421.000000,0.006017,0.003744,0.002710,-0.005790,0.017943
422.000000,0.002864,0.003865,0.002428,-0.005985,0.000593
423.000000,0.003810,0.005080,0.001862,-0.005811,0.004728
424.000000,0.002504,0.004174,0.002397,-0.005436,-0.004728
425.000000,0.005006,0.003656,0.002196,-0.005454,0.006495
426.000000,0.003176,0.004596,0.001300,-0.004623,0.008790
427.000000,0.002824,0.002844,0.002516,-0.004492,-0.001168
428.000000,0.000000,0.001905,0.002107,-0.004532,-0.009390
429.000000,0.000592,0.001548,0.001743,-0.005237,-0.001770
430.000000,0.003385,0.004196,0.002950,0.004584,0.020463
431.000000,0.005977,0.004577,0.004160,0.003332,0.021752
432.000000,0.010136,0.006480,0.005172,0.003778,0.019625
433.000000,0.009331,0.004665,0.004873,0.002797,-0.013416
434.000000,0.010247,0.005419,0.004796,0.003404,0.002810
435.000000,0.010044,0.006715,0.005186,0.003702,0.019450
436.000000,0.010372,0.008175,0.006386,0.003592,0.023390
437.000000,0.009435,0.009786,0.006315,0.004939,0.014942
438.000000,0.011056,0.010193,0.006049,0.004803,-0.005311
439.000000,0.005753,0.008000,0.004774,0.003829,-0.023708
440.000000,-0.000551,0.004747,0.004471,0.003549,-0.012068
441.000000,-0.003799,0.003286,0.003931,0.003869,0.007149
442.000000,-0.003311,0.003062,0.004771,0.004469,0.017382
443.000000,-0.006824,0.002116,0.003391,0.003954,-0.022877
444.000000,-0.005136,0.000308,0.002864,0.003300,-0.015267
445.000000,0.004475,0.001962,0.004338,0.004111,0.035988
446.000000,0.000984,-0.001408,0.003383,0.003788,-0.010307
447.000000,-0.001948,-0.002630,0.003578,0.003333,0.002723
448.000000,-0.002495,-0.004660,0.002767,0.002480,-0.025611
449.000000,0.003494,-0.000821,0.003589,0.002909,0.014676
450.000000,-0.005360,-0.000442,0.002152,0.002833,-0.008280
451.000000,-0.001148,-0.000082,0.001602,0.002594,0.010751
452.000000,-0.000327,-0.001137,0.000962,0.002801,0.006832
453.000000,0.007823,0.002664,0.002390,0.003148,0.015135
454.000000,0.000330,0.001912,0.001110,0.002546,-0.022790
455.000000,0.004820,-0.000270,0.000846,0.002802,0.014169
456.000000,-0.001707,-0.001428,-0.001418,0.001780,-0.021883
457.000000,0.001195,0.000434,-0.001098,0.002530,0.021341
458.000000,-0.000537,0.003643,-0.000508,0.003059,0.006476
459.000000,0.010478,0.005404,0.002291,0.004194,0.032286
460.000000,0.003752,0.004286,0.001922,0.002863,-0.019459
461.000000,0.008765,0.003529,0.001723,0.002244,0.003181
462.000000,0.004709,0.002952,0.000907,0.001625,0.001058
463.000000,0.000430,-0.000054,0.001305,0.001575,-0.014918
464.000000,0.012419,0.011448,0.006680,0.004556,0.092231
465.000000,0.029841,0.016797,0.008263,0.006163,0.067654
466.000000,0.029297,0.019031,0.008802,0.005398,0.000457
467.000000,0.027432,0.016070,0.008252,0.004625,-0.008265
468.000000,0.027256,0.013843,0.008743,0.004275,-0.015800
469.000000,0.006548,0.009484,0.007444,0.004689,-0.011305
470.000000,-0.003321,0.013260,0.008773,0.005701,0.018306
471.000000,0.000274,0.014785,0.009157,0.006077,0.018434
472.000000,0.002838,0.015135,0.009043,0.005650,0.004556
473.000000,0.005452,0.016354,0.008150,0.006321,-0.002731
474.000000,0.006157,0.006353,0.008901,0.006571,-0.007779
475.000000,0.002955,-0.000183,0.008307,0.005448,0.002294
476.000000,-0.000915,-0.000321,0.009355,0.005761,-0.000917
477.000000,0.001720,0.002279,0.009175,0.006261,0.017732
478.000000,0.004685,0.005068,0.009456,0.007518,0.012094
479.000000,0.003099,0.004628,0.007056,0.006505,-0.015706
480.000000,0.001006,0.001980,0.007620,0.006509,-0.008174
481.000000,0.008707,0.003896,0.009341,0.007403,0.037588
482.000000,-0.000903,0.000408,0.007772,0.006165,-0.030319
483.000000,0.002478,0.003581,0.009968,0.006627,0.029000
484.000000,0.006146,0.004623,0.005488,0.007475,0.002635
485.000000,0.009702,0.005354,0.002585,0.007322,0.009603
486.000000,0.001270,0.004988,0.002334,0.007900,-0.004572
487.000000,0.005183,0.002140,0.002210,0.006830,-0.010749
488.000000,0.005037,0.003758,0.004413,0.007556,0.028269
489.000000,-0.000088,0.003029,0.003829,0.005714,-0.022990
490.000000,-0.000435,0.004633,0.003307,0.006625,0.007867
491.000000,-0.002680,-0.000705,0.001595,0.005992,-0.015797
492.000000,0.001144,0.003164,0.001786,0.006236,0.008368
493.000000,-0.005742,-0.000352,0.001614,0.006528,-0.006159
494.000000,0.007408,0.003660,0.004142,0.004879,0.042762
495.000000,0.005835,0.002700,0.004027,0.002623,0.000000
496.000000,0.007722,0.002521,0.003755,0.002396,-0.006363
497.000000,0.008753,0.004948,0.003544,0.003122,0.013525
498.000000,0.008214,0.001236,0.002497,0.003354,-0.008855
499.000000,0.001180,0.004294,0.003662,0.003984,0.007595
500.000000,0.000844,0.003339,0.003986,0.003318,-0.001683
501.000000,0.005953,0.006837,0.003066,0.003343,0.019183
502.000000,0.003908,0.006330,0.004747,0.003301,0.003299
503.000000,0.009512,0.008863,0.004255,0.004031,0.019165
504.000000,0.001090,0.001135,0.002398,0.003139,-0.034515
505.000000,-0.002542,-0.000849,0.000925,0.002401,-0.019844
506.000000,-0.004174,0.000890,0.001705,0.002800,0.011026
507.000000,0.005602,0.004755,0.004852,0.003948,0.052179
508.000000,0.001128,0.005320,0.003278,0.003438,-0.003208
509.000000,0.009391,0.005241,0.004768,0.004188,0.006804
510.000000,0.013280,0.005369,0.004354,0.004447,-0.000399
511.000000,0.014478,0.005152,0.005995,0.003761,0.017013
512.000000,0.004747,0.005175,0.005753,0.004890,0.003525
513.000000,0.001041,0.001085,0.004974,0.003198,-0.021736
514.000000,0.002221,0.005806,0.003471,0.003534,0.012704
515.000000,0.000239,0.006760,0.002955,0.002870,-0.010309
516.000000,-0.008577,0.002951,0.001920,0.002120,-0.027067
517.000000,-0.004507,0.000120,0.002438,0.003274,0.023873
518.000000,-0.000801,0.000120,0.002720,0.002225,-0.003204
519.000000,-0.000276,0.000973,0.003107,0.003503,0.015325
520.000000,0.001746,0.000993,0.003181,0.003234,-0.000198
521.000000,0.003370,-0.002603,0.001274,0.003129,-0.018946
522.000000,0.003488,-0.000510,0.002333,0.003665,0.024462
523.000000,-0.001732,-0.001266,-0.000091,0.002894,-0.029305
524.000000,-0.006626,-0.003451,0.001177,0.001163,-0.009145
525.000000,-0.005935,-0.002094,0.002333,0.001272,0.003261
526.000000,0.000523,0.001947,0.002449,0.001929,0.013342
527.000000,-0.007527,-0.002019,-0.000950,0.000952,-0.015787
528.000000,-0.000121,-0.000927,-0.000403,0.001504,0.007722
529.000000,-0.001887,-0.004257,-0.001642,0.000652,-0.017974
530.000000,-0.000897,-0.003416,-0.001212,0.000982,0.008210
531.000000,0.000000,0.000261,-0.001171,0.000937,0.017829
532.000000,0.000814,-0.003356,-0.001933,0.000436,-0.011715
533.000000,-0.002035,-0.001078,-0.001172,-0.000420,-0.006523
534.000000,0.003027,0.000570,-0.001441,0.000975,0.007335
535.000000,0.007935,0.003519,0.000712,0.002728,0.032751
536.000000,0.004605,0.002303,0.002125,0.002400,0.001178
537.000000,0.006319,0.003567,0.000774,0.000556,-0.003145
538.000000,0.005168,0.001567,0.000320,0.000253,-0.012280
539.000000,0.008427,0.005727,0.000735,0.000814,0.023632
540.000000,0.000236,0.004085,0.000335,0.000554,-0.008208
541.000000,-0.000944,0.001831,0.001046,-0.000170,-0.004721
542.000000,0.002815,0.004567,0.000605,0.000234,0.015650
543.000000,0.008352,0.006760,0.002841,0.001472,0.015409
544.000000,0.000389,0.004408,0.002489,0.000509,-0.016185
545.000000,0.000549,0.000392,0.001956,0.000606,-0.007409
546.000000,0.002586,0.000821,0.001562,0.001690,0.005464
547.000000,-0.007596,-0.002391,0.000588,-0.000281,-0.035258
548.000000,-0.005896,0.001228,0.001397,0.000623,0.023906
549.000000,-0.005554,-0.002583,0.001572,-0.000371,-0.014474
550.000000,-0.008720,-0.004085,0.000000,-0.001139,-0.023236
551.000000,-0.005966,-0.001690,0.000070,0.000134,0.019233
552.000000,-0.001945,-0.004770,-0.000102,-0.001187,-0.015153
553.000000,-0.003896,-0.004896,0.000932,0.000262,0.014150
554.000000,-0.001483,-0.003519,0.000445,0.000486,-0.002412
555.000000,0.001060,-0.003830,-0.001719,0.000027,-0.010518
556.000000,-0.001409,-0.003687,-0.001433,-0.000188,0.006890
557.000000,0.003551,0.000803,-0.000794,0.000660,0.009646
558.000000,0.002711,-0.000592,0.000318,0.000734,0.009950
559.000000,0.000322,-0.000581,-0.001582,0.000855,-0.014360
560.000000,-0.002537,-0.000739,-0.002412,-0.000246,-0.024813
561.000000,-0.007405,-0.004407,-0.003048,-0.001422,-0.017450
562.000000,-0.009670,-0.003059,-0.003915,-0.001088,-0.001678
563.000000,-0.007793,-0.002541,-0.003719,-0.000226,0.019333
564.000000,-0.004551,-0.002115,-0.002817,-0.000409,0.001851
565.000000,-0.001157,-0.001847,-0.002838,-0.001762,-0.007840
566.000000,0.001253,-0.003076,-0.003382,-0.001981,-0.005400
567.000000,-0.001686,-0.005678,-0.002437,-0.002422,-0.016377
568.000000,-0.010482,-0.009138,-0.004865,-0.002834,-0.024645
569.000000,-0.005585,-0.005068,-0.002824,-0.002744,0.026337
570.000000,-0.006655,-0.003906,-0.002322,-0.002910,-0.013189
571.000000,-0.003402,-0.001074,-0.002741,-0.002390,0.010862
572.000000,-0.005755,-0.003721,-0.003390,-0.003850,-0.028141
573.000000,-0.001131,-0.005807,-0.004174,-0.004415,-0.001526
574.000000,-0.007142,-0.006363,-0.004239,-0.003999,-0.003716
575.000000,-0.004987,-0.005821,-0.003834,-0.003832,-0.002412
576.000000,-0.009589,-0.006496,-0.004786,-0.004420,-0.012148
577.000000,-0.003074,-0.004414,-0.005046,-0.003096,0.004435
578.000000,-0.001841,-0.001486,-0.005312,-0.003739,0.004635
579.000000,-0.001142,-0.004142,-0.004605,-0.003264,-0.000220
580.000000,0.001618,-0.001684,-0.002795,-0.002110,0.011389
581.000000,0.005090,-0.002249,-0.001662,-0.002577,0.005213
582.000000,0.004723,0.000824,-0.001448,-0.001985,0.002596
583.000000,0.005774,0.001966,-0.001920,-0.002127,0.009890
584.000000,-0.000662,-0.000902,-0.003633,-0.003127,-0.032398
585.000000,-0.002630,-0.000506,-0.003163,-0.002725,0.001546
586.000000,-0.001653,0.001718,-0.002389,-0.002618,0.010099
587.000000,-0.001214,0.001754,-0.001330,-0.002779,0.004794
588.000000,-0.016123,-0.005175,-0.003330,-0.005266,-0.064654
589.000000,-0.011226,-0.005944,-0.005043,-0.005051,-0.007916
590.000000,-0.009489,-0.006060,-0.003872,-0.003883,0.010233
591.000000,-0.013088,-0.007371,-0.004810,-0.003565,-0.007898
592.000000,-0.008754,-0.004984,-0.002080,-0.002627,0.026466
593.000000,0.003038,-0.006542,-0.002288,-0.003461,-0.005694
594.000000,0.004164,-0.003531,-0.002217,-0.003599,-0.002287
595.000000,0.003395,-0.003047,-0.001777,-0.003125,0.006390
596.000000,0.007417,-0.002836,-0.000559,-0.002538,0.012209
597.000000,0.002931,-0.002912,-0.000579,-0.001857,0.004037
598.000000,0.006826,0.004932,-0.000121,-0.000576,0.013781
599.000000,0.006664,0.005414,-0.000265,-0.001557,-0.003095
600.000000,0.006886,0.005141,-0.000459,-0.000868,0.007501
601.000000,0.003298,0.005358,-0.001007,-0.001421,-0.005731
602.000000,0.002049,0.002490,-0.001247,-0.000557,-0.002213
603.000000,0.002457,0.004642,-0.000950,0.000022,0.015825
604.000000,0.000531,0.003598,0.000033,-0.000279,-0.012728
605.000000,-0.002566,0.002160,-0.000443,-0.000464,-0.007982
606.000000,-0.002044,0.000627,-0.001104,-0.000163,-0.003122
607.000000,-0.002721,-0.000336,-0.001624,-0.000498,-0.005598
608.000000,-0.002943,-0.000243,0.002344,-0.000162,0.014713
609.000000,-0.002310,-0.000890,0.002262,-0.000473,-0.009561
610.000000,0.000267,-0.001149,0.001996,-0.000689,0.004903
611.000000,0.003102,0.000529,0.002943,-0.000495,0.011055
612.000000,0.004222,0.000750,0.001620,-0.000581,0.000000
613.000000,0.003640,0.000348,0.002495,-0.000517,0.011803
614.000000,0.004681,0.001186,0.002392,0.000417,-0.004355
615.000000,0.002738,0.001502,0.001831,0.000205,-0.004813
616.000000,-0.000793,0.001155,0.000891,-0.000351,-0.006601
617.000000,-0.007756,-0.001767,-0.001052,-0.001672,-0.034815
618.000000,-0.010437,-0.003399,-0.001821,0.000430,-0.001601
619.000000,-0.011037,-0.003178,-0.002034,0.000449,-0.007353
620.000000,-0.008878,-0.003070,-0.002110,0.000307,0.005978
621.000000,-0.006370,-0.003581,-0.001526,0.000768,0.005943
622.000000,-0.000779,-0.004267,-0.001759,-0.000342,-0.006860
623.000000,-0.001471,-0.005954,-0.002803,-0.000321,-0.005061
624.000000,-0.000092,-0.005564,-0.002189,-0.000260,-0.000461
625.000000,-0.001565,-0.005222,-0.001860,-0.000520,-0.001385
626.000000,-0.008425,-0.007397,-0.003121,-0.001872,-0.028356
627.000000,-0.004080,-0.002429,-0.002098,-0.001511,0.014864
628.000000,-0.000369,-0.000920,-0.002159,-0.001521,0.013492
629.000000,0.003023,0.001465,-0.000856,-0.000867,0.016499
630.000000,0.004659,0.001547,-0.000762,-0.000891,0.006795
631.000000,0.014441,0.003008,-0.000287,-0.000015,0.020555
632.000000,0.009423,0.002672,-0.000798,-0.000282,-0.010225
633.000000,0.009035,0.004333,-0.000811,-0.000424,0.011551
634.000000,0.010363,0.006693,0.000564,0.000771,0.023140
635.000000,0.012003,0.008331,0.001555,0.001537,0.014993
636.000000,0.009332,0.011887,0.002245,0.001881,0.007202
637.000000,0.008571,0.008997,0.003284,0.001600,-0.014028
638.000000,0.006860,0.007947,0.003514,0.001210,0.002992
639.000000,-0.000778,0.004792,0.003129,0.001027,-0.015051
640.000000,-0.003950,0.004026,0.002787,0.000834,-0.000867
641.000000,-0.005999,0.001667,0.002337,0.000364,-0.003040
642.000000,-0.003280,0.002646,0.002659,0.000350,-0.000435
643.000000,-0.005539,0.000660,0.002497,-0.000320,-0.008302
644.000000,-0.007685,-0.004232,0.001231,-0.001034,-0.025779
645.000000,-0.008867,-0.006409,0.000961,-0.001100,-0.006777
646.000000,-0.008531,-0.007265,0.002311,-0.000925,-0.001361
647.000000,-0.006367,-0.004823,0.002087,0.000582,0.010386
648.000000,0.000000,-0.002770,0.002589,0.001419,0.023530
649.000000,0.009496,0.000906,0.002849,0.002388,0.021702
650.000000,0.006423,-0.001222,0.001402,0.001450,-0.022141
651.000000,0.011210,0.001339,0.001503,0.002005,0.022570
652.000000,0.006192,-0.000087,0.001279,0.001743,-0.014700
653.000000,-0.002295,-0.001147,-0.000244,0.001282,-0.018906
654.000000,-0.007703,0.000896,-0.001668,0.001119,-0.005340
655.000000,-0.007788,-0.000682,-0.003545,0.000413,-0.022564
656.000000,-0.014690,-0.001740,-0.004502,0.000961,-0.011938
657.000000,-0.013233,-0.003520,-0.004172,0.000218,-0.007418
658.000000,-0.005581,-0.003938,-0.003354,0.000413,0.019355
659.000000,-0.006808,-0.007256,-0.003175,-0.000519,-0.011476
660.000000,0.000091,-0.003848,-0.002535,-0.000348,0.011932
661.000000,0.000738,-0.006976,-0.002818,-0.001323,-0.008706
662.000000,0.000650,-0.006291,-0.003189,-0.001244,-0.007854
663.000000,-0.010302,-0.007941,-0.004544,-0.002809,-0.035406
664.000000,-0.012379,-0.009594,-0.004349,-0.004310,-0.021861
665.000000,-0.025148,-0.012528,-0.006605,-0.006540,-0.051914
666.000000,-0.028755,-0.014009,-0.007874,-0.007671,-0.026738
667.000000,-0.019368,-0.009359,-0.006440,-0.005901,0.039078
668.000000,-0.007241,-0.008772,-0.006355,-0.005160,0.025228
669.000000,0.001468,-0.005455,-0.006356,-0.003935,0.021686
670.000000,0.013695,-0.005727,-0.004787,-0.003599,0.009221
671.000000,0.017783,-0.005486,-0.006231,-0.003708,-0.006300
672.000000,0.011613,-0.003878,-0.005084,-0.003419,0.008230
673.000000,0.005504,-0.000869,-0.004405,-0.003319,-0.005318
674.000000,-0.000684,0.000392,-0.004601,-0.002768,-0.009253
675.000000,0.002114,0.007905,-0.002312,-0.001769,0.023212
676.000000,0.001067,0.009425,-0.002292,-0.002108,-0.011539
677.000000,-0.003895,0.003859,-0.002750,-0.003007,-0.016578
678.000000,-0.004708,0.000398,-0.004187,-0.004104,-0.009385
679.000000,-0.001178,-0.000931,-0.003193,-0.004547,0.008401
680.000000,-0.004936,-0.001411,-0.003569,-0.003662,0.004419
681.000000,-0.003316,-0.001124,-0.003305,-0.004529,-0.003436
682.000000,0.001079,-0.001408,-0.002643,-0.003859,0.005393
683.000000,-0.001995,-0.003352,-0.002110,-0.004054,-0.024754
684.000000,-0.001482,-0.001330,-0.000469,-0.003510,0.010967
685.000000,-0.004961,-0.004948,0.001478,-0.003191,-0.012974
686.000000,-0.007514,-0.005415,0.002005,-0.003333,-0.016203
687.000000,-0.010542,-0.004732,-0.000436,-0.003410,-0.009746
688.000000,-0.008813,-0.005404,-0.002503,-0.004593,-0.016108
689.000000,-0.016961,-0.009221,-0.005076,-0.005203,-0.029774
690.000000,-0.015015,-0.009988,-0.005699,-0.005708,-0.003243
691.000000,-0.014939,-0.011227,-0.006176,-0.005946,-0.015826
692.000000,-0.013872,-0.012207,-0.006808,-0.005831,-0.004410
693.000000,-0.006712,-0.007762,-0.005557,-0.003994,0.019694
694.000000,-0.003594,-0.010277,-0.005804,-0.003738,-0.014185
695.000000,-0.005600,-0.010308,-0.007628,-0.002450,-0.013275
696.000000,-0.000330,-0.007635,-0.006525,-0.001208,0.010523
697.000000,0.002852,-0.005510,-0.005121,-0.002127,0.011504
698.000000,-0.000108,-0.003410,-0.004407,-0.002805,0.004890
699.000000,0.008446,0.002426,-0.003398,-0.002575,0.028585
700.000000,0.007540,0.000970,-0.004509,-0.003476,-0.017803
701.000000,0.004791,0.002230,-0.004498,-0.003374,-0.003222
702.000000,0.009259,0.006056,-0.003076,-0.002520,0.033848
703.000000,0.007761,0.003826,-0.001968,-0.002429,-0.002603
704.000000,0.003291,0.005868,-0.002205,-0.001913,0.006237
705.000000,0.005604,0.006572,-0.001868,-0.002895,-0.006237
706.000000,-0.005563,-0.000386,-0.004011,-0.004479,-0.059062
707.000000,-0.017715,-0.004228,-0.004869,-0.004823,-0.026907
708.000000,-0.016400,-0.004320,-0.003865,-0.004378,0.003969
709.000000,-0.011847,-0.004278,-0.000926,-0.003691,0.029004
710.000000,-0.017308,-0.005852,-0.002441,-0.004956,-0.033541
711.000000,-0.004814,-0.005189,-0.001479,-0.004728,0.003405
712.000000,-0.003034,-0.010374,-0.002159,-0.005509,-0.018008
713.000000,-0.008084,-0.012242,-0.004208,-0.005393,-0.021280
714.000000,-0.010844,-0.011345,-0.002738,-0.005251,0.015205
715.000000,-0.000912,-0.009110,-0.001269,-0.004282,0.016120
716.000000,-0.009633,-0.007224,-0.003805,-0.005082,-0.040203
717.000000,-0.006866,-0.004950,-0.004589,-0.004896,-0.004170
718.000000,-0.005133,-0.006609,-0.005464,-0.004779,-0.012617
719.000000,-0.011712,-0.011278,-0.007778,-0.004377,-0.017689
720.000000,-0.013587,-0.007249,-0.006550,-0.004044,0.006746
721.000000,-0.001193,-0.005413,-0.005301,-0.002791,0.021766
722.000000,-0.002644,-0.004755,-0.007565,-0.003025,-0.011429
723.000000,-0.005144,-0.005139,-0.008690,-0.004518,-0.025116
724.000000,-0.001731,-0.006721,-0.009033,-0.004066,-0.000621
725.000000,-0.000122,-0.006854,-0.007982,-0.003131,0.014788
726.000000,0.002378,0.000593,-0.003316,-0.002339,0.034268
727.000000,0.003478,0.000417,-0.002267,-0.002920,-0.005928
728.000000,0.012037,0.003447,-0.001581,-0.002494,0.017679
729.000000,0.013906,0.006088,-0.002595,-0.003156,0.008724
730.000000,0.012678,0.006278,-0.000486,-0.002274,0.008648
731.000000,0.008788,0.005583,0.000085,-0.001673,0.014815
732.000000,0.008041,0.005760,0.000502,-0.003123,-0.009662
733.000000,0.002207,0.007122,0.000992,-0.003419,-0.011488
734.000000,0.000578,0.007242,0.000260,-0.003608,0.000578
735.000000,-0.001730,0.005474,-0.000690,-0.003497,-0.002891
736.000000,-0.009024,-0.000118,0.000237,-0.002250,-0.021657
737.000000,-0.007447,0.000297,0.000357,-0.001412,-0.001777
738.000000,-0.002675,-0.000234,0.001606,-0.001132,0.012371
739.000000,-0.005502,-0.002462,0.001813,-0.002551,-0.013558
740.000000,-0.005757,-0.003743,0.001267,-0.001571,-0.004163
741.000000,-0.002381,-0.005703,-0.000060,-0.001844,-0.004779
742.000000,-0.004678,-0.006062,-0.000151,-0.001686,-0.013261
743.000000,-0.010456,-0.006566,0.000278,-0.001527,-0.016519
744.000000,-0.002749,-0.004126,0.001558,-0.001202,0.024978
745.000000,0.001425,-0.002166,0.001654,-0.001182,0.016707
746.000000,-0.001201,-0.001791,-0.000955,-0.000439,-0.017911
747.000000,0.002772,-0.000953,-0.000328,-0.000080,0.006605
748.000000,0.008455,-0.001000,-0.000617,0.000737,0.011898
749.000000,0.004815,0.001033,-0.000714,0.001553,0.006778
750.000000,0.002587,0.002006,-0.000869,0.001514,0.005565
751.000000,0.005935,0.002367,-0.001668,0.000749,-0.001169
752.000000,0.003559,0.003165,-0.001449,0.000954,-0.005277
753.000000,0.002819,0.005637,-0.000464,0.002065,0.008197
754.000000,-0.000294,0.002261,-0.000932,0.001792,-0.008785
755.000000,-0.002705,-0.000059,-0.001112,0.001083,-0.006492
756.000000,-0.007144,-0.000604,-0.001198,-0.000838,-0.023361
757.000000,-0.006088,-0.001265,-0.001109,-0.000640,0.000000
758.000000,-0.010167,-0.003674,-0.002337,-0.001636,-0.012195
759.000000,-0.015402,-0.007848,-0.003407,-0.003092,-0.034960
760.000000,-0.014485,-0.008595,-0.003295,-0.003444,-0.001908
761.000000,-0.007157,-0.007150,-0.002392,-0.003495,0.013279
762.000000,-0.000850,-0.003469,-0.000152,-0.002122,0.031533
763.000000,0.007111,-0.001528,0.002055,-0.000819,0.027613
764.000000,0.016575,0.000587,0.001424,-0.000426,0.012357
765.000000,0.011502,-0.001491,-0.000775,-0.001239,-0.027269
766.000000,0.012066,0.002454,0.000925,0.000020,0.016096
767.000000,0.002300,0.000725,-0.000270,-0.000498,-0.017298
768.000000,-0.002023,0.002544,-0.000565,-0.000710,0.005999
769.000000,0.002672,0.009623,0.000888,0.000936,0.035833
770.000000,0.002627,0.007065,-0.000765,0.000159,-0.027495
771.000000,0.003052,0.007559,0.000204,0.000925,0.018220
772.000000,0.005460,0.003880,0.000205,0.001192,-0.005255
773.000000,0.005428,0.001702,0.000087,0.001937,0.005838
774.000000,0.003773,0.003222,0.001904,0.002023,0.027556
775.000000,0.008250,0.005438,0.001974,0.001296,-0.005109
776.000000,0.000814,0.001933,0.002194,0.001261,-0.018961
777.000000,0.003482,0.004471,0.002598,0.001310,0.008088
778.000000,0.002660,0.004044,0.003294,0.000971,0.001725
779.000000,-0.012139,-0.004183,0.002720,-0.000803,-0.046438
780.000000,-0.015866,-0.003808,0.001628,-0.001780,-0.023745
781.000000,-0.018842,-0.009014,-0.000728,-0.002868,-0.033838
782.000000,-0.015176,-0.005847,-0.000983,-0.001812,0.026417
783.000000,-0.016018,-0.006679,-0.002488,-0.002168,-0.002486
784.000000,0.000721,-0.005709,-0.001243,-0.000633,0.037256
785.000000,0.008209,-0.003829,0.000805,0.000039,0.013695
786.000000,-0.007666,-0.013254,-0.005661,-0.002956,-0.113210
787.000000,-0.010317,-0.012747,-0.004138,-0.002517,0.013158
788.000000,-0.006579,-0.011298,-0.003627,-0.001570,0.016208
789.000000,-0.009830,-0.004555,-0.004369,0.000295,0.021000
790.000000,-0.002380,0.002915,-0.000447,0.002057,0.050947
791.000000,0.022524,0.007429,-0.000793,0.001991,0.011306
792.000000,0.022829,0.006256,0.000204,0.001430,0.014685
793.000000,0.023399,0.008410,0.000866,0.001145,0.019059
794.000000,0.017014,0.003592,-0.001059,0.000368,-0.010929
795.000000,0.012638,0.005129,0.000650,0.002246,0.029070
796.000000,0.012055,0.017290,0.002018,0.001989,0.008392
797.000000,0.009341,0.016085,0.001669,0.002603,0.001114
798.000000,0.005752,0.014576,0.001639,0.002440,0.001112
799.000000,0.007938,0.012476,0.003960,0.001246,0.000000
800.000000,-0.003285,0.004676,0.003796,0.001261,-0.027044
801.000000,-0.004166,0.003945,0.005687,0.000787,0.003990
802.000000,-0.008062,0.000639,0.003448,0.000349,-0.018370
803.000000,-0.004156,0.000798,0.004604,0.000843,0.020643
804.000000,-0.006669,0.000634,0.002113,-0.000494,-0.012564
805.000000,-0.002760,-0.003023,0.001053,-0.000574,-0.007499
806.000000,-0.007771,-0.005968,0.005661,-0.000644,-0.021066
807.000000,-0.001279,-0.004671,0.005707,-0.000444,0.014093
808.000000,-0.003666,-0.003911,0.005332,-0.000211,0.008708
809.000000,-0.009896,-0.008283,0.002096,-0.000121,-0.043716
810.000000,-0.007192,-0.004976,-0.000150,0.000872,0.006020
811.000000,-0.009941,-0.008856,-0.002456,0.000839,-0.034813
812.000000,-0.010781,-0.006030,-0.002695,0.000288,0.009895
813.000000,-0.013510,-0.008588,-0.003895,0.000207,-0.004935
814.000000,0.001084,-0.004406,-0.001886,-0.000060,0.029253
815.000000,0.000360,-0.003416,-0.003219,-0.000437,0.002400
816.000000,0.009468,-0.000237,-0.003103,0.003695,0.010727
817.000000,0.011596,0.000407,-0.002132,0.003941,0.020535
818.000000,0.009186,-0.002162,-0.003036,0.002834,-0.016984
819.000000,0.002744,0.001914,-0.003184,0.002036,-0.002958
820.000000,0.005671,0.003015,-0.000980,0.000905,0.017034
821.000000,0.003525,0.006497,-0.001180,0.000528,0.000000
822.000000,-0.001165,0.005215,-0.000407,-0.000058,-0.002916
823.000000,0.008782,0.008984,0.000198,0.000398,0.032752
824.000000,0.014839,0.008791,0.002193,0.001673,0.027323
825.000000,0.011871,0.008771,0.002677,0.000777,0.002198
826.000000,0.009108,0.006317,0.003040,0.000037,-0.013816
827.000000,0.007565,0.003200,0.001804,-0.000354,-0.010629
828.000000,0.002695,0.005739,0.001788,-0.000111,0.008401
829.000000,-0.007054,0.003892,0.002903,-0.000825,-0.021421
830.000000,-0.006924,0.002474,0.002744,0.000171,0.002845
831.000000,-0.006447,0.001331,0.003914,-0.000343,-0.011429
832.000000,-0.002604,0.002481,0.003848,0.000555,0.008584
833.000000,-0.006231,-0.001768,0.003608,-0.000457,-0.009734
834.000000,0.014292,0.003619,0.006205,0.002668,0.081193
835.000000,0.016358,0.004717,0.006744,0.003357,0.013175
836.000000,0.015584,0.004568,0.005443,0.003549,-0.015300
837.000000,0.012694,0.005045,0.004123,0.002884,-0.005865
838.000000,0.019292,0.006531,0.006135,0.003369,0.023257
839.000000,0.000847,0.007569,0.005731,0.004459,-0.011032
840.000000,0.000627,0.008493,0.005483,0.004660,0.012077
841.000000,0.004417,0.010000,0.005665,0.005942,0.003647
842.000000,0.003919,0.008306,0.005393,0.005334,-0.008355
843.000000,0.003316,0.011304,0.004768,0.006173,0.020245
844.000000,0.006650,0.003748,0.003684,0.005386,0.005637
845.000000,-0.001257,-0.000315,0.002201,0.004391,-0.027456
846.000000,-0.001252,0.001582,0.003075,0.004156,0.003670
847.000000,-0.001052,0.001434,0.003239,0.003226,-0.007353
848.000000,-0.004574,-0.000629,0.002951,0.003880,0.002632
849.000000,-0.007179,-0.000264,0.003652,0.003732,-0.007388
850.000000,-0.006079,-0.003668,0.002412,0.002433,-0.021955
851.000000,-0.006596,-0.003924,0.003038,0.002469,0.001082
852.000000,-0.004910,-0.002981,0.002663,0.002602,0.001081
853.000000,-0.004896,-0.004735,0.003284,0.001600,0.002698
854.000000,0.000000,-0.003589,0.000080,0.001259,0.017094
855.000000,0.007440,0.000680,0.000183,0.001694,0.015243
856.000000,0.006387,-0.000105,0.000739,0.002015,-0.004182
857.000000,0.007736,0.001413,0.001423,0.002631,0.007827
858.000000,0.005212,0.000158,-0.000236,0.002020,-0.009924
859.000000,0.003882,0.001941,0.000838,0.003082,0.010444
860.000000,0.001869,0.004654,0.000493,0.003160,0.005181
861.000000,0.005884,0.006136,0.001106,0.004071,0.015894
862.000000,0.004115,0.005926,0.001473,0.003750,-0.001018
863.000000,0.004464,0.004838,0.000051,0.003802,-0.008180
864.000000,0.003604,0.003743,0.000077,0.001301,0.006141
865.000000,0.003991,0.002930,0.001805,0.001099,0.007117
866.000000,-0.004111,0.000887,0.000391,0.000788,-0.024617
867.000000,-0.008849,-0.002367,-0.000477,0.000160,-0.024706
868.000000,-0.006681,-0.001108,-0.000475,-0.000527,0.002657
869.000000,-0.010259,-0.003327,-0.000693,-0.000550,-0.011746
870.000000,-0.010611,-0.003310,0.000672,-0.000774,0.005356
871.000000,-0.006651,-0.005381,0.000377,-0.001057,-0.004819
872.000000,-0.000320,-0.004584,0.000671,-0.000546,0.006954
873.000000,-0.002457,-0.004569,0.000135,-0.001489,-0.008028
874.000000,-0.003686,-0.006972,-0.001615,-0.002273,-0.017892
875.000000,-0.001717,-0.006164,-0.001617,-0.000851,0.015201
876.000000,-0.002376,-0.004514,-0.001814,-0.001244,-0.008115
877.000000,-0.014822,-0.007571,-0.004969,-0.002841,-0.055275
878.000000,-0.013561,-0.008009,-0.004559,-0.002987,-0.001724
879.000000,-0.004201,-0.003944,-0.003636,-0.001777,0.028905
880.000000,-0.007577,-0.004647,-0.003978,-0.001101,-0.001677
881.000000,-0.005842,-0.004109,-0.004745,-0.001118,0.000559
882.000000,0.000000,-0.007411,-0.005997,-0.002023,-0.026064
883.000000,0.000460,-0.006551,-0.005560,-0.002094,0.000574
884.000000,-0.006934,-0.005568,-0.006270,-0.002932,-0.008065
885.000000,-0.002704,-0.005141,-0.005652,-0.002791,0.019474
886.000000,0.001338,-0.002252,-0.003383,-0.001960,0.020770
887.000000,0.013001,0.006500,-0.000535,-0.001146,0.032252
888.000000,0.008865,0.004662,-0.001673,-0.001485,-0.020104
889.000000,0.012879,0.002972,-0.000486,-0.001433,0.012002
890.000000,0.008114,0.002705,-0.000971,-0.001751,-0.004348
891.000000,0.003087,0.002212,-0.000948,-0.002426,-0.004367
892.000000,-0.001512,0.005745,-0.000833,-0.002083,0.009257
893.000000,0.003482,0.006174,-0.000188,-0.001649,0.004866
894.000000,-0.000652,0.006113,0.000273,-0.002142,-0.008667
895.000000,0.003027,0.005571,0.000215,-0.001911,0.014047
896.000000,0.007516,0.005301,0.001525,-0.000488,0.018076
897.000000,0.004396,0.001442,0.003971,0.000124,-0.006343
898.000000,0.002253,0.002867,0.003765,-0.000160,-0.005850
899.000000,0.006108,0.002728,0.002850,0.000586,0.010610
900.000000,-0.007210,-0.002091,0.000307,-0.001344,-0.052544
901.000000,-0.011048,-0.001766,0.000223,-0.001221,-0.001113
902.000000,-0.009334,-0.002469,0.001638,-0.001379,0.002225
903.000000,-0.008721,-0.003234,0.001470,-0.001204,-0.002782
904.000000,-0.009842,-0.001867,0.002123,-0.000441,0.005001
905.000000,0.004835,-0.001187,0.002192,-0.000252,0.020846
906.000000,0.004949,-0.003049,0.001126,0.000000,-0.000543
907.000000,0.006988,-0.001173,0.000134,0.002256,0.012416
908.000000,0.006144,-0.001288,0.000790,0.002081,-0.006999
909.000000,0.009526,-0.000158,0.001285,0.001847,0.021908
910.000000,0.005884,0.005360,0.001634,0.001991,0.002639
911.000000,0.009546,0.007248,0.002741,0.002565,0.017764
912.000000,0.006648,0.006818,0.002174,0.003364,-0.002074
913.000000,0.007320,0.006732,0.001749,0.003224,-0.003639
914.000000,0.004081,0.006803,0.002468,0.003683,0.005713
915.000000,0.003656,0.004770,0.001792,0.003051,0.000518
916.000000,0.000827,0.005186,0.001069,0.002480,0.003617
917.000000,0.000932,0.003790,0.001308,0.001353,-0.001548
918.000000,0.003306,0.005313,0.002012,0.002297,0.008230
919.000000,0.002163,0.003122,0.001482,0.001897,0.000000
920.000000,-0.001142,0.001257,0.003309,0.001509,-0.016009
921.000000,-0.000620,0.000104,0.003676,0.001862,0.006227
922.000000,-0.000414,0.000259,0.003538,0.001536,-0.000517
923.000000,0.000205,0.001755,0.004244,0.001751,0.011323
924.000000,0.000614,0.001389,0.004096,0.002108,0.002045
925.000000,0.005342,0.002100,0.003435,0.001894,0.007632
926.000000,0.003995,0.001688,0.003437,0.001275,-0.000507
927.000000,0.005413,0.002499,0.003145,0.001705,0.006571
928.000000,-0.003407,-0.001601,0.001856,0.000808,-0.032773
929.000000,-0.010916,-0.005151,-0.001014,-0.000729,-0.035500
930.000000,-0.010403,-0.002530,-0.000637,0.001362,0.010196
931.000000,-0.014728,-0.005366,-0.002631,0.000662,-0.022133
932.000000,-0.018238,-0.006412,-0.003077,0.000221,-0.010977
933.000000,-0.011462,-0.007434,-0.002840,0.000351,0.001103
934.000000,-0.004693,-0.007804,-0.003208,0.000129,-0.001655
935.000000,-0.006953,-0.008678,-0.003289,-0.000603,-0.001105
936.000000,-0.005310,-0.010019,-0.004166,-0.001048,-0.013916
937.000000,-0.001551,-0.009894,-0.003697,-0.001202,0.007817
938.000000,0.001319,-0.005072,-0.003336,-0.000453,0.015453
939.000000,0.005339,0.000323,-0.002414,-0.000569,0.018449
940.000000,-0.000664,-0.003809,-0.003170,-0.001694,-0.031125
941.000000,-0.001350,-0.003330,-0.004348,-0.002864,-0.017343
942.000000,-0.006443,-0.003997,-0.005205,-0.003383,-0.017649
943.000000,-0.012310,-0.005496,-0.006465,-0.003725,-0.013881
944.000000,-0.015186,-0.004923,-0.006364,-0.003780,0.004069
945.000000,-0.010592,-0.005628,-0.007153,-0.004069,-0.008154
946.000000,-0.009950,-0.005650,-0.007834,-0.004660,-0.014135
947.000000,-0.007729,-0.007086,-0.008490,-0.004827,-0.006546
948.000000,-0.005911,-0.009110,-0.007091,-0.005261,-0.004788
949.000000,-0.003865,-0.009526,-0.004601,-0.004784,0.014294
950.000000,0.001399,-0.004597,-0.004203,-0.003645,0.018166
951.000000,0.002007,-0.003972,-0.003651,-0.004223,-0.011095
952.000000,0.004837,-0.001446,-0.002722,-0.003952,0.007605
953.000000,0.003921,-0.000995,-0.003245,-0.004642,-0.009368
954.000000,0.003749,-0.000058,-0.002491,-0.004262,0.013439
955.000000,-0.000465,0.000467,-0.002581,-0.004613,-0.002906
956.000000,0.001754,0.001880,-0.001885,-0.004596,0.000000
957.000000,0.001509,0.003173,-0.001957,-0.004603,0.006382
958.000000,0.001407,0.002664,-0.003223,-0.003839,-0.009881
959.000000,0.001273,0.002511,-0.003507,-0.002230,0.012769
960.000000,0.001854,0.000694,-0.001951,-0.002570,0.000000
961.000000,-0.000466,0.000644,-0.001664,-0.002219,-0.011601
962.000000,-0.005750,-0.002120,-0.001783,-0.002521,-0.020036
963.000000,-0.002350,-0.000472,-0.000733,-0.002321,0.007117
964.000000,-0.000578,0.000348,0.000145,-0.001545,0.021632
965.000000,-0.000462,0.000696,0.000581,-0.001488,0.000578
966.000000,0.000350,-0.000058,0.000911,-0.001276,-0.007543
967.000000,0.003540,-0.001105,0.001034,-0.001673,-0.004085
968.000000,-0.001543,-0.001946,0.000359,-0.002798,-0.018295
969.000000,-0.004445,-0.002511,0.000000,-0.003175,0.007122
970.000000,-0.000927,-0.000694,0.000000,-0.001532,0.018166
971.000000,0.002086,0.001218,0.000931,-0.000703,0.007521
972.000000,0.016494,0.010017,0.003948,0.002150,0.067955
973.000000,0.029310,0.013884,0.006706,0.004139,0.045785
974.000000,0.026233,0.010894,0.005621,0.003728,-0.008265
975.000000,0.021142,0.010107,0.005402,0.003757,-0.007288
976.000000,0.018275,0.010180,0.005061,0.004001,-0.006815
977.000000,0.002142,0.009318,0.004107,0.003795,-0.012705
978.000000,-0.005106,0.012102,0.005078,0.004273,0.009544
979.000000,-0.002926,0.011653,0.004571,0.003884,0.002635
980.000000,0.000522,0.010832,0.005069,0.003611,0.009950
981.000000,0.004987,0.011631,0.006424,0.004498,0.015512
982.000000,0.010179,0.006161,0.008089,0.004686,0.013252
983.000000,0.007356,0.001125,0.007504,0.004846,-0.004567
984.000000,-0.002223,-0.002574,0.004160,0.002889,-0.045261
985.000000,-0.004639,-0.002059,0.004024,0.002915,-0.002131
986.000000,-0.009348,-0.002180,0.004000,0.002647,-0.008032
987.000000,-0.009328,0.000425,0.004872,0.002879,0.013351
988.000000,-0.010977,-0.001810,0.005146,0.002782,-0.012814
989.000000,-0.000746,-0.001485,0.005084,0.002553,0.005893
990.000000,0.003385,-0.000627,0.005102,0.003170,0.018524
991.000000,0.010065,0.000359,0.005995,0.004402,0.025370
992.000000,0.008109,-0.000609,0.002776,0.005189,0.003572
993.000000,0.008932,-0.001023,0.000051,0.004662,-0.008698
994.000000,0.001066,0.000160,-0.001207,0.002826,-0.033441
995.000000,-0.002958,0.000213,-0.000923,0.002754,-0.001595
996.000000,-0.009528,0.000268,-0.000956,0.002756,-0.007479
997.000000,-0.010028,-0.000959,-0.000267,0.002928,0.001072
998.000000,-0.004784,0.002074,0.000132,0.004122,0.017521
999.000000,0.000848,0.000957,-0.000264,0.003709,-0.005277
1000.000000,-0.001496,-0.002227,-0.001427,0.002659,-0.013316
1001.000000,0.000856,-0.004336,-0.001989,0.002551,0.004280
1002.000000,-0.003894,-0.006961,-0.003785,-0.000470,-0.022679
1003.000000,-0.007836,-0.006310,-0.003666,-0.002069,-0.002187
1004.000000,-0.007109,-0.003130,-0.001485,-0.001848,-0.001643
1005.000000,-0.005766,-0.003631,-0.001709,-0.001825,-0.006601
1006.000000,-0.005192,-0.002168,-0.000950,-0.001360,0.007149
1007.000000,-0.003082,-0.003488,-0.002224,-0.001341,-0.012128
1008.000000,-0.001870,-0.004853,-0.001389,-0.001530,0.003875
1009.000000,0.000547,-0.003281,-0.001162,-0.001269,0.010443
1010.000000,-0.005937,-0.005852,-0.004039,-0.002902,-0.039024
1011.000000,-0.009424,-0.007308,-0.005822,-0.003762,-0.010286
1012.000000,-0.004034,-0.003558,-0.005260,-0.003710,0.014824
1013.000000,0.000000,-0.000935,-0.003622,-0.002756,0.024044
1014.000000,-0.003419,-0.001436,-0.002283,-0.001469,-0.006652
1015.000000,0.002261,-0.001838,-0.002734,-0.001752,-0.010624
1016.000000,-0.000690,-0.005057,-0.003613,-0.002319,-0.025044
1017.000000,-0.008911,-0.006472,-0.004980,-0.003640,-0.026279
1018.000000,-0.012775,-0.006388,-0.005620,-0.003055,0.004723
1019.000000,-0.013101,-0.008260,-0.005770,-0.003528,-0.008279
1020.000000,-0.007561,-0.002650,-0.004251,-0.003576,0.017074
1021.000000,-0.004194,-0.002442,-0.004875,-0.004695,-0.008206
1022.000000,0.001767,-0.003572,-0.003565,-0.004697,0.003525
1023.000000,0.000235,-0.006270,-0.003602,-0.004505,-0.002937
1024.000000,0.002596,-0.005252,-0.003344,-0.003273,0.003523
1025.000000,-0.001641,-0.004601,-0.003220,-0.003357,-0.004112
1026.000000,0.000588,-0.001803,-0.003430,-0.003009,0.002939
1027.000000,0.000703,0.001235,-0.002619,-0.002908,0.004100
1028.000000,-0.000118,0.000059,-0.003164,-0.003727,-0.007038
1029.000000,-0.000117,0.001239,-0.003510,-0.003434,0.003525
1030.000000,0.002224,0.000291,-0.001179,-0.002737,0.007596
1031.000000,0.002450,0.001519,-0.000462,-0.002744,0.004066
1032.000000,0.000700,0.000701,-0.001435,-0.002143,-0.004648
1033.000000,0.006827,0.003355,-0.001458,-0.001283,0.023598
1034.000000,0.010288,0.005085,-0.000083,-0.000534,0.020828
1035.000000,0.012193,0.007209,0.001304,0.000257,0.017123
1036.000000,0.008512,0.005481,0.001839,-0.000460,-0.014341
1037.000000,0.009996,0.005348,0.003292,0.000037,0.002774
1038.000000,0.006712,0.006770,0.003414,0.000147,0.007176
1039.000000,-0.000446,0.004921,0.003080,-0.000700,-0.014963
1040.000000,0.006466,0.009330,0.004811,0.002324,0.051684
1041.000000,0.008910,0.008711,0.005115,0.002596,-0.002123
1042.000000,-0.001893,0.004052,0.002377,0.000394,-0.051237
1043.000000,-0.012366,-0.002827,0.000264,-0.001914,-0.045189
1044.000000,-0.007278,-0.003862,0.000612,-0.001343,0.010477
1045.000000,-0.017036,-0.005285,0.000962,-0.000892,0.002891
1046.000000,-0.019285,-0.005188,0.000146,-0.000503,-0.013368
1047.000000,-0.008220,-0.005056,0.000146,0.000509,0.004088
1048.000000,0.001748,-0.005309,0.000730,0.000507,0.004651
1049.000000,-0.001511,-0.004394,0.000263,0.000589,-0.005817
1050.000000,0.000000,-0.008518,0.000406,0.000368,0.010447
1051.000000,0.001632,-0.008827,-0.000058,0.000468,-0.005210
1052.000000,0.000349,-0.003935,0.000058,0.000273,-0.002324
1053.000000,0.006056,0.003902,0.000537,0.001477,0.033184
1054.000000,0.009791,0.004140,0.000139,0.001788,0.012860
1055.000000,0.003888,0.001944,-0.001671,0.001289,-0.019070
1056.000000,0.005269,0.003451,-0.000869,0.001248,0.001697
1057.000000,0.010758,0.005554,0.000249,0.001949,0.025120
1058.000000,0.005987,0.006022,0.000356,0.002494,0.009328
1059.000000,0.006558,0.008175,0.001890,0.002900,0.015714
1060.000000,0.010372,0.007130,-0.000694,0.002647,0.000000
1061.000000,0.009817,0.007543,-0.000642,0.002476,-0.001076
1062.000000,0.009790,0.010274,0.003169,0.003463,0.024981
1063.000000,0.009075,0.007531,0.005717,0.002869,0.005758
1064.000000,0.007492,0.007025,0.005583,0.002434,0.007798
1065.000000,0.002033,0.006202,0.004073,0.000954,-0.027298
1066.000000,0.006669,0.008243,0.005847,0.002169,0.022106
1067.000000,0.001569,0.005679,0.005616,0.002059,-0.000521
1068.000000,0.004847,0.006961,0.006491,0.002558,0.022149
1069.000000,0.004303,0.005898,0.007036,0.003226,0.005081
1070.000000,0.009966,0.005999,0.006565,0.001537,0.001013
1071.000000,0.003509,0.005089,0.006316,0.001269,-0.010178
1072.000000,0.002896,0.002232,0.006253,0.002857,-0.003587
1073.000000,0.000915,0.002881,0.005206,0.004771,0.012245
1074.000000,-0.001629,0.001337,0.004181,0.004168,-0.007636
1075.000000,-0.000812,0.004577,0.005390,0.004241,0.005097
1076.000000,0.002036,0.002772,0.005508,0.004822,0.004059
1077.000000,0.001738,0.002317,0.003998,0.004517,-0.005076
1078.000000,-0.001732,-0.000408,0.003276,0.004191,-0.005102
1079.000000,-0.006122,-0.003875,0.001011,0.003399,-0.029589
1080.000000,-0.004733,-0.002772,0.001613,0.003452,0.012045
1081.000000,-0.005440,-0.001702,0.001693,0.003643,0.000520
1082.000000,0.000407,0.001072,0.001652,0.004526,0.024159
1083.000000,0.002339,0.000304,0.001592,0.003572,0.004560
1084.000000,0.011367,0.002622,0.001980,0.003662,0.015551
1085.000000,0.006353,0.000810,0.002694,0.003863,-0.013026
1086.000000,0.017714,0.006137,0.004455,0.005717,0.057326
1087.000000,0.013548,0.006977,0.004647,0.004991,0.003328
1088.000000,0.018436,0.010388,0.004990,0.005647,0.029001
1089.000000,0.017618,0.014493,0.005309,0.005505,0.011460
1090.000000,0.018575,0.012464,0.004846,0.005230,-0.008238
1091.000000,0.007569,0.012642,0.005470,0.005343,0.002295
1092.000000,0.004876,0.009212,0.005142,0.004172,-0.010138
1093.000000,-0.004476,0.006980,0.003642,0.003388,-0.017757
1094.000000,-0.006391,0.005613,0.004118,0.003191,0.001884
1095.000000,-0.002311,0.008132,0.004471,0.004506,0.012161
1096.000000,0.001917,0.004743,0.005440,0.004551,0.023433
1097.000000,0.003398,0.004137,0.005557,0.004477,-0.002729
1098.000000,0.004752,0.000138,0.005263,0.003372,-0.010989
1099.000000,0.001687,-0.002352,0.006070,0.002755,-0.013442
1100.000000,-0.002715,-0.002513,0.004976,0.002393,-0.009848
1101.000000,-0.010536,-0.004310,0.004166,0.002210,-0.015674
1102.000000,-0.012883,-0.004742,0.002235,0.001847,-0.014465
1103.000000,-0.015304,-0.005276,0.000852,0.000669,-0.023091
1104.000000,-0.011327,-0.004820,0.000397,0.001139,0.006440
1105.000000,-0.012143,-0.007429,0.000352,0.000505,-0.013924
1106.000000,-0.005730,-0.008133,-0.001695,0.000916,0.016390
1107.000000,-0.003231,-0.008057,-0.001960,0.001019,-0.001972
1108.000000,0.003156,-0.006074,-0.002968,0.001484,0.008845
1109.000000,-0.002685,-0.007006,-0.004679,0.001712,-0.022762
1110.000000,0.000600,-0.005771,-0.004142,0.001393,0.002499
1111.000000,0.000787,-0.002472,-0.003391,0.001953,0.017323
1112.000000,0.002160,-0.000536,-0.002639,0.001311,0.004895
1113.000000,0.000684,0.001920,-0.001678,0.001208,0.001464
1114.000000,0.005626,0.001471,-0.001675,0.000755,0.001948
1115.000000,0.004150,0.002375,-0.002527,0.001026,-0.004878
1116.000000,0.004272,0.002529,-0.002802,-0.000287,0.017931
1117.000000,0.007852,0.005006,-0.001526,0.000362,0.022793
1118.000000,0.010541,0.005613,-0.000231,-0.000108,0.014912
1119.000000,0.005093,0.005359,-0.000823,-0.001333,-0.025294
1120.000000,0.005879,0.005014,-0.000378,-0.001090,-0.000949
1121.000000,-0.001543,0.001365,-0.000554,-0.001806,-0.019176
1122.000000,-0.001603,0.003125,0.001294,-0.000718,0.022494
1123.000000,-0.003829,0.003356,0.002638,0.000000,0.003779
1124.000000,-0.004995,0.000049,0.000760,-0.001100,-0.031125
1125.000000,-0.007449,-0.000785,0.000795,-0.001946,-0.013219
1126.000000,0.002310,0.000384,0.001456,-0.001740,0.029621
1127.000000,-0.004112,-0.002857,0.001074,-0.001970,-0.009615
1128.000000,-0.002658,-0.003244,0.001184,-0.001235,0.011050
1129.000000,0.005753,0.000379,0.002869,-0.000423,0.010929
1130.000000,0.006593,-0.000428,0.002293,-0.000395,-0.009020
1131.000000,0.002850,0.002580,0.001972,0.000491,0.010908
1132.000000,0.005056,0.000472,0.001798,0.001020,0.001414
1133.000000,0.004067,0.000705,0.002030,0.001994,0.006105
1134.000000,0.000661,0.003207,0.001628,0.001575,-0.006105
1135.000000,0.001615,0.004104,0.001659,0.001898,-0.004248
1136.000000,-0.000378,0.001236,0.000810,0.001383,0.000946
1137.000000,-0.001228,0.001914,-0.000472,0.001354,-0.002840
1138.000000,-0.000281,0.001893,-0.000675,0.001421,0.010841
1139.000000,0.001502,0.001081,0.000730,0.002273,0.002809
1140.000000,0.002632,0.002123,0.000847,0.002236,0.001402
1141.000000,-0.000473,-0.000425,0.001077,0.001173,-0.014578
1142.000000,-0.000474,-0.000851,-0.000190,0.000915,-0.002846
1143.000000,-0.003977,-0.002129,-0.000712,0.000644,-0.006673
1144.000000,-0.001219,0.000141,0.001674,0.001132,0.016600
1145.000000,-0.001218,0.000707,0.002405,0.001342,0.001410
1146.000000,0.000473,0.000000,0.000618,0.000540,-0.006125
1147.000000,-0.004225,-0.002350,-0.000218,-0.001098,-0.026336
1148.000000,-0.001344,-0.002660,-0.000384,-0.001337,0.007733
1149.000000,-0.027487,-0.014353,-0.006636,-0.004298,-0.114119
1150.000000,-0.029940,-0.015579,-0.006728,-0.004628,-0.010852
1151.000000,-0.037070,-0.018298,-0.009362,-0.005381,-0.041777
1152.000000,-0.033517,-0.018871,-0.009861,-0.006417,-0.008569
1153.000000,-0.032215,-0.016779,-0.009454,-0.006068,0.014241
1154.000000,-0.013275,-0.020381,-0.010120,-0.005678,-0.019418
1155.000000,-0.015654,-0.022797,-0.011045,-0.005995,-0.022748
1156.000000,-0.004836,-0.020953,-0.010477,-0.006572,0.012313
1157.000000,-0.002424,-0.017970,-0.010160,-0.006135,0.003490
1158.000000,-0.003884,-0.018049,-0.010355,-0.006272,0.006944
1159.000000,-0.000693,-0.006984,-0.010669,-0.006752,-0.003466
1160.000000,0.004203,-0.005725,-0.010652,-0.006394,0.001735
1161.000000,0.003122,-0.000857,-0.009578,-0.006527,0.006908
1162.000000,0.002768,0.000172,-0.009349,-0.006517,0.001720
1163.000000,0.000691,-0.001596,-0.009188,-0.006835,-0.003442
1164.000000,0.005029,0.002168,-0.009107,-0.006024,0.018224
1165.000000,0.003323,0.003763,-0.009517,-0.006109,-0.006795
1166.000000,0.003526,0.003324,-0.008815,-0.005876,0.007923
1167.000000,-0.002188,0.000290,-0.008840,-0.006677,-0.026851
1168.000000,-0.002428,-0.000869,-0.009459,-0.007193,-0.004643
1169.000000,-0.006073,-0.000522,-0.003753,-0.007287,0.000000
1170.000000,-0.005998,-0.001338,-0.003532,-0.007547,-0.006420
1171.000000,-0.003985,-0.000230,-0.000543,-0.006462,0.017987
1172.000000,-0.001628,-0.001908,-0.000868,-0.006869,-0.015064
1173.000000,-0.004233,-0.003331,-0.002464,-0.007235,-0.017668
1174.000000,-0.003285,-0.004679,-0.001256,-0.007631,0.004742
1175.000000,-0.000821,-0.003410,0.000177,-0.007481,0.005896
1176.000000,-0.002314,-0.003149,0.000087,-0.006926,0.010526
1177.000000,0.000000,-0.000814,-0.000262,-0.006165,-0.003497
1178.000000,-0.002873,-0.003553,-0.002211,-0.007490,-0.032031
1179.000000,-0.006491,-0.004888,-0.002705,-0.004131,-0.013350
1180.000000,-0.003320,-0.002070,-0.001704,-0.003045,0.021753
1181.000000,-0.003758,-0.003036,-0.001633,-0.001374,0.008333
1182.000000,0.001396,0.000698,-0.000605,-0.000346,0.022275
1183.000000,0.011365,0.004246,0.000458,-0.000227,0.017811
1184.000000,0.009193,0.001351,-0.001664,-0.000387,-0.024209
1185.000000,0.005308,0.000994,-0.001208,0.000449,0.002331
1186.000000,-0.000832,-0.002295,-0.002722,-0.000707,-0.022367
1187.000000,-0.004930,-0.001767,-0.001290,-0.000764,0.001784
1188.000000,-0.006012,0.002676,-0.000438,-0.000582,0.012401
1189.000000,-0.002347,0.003423,-0.000733,-0.000662,-0.005886
1190.000000,0.000697,0.003003,0.000466,-0.000135,0.017555
1191.000000,0.006903,0.003036,0.000000,-0.000077,0.008663
1192.000000,0.004930,0.000000,0.000349,-0.000403,-0.008083
1193.000000,0.004411,-0.000800,0.001723,0.000038,0.009807
1194.000000,0.006619,0.002136,0.001743,-0.000397,0.005153
1195.000000,0.004133,0.002415,0.001705,0.000000,0.005127
1196.000000,0.002855,0.004879,0.001292,-0.000188,0.002270
1197.000000,-0.000930,0.002000,0.000117,-0.000194,-0.027005
1198.000000,-0.004999,-0.000294,0.001191,-0.000390,-0.010539
1199.000000,-0.002067,0.002276,0.002849,0.000270,0.019814
1200.000000,-0.000455,0.001839,0.002421,0.000924,0.013184
1201.000000,-0.003546,-0.000346,0.001345,-0.000115,-0.013184
1202.000000,0.004492,0.001781,0.000891,0.000826,0.013184
1203.000000,0.006714,0.000857,0.000028,0.001434,0.000569
1204.000000,0.004338,0.001136,0.001636,0.001541,0.007937
1205.000000,0.000796,0.000170,0.001293,0.001193,-0.004527
1206.000000,0.002067,-0.000740,0.002070,0.000615,-0.006830
1207.000000,0.004505,0.004498,0.003249,0.001577,0.025375
1208.000000,0.002264,0.004489,0.002097,0.002290,-0.010635
1209.000000,0.003803,0.004071,0.003173,0.003257,0.015634
1210.000000,0.004265,0.002530,0.002185,0.002457,-0.002219
1211.000000,0.000228,0.001147,0.000401,0.001279,-0.027013
1212.000000,-0.003256,0.000624,0.001203,0.000802,0.007955
1213.000000,-0.002834,-0.000285,0.000286,-0.000076,-0.008525
1214.000000,-0.003014,0.000394,0.000765,0.001222,0.014731
1215.000000,-0.000333,0.001966,0.001068,0.001517,0.011186
1216.000000,0.004735,0.002482,0.000871,0.002207,-0.001670
1217.000000,0.001241,-0.001007,0.001746,0.001830,-0.009516
1218.000000,0.000911,-0.000961,0.001764,0.001078,-0.010175
1219.000000,-0.005474,-0.004244,-0.000087,0.000701,-0.017192
1220.000000,-0.007711,-0.004022,-0.000746,0.000116,0.000000
1221.000000,-0.011582,-0.003424,-0.001138,-0.000874,-0.021029
1222.000000,-0.014579,-0.006669,-0.003022,-0.001421,-0.024501
1223.000000,-0.007762,-0.003426,-0.001855,-0.000951,0.023910
1224.000000,-0.003263,-0.004369,-0.001987,-0.000946,0.005302
1225.000000,-0.003734,-0.005722,-0.001878,-0.001195,-0.002353
1226.000000,0.001997,-0.004793,-0.001155,-0.001017,0.007627
1227.000000,0.014242,-0.000169,-0.000588,0.001107,0.036722
1228.000000,0.009572,0.000905,-0.000028,0.001477,0.000563
1229.000000,0.008737,0.002737,-0.000754,0.000855,0.001125
1230.000000,0.014645,0.005455,0.000717,0.001321,0.027186
1231.000000,0.036542,0.019270,0.007923,0.005665,0.117114
1232.000000,0.032002,0.023122,0.008226,0.005692,0.014020
1233.000000,0.024953,0.017263,0.006919,0.004517,-0.034680
1234.000000,0.028470,0.018604,0.007118,0.004877,0.018711
1235.000000,0.019191,0.016918,0.005598,0.004387,-0.019208
1236.000000,0.002612,0.019577,0.007392,0.005755,0.034216
1237.000000,0.005119,0.018560,0.009196,0.005795,0.026554
1238.000000,0.012988,0.018971,0.009938,0.006305,0.004669
1239.000000,0.008873,0.018672,0.010704,0.005722,-0.001865
1240.000000,0.019324,0.019258,0.012357,0.006897,0.033046
1241.000000,0.014904,0.008758,0.014014,0.008201,0.012116
1242.000000,0.003341,0.004230,0.013676,0.006894,-0.031260
1243.000000,0.002223,0.007606,0.012434,0.007148,-0.000921
1244.000000,0.001395,0.005134,0.011869,0.006456,-0.006006
