0.000000,0.005036,0.003306,0.004167,0.005162,-0.002293
1.000000,0.011254,0.005070,0.004892,0.004649,0.013678
2.000000,0.011053,0.003860,0.002924,0.003806,-0.003402
3.000000,0.007094,0.003743,0.003146,0.003135,-0.000379
4.000000,0.003030,0.003910,0.003443,0.003638,0.007547
5.000000,0.002660,0.003848,0.003236,0.003346,-0.004144
6.000000,0.000075,0.005665,0.003374,0.003665,0.000755
7.000000,0.005453,0.008253,0.005239,0.004224,0.023487
8.000000,0.008092,0.007593,0.005615,0.004623,0.012814
9.000000,0.005634,0.004332,0.004550,0.004437,-0.004740
10.000000,0.008210,0.005435,0.004370,0.004589,0.008734
11.000000,0.009359,0.004717,0.004893,0.004834,0.006501
12.000000,0.007379,0.006416,0.005138,0.004088,0.013586
13.000000,0.003247,0.005670,0.004706,0.003987,-0.007843
14.000000,0.002181,0.003908,0.003909,0.003598,-0.010072
15.000000,0.003448,0.005829,0.004839,0.004100,0.015070
16.000000,0.001578,0.005468,0.005567,0.004072,-0.002853
17.000000,-0.004090,0.001644,0.004949,0.004041,-0.014751
18.000000,-0.006179,-0.001466,0.003064,0.003255,-0.018289
19.000000,0.000794,0.001487,0.002910,0.003529,0.024792
20.000000,-0.000499,0.001475,0.003455,0.003405,0.008605
21.000000,-0.001074,0.000252,0.002484,0.003346,-0.005729
22.000000,0.002593,-0.000749,0.002834,0.003176,0.003584
23.000000,0.005318,-0.000430,0.002620,0.002994,-0.004662
24.000000,0.001364,0.001079,0.002493,0.002965,0.005020
25.000000,0.008184,0.003843,0.004836,0.004507,0.042709
26.000000,0.007955,0.003440,0.004454,0.004858,-0.006878
27.000000,0.004108,0.003350,0.002497,0.004416,-0.015650
28.000000,0.006298,0.005808,0.002171,0.003978,0.006289
29.000000,0.005433,0.003399,0.002443,0.003073,0.000696
30.000000,-0.002969,0.002608,0.002041,0.003172,0.000696
31.000000,-0.000553,0.003701,0.001976,0.002890,0.005204
32.000000,-0.003322,0.000393,-0.000178,0.002020,-0.029497
33.000000,-0.009487,-0.001594,-0.001012,0.001215,-0.024532
34.000000,-0.007736,-0.001151,-0.000036,0.001278,0.009451
35.000000,-0.014047,-0.008508,-0.002333,0.000388,-0.030862
36.000000,-0.013972,-0.007262,-0.001911,0.000549,0.005581
37.000000,-0.004542,-0.003932,-0.000291,0.000354,0.017654
38.000000,0.001456,-0.004015,0.000896,0.000109,0.005454
39.000000,-0.001598,-0.004667,-0.000634,0.000073,-0.005818
40.000000,0.002153,-0.005947,-0.001670,-0.000622,-0.012108
41.000000,0.002361,-0.005805,-0.001052,-0.000618,0.006623
42.000000,-0.000584,-0.002563,-0.001085,-0.000973,0.002929
43.000000,-0.001821,-0.000183,-0.000889,-0.000736,-0.000732
44.000000,-0.000146,-0.000872,-0.001012,-0.000315,0.002558
45.000000,0.004309,0.003231,-0.002639,-0.000478,0.010167
46.000000,0.001970,0.002166,-0.002548,-0.000552,-0.005071
47.000000,-0.000586,-0.000585,-0.002258,-0.000389,-0.009852
48.000000,0.001458,-0.000181,-0.002098,0.000537,0.009489
49.000000,-0.000951,-0.000549,-0.002608,-0.000606,-0.009489
50.000000,-0.002838,0.000736,-0.002606,-0.000868,0.000733
51.000000,-0.003221,-0.000625,-0.003215,-0.000910,-0.006987
52.000000,0.000878,0.000146,-0.001208,-0.000675,0.010644
53.000000,-0.005151,-0.001846,-0.001015,-0.001208,-0.020657
54.000000,-0.002658,-0.001805,-0.001338,-0.001276,0.002977
55.000000,-0.004446,-0.003642,-0.000206,-0.002973,-0.008209
56.000000,-0.001556,-0.002389,-0.000111,-0.002495,0.007466
57.000000,-0.003834,-0.001478,-0.001031,-0.001998,-0.000744
58.000000,0.005369,0.000109,-0.000036,-0.001363,0.025355
59.000000,0.001407,-0.000625,-0.000587,-0.001947,-0.016832
60.000000,0.001419,-0.001514,-0.000389,-0.002242,-0.008151
61.000000,-0.003300,-0.002428,-0.001527,-0.002953,-0.016126
62.000000,-0.002246,-0.003040,-0.001447,-0.001819,0.004527
63.000000,-0.008752,-0.001691,-0.001769,-0.001240,-0.007177
64.000000,-0.000443,0.000482,-0.000661,-0.000732,0.024711
65.000000,0.001261,0.001340,-0.001151,0.000310,0.000370
66.000000,0.009956,0.003328,0.000470,0.001035,0.027349
67.000000,0.012828,0.005291,0.001907,0.001076,0.018885
68.000000,0.013343,0.002296,0.001202,0.000741,-0.004599
69.000000,0.000886,0.000221,-0.000202,-0.000318,-0.037577
70.000000,0.000959,0.001110,-0.000202,0.000111,0.000736
71.000000,-0.006731,0.001613,-0.000408,-0.000480,-0.011099
72.000000,-0.015251,-0.001212,-0.002126,-0.001368,-0.023717
73.000000,-0.014789,-0.000723,-0.001207,-0.001420,-0.002288
74.000000,-0.007121,-0.003118,-0.001318,-0.001480,0.000763
75.000000,-0.003863,-0.001452,-0.000056,-0.001252,0.017023
76.000000,-0.001944,-0.004337,-0.000505,-0.001133,-0.001502
77.000000,0.003549,-0.005851,-0.000280,-0.000679,0.003750
78.000000,0.002655,-0.006067,-0.001886,-0.001221,-0.006759
79.000000,0.004825,-0.001148,-0.000463,-0.000517,0.011613
80.000000,0.004525,0.000331,0.000720,-0.000024,0.015521
81.000000,0.018501,0.008279,0.004946,0.002488,0.068382
82.000000,0.016790,0.010170,0.004479,0.001973,-0.004806
83.000000,0.023439,0.013047,0.006162,0.003544,0.026487
84.000000,0.021786,0.013305,0.005094,0.003557,0.003346
85.000000,0.018949,0.011737,0.005142,0.003875,0.001335
86.000000,0.005339,0.011920,0.003791,0.003637,0.000334
87.000000,0.005364,0.011077,0.002613,0.003506,-0.004679
88.000000,-0.000201,0.011619,0.002776,0.002616,-0.001341
89.000000,0.000400,0.011093,0.004973,0.003389,0.006353
90.000000,0.004094,0.011521,0.005926,0.004321,0.019803
91.000000,0.006108,0.005723,0.007001,0.005205,0.010403
92.000000,0.006720,0.006042,0.008106,0.005000,-0.001618
93.000000,0.010902,0.005350,0.009199,0.005892,0.019568
94.000000,0.011150,0.005775,0.009540,0.005321,0.007595
95.000000,0.008447,0.006270,0.009003,0.005518,0.006285
96.000000,0.005801,0.005955,0.008937,0.004512,-0.002824
97.000000,0.004294,0.005507,0.008292,0.003578,-0.009153
98.000000,0.001140,0.006021,0.008820,0.003858,0.003797
99.000000,0.000630,0.005890,0.008491,0.005278,0.005041
100.000000,-0.000251,0.004098,0.007810,0.005317,0.001884
101.000000,0.010287,0.008044,0.006884,0.007349,0.049865
102.000000,0.011460,0.007877,0.006960,0.008030,-0.003288
103.000000,0.009439,0.005290,0.005320,0.007896,-0.006307
104.000000,0.008190,0.004410,0.005092,0.007830,-0.001206
105.000000,0.005385,0.002567,0.004419,0.006858,-0.012140
106.000000,-0.002281,0.004003,0.004979,0.007293,0.011536
107.000000,0.002440,0.006950,0.006229,0.007845,0.020317
108.000000,0.001859,0.005649,0.005835,0.007763,-0.009211
109.000000,0.001203,0.004696,0.005293,0.007226,-0.004488
110.000000,0.000975,0.003180,0.003639,0.006266,-0.013281
111.000000,0.002639,0.000179,0.004111,0.004649,0.019856
112.000000,-0.003882,-0.000721,0.003578,0.004399,-0.012288
113.000000,0.001487,0.001673,0.003481,0.004104,0.017636
114.000000,0.004154,0.002679,0.003544,0.004288,0.008850
115.000000,0.003971,0.002473,0.002520,0.003770,-0.014197
116.000000,-0.008147,-0.002754,0.000624,0.002401,-0.040735
117.000000,-0.003100,-0.003491,0.001729,0.002989,0.012947
118.000000,-0.010461,-0.004487,0.000581,0.002394,-0.019172
119.000000,-0.010553,-0.003199,0.000749,0.002462,0.008394
120.000000,-0.005864,-0.000946,0.001117,0.002110,0.009245
121.000000,0.005206,-0.001470,-0.000646,0.002251,0.014617
122.000000,0.002072,-0.000514,-0.000618,0.002214,-0.002724
123.000000,0.008017,-0.001222,0.000225,0.001914,0.010553
124.000000,0.006218,-0.002167,0.000256,0.001640,-0.000600
125.000000,0.001832,-0.002016,0.000228,0.001008,-0.012685
126.000000,0.002105,0.003656,0.000451,0.001635,0.015981
127.000000,0.002231,0.002151,-0.000670,0.001870,-0.002096
128.000000,0.000120,0.004068,-0.000209,0.001743,0.000000
129.000000,0.003746,0.004982,0.000892,0.002160,0.017531
130.000000,0.011286,0.006559,0.002806,0.002931,0.025016
131.000000,0.007803,0.004954,0.001742,0.001221,-0.001437
132.000000,0.010908,0.006569,0.003028,0.001778,0.013431
133.000000,0.011814,0.005967,0.002372,0.002139,0.004531
134.000000,0.008421,0.006084,0.001958,0.002198,0.000565
135.000000,0.004038,0.007662,0.002823,0.002706,0.003102
136.000000,0.002061,0.004932,0.004294,0.001944,-0.011325
137.000000,-0.001539,0.004685,0.003418,0.001115,-0.004566
138.000000,-0.002846,0.004484,0.004276,0.001355,-0.002004
139.000000,-0.004570,0.001925,0.003454,0.001236,-0.008058
140.000000,-0.001016,0.001511,0.004035,0.002375,0.020873
141.000000,0.000682,0.001371,0.003163,0.001618,-0.002834
142.000000,0.002727,0.000594,0.003582,0.002217,0.005659
143.000000,0.003579,0.000367,0.003167,0.001704,0.002255
144.000000,0.007875,0.001652,0.003868,0.001856,0.013423
145.000000,0.007116,0.003050,0.005356,0.002899,0.017076
146.000000,0.009098,0.004890,0.004911,0.004492,0.007075
147.000000,0.006168,0.004448,0.004566,0.003761,-0.008988
148.000000,0.002629,0.003104,0.003794,0.003886,-0.015440
149.000000,-0.002460,0.002708,0.002317,0.003205,-0.012020
150.000000,-0.003471,0.001823,0.001667,0.003298,0.012020
151.000000,-0.002620,0.003239,0.002305,0.003188,0.011328
152.000000,0.001091,0.003630,0.002112,0.003598,0.009569
153.000000,0.005535,0.004082,0.002224,0.003472,0.006780
154.000000,0.010517,0.004029,0.002841,0.003922,0.012890
155.000000,0.005859,0.001194,0.002122,0.003969,-0.011269
156.000000,0.005420,0.001400,0.003145,0.003741,0.009132
157.000000,-0.000545,0.000273,0.002360,0.003135,-0.020257
158.000000,-0.000054,0.002741,0.002922,0.003443,0.009234
159.000000,-0.003553,0.003482,0.003095,0.002705,-0.004606
160.000000,-0.000216,0.002822,0.002322,0.002052,0.005417
161.000000,-0.003670,0.000875,0.002057,0.001828,-0.008137
162.000000,0.000164,-0.000191,0.001720,0.001344,-0.001090
163.000000,-0.006596,-0.003325,0.000379,0.000375,-0.024563
164.000000,-0.004894,-0.004223,-0.000097,0.000486,0.003904
165.000000,-0.004978,-0.002597,-0.000701,0.000549,0.004997
166.000000,-0.006308,-0.004989,-0.001794,0.000434,-0.014786
167.000000,-0.006371,-0.003104,-0.001415,0.000539,-0.001406
168.000000,0.001725,-0.002435,0.000153,0.001136,0.015915
169.000000,0.003914,-0.000490,0.001496,0.001900,0.014848
170.000000,0.002696,-0.001141,0.000840,0.001168,-0.001092
171.000000,0.010511,0.002102,0.001489,0.002072,0.024293
172.000000,0.015171,0.004400,0.002105,0.002613,0.021892
173.000000,0.010942,0.006333,0.001504,0.002364,-0.005232
174.000000,0.008182,0.006048,0.000912,0.001951,0.001048
175.000000,0.008400,0.005548,0.001476,0.001382,0.000000
176.000000,0.003437,0.006974,0.000993,0.001129,-0.000524
177.000000,0.003466,0.009318,0.003107,0.002163,0.022036
178.000000,0.005739,0.008340,0.002952,0.002882,0.006135
179.000000,0.004251,0.006216,0.002863,0.003069,-0.006391
180.000000,0.002551,0.005476,0.002167,0.002385,-0.008500
181.000000,0.006245,0.004841,0.003471,0.002606,0.017945
182.000000,0.002497,0.002981,0.003691,0.002397,0.003297
183.000000,0.001877,0.003808,0.005071,0.002272,0.003034
184.000000,0.004815,0.004533,0.005290,0.002119,0.008297
185.000000,0.005057,0.003804,0.004676,0.002252,-0.007287
186.000000,0.001266,0.003756,0.005365,0.001914,-0.001009
187.000000,0.004011,0.003254,0.006286,0.003156,0.017022
188.000000,0.002708,0.002293,0.005316,0.002732,-0.003481
189.000000,0.002785,0.003800,0.005008,0.003175,0.008680
190.000000,0.009409,0.007233,0.006354,0.003856,0.025836
191.000000,0.004937,0.003102,0.003971,0.003348,-0.023370
192.000000,-0.003152,0.000430,0.001706,0.002604,-0.023425
193.000000,-0.007667,-0.002479,0.000664,0.002554,-0.026055
194.000000,-0.002685,0.000050,0.002291,0.003544,0.033591
195.000000,-0.006058,0.001676,0.002740,0.003676,0.008969
196.000000,-0.001881,0.001528,0.002642,0.004086,-0.002483
197.000000,0.004142,0.000495,0.001875,0.004356,0.006691
198.000000,0.010535,0.001434,0.001863,0.004022,0.005910
199.000000,0.002783,0.000049,0.001925,0.003355,-0.005169
200.000000,0.001384,-0.002337,0.002448,0.003457,0.001972
201.000000,0.005057,0.001588,0.002345,0.003177,0.015883
202.000000,0.002503,0.003323,0.001876,0.002245,-0.006079
203.000000,-0.002172,0.004182,0.000851,0.001837,-0.017469
204.000000,0.000049,0.001416,0.000733,0.002000,0.005939
205.000000,-0.022666,-0.010641,-0.004483,-0.001720,-0.111603
206.000000,-0.026063,-0.010503,-0.004487,-0.001740,-0.001104
207.000000,-0.019399,-0.008448,-0.003976,-0.001566,0.027242
208.000000,-0.017470,-0.009821,-0.004193,-0.002031,-0.007824
209.000000,-0.020672,-0.010311,-0.005131,-0.002154,-0.010072
210.000000,-0.001107,-0.011886,-0.007112,-0.002330,-0.013774
211.000000,0.003450,-0.011307,-0.004859,-0.002206,0.021677
212.000000,-0.001727,-0.010563,-0.003620,-0.002270,0.001356
213.000000,-0.002233,-0.009852,-0.002835,-0.002717,-0.010354
214.000000,-0.005717,-0.013195,-0.005889,-0.003909,-0.027490
215.000000,0.002700,0.000797,-0.004922,-0.002723,0.028312
216.000000,-0.006960,-0.001755,-0.006129,-0.003577,-0.026624
217.000000,-0.002345,-0.002036,-0.005242,-0.003330,0.024432
218.000000,0.000492,-0.000871,-0.005346,-0.003086,0.003832
219.000000,0.008650,0.001467,-0.004422,-0.002932,0.013299
220.000000,0.001472,0.002086,-0.004900,-0.004046,-0.007578
221.000000,0.002403,-0.002279,-0.006793,-0.003999,-0.021973
222.000000,-0.010299,-0.006322,-0.008443,-0.004521,-0.039076
223.000000,-0.010604,-0.005056,-0.007454,-0.003575,0.002307
224.000000,-0.010176,-0.000763,-0.006979,-0.004180,0.015438
225.000000,-0.010256,-0.004392,-0.001797,-0.004745,-0.007975
226.000000,-0.009264,-0.003431,-0.002593,-0.005230,-0.017016
227.000000,-0.001740,-0.006020,-0.004028,-0.005501,-0.001455
228.000000,0.000460,-0.005072,-0.002971,-0.005254,0.013310
229.000000,-0.001709,-0.005943,-0.002238,-0.004929,0.004588
230.000000,-0.004511,-0.007384,-0.002649,-0.005728,-0.021985
231.000000,-0.006684,-0.007974,-0.005126,-0.007187,-0.027878
232.000000,-0.009546,-0.005643,-0.005982,-0.007509,-0.015763
233.000000,-0.015224,-0.007382,-0.006219,-0.007430,-0.015084
234.000000,-0.013431,-0.007570,-0.004167,-0.007176,0.013555
235.000000,-0.010817,-0.007664,-0.006028,-0.003753,-0.008914
236.000000,-0.005303,-0.005993,-0.004712,-0.003726,-0.000309
237.000000,-0.004699,-0.007122,-0.006571,-0.005059,-0.012743
238.000000,-0.001057,-0.008141,-0.006606,-0.004694,0.003123
239.000000,-0.002339,-0.007885,-0.006914,-0.004120,0.007146
240.000000,-0.000185,-0.005501,-0.006442,-0.003599,0.001856
241.000000,0.002211,-0.001546,-0.004760,-0.003933,0.011674
242.000000,0.006099,0.000700,-0.002471,-0.003755,0.006697
243.000000,0.004745,0.001844,-0.002769,-0.003531,-0.003647
244.000000,0.006218,0.001939,-0.002815,-0.002131,0.014511
245.000000,0.006984,0.003399,-0.002132,-0.002885,0.005686
246.000000,0.006963,0.004587,-0.000703,-0.001612,0.011571
247.000000,0.003846,0.004973,-0.001075,-0.002723,-0.008889
248.000000,0.005763,0.005254,-0.001443,-0.002653,0.005935
249.000000,0.003274,0.004746,-0.001569,-0.003027,0.002069
250.000000,0.003256,0.005120,-0.000190,-0.002588,0.005594
251.000000,-0.000768,0.003098,0.000776,-0.002141,-0.008551
252.000000,0.002249,0.003048,0.001874,-0.000632,0.006199
253.000000,0.000177,0.002970,0.002407,-0.000856,-0.004424
254.000000,0.004323,0.003798,0.002869,-0.000611,0.022795
255.000000,0.005559,0.004408,0.003903,0.000048,0.011777
256.000000,0.007612,0.003422,0.004005,0.000672,0.001712
257.000000,0.008865,0.005557,0.005265,0.001136,0.012465
258.000000,0.009862,0.005020,0.005137,0.000711,0.000563
259.000000,0.010908,0.007615,0.006181,0.001492,0.028022
260.000000,0.013524,0.009542,0.007331,0.003054,0.024859
261.000000,0.011143,0.009377,0.006237,0.003643,-0.010193
262.000000,0.006427,0.007646,0.005347,0.003798,-0.011116
263.000000,0.010736,0.010299,0.006635,0.005038,0.022109
264.000000,0.002555,0.006732,0.005265,0.004157,-0.012883
265.000000,-0.006841,0.003342,0.003875,0.003716,-0.022123
266.000000,-0.008257,0.001443,0.002432,0.003151,-0.017271
267.000000,-0.008294,-0.000933,0.002312,0.003199,-0.011303
268.000000,-0.011356,-0.000310,0.002355,0.003321,0.006797
269.000000,-0.011737,-0.004591,0.001512,0.002590,-0.014786
270.000000,-0.003961,-0.005401,0.002070,0.003087,0.016759
271.000000,-0.002261,-0.005259,0.002059,0.002405,-0.008771
272.000000,-0.010921,-0.009607,-0.000981,0.000362,-0.054604
273.000000,-0.005436,-0.008396,0.000952,0.001624,0.034222
274.000000,-0.005518,-0.008627,-0.000948,0.000634,-0.015196
275.000000,-0.002951,-0.003456,-0.000057,0.001431,0.029593
276.000000,-0.018568,-0.010414,-0.004486,-0.001850,-0.086855
277.000000,-0.001991,-0.006456,-0.003695,-0.000611,0.028283
278.000000,-0.011398,-0.008417,-0.004363,-0.001236,-0.012813
279.000000,-0.000767,-0.003143,-0.003867,-0.000039,0.037956
280.000000,-0.007872,-0.005411,-0.005406,-0.000424,-0.005929
281.000000,0.012744,-0.002912,-0.004085,0.000402,0.016222
282.000000,0.002829,0.000419,-0.004594,-0.000514,-0.021290
283.000000,0.003711,-0.003843,-0.006120,-0.000647,-0.008403
284.000000,-0.003579,-0.002173,-0.005400,-0.001356,0.001506
285.000000,-0.002453,-0.005162,-0.004309,-0.001759,-0.000301
286.000000,-0.004497,0.004123,-0.003146,-0.001616,0.006002
287.000000,0.000478,0.001653,-0.002401,-0.001912,0.003584
288.000000,0.003880,0.003796,-0.002311,-0.001644,0.008609
289.000000,0.004993,0.000707,-0.001218,-0.002342,0.007069
290.000000,0.004936,0.001241,-0.002085,-0.003190,-0.000587
291.000000,-0.000359,-0.002428,-0.002670,-0.003533,-0.020472
292.000000,-0.000478,0.000000,0.000210,-0.003063,0.002993
293.000000,0.003109,0.003495,-0.000174,-0.002915,0.026542
294.000000,0.005729,0.005361,0.001594,-0.001813,0.020168
295.000000,0.003551,0.004243,-0.000460,-0.001458,-0.011475
296.000000,0.005499,0.002570,0.003347,-0.001240,-0.010733
297.000000,0.001073,0.000298,0.000976,-0.001502,-0.019138
298.000000,-0.003820,-0.000355,0.001720,-0.001659,0.002079
299.000000,-0.015719,-0.004995,-0.002144,-0.002477,-0.039328
300.000000,-0.011520,-0.003984,-0.001372,-0.002718,0.009519
301.000000,-0.005859,-0.000180,-0.001304,-0.001840,0.017571
302.000000,0.004875,0.002974,0.001487,0.001131,0.034532
303.000000,0.010629,0.003405,0.003450,0.001019,0.030851
304.000000,0.015947,0.000114,0.002737,0.001101,-0.012739
305.000000,0.013358,0.000919,0.002581,0.000000,-0.003425
306.000000,0.010700,0.002420,0.002495,0.003038,0.004279
307.000000,0.009351,0.007113,0.003705,0.003021,0.027791
308.000000,0.003955,0.007292,0.003468,0.003577,0.003868
309.000000,0.004396,0.010171,0.002588,0.001961,-0.010535
310.000000,0.004075,0.008716,0.002366,0.001991,-0.005029
311.000000,0.007925,0.009312,0.004566,0.002235,0.023530
312.000000,0.002913,0.006132,0.004553,0.003035,0.002732
313.000000,0.003391,0.003673,0.003539,0.003524,0.006256
314.000000,0.005389,0.004893,0.002503,0.003456,-0.000542
315.000000,-0.001011,0.001532,0.001225,0.002231,-0.037031
316.000000,-0.011660,-0.001868,0.000276,0.001041,-0.029716
317.000000,-0.008244,-0.002665,0.002224,0.001582,0.019814
318.000000,-0.007909,-0.002259,0.002516,0.001559,0.007930
319.000000,-0.016507,-0.005559,0.002306,-0.000127,-0.043529
320.000000,-0.012788,-0.006899,0.000909,-0.000722,-0.018436
321.000000,-0.004043,-0.007852,0.000730,0.000427,0.014007
322.000000,-0.007415,-0.007829,-0.000848,0.000426,0.002955
323.000000,-0.006829,-0.007369,-0.001848,-0.000097,0.010859
324.000000,-0.000118,-0.008312,-0.001710,-0.001102,-0.009974
325.000000,0.002920,-0.004934,-0.001701,-0.000828,-0.003248
326.000000,0.005200,0.000578,-0.000645,0.000377,0.025407
327.000000,0.001001,-0.003207,-0.002936,0.000414,-0.018039
328.000000,-0.000409,-0.003619,-0.002939,0.000471,0.003810
329.000000,-0.001005,-0.000561,-0.003060,0.001350,-0.012953
330.000000,-0.004245,-0.000662,-0.003781,0.000385,-0.019447
331.000000,-0.012554,-0.003677,-0.005764,-0.000739,-0.016142
332.000000,-0.022014,-0.010507,-0.009168,-0.004068,-0.065337
333.000000,-0.022841,-0.011625,-0.009497,-0.005107,-0.000328
334.000000,-0.021897,-0.011451,-0.009882,-0.004957,-0.008230
335.000000,-0.018272,-0.011258,-0.008096,-0.004887,-0.001323
336.000000,-0.019394,-0.015974,-0.007698,-0.005754,-0.021751
337.000000,-0.002905,-0.012460,-0.007833,-0.006111,0.017106
338.000000,0.000262,-0.011290,-0.007454,-0.005723,0.015509
339.000000,0.000594,-0.010651,-0.005606,-0.005590,-0.006570
340.000000,0.003413,-0.007429,-0.004046,-0.004997,0.012772
341.000000,0.010478,-0.004458,-0.004068,-0.005329,0.013575
342.000000,0.008974,0.003034,-0.003736,-0.005100,0.009585
343.000000,0.008023,0.004143,-0.003741,-0.004951,0.010753
344.000000,0.012272,0.006433,-0.002509,-0.004443,0.014676
345.000000,0.009097,0.006255,-0.002502,-0.003312,-0.003105
346.000000,0.002171,0.006325,-0.004825,-0.003024,-0.021053
347.000000,0.001836,0.005405,-0.003527,-0.003421,0.007908
348.000000,0.001379,0.004701,-0.003294,-0.003402,0.008471
349.000000,0.001236,0.006754,-0.001949,-0.001486,0.013960
350.000000,0.003453,0.006275,-0.000577,-0.000606,0.007978
351.000000,0.008152,0.005161,0.000352,-0.000991,0.002442
352.000000,0.005408,0.003622,0.003328,-0.001283,-0.005810
353.000000,0.004021,0.002700,0.003421,-0.001594,0.001532
354.000000,0.002328,0.001782,0.004108,-0.001079,0.005496
355.000000,0.001036,0.002245,0.004250,-0.000920,0.001521
356.000000,-0.001715,0.003219,0.004772,-0.002144,-0.011313
357.000000,-0.000614,0.002397,0.003901,-0.001553,-0.000308
358.000000,0.002011,0.003016,0.003858,-0.001191,0.014657
359.000000,-0.000732,0.000798,0.003776,-0.001033,-0.008218
360.000000,0.000486,0.000761,0.003518,-0.000131,0.007612
361.000000,0.001958,0.000122,0.002642,0.000275,-0.003951
362.000000,-0.002041,-0.001327,0.001147,0.001776,-0.020302
363.000000,-0.003856,-0.000923,0.000889,0.001973,0.005578
364.000000,-0.001349,-0.001041,0.000371,0.002391,0.004317
365.000000,0.004558,0.002522,0.002383,0.003674,0.037148
366.000000,0.002662,0.002310,0.002764,0.003951,-0.013431
367.000000,0.006181,0.002070,0.002234,0.003291,-0.002708
368.000000,0.004582,0.000363,0.001689,0.002693,-0.002413
369.000000,0.003598,0.001124,0.000961,0.002892,-0.000604
370.000000,-0.007368,-0.001405,-0.000322,0.001877,-0.017683
371.000000,-0.003945,-0.000642,-0.000260,0.001547,0.003684
372.000000,0.002575,0.004378,0.001525,0.002224,0.029889
373.000000,0.007877,0.006230,0.002653,0.002669,0.024098
374.000000,0.011737,0.007668,0.003313,0.002803,0.018698
375.000000,0.017541,0.005086,0.003804,0.003284,0.011335
376.000000,0.015730,0.005893,0.004101,0.003807,-0.005368
377.000000,0.010882,0.006728,0.004399,0.003732,0.005650
378.000000,0.003682,0.005780,0.003071,0.003053,-0.011902
379.000000,-0.006664,0.002536,0.001830,0.001486,-0.033037
380.000000,-0.009876,0.003832,0.001214,0.001063,-0.004725
381.000000,-0.010468,0.002631,0.000995,0.000704,-0.008323
382.000000,-0.013276,-0.001197,0.001590,0.000618,-0.008393
383.000000,-0.009935,-0.003126,0.001552,0.000727,0.004805
384.000000,-0.006407,-0.006536,0.000566,0.000030,-0.015397
385.000000,-0.004188,-0.007032,-0.000973,0.000192,0.006368
386.000000,-0.004223,-0.007345,-0.000726,0.000286,-0.008500
387.000000,-0.000724,-0.007000,-0.000136,0.000600,0.009105
388.000000,-0.003689,-0.006812,-0.000516,-0.000223,-0.010020
389.000000,-0.005177,-0.005792,-0.001628,-0.000710,-0.022840
390.000000,-0.005890,-0.005039,-0.000603,-0.000871,0.002806
391.000000,-0.003320,-0.003772,-0.000570,-0.000594,0.004349
392.000000,-0.008202,-0.004463,-0.002830,-0.000427,-0.015306
393.000000,-0.009051,-0.006370,-0.004748,-0.001089,-0.014266
394.000000,-0.007378,-0.006278,-0.006407,-0.001715,-0.014472
395.000000,-0.000499,-0.003194,-0.005113,-0.001713,0.037200
396.000000,-0.008291,-0.005806,-0.006575,-0.002419,-0.034612
397.000000,-0.003301,-0.005751,-0.006376,-0.002008,0.009646
398.000000,-0.001989,-0.005520,-0.006166,-0.002184,-0.007710
399.000000,0.001485,-0.002947,-0.004369,-0.002067,0.002898
400.000000,-0.007116,-0.003808,-0.004423,-0.001671,-0.005805
401.000000,-0.002798,-0.005545,-0.004658,-0.002228,-0.013021
402.000000,-0.004793,-0.004047,-0.004255,-0.003236,-0.000328
403.000000,-0.000387,-0.001188,-0.003779,-0.003562,0.014319
404.000000,-0.002134,-0.000324,-0.003301,-0.004379,-0.005833
405.000000,0.003272,-0.001922,-0.002558,-0.004050,0.021223
406.000000,0.010344,0.003773,-0.001016,-0.003126,0.022339
407.000000,0.009786,0.002497,-0.001627,-0.003418,-0.003116
408.000000,0.011489,0.005551,0.000015,-0.002260,0.022833
409.000000,0.015743,0.006805,0.001929,-0.000645,0.015438
410.000000,0.013234,0.008253,0.002223,-0.000198,0.008674
411.000000,0.012717,0.011530,0.002993,0.000738,0.019756
412.000000,0.011699,0.010742,0.003348,0.000744,-0.008209
413.000000,0.008774,0.010131,0.004471,0.000858,0.008209
414.000000,0.006036,0.010890,0.005283,0.001429,0.001750
415.000000,0.002956,0.008095,0.003086,0.000993,-0.006726
416.000000,-0.002941,0.004888,0.004330,0.000952,-0.009730
417.000000,0.001116,0.006407,0.004452,0.001051,0.012075
418.000000,0.000525,0.004649,0.005100,0.001560,0.005255
419.000000,-0.003351,0.001343,0.004074,0.001734,-0.017627
420.000000,-0.005172,-0.001108,0.003572,0.001112,-0.015833
421.000000,-0.001248,-0.002095,0.004718,0.001297,0.009888
422.000000,-0.003962,-0.001423,0.004660,0.001757,-0.001492
423.000000,-0.006331,-0.002903,0.003614,0.002013,-0.006591
424.000000,-0.002745,-0.003048,0.003921,0.002506,0.000301
425.000000,0.002335,-0.001418,0.003338,0.001585,0.009569
426.000000,-0.001556,-0.001402,0.001743,0.002419,-0.009569
427.000000,-0.000299,-0.002130,0.002138,0.002258,0.004796
428.000000,0.006331,0.000000,0.002325,0.003400,0.026558
429.000000,0.007953,0.002604,0.001973,0.003584,0.008410
430.000000,0.006731,0.004533,0.001712,0.003893,0.003459
431.000000,0.006038,0.002241,0.000073,0.003892,-0.013034
432.000000,0.002968,0.001335,-0.000044,0.003551,-0.010551
433.000000,-0.004655,0.000838,-0.001032,0.002689,-0.011557
434.000000,-0.004793,0.001580,-0.000734,0.003141,0.007720
435.000000,-0.009186,-0.001228,-0.001323,0.001816,-0.018508
436.000000,-0.002051,0.001993,0.000295,0.001826,0.022640
437.000000,-0.002014,0.000477,-0.000826,0.001585,-0.010363
438.000000,-0.000836,-0.002746,-0.001373,0.000635,-0.005671
439.000000,-0.009200,-0.006996,-0.002196,-0.001017,-0.034098
440.000000,-0.006119,-0.007652,-0.001560,-0.001409,-0.003102
441.000000,-0.011581,-0.006816,-0.002288,-0.002223,-0.004671
442.000000,-0.010823,-0.006419,-0.002542,-0.002169,-0.006576
443.000000,-0.015879,-0.008358,-0.003760,-0.003474,-0.030948
444.000000,-0.005208,-0.007204,-0.002812,-0.002891,0.019256
445.000000,-0.010655,-0.008387,-0.004807,-0.003678,-0.030335
446.000000,-0.017811,-0.014696,-0.006351,-0.004702,-0.040453
447.000000,-0.019937,-0.015380,-0.007452,-0.005678,-0.017206
448.000000,-0.013262,-0.014571,-0.008658,-0.005772,0.002427
449.000000,-0.017252,-0.011230,-0.009113,-0.005208,-0.000693
450.000000,-0.009048,-0.009852,-0.008752,-0.004324,0.010684
451.000000,0.003785,-0.007013,-0.006915,-0.003863,0.023714
452.000000,-0.040404,-0.030171,-0.018295,-0.011752,-0.238154
453.000000,-0.033549,-0.023406,-0.015882,-0.010308,0.036701
454.000000,-0.027123,-0.022187,-0.014696,-0.009270,0.031442
455.000000,-0.029975,-0.019512,-0.013949,-0.009709,-0.003578
456.000000,-0.024774,-0.010494,-0.012595,-0.007732,0.049719
457.000000,0.023084,-0.008660,-0.012020,-0.007854,0.001136
458.000000,0.027146,-0.003202,-0.008886,-0.006839,0.057011
459.000000,0.017904,-0.004609,-0.007920,-0.007612,-0.014767
460.000000,0.017090,-0.006442,-0.008147,-0.007982,-0.007649
461.000000,0.009473,-0.007651,-0.007332,-0.007160,0.011632
462.000000,0.012614,0.017849,-0.006161,-0.006247,0.016843
463.000000,-0.002229,0.012458,-0.005474,-0.006435,-0.017205
464.000000,0.003168,0.010536,-0.005826,-0.006285,0.012217
465.000000,0.005553,0.011321,-0.004095,-0.005526,0.004277
466.000000,0.005490,0.007481,-0.001507,-0.005903,0.011316
467.000000,0.005191,0.008903,0.000121,-0.005046,0.015353
468.000000,0.007521,0.002646,-0.000278,-0.005042,-0.005556
469.000000,0.005147,0.004158,-0.000226,-0.003894,0.000348
470.000000,0.000852,0.003202,-0.001620,-0.004364,-0.017202
471.000000,-0.001341,0.002074,-0.002788,-0.004196,0.000354
472.000000,-0.005120,0.000036,0.008942,-0.004095,-0.003546
473.000000,-0.002593,0.002464,0.007461,-0.002828,0.007080
474.000000,-0.000348,0.002400,0.006468,-0.003084,0.011573
475.000000,0.006068,0.003460,0.007391,-0.001577,0.014882
476.000000,0.008388,0.003524,0.005502,0.000170,0.011952
477.000000,0.010855,0.002867,0.005885,0.001037,0.008787
478.000000,0.011247,0.004327,0.003487,0.001257,0.009044
479.000000,0.006180,0.002916,0.003537,0.000821,-0.013766
480.000000,0.003676,0.004872,0.004037,0.000544,0.002364
481.000000,-0.003769,0.002309,0.002192,-0.001089,-0.025275
482.000000,-0.003942,0.003456,0.001746,0.007114,0.007924
483.000000,-0.005065,0.003091,0.002778,0.006005,0.003426
484.000000,-0.004928,0.000626,0.001513,0.004520,-0.013081
485.000000,-0.003401,0.000137,0.001799,0.004973,0.009998
486.000000,-0.004831,-0.004300,-0.000388,0.002235,-0.032424
487.000000,-0.005850,-0.004896,-0.001014,0.002291,0.002831
488.000000,-0.009741,-0.007403,-0.001538,-0.000143,-0.016029
489.000000,-0.005694,-0.005311,-0.001198,0.000587,0.007156
490.000000,-0.011508,-0.007455,-0.001291,0.000207,-0.019076
491.000000,-0.007510,-0.006171,-0.001931,-0.000596,-0.012432
492.000000,-0.011265,-0.008558,-0.002551,-0.001689,-0.015947
493.000000,-0.006422,-0.008081,-0.002495,-0.000842,0.008191
494.000000,0.000285,-0.002704,-0.001039,0.000107,0.040689
495.000000,0.008048,-0.001730,-0.000796,0.000622,0.019740
496.000000,0.013170,0.002830,-0.000735,0.000684,0.013176
497.000000,0.019842,0.004288,-0.000304,0.000753,0.017415
498.000000,0.018542,0.006060,-0.000671,0.000995,0.001691
499.000000,0.011349,0.005817,0.000253,0.001140,0.004720
500.000000,0.006592,0.007320,-0.000067,0.001579,-0.004044
501.000000,0.001715,0.007442,0.000636,0.001194,-0.011207
502.000000,-0.002727,0.008558,0.000000,0.001152,-0.004793
503.000000,-0.002517,0.008013,-0.000034,0.001008,0.002742
504.000000,-0.010922,0.000213,-0.001245,-0.000622,-0.037306
505.000000,-0.013553,-0.003480,-0.002605,-0.001691,-0.017199
506.000000,-0.008298,-0.003292,-0.000231,-0.001587,0.015065
507.000000,-0.004442,-0.003584,0.000352,-0.001397,0.014490
508.000000,-0.007319,-0.004918,0.000571,-0.002087,-0.011647
509.000000,-0.004454,-0.007688,-0.000936,-0.002394,-0.022981
510.000000,-0.003794,-0.008674,-0.000677,-0.002936,-0.013899
511.000000,-0.009776,-0.009037,-0.000797,-0.002588,-0.014843
512.000000,-0.018362,-0.011402,-0.001422,-0.003801,-0.028438
513.000000,-0.016803,-0.012061,-0.002024,-0.004043,-0.003854
514.000000,-0.009980,-0.007217,-0.003502,-0.003236,0.011135
515.000000,-0.003718,-0.003756,-0.003618,-0.002989,0.017411
516.000000,0.002600,-0.003588,-0.003440,-0.001350,0.016745
517.000000,0.003810,-0.007276,-0.005430,-0.002191,-0.022389
518.000000,0.009353,-0.003725,-0.004321,-0.000861,0.023864
519.000000,0.000229,-0.004875,-0.006282,-0.002249,-0.034486
520.000000,-0.004554,-0.004136,-0.006405,-0.001830,-0.006505
521.000000,-0.012957,-0.005179,-0.007108,-0.002258,-0.025269
522.000000,-0.008479,-0.002335,-0.006868,-0.001726,0.000000
523.000000,-0.010981,-0.000814,-0.006438,-0.001621,0.011353
524.000000,0.003103,0.001666,-0.002775,-0.001779,0.035937
525.000000,0.004329,-0.000113,-0.001934,-0.002450,-0.000376
526.000000,0.008781,-0.002088,-0.002838,-0.002989,-0.003010
527.000000,0.008931,0.000226,-0.003525,-0.003545,0.000753
528.000000,0.010021,-0.000480,-0.002103,-0.003041,0.016801
529.000000,0.006938,0.005021,0.000073,-0.002514,0.020521
530.000000,0.005557,0.004943,0.000404,-0.002622,-0.007281
531.000000,0.014250,0.011515,0.003168,-0.000900,0.040457
532.000000,0.015568,0.012250,0.004957,-0.000496,0.007341
533.000000,0.020063,0.015042,0.007114,0.000722,0.039274
534.000000,0.014951,0.010945,0.006305,0.001798,-0.005036
535.000000,0.016475,0.011016,0.005452,0.002382,0.000337
536.000000,0.009925,0.012088,0.005000,0.002137,0.007709
537.000000,0.008123,0.011845,0.006036,0.001598,-0.001671
538.000000,0.002132,0.011097,0.005309,0.002297,0.009321
539.000000,0.000202,0.007576,0.006299,0.002574,-0.014687
540.000000,0.000135,0.008305,0.006624,0.003037,0.000000
541.000000,-0.003639,0.003143,0.007329,0.003160,-0.011158
542.000000,-0.003169,0.002477,0.007363,0.004131,0.000680
543.000000,-0.008391,-0.003130,0.005956,0.003699,-0.016790
544.000000,-0.004008,-0.001903,0.004521,0.003569,0.007230
545.000000,-0.003939,-0.001902,0.004557,0.003000,0.000343
546.000000,-0.004400,-0.004020,0.004034,0.001993,-0.013465
547.000000,-0.003151,-0.003160,0.004343,0.002971,0.006928
548.000000,-0.001039,-0.004715,0.003191,0.001967,-0.006233
549.000000,-0.003390,-0.003699,0.001939,0.002966,-0.004526
550.000000,-0.001722,-0.002831,0.002737,0.003472,0.008685
551.000000,-0.001395,-0.002898,0.000123,0.003920,-0.011830
552.000000,-0.000138,-0.001644,0.000416,0.004361,0.013213
553.000000,0.003033,0.000997,-0.001066,0.004303,0.009625
554.000000,0.009139,0.002874,0.000486,0.003972,0.026002
555.000000,0.009062,0.003670,0.000884,0.004261,0.008299
556.000000,0.014381,0.006493,0.001237,0.004854,0.014766
557.000000,0.011478,0.005670,0.001255,0.004785,-0.001304
558.000000,0.009161,0.006097,0.000691,0.004160,-0.001959
559.000000,-0.001003,0.004068,0.000185,0.002649,-0.024815
560.000000,-0.002127,0.003467,0.000318,0.002980,0.002676
561.000000,-0.004014,0.005184,0.001143,0.001810,0.005332
562.000000,-0.004219,0.003629,0.000992,0.001487,-0.002329
563.000000,-0.007254,0.000953,0.000975,-0.000393,-0.017135
564.000000,-0.005778,-0.003390,-0.000258,-0.000806,-0.017433
565.000000,-0.004391,-0.003259,0.000205,-0.000497,0.009609
566.000000,0.000066,-0.001974,0.002260,0.000167,0.027620
567.000000,0.000665,-0.001777,0.001946,0.000244,0.000664
568.000000,0.006337,-0.000459,0.002819,0.000308,0.011225
569.000000,0.013338,0.003780,0.003924,0.001383,0.017573
570.000000,0.008819,0.002214,0.002841,0.000950,-0.012987
571.000000,-0.001133,-0.000533,0.002325,0.000584,-0.022139
572.000000,-0.002069,-0.000702,0.001464,0.000428,-0.004017
573.000000,-0.001781,0.002278,0.001616,0.001410,0.012667
574.000000,-0.006758,0.003290,-0.000050,0.000925,-0.007314
575.000000,-0.009298,-0.000239,-0.001749,0.000057,-0.025686
576.000000,-0.001005,-0.001069,-0.001521,0.001150,0.019326
577.000000,-0.001617,-0.001843,-0.001810,0.000683,-0.007077
578.000000,-0.000797,-0.001289,-0.000874,0.001450,0.016768
579.000000,-0.000535,-0.003646,0.000067,0.001401,-0.006004
580.000000,-0.002272,-0.005785,-0.001786,-0.000035,-0.034375
581.000000,-0.008716,-0.004861,-0.002697,-0.000070,-0.012894
582.000000,-0.008921,-0.005269,-0.002985,-0.000781,-0.008100
583.000000,-0.011710,-0.006253,-0.001987,-0.001007,0.002825
584.000000,-0.017104,-0.008820,-0.002765,-0.002973,-0.032978
585.000000,-0.005547,-0.003910,-0.002075,-0.002469,0.023412
586.000000,-0.001479,-0.005098,-0.003083,-0.002713,0.007448
587.000000,-0.004361,-0.006641,-0.004242,-0.003420,-0.022513
588.000000,-0.005505,-0.008607,-0.004948,-0.003452,-0.002895
589.000000,0.002535,-0.007285,-0.005466,-0.002384,0.007223
590.000000,-0.000642,-0.003094,-0.004440,-0.002222,0.007528
591.000000,-0.001418,-0.001449,-0.003155,-0.002281,0.003565
592.000000,0.002871,-0.000745,-0.003007,-0.002239,-0.001068
593.000000,0.005787,0.000141,-0.003056,-0.001278,0.011688
594.000000,0.007279,0.004907,-0.001956,-0.000208,0.014680
595.000000,0.012863,0.006111,0.001100,0.000654,0.035450
596.000000,0.014613,0.006597,0.000750,0.000144,0.012315
597.000000,0.014496,0.008683,0.001021,0.000066,-0.001655
598.000000,0.011228,0.008508,-0.000050,-0.000463,-0.004650
599.000000,0.009156,0.008217,0.000466,-0.000905,0.004318
600.000000,0.003979,0.008421,0.002663,-0.000153,0.009566
601.000000,-0.003134,0.005740,0.002146,-0.000190,-0.023249
602.000000,-0.001397,0.006550,0.002902,0.000178,0.007032
603.000000,0.000665,0.005946,0.003044,-0.000055,0.005656
604.000000,-0.000797,0.004179,0.004543,0.000089,-0.002991
605.000000,-0.002179,0.000900,0.003505,0.001034,0.002659
606.000000,0.005436,0.001151,0.003874,0.000884,0.014825
607.000000,0.006435,0.002519,0.005601,0.001520,0.012027
608.000000,0.003421,0.002043,0.005275,0.000648,-0.009414
609.000000,0.005967,0.002585,0.005401,0.001172,0.009737
610.000000,-0.000266,-0.001222,0.003599,0.001368,-0.028503
611.000000,-0.004030,0.000703,0.003221,0.001665,-0.003996
612.000000,-0.005437,0.000499,0.003524,0.002101,0.004993
613.000000,0.000130,0.001776,0.003861,0.002621,0.018422
614.000000,0.003585,0.004776,0.004478,0.004621,0.027011
615.000000,0.008332,0.004033,0.002467,0.003681,-0.004770
616.000000,0.029481,0.012726,0.006938,0.006825,0.101752
617.000000,0.022758,0.008661,0.005590,0.006621,-0.028623
618.000000,0.018955,0.009543,0.005793,0.006698,-0.000593
619.000000,0.013375,0.008480,0.005532,0.006427,-0.000890
620.000000,0.013854,0.011093,0.004935,0.006097,-0.002377
621.000000,-0.005429,0.012026,0.006365,0.006156,0.005340
622.000000,-0.004373,0.009192,0.004846,0.005414,-0.023347
623.000000,-0.014954,0.002001,0.001888,0.003241,-0.053495
624.000000,-0.016315,-0.001470,0.001653,0.002495,-0.007697
625.000000,-0.021986,-0.004066,-0.000017,0.000289,-0.030731
626.000000,-0.023187,-0.014308,-0.000791,-0.000144,-0.000664
627.000000,-0.017127,-0.010750,-0.001045,0.000143,0.006953
628.000000,-0.008351,-0.011652,-0.001055,-0.000022,-0.009614
629.000000,-0.007947,-0.012131,-0.001826,-0.000355,-0.005679
630.000000,-0.000798,-0.011392,-0.000150,-0.000507,0.005013
631.000000,-0.005319,-0.014253,-0.001113,-0.000508,-0.023269
632.000000,-0.008217,-0.012672,-0.001740,-0.000993,-0.007534
633.000000,-0.005060,-0.006705,-0.002352,-0.000976,0.006169
634.000000,-0.005227,-0.006587,-0.004029,-0.001094,-0.006512
635.000000,-0.004654,-0.002726,-0.003396,-0.000920,0.007878
636.000000,0.000817,-0.002251,-0.008279,-0.001278,0.004086
637.000000,0.002664,-0.002777,-0.006763,-0.001622,0.001698
638.000000,0.006653,0.000796,-0.005428,-0.000438,0.026115
639.000000,0.013945,0.004359,-0.003886,0.000236,0.029950
640.000000,0.011341,0.003343,-0.004024,0.001015,-0.005145
641.000000,0.014482,0.007649,-0.003302,0.001808,0.019790
642.000000,0.012428,0.007546,-0.002563,0.001355,-0.008570
643.000000,0.002887,0.004770,-0.000968,0.000022,-0.021589
644.000000,-0.007716,0.003115,-0.001736,-0.001647,-0.023065
645.000000,-0.011272,0.000034,-0.001346,-0.002253,-0.022928
646.000000,-0.008128,0.003177,0.000463,-0.004461,0.035515
647.000000,-0.025535,-0.006553,-0.004665,-0.006693,-0.095606
648.000000,-0.021725,-0.009419,-0.004311,-0.006758,-0.002539
649.000000,-0.017402,-0.012559,-0.004100,-0.006777,-0.001453
650.000000,-0.014057,-0.012665,-0.004661,-0.006905,-0.006201
651.000000,-0.022776,-0.015452,-0.003901,-0.007352,-0.008082
652.000000,-0.004468,-0.015002,-0.003728,-0.006709,-0.004066
653.000000,-0.003961,-0.012843,-0.004036,-0.004926,0.000000
654.000000,0.001305,-0.008049,-0.002467,-0.003840,0.024873
655.000000,-0.000073,-0.007065,-0.003515,-0.003252,-0.013091
656.000000,-0.001630,-0.012203,-0.004513,-0.003759,-0.015865
657.000000,0.001696,-0.001386,-0.003970,-0.003572,0.012565
658.000000,0.003815,-0.000073,-0.004746,-0.002898,0.010594
659.000000,0.000433,0.000869,-0.005845,-0.002444,0.007962
660.000000,0.000804,0.000365,-0.006150,-0.002985,-0.011238
661.000000,0.000149,-0.000740,-0.008096,-0.002848,-0.019139
662.000000,-0.006494,-0.002399,-0.008700,-0.003285,-0.020650
663.000000,-0.017455,-0.006820,-0.009831,-0.004964,-0.044210
664.000000,-0.035314,-0.017440,-0.012745,-0.007458,-0.081332
665.000000,-0.034361,-0.016779,-0.011922,-0.007937,-0.006473
666.000000,-0.023389,-0.011620,-0.011912,-0.006882,0.035718
667.000000,-0.010754,-0.008624,-0.005005,-0.005521,0.042525
668.000000,-0.000476,-0.008966,-0.004519,-0.006152,0.007180
669.000000,0.015233,-0.010041,-0.004586,-0.007244,-0.002786
670.000000,0.010293,-0.012034,-0.005834,-0.008111,-0.031170
671.000000,0.006251,-0.008569,-0.004655,-0.008254,0.015504
672.000000,-0.001608,-0.006181,-0.004290,-0.007861,0.003234
673.000000,-0.008194,-0.004335,-0.005578,-0.007999,-0.025752
674.000000,0.000398,0.007816,-0.004812,-0.005891,0.040176
675.000000,0.003182,0.006738,-0.005021,-0.005702,-0.017252
676.000000,0.013766,0.010008,-0.000806,-0.004605,0.068426
677.000000,0.018930,0.008661,0.000018,-0.000450,0.029052
678.000000,0.022310,0.007058,-0.000954,-0.000660,-0.008850
679.000000,0.017727,0.009063,-0.000489,-0.000036,0.017258
680.000000,0.022628,0.012905,0.000436,0.000412,0.007254
681.000000,0.009087,0.011427,0.001429,0.000706,0.000723
682.000000,-0.000515,0.009208,0.001513,0.000209,-0.018958
683.000000,-0.000816,0.010747,0.003206,-0.000136,-0.010359
684.000000,-0.018844,-0.000558,0.003629,-0.003394,-0.072879
685.000000,-0.029545,-0.003459,0.001639,-0.004500,-0.046253
686.000000,-0.030277,-0.010595,-0.000293,-0.004069,-0.002937
687.000000,-0.030990,-0.015752,-0.003546,-0.005238,-0.022521
688.000000,-0.034849,-0.017833,-0.005387,-0.006580,-0.029658
689.000000,-0.022052,-0.020448,-0.005693,-0.007142,-0.008893
690.000000,-0.009611,-0.019578,-0.003337,-0.006236,0.015951
691.000000,-0.006578,-0.018427,-0.003500,-0.005190,0.012233
692.000000,0.003324,-0.013833,-0.002313,-0.003602,0.026988
693.000000,0.013852,-0.010499,0.000124,-0.001362,0.022980
694.000000,0.016619,-0.002717,-0.001638,0.001514,0.004944
695.000000,0.014740,0.002564,-0.000447,0.001948,0.006555
696.000000,0.014406,0.003914,-0.003340,0.001109,0.010561
697.000000,0.010537,0.006931,-0.004411,-0.000053,0.007647
698.000000,0.004169,0.009011,-0.004411,-0.000588,-0.008860
699.000000,0.000493,0.008556,-0.005946,-0.000943,-0.013439
700.000000,-0.002052,0.006344,-0.006617,-0.000110,-0.006169
701.000000,0.003445,0.008925,-0.004751,0.000642,0.038046
702.000000,0.001677,0.006107,-0.003863,0.000494,-0.001192
703.000000,0.006840,0.005505,-0.002497,0.001918,0.016953
704.000000,0.011627,0.006060,0.001672,0.000928,0.010500
705.000000,0.010370,0.004159,0.003362,0.001088,-0.012456
706.000000,0.001897,0.002671,0.003293,-0.001337,-0.004318
707.000000,0.005413,0.003545,0.005238,-0.001759,0.016387
708.000000,0.004561,0.005700,0.007355,-0.001041,0.012690
709.000000,-0.011874,-0.000123,0.004216,-0.004005,-0.071671
710.000000,0.005791,0.008080,0.007212,-0.001718,0.075866
711.000000,0.005586,0.003742,0.006333,-0.001920,-0.005341
712.000000,0.005798,0.005605,0.005856,-0.000707,0.017445
713.000000,0.007353,0.005957,0.005731,0.000321,0.020466
714.000000,0.023593,0.005860,0.005960,0.003068,0.009531
715.000000,0.006293,0.006042,0.005100,0.004255,-0.010636
716.000000,0.006178,0.005882,0.004276,0.004156,-0.005917
717.000000,0.005268,0.005533,0.004539,0.005336,0.012899
718.000000,-0.001405,0.002974,0.004337,0.005895,-0.012899
719.000000,-0.005174,0.009210,0.004543,0.005881,-0.009316
720.000000,-0.002523,0.001885,0.004983,0.005436,0.002617
721.000000,-0.003971,0.001103,0.002422,0.004590,-0.013156
722.000000,-0.006626,-0.000679,0.002463,0.003678,-0.000378
723.000000,0.000222,-0.000591,0.002683,0.003623,0.021345
724.000000,0.000598,-0.002288,0.001786,0.003211,-0.007438
725.000000,0.000075,-0.001224,0.002409,0.002992,0.000000
726.000000,0.004785,0.000407,0.003144,0.002987,0.010397
727.000000,0.005304,-0.000661,0.002436,0.002806,0.002214
728.000000,0.000666,0.000444,0.001709,0.003039,-0.001845
729.000000,0.001413,0.001006,0.005108,0.003364,-0.003700
730.000000,0.003185,0.001630,0.001757,0.003865,0.008856
731.000000,0.001179,0.002982,0.002043,0.002609,0.000367
732.000000,-0.000147,0.002578,0.000950,0.002501,-0.004417
733.000000,0.001325,0.000995,0.000202,0.002120,0.005518
734.000000,0.001845,0.001629,-0.000329,0.001734,-0.001101
735.000000,-0.005286,-0.001051,-0.001137,0.001256,-0.026797
736.000000,-0.005661,-0.002241,-0.000917,0.001349,-0.001510
737.000000,-0.006905,-0.003526,-0.002094,0.000448,-0.010634
738.000000,-0.007322,-0.002999,-0.001277,0.000140,0.003431
739.000000,-0.005737,-0.001946,-0.000470,0.002756,0.006826
740.000000,0.003811,-0.000737,0.000446,0.000926,0.020943
741.000000,0.000980,-0.002341,0.000321,0.000581,-0.015666
742.000000,0.003707,-0.001599,0.000490,0.000100,0.003003
743.000000,0.003246,-0.002038,-0.000521,-0.000545,0.001124
744.000000,0.001956,-0.001891,-0.000131,-0.000850,0.000374
745.000000,-0.010797,-0.003493,-0.002272,-0.001923,-0.042820
746.000000,-0.011609,-0.005314,-0.003778,-0.002383,-0.019725
747.000000,-0.012369,-0.004331,-0.003928,-0.002839,-0.000797
748.000000,-0.012275,-0.004514,-0.003757,-0.002356,0.001594
749.000000,-0.008799,-0.003421,-0.002684,-0.001454,0.017755
750.000000,0.000234,-0.005281,-0.003009,-0.001463,0.002344
751.000000,-0.005329,-0.008469,-0.005405,-0.002609,-0.047542
752.000000,-0.001280,-0.006824,-0.004212,-0.001948,0.019450
753.000000,-0.002484,-0.007379,-0.004709,-0.002807,-0.004424
754.000000,-0.008876,-0.008837,-0.005364,-0.003033,-0.014208
755.000000,-0.010411,-0.005088,-0.004291,-0.003211,-0.005329
756.000000,-0.005896,-0.005613,-0.005464,-0.004390,-0.024970
757.000000,-0.015514,-0.008397,-0.006364,-0.005418,-0.028641
758.000000,-0.025501,-0.013992,-0.009253,-0.007168,-0.054356
759.000000,-0.031458,-0.020167,-0.011794,-0.008512,-0.043994
760.000000,-0.033090,-0.021750,-0.013516,-0.009256,-0.013488
761.000000,-0.028581,-0.017239,-0.012854,-0.009350,-0.002428
762.000000,-0.029275,-0.022395,-0.014609,-0.010273,-0.032109
763.000000,-0.013348,-0.019424,-0.013402,-0.009614,0.025280
764.000000,-0.009003,-0.020231,-0.014534,-0.010320,-0.022273
765.000000,-0.007813,-0.020451,-0.012770,-0.009678,-0.007536
766.000000,-0.006925,-0.017753,-0.011683,-0.009560,0.002015
767.000000,-0.003341,-0.016308,-0.012353,-0.009679,-0.014192
768.000000,0.000977,-0.006186,-0.010089,-0.008231,0.046868
769.000000,0.005236,-0.001884,-0.011025,-0.008491,-0.000975
770.000000,0.009455,0.000821,-0.010465,-0.008737,0.013560
771.000000,0.005363,-0.000781,-0.009010,-0.008830,-0.018447
772.000000,0.006726,0.001692,-0.010351,-0.009176,-0.007376
773.000000,0.007739,0.004358,-0.007533,-0.007482,0.051935
774.000000,0.009800,0.007518,-0.006356,-0.007183,0.009328
775.000000,-0.002030,0.003712,-0.008370,-0.007276,-0.045592
776.000000,0.005795,0.005579,-0.006087,-0.005929,0.020679
777.000000,0.010481,0.008603,-0.003852,-0.005367,0.016053
778.000000,-0.005126,0.001307,-0.002440,-0.006290,-0.026099
779.000000,-0.016342,-0.003271,-0.002577,-0.008441,-0.046749
780.000000,-0.010064,-0.006047,-0.002613,-0.008992,-0.014206
781.000000,-0.019272,-0.006738,-0.003760,-0.008253,-0.025357
782.000000,-0.018847,-0.004183,-0.001245,-0.008295,0.018178
783.000000,-0.015281,-0.010203,-0.002923,-0.008423,-0.008269
784.000000,0.012119,-0.002111,0.002703,-0.004941,0.090250
785.000000,0.018811,0.004373,0.004043,-0.004122,0.019254
786.000000,0.030650,0.005689,0.005634,-0.002162,0.033840
787.000000,0.027733,0.004443,0.006523,-0.001087,0.003591
788.000000,0.036516,0.010618,0.005962,0.001913,0.035647
789.000000,0.017600,0.014859,0.005794,0.003235,-0.004333
790.000000,0.016766,0.017788,0.005870,0.004187,0.015083
791.000000,0.008366,0.019508,0.006385,0.003996,-0.008160
792.000000,0.010813,0.019273,0.007545,0.005594,0.015829
793.000000,0.001979,0.019248,0.004522,0.004467,-0.008525
794.000000,0.011147,0.014373,0.006131,0.006593,0.041507
795.000000,0.008622,0.012694,0.008534,0.006927,0.002461
796.000000,0.017179,0.012773,0.009231,0.008014,0.034625
797.000000,0.009289,0.010051,0.007247,0.007699,-0.023625
798.000000,0.019715,0.010847,0.010732,0.007590,0.043606
799.000000,0.007338,0.009242,0.012051,0.006944,-0.020377
800.000000,0.010377,0.009500,0.013644,0.007080,0.017658
801.000000,0.003375,0.010277,0.014893,0.007682,-0.000389
802.000000,0.016855,0.013072,0.016172,0.009387,0.043775
803.000000,0.006488,0.013101,0.016174,0.007382,-0.008227
804.000000,0.010488,0.008913,0.011643,0.007058,-0.000376
805.000000,0.011488,0.010933,0.011813,0.009333,0.022656
806.000000,0.014916,0.009145,0.010959,0.009202,0.016752
807.000000,0.012628,0.014741,0.012396,0.009745,0.032335
808.000000,0.012659,0.009573,0.010210,0.010346,-0.008074
809.000000,0.016089,0.013289,0.011266,0.012464,0.016778
810.000000,0.008555,0.010021,0.009761,0.012437,-0.015017
811.000000,0.009245,0.012080,0.011179,0.013955,0.020203
812.000000,0.003122,0.007875,0.010473,0.013407,0.001723
813.000000,0.007676,0.010167,0.011634,0.014172,0.014694
814.000000,0.006144,0.011117,0.010015,0.011468,0.009117
815.000000,0.010354,0.009454,0.010193,0.011027,0.006032
816.000000,0.006580,0.007913,0.008529,0.009943,0.001336
817.000000,0.004426,0.003774,0.009258,0.009522,-0.009050
818.000000,0.001217,0.004447,0.007010,0.008289,-0.001348
819.000000,0.003201,0.004672,0.008981,0.009068,0.019035
820.000000,-0.001812,0.004271,0.007146,0.007931,-0.019035
821.000000,-0.000535,0.003023,0.007552,0.008460,0.007725
822.000000,0.001610,0.003018,0.005446,0.007988,0.001671
823.000000,0.003542,0.002380,0.006274,0.008550,0.008315
824.000000,0.004125,0.003663,0.007390,0.007898,0.021950
825.000000,0.007348,0.002768,0.006111,0.007718,-0.002921
826.000000,0.002725,0.001095,0.004504,0.006051,-0.015392
827.000000,0.005274,0.003442,0.003608,0.007319,0.014417
828.000000,0.003936,0.003739,0.004093,0.005920,0.001625
829.000000,-0.001105,0.001510,0.003091,0.006490,-0.003253
830.000000,0.000195,0.003772,0.004021,0.006021,0.003578
831.000000,0.006622,0.004673,0.003848,0.006592,0.016742
832.000000,0.002586,0.003930,0.003474,0.004941,-0.005764
833.000000,0.004115,0.004025,0.003203,0.005524,0.009270
834.000000,-0.007571,-0.004338,-0.000337,0.003481,-0.061679
835.000000,-0.011287,-0.005546,-0.001389,0.002225,-0.015002
836.000000,-0.014772,-0.004075,-0.001490,0.001644,-0.000687
837.000000,-0.014171,-0.005792,-0.001175,0.000474,-0.002754
838.000000,-0.019502,-0.007694,-0.001977,0.000164,-0.017386
839.000000,-0.010562,-0.009066,-0.003778,-0.000961,-0.016980
840.000000,-0.008706,-0.009996,-0.003112,-0.000651,-0.005725
841.000000,-0.007495,-0.011134,-0.003230,-0.001146,0.005368
842.000000,-0.007230,-0.010700,-0.003385,-0.001251,-0.001429
843.000000,-0.001267,-0.010384,-0.003179,-0.001326,0.012431
844.000000,0.003045,-0.003758,-0.004048,-0.001478,0.004578
845.000000,0.001074,-0.003816,-0.004681,-0.002198,-0.015581
846.000000,-0.000071,-0.003783,-0.003929,-0.002255,-0.000357
847.000000,0.004663,-0.001284,-0.003538,-0.001211,0.022243
848.000000,0.001827,0.000280,-0.003707,-0.001225,-0.001747
849.000000,0.004035,0.003540,-0.002763,-0.001339,0.015617
850.000000,0.003257,0.002165,-0.003916,-0.001353,-0.019472
851.000000,0.005702,0.002815,-0.004159,-0.001215,0.011868
852.000000,0.000279,0.002471,-0.004115,-0.001433,-0.004870
853.000000,0.007618,0.004723,-0.002831,-0.000545,0.034947
854.000000,0.008824,0.006430,0.001336,-0.000555,0.021649
855.000000,0.013705,0.008481,0.002332,-0.000294,0.004930
856.000000,0.011921,0.008811,0.002514,0.000318,0.002946
857.000000,0.014782,0.007530,0.003123,0.000151,0.009436
858.000000,0.006428,0.007023,0.003652,-0.000130,-0.006824
859.000000,0.003009,0.005917,0.004728,0.000130,0.004554
860.000000,0.001112,0.007408,0.004787,-0.000141,-0.004554
861.000000,0.003050,0.007485,0.005150,-0.000278,0.012636
862.000000,0.005242,0.010012,0.006241,0.000594,0.020396
863.000000,0.005277,0.005852,0.005287,0.000064,-0.006647
864.000000,-0.000325,0.001342,0.003886,0.001338,-0.023455
865.000000,-0.004952,-0.001920,0.003280,0.000915,-0.027688
866.000000,-0.012077,-0.004514,0.002149,0.000171,-0.022990
867.000000,-0.015132,-0.004945,0.001293,0.000434,0.005117
868.000000,-0.015512,-0.005117,0.000953,0.000729,-0.008543
869.000000,-0.011784,-0.006054,-0.000069,0.001134,-0.004816
870.000000,-0.004872,-0.004912,0.001248,0.001554,0.006873
871.000000,0.003794,-0.004141,0.001672,0.002053,0.020340
872.000000,0.001694,-0.006719,0.001646,0.001921,-0.005384
873.000000,0.000754,-0.007379,-0.000763,0.001065,-0.013245
874.000000,0.009166,-0.001309,0.000016,0.002154,0.037246
875.000000,-0.010475,-0.007673,-0.004797,-0.000371,-0.091333
876.000000,-0.032267,-0.014236,-0.009375,-0.003313,-0.088620
877.000000,-0.027285,-0.012796,-0.008871,-0.003404,0.019524
878.000000,-0.016528,-0.007887,-0.006502,-0.001994,0.040544
879.000000,-0.017834,-0.004334,-0.005194,-0.001491,0.030715
880.000000,0.002225,-0.004125,-0.004518,-0.000543,0.008962
881.000000,0.016566,-0.007851,-0.005996,-0.001502,-0.016916
882.000000,0.013891,-0.006697,-0.006708,-0.001135,0.006152
883.000000,0.009003,-0.003762,-0.005571,-0.001763,0.016103
884.000000,0.010658,-0.003588,-0.002448,-0.001185,0.038989
885.000000,0.008934,0.005579,-0.001047,-0.001338,0.000341
886.000000,0.019359,0.017962,0.001863,-0.000263,0.035209
887.000000,0.018523,0.016207,0.001706,-0.000511,0.001975
888.000000,0.014908,0.011956,0.002034,-0.000350,-0.001975
889.000000,0.007899,0.009279,0.002472,-0.000370,0.003946
890.000000,0.008813,0.008873,0.002374,-0.000054,0.004911
891.000000,0.001902,0.010630,0.001390,-0.000454,0.000653
892.000000,0.006344,0.012434,0.002868,-0.000328,0.024183
893.000000,0.004882,0.009895,0.003066,-0.000415,-0.009282
894.000000,0.005503,0.006701,0.001557,0.000601,0.007049
895.000000,0.004201,0.006507,0.006043,0.001471,-0.001598
896.000000,0.004709,0.003306,0.010634,0.002344,0.003193
897.000000,0.004037,0.005190,0.010699,0.002867,0.020821
898.000000,0.011678,0.008280,0.010118,0.004116,0.028925
899.000000,0.010268,0.007886,0.008582,0.004277,0.000000
900.000000,0.009065,0.006633,0.007753,0.003794,-0.007612
901.000000,0.002345,0.003527,0.007079,0.002102,-0.030409
902.000000,0.002421,0.003229,0.007831,0.002988,0.021198
903.000000,-0.003673,0.004002,0.006949,0.003378,-0.001543
904.000000,-0.001767,0.004251,0.005476,0.002455,0.009531
905.000000,0.004413,0.006739,0.006623,0.006275,0.023289
906.000000,0.008753,0.005549,0.004427,0.008939,-0.008707
907.000000,0.004031,0.003226,0.004208,0.008208,-0.002415
908.000000,0.006564,0.001445,0.004863,0.007227,0.011123
909.000000,0.002856,0.000544,0.004215,0.005903,-0.009009
910.000000,0.000179,0.002296,0.004465,0.005934,0.009906
911.000000,0.000000,0.004377,0.003952,0.006178,-0.009604
912.000000,-0.000606,0.001713,0.002471,0.005792,-0.005443
913.000000,0.001430,0.003997,0.004000,0.005965,0.021300
914.000000,0.003469,0.003162,0.003707,0.004705,0.001187
915.000000,0.000239,0.000209,0.003474,0.004485,-0.006245
916.000000,0.005591,0.002795,0.004172,0.003883,0.017155
917.000000,0.004557,0.001976,0.002601,0.003464,-0.010613
918.000000,0.000888,0.001159,0.001302,0.003628,0.002959
919.000000,0.002416,0.002943,0.001744,0.003791,0.008826
920.000000,0.005125,0.002682,0.002489,0.003870,0.007296
921.000000,0.000352,0.002971,0.003674,0.003625,-0.006710
922.000000,0.000651,0.002604,0.002158,0.002515,-0.009116
923.000000,0.001237,0.001063,0.002530,0.003021,0.005891
924.000000,0.002040,0.002228,0.002695,0.003214,0.012839
925.000000,-0.001342,0.001891,0.001050,0.002947,-0.009614
926.000000,-0.001705,-0.000677,0.001059,0.002556,-0.008526
927.000000,-0.004905,-0.002127,-0.000076,0.001025,-0.025113
928.000000,-0.012857,-0.005810,-0.002325,-0.001068,-0.033870
929.000000,-0.013182,-0.005571,-0.001314,-0.000695,0.011212
930.000000,-0.016786,-0.009064,-0.003191,-0.001362,-0.027631
931.000000,-0.015081,-0.008393,-0.002711,-0.000348,0.000000
932.000000,-0.005712,-0.005308,-0.001352,-0.000331,0.021730
933.000000,-0.003029,-0.007943,-0.003440,-0.000961,-0.020457
934.000000,-0.005399,-0.009291,-0.003531,-0.001300,-0.000636
935.000000,-0.001021,-0.008904,-0.003506,-0.002268,-0.005743
936.000000,0.001712,-0.006684,-0.003681,-0.001522,0.013666
937.000000,-0.000999,-0.003356,-0.002741,-0.001169,0.008174
938.000000,0.001836,-0.000597,-0.003203,-0.001749,-0.006281
939.000000,0.002906,-0.001247,-0.003409,-0.001292,0.004715
940.000000,0.004180,0.001579,-0.003742,-0.001601,0.000627
941.000000,0.002883,0.002298,-0.003048,-0.001041,0.007182
942.000000,-0.001824,-0.001412,-0.003360,-0.001372,-0.015363
943.000000,0.002816,0.002326,-0.002809,-0.001518,0.016918
944.000000,-0.000502,0.001202,-0.004044,-0.001954,-0.011875
945.000000,-0.002523,0.000829,-0.004038,-0.002061,-0.009476
946.000000,-0.000623,0.001130,-0.002777,-0.002077,0.016680
947.000000,0.004807,0.001492,-0.000932,-0.001330,0.011790
948.000000,-0.001497,0.000659,0.000031,-0.001916,-0.014603
949.000000,-0.001515,-0.001009,-0.001128,-0.002609,-0.011965
950.000000,-0.003910,-0.003216,-0.000819,-0.003567,-0.021451
951.000000,-0.007375,-0.003999,-0.000851,-0.003365,-0.000647
952.000000,-0.013790,-0.004491,-0.002951,-0.003737,-0.020282
953.000000,-0.013597,-0.007547,-0.002611,-0.004388,-0.013642
954.000000,-0.010937,-0.006226,-0.002512,-0.004772,0.001339
955.000000,-0.003988,-0.003949,-0.001560,-0.004008,0.013294
956.000000,-0.001430,-0.004403,-0.001636,-0.003319,0.012141
957.000000,0.000726,-0.006532,-0.002520,-0.002799,-0.009504
958.000000,0.003717,-0.004940,-0.002140,-0.001626,0.001316
959.000000,0.006776,-0.002080,-0.001544,-0.001445,0.016632
960.000000,-0.000264,-0.002126,-0.002671,-0.001254,-0.021907
961.000000,0.024410,0.011490,0.003745,0.003263,0.135513
962.000000,0.030312,0.015519,0.005514,0.003205,0.020006
963.000000,0.027658,0.015687,0.004070,0.003489,-0.011956
964.000000,0.025074,0.015925,0.004850,0.003634,0.003716
965.000000,0.028082,0.013909,0.004980,0.003596,-0.006871
966.000000,-0.001216,0.011597,0.003597,0.002775,-0.010976
967.000000,-0.004059,0.013127,0.003297,0.002695,0.005792
968.000000,-0.003816,0.011921,0.003490,0.002547,-0.010742
969.000000,-0.000629,0.012223,0.005071,0.003045,0.019654
970.000000,0.004320,0.016201,0.007037,0.003619,0.017870
971.000000,0.010578,0.004681,0.008085,0.004057,0.020315
972.000000,0.007871,0.001906,0.008712,0.004311,-0.007743
973.000000,0.015982,0.006083,0.010885,0.004741,0.029812
974.000000,0.017631,0.008501,0.012213,0.006067,0.027901
975.000000,0.011950,0.008135,0.011022,0.006032,-0.010538
976.000000,0.011768,0.011173,0.011385,0.006122,0.019408
977.000000,0.015897,0.011884,0.012505,0.006160,0.012903
978.000000,0.007873,0.011927,0.011924,0.006303,-0.010309
979.000000,0.002707,0.010169,0.011196,0.006771,0.002070
980.000000,0.005537,0.008743,0.012472,0.007606,0.003613
981.000000,0.001964,0.006866,0.005774,0.007679,0.001544
982.000000,-0.000513,0.007692,0.004799,0.008372,0.000514
983.000000,0.001240,0.004556,0.005320,0.008776,-0.001544
984.000000,0.000620,0.001663,0.005082,0.008697,-0.001030
985.000000,-0.000361,0.002588,0.005361,0.008210,-0.001289
986.000000,-0.002589,-0.000312,0.005430,0.007486,-0.009594
987.000000,0.000000,-0.000257,0.005814,0.008251,0.013458
988.000000,0.000822,0.001031,0.006479,0.008293,0.002567
989.000000,0.005591,0.003105,0.006637,0.008499,0.022815
990.000000,0.009770,0.004705,0.006724,0.009883,0.019606
991.000000,0.015004,0.006208,0.006537,0.005918,0.016574
992.000000,0.011295,0.005647,0.006670,0.005082,-0.005089
993.000000,0.013004,0.006913,0.005735,0.005851,0.011114
994.000000,0.007863,0.006727,0.004195,0.005631,-0.002887
995.000000,0.002928,0.006349,0.004468,0.005691,-0.005073
996.000000,-0.001115,0.006944,0.003316,0.005935,-0.003639
997.000000,-0.001463,0.004916,0.002329,0.005514,-0.006829
998.000000,-0.003002,0.005001,0.003016,0.005986,0.003420
999.000000,0.000626,0.004244,0.003675,0.005840,0.015249
1000.000000,0.002216,0.002572,0.003638,0.005340,0.002878
1001.000000,0.001598,0.000241,0.003225,0.004438,-0.006729
1002.000000,0.003686,0.001111,0.003379,0.004817,0.003611
1003.000000,0.003050,0.000024,0.003469,0.003831,0.000240
1004.000000,-0.003196,-0.001285,0.002721,0.002368,-0.015981
1005.000000,-0.004114,-0.000949,0.002700,0.002663,-0.001710
1006.000000,-0.004438,-0.001420,0.002762,0.001737,-0.008348
1007.000000,-0.000289,0.001699,0.003307,0.002119,0.024356
1008.000000,0.004419,0.003734,0.004368,0.003255,0.023777
1009.000000,0.007097,0.001951,0.003098,0.003100,-0.002588
1010.000000,0.008333,0.002109,0.002341,0.003129,0.004466
1011.000000,0.007406,0.001484,0.000863,0.002644,-0.012983
1012.000000,0.004473,0.002092,0.001602,0.002950,0.009694
1013.000000,-0.001178,0.001620,0.000822,0.002852,-0.004481
1014.000000,-0.002179,0.002459,0.000587,0.002634,-0.007592
1015.000000,-0.000940,0.003696,0.001374,0.003032,0.010660
1016.000000,-0.002390,0.002508,0.000544,0.002677,-0.020232
1017.000000,-0.002224,0.001125,0.001412,0.002580,0.010524
1018.000000,-0.001090,-0.001134,0.001300,0.002534,0.001189
1019.000000,0.000903,-0.000638,0.000656,0.001852,0.002374
1020.000000,-0.000189,-0.000564,0.000772,0.001372,0.005202
1021.000000,0.009577,0.003593,0.002539,0.001773,0.028597
1022.000000,0.009343,0.003559,0.002826,0.002254,0.009353
1023.000000,0.004046,0.001478,0.001549,0.001041,-0.025295
1024.000000,0.002169,0.001536,0.001998,0.000903,-0.007011
1025.000000,0.000236,0.000024,0.001860,0.000924,-0.004466
1026.000000,-0.002816,0.003381,0.002944,0.001489,0.013338
1027.000000,-0.006555,0.001394,0.001259,0.001406,-0.009341
1028.000000,-0.002060,0.000993,-0.000071,0.001198,-0.002820
1029.000000,0.001588,0.001879,0.000620,0.001064,0.011231
1030.000000,0.001969,0.001102,0.000269,0.000882,-0.002563
1031.000000,0.000835,-0.000990,0.001302,0.001362,0.007668
1032.000000,0.005234,-0.000661,0.001449,0.001664,0.012651
1033.000000,0.007754,0.002847,0.002162,0.001982,0.009781
1034.000000,0.011571,0.006580,0.004058,0.003525,0.030319
1035.000000,0.011952,0.006961,0.003492,0.003560,-0.000659
1036.000000,0.014033,0.007434,0.005407,0.004441,0.018073
1037.000000,0.010724,0.007979,0.004686,0.003499,-0.003892
1038.000000,0.010494,0.009124,0.005058,0.002994,0.008628
1039.000000,0.005373,0.008472,0.005175,0.003238,0.004714
1040.000000,0.008054,0.010003,0.005553,0.003514,0.012744
1041.000000,0.008161,0.011097,0.005053,0.004567,0.018610
1042.000000,0.009808,0.010266,0.004803,0.004388,0.004341
1043.000000,0.011882,0.011188,0.007017,0.005171,0.019001
1044.000000,0.009844,0.007608,0.007094,0.005241,-0.005479
1045.000000,0.002892,0.005473,0.006217,0.004152,-0.022015
1046.000000,0.005396,0.006778,0.007106,0.005864,0.031131
1047.000000,0.000494,0.005151,0.006565,0.004841,-0.020166
1048.000000,-0.001830,0.005026,0.007075,0.005048,0.007380
1049.000000,-0.001143,0.004350,0.006411,0.004900,-0.002045
1050.000000,0.002563,0.002727,0.006365,0.004611,-0.003485
1051.000000,-0.003869,0.000764,0.005930,0.003623,-0.001027
1052.000000,0.000247,0.000371,0.005318,0.003325,0.000411
1053.000000,-0.002012,-0.001921,0.004634,0.004038,-0.003912
1054.000000,-0.024207,-0.012675,-0.002533,0.000504,-0.113023
1055.000000,-0.026771,-0.012104,-0.003316,0.000110,-0.016302
1056.000000,-0.025301,-0.014585,-0.003903,-0.000124,0.006320
1057.000000,-0.018369,-0.009061,-0.001955,0.001356,0.035075
1058.000000,-0.016956,-0.009484,-0.002229,0.001555,0.003149
1059.000000,0.005514,-0.009347,-0.002498,0.001158,-0.000674
1060.000000,0.002520,-0.012125,-0.004699,0.000202,-0.031270
1061.000000,0.001302,-0.012000,-0.005618,-0.000046,0.000232
1062.000000,-0.003271,-0.010820,-0.005224,-0.000061,0.012211
1063.000000,-0.004175,-0.010566,-0.006243,-0.000433,-0.001375
1064.000000,-0.003674,0.000920,-0.005878,-0.001382,0.001833
1065.000000,0.005804,0.004162,-0.003971,-0.000823,0.016120
1066.000000,0.006657,0.003979,-0.005303,-0.001276,0.004494
1067.000000,0.008122,0.002426,-0.003318,-0.000495,0.019539
1068.000000,0.009275,0.002550,-0.003467,-0.000636,0.004388
1069.000000,0.003764,0.000045,-0.004651,-0.001651,-0.025722
1070.000000,0.001123,0.003464,-0.004331,-0.001978,0.002916
1071.000000,-0.003437,0.001610,-0.005195,-0.003209,-0.018308
1072.000000,-0.006027,0.001048,-0.004886,-0.003134,0.006593
1073.000000,-0.005459,0.001908,-0.004329,-0.003526,0.007225
1074.000000,-0.000045,0.001859,0.001390,-0.003299,0.001349
1075.000000,0.000894,0.001008,0.002585,-0.002311,0.007610
1076.000000,-0.001052,-0.002245,0.000867,-0.004283,-0.028037
1077.000000,-0.003982,-0.005004,-0.001289,-0.003880,-0.008058
1078.000000,-0.003312,-0.004385,-0.000918,-0.003773,0.010577
1079.000000,-0.002441,-0.001243,-0.000599,-0.003515,0.005702
1080.000000,-0.006435,-0.002770,0.000347,-0.003811,-0.012357
1081.000000,0.004669,0.001808,0.001709,-0.002861,0.027480
1082.000000,-0.011024,-0.007503,-0.003228,-0.005758,-0.086523
1083.000000,-0.009653,-0.006482,-0.002287,-0.005047,0.017434
1084.000000,-0.013305,-0.007873,-0.003007,-0.001698,-0.012561
1085.000000,-0.009622,-0.008028,-0.003510,-0.000953,0.006058
1086.000000,-0.013914,-0.004623,-0.003434,-0.000963,0.006022
1087.000000,0.001509,-0.004758,-0.004881,-0.002445,-0.009410
1088.000000,0.003427,-0.003113,-0.003749,-0.001650,0.027025
1089.000000,0.006505,-0.003400,-0.002322,-0.001533,0.002828
1090.000000,0.003354,-0.003134,-0.002952,-0.000814,-0.009694
1091.000000,0.003381,-0.005266,-0.001729,-0.000616,0.006158
1092.000000,0.009238,0.005373,-0.001065,-0.000361,0.019872
1093.000000,0.003230,0.003329,-0.001577,-0.000415,-0.003014
1094.000000,0.000423,0.003464,-0.002205,-0.000850,-0.011207
1095.000000,0.002033,0.002694,-0.002667,-0.001442,-0.001645
1096.000000,-0.004248,-0.000433,-0.002528,-0.002433,-0.025245
1097.000000,-0.007789,0.000725,-0.002017,-0.003013,0.002168
1098.000000,-0.006945,-0.001858,-0.002485,-0.003119,0.001203
1099.000000,-0.006297,-0.002937,-0.003169,-0.002527,-0.007964
1100.000000,-0.017231,-0.007599,-0.005367,-0.004501,-0.056318
1101.000000,-0.014036,-0.009142,-0.007204,-0.004200,-0.009271
1102.000000,-0.010779,-0.009284,-0.001955,-0.003805,0.018457
1103.000000,-0.006598,-0.006772,-0.001722,-0.003308,0.022106
1104.000000,-0.005154,-0.005726,-0.001131,-0.003378,-0.000746
1105.000000,0.006258,-0.005486,-0.001396,-0.003607,0.000746
1106.000000,0.009252,-0.002392,-0.001413,-0.002483,0.005698
1107.000000,0.004967,-0.002906,-0.001091,-0.002313,-0.002969
1108.000000,-0.002651,-0.004625,-0.003241,-0.003198,-0.015984
1109.000000,-0.008585,-0.006870,-0.004903,-0.004402,-0.030418
1110.000000,0.000397,0.003328,-0.002136,-0.002468,0.045658
1111.000000,0.002504,0.005878,-0.001632,-0.002843,0.016233
1112.000000,0.000297,0.002632,-0.003326,-0.000426,-0.014003
1113.000000,-0.000656,-0.001653,-0.004213,-0.001699,-0.020748
1114.000000,0.005529,-0.001528,-0.003627,-0.001263,0.000505
1115.000000,-0.000298,0.000050,-0.002718,-0.000914,0.016525
1116.000000,-0.006446,-0.001971,-0.002181,-0.001599,-0.014508
1117.000000,-0.000694,-0.000198,-0.001552,-0.000793,0.014756
1118.000000,0.006168,0.002756,-0.000934,-0.001242,0.013562
1119.000000,-0.000708,0.002410,-0.002230,-0.002465,-0.033876
1120.000000,-0.005131,-0.002714,0.000307,-0.002329,-0.005589
1121.000000,0.000403,-0.003022,0.001428,-0.002095,0.013161
1122.000000,0.003933,0.001620,0.002126,-0.001677,0.032409
1123.000000,-0.002266,0.001951,0.000149,-0.002158,-0.017434
1124.000000,-0.001628,-0.001168,-0.001348,-0.002807,-0.030687
1125.000000,-0.003599,-0.004365,-0.002158,-0.003267,-0.015444
1126.000000,-0.005765,-0.002681,-0.002326,-0.002348,0.002332
1127.000000,-0.004580,-0.000323,-0.000261,-0.001143,0.038334
1128.000000,-0.004763,-0.003514,-0.000379,-0.001794,-0.018349
1129.000000,0.009088,0.003730,0.003070,-0.000243,0.038567
1130.000000,0.013442,0.004921,0.001104,0.001845,0.006326
1131.000000,0.011075,0.002655,-0.000183,0.001837,-0.009504
1132.000000,0.002574,-0.001003,0.000308,0.001083,-0.004171
1133.000000,0.007176,0.001206,0.001579,0.000501,0.004661
1134.000000,-0.008884,0.000102,-0.000533,-0.000865,-0.041730
1135.000000,-0.007010,0.003216,-0.000574,-0.000366,0.015697
1136.000000,-0.003159,0.003958,0.000638,-0.000231,0.009749
1137.000000,-0.001283,0.000645,0.000161,0.000041,0.005210
1138.000000,0.002239,0.004707,0.000596,0.001316,0.022269
1139.000000,0.010149,0.000633,0.002181,0.002258,-0.002180
1140.000000,0.008748,0.000869,0.002895,0.001025,0.008694
1141.000000,0.005254,0.001047,0.001851,0.000227,-0.007724
1142.000000,0.003191,0.000954,-0.000024,0.000524,-0.005101
1143.000000,0.004025,0.003132,0.002169,0.002097,0.026437
1144.000000,0.008314,0.009231,0.004667,0.002722,0.019263
1145.000000,-0.010667,-0.000959,0.001129,-0.000703,-0.086208
1146.000000,-0.008211,-0.001479,0.001240,-0.000067,0.004555
1147.000000,-0.002994,0.000099,0.000372,0.000140,0.020985
1148.000000,-0.013237,-0.004606,0.000051,-0.001138,-0.024779
1149.000000,-0.018667,-0.005177,-0.002272,-0.000271,-0.007887
1150.000000,-0.003118,-0.006892,-0.003012,-0.000367,-0.008465
1151.000000,-0.009090,-0.008650,-0.003802,-0.001649,-0.025305
1152.000000,-0.011970,-0.007482,-0.003264,-0.002510,0.006583
1153.000000,-0.011098,-0.012167,-0.004518,-0.002610,-0.020417
1154.000000,-0.011838,-0.015252,-0.003011,-0.001973,-0.011586
1155.000000,-0.012051,-0.007585,-0.004272,-0.001776,-0.009530
1156.000000,-0.006717,-0.007903,-0.004691,-0.001808,0.001367
1157.000000,-0.010231,-0.011101,-0.005501,-0.003452,-0.010989
1158.000000,-0.007979,-0.009539,-0.007072,-0.003146,-0.009158
1159.000000,-0.010344,-0.011091,-0.008134,-0.005212,-0.023411
1160.000000,-0.007868,-0.009960,-0.008426,-0.005328,0.002850
1161.000000,-0.005316,-0.006016,-0.007333,-0.004540,0.014129
1162.000000,-0.003287,-0.006759,-0.007120,-0.004429,-0.000842
1163.000000,0.001057,-0.003461,-0.007814,-0.004166,0.012558
1164.000000,0.001988,-0.004178,-0.009715,-0.003400,-0.018755
1165.000000,-0.000856,-0.004362,-0.005973,-0.004302,-0.011367
1166.000000,-0.003738,-0.004527,-0.006215,-0.004636,-0.000286
1167.000000,-0.002430,-0.002858,-0.006979,-0.004620,0.005701
1168.000000,-0.006196,-0.002570,-0.006054,-0.005571,-0.006273
1169.000000,-0.002903,-0.000458,-0.005774,-0.005575,-0.002291
1170.000000,0.003007,0.001076,-0.004442,-0.005259,0.018182
1171.000000,0.004858,0.000560,-0.002728,-0.004702,0.008969
1172.000000,0.002654,0.000112,-0.003323,-0.004710,-0.005315
1173.000000,0.007247,0.000526,-0.001468,-0.005034,0.016690
1174.000000,0.009244,0.003170,-0.000504,-0.005420,0.007694
1175.000000,0.004234,0.003620,-0.000371,-0.002775,-0.006867
1176.000000,-0.000951,0.001953,-0.001287,-0.003492,-0.016957
1177.000000,0.002398,0.002526,-0.000166,-0.003811,0.011429
1178.000000,-0.005255,0.000996,-0.000787,-0.003704,-0.021572
1179.000000,-0.006002,0.001621,0.000582,-0.003309,0.003957
1180.000000,-0.000331,0.001952,0.001514,-0.002311,0.021488
1181.000000,0.009258,0.004154,0.002357,-0.000434,0.030989
1182.000000,0.005360,0.003879,0.001996,-0.000923,-0.008062
1183.000000,0.006684,0.000715,0.000620,-0.000740,-0.014952
1184.000000,0.006494,0.000246,0.001708,-0.000254,0.003008
1185.000000,0.002306,0.000987,0.002304,0.000082,0.000546
1186.000000,-0.005977,0.001641,0.001797,-0.000311,-0.010425
1187.000000,-0.006639,-0.000640,0.000943,-0.000324,-0.011372
1188.000000,-0.002148,0.002268,0.001632,0.000232,0.007503
1189.000000,-0.000492,0.003001,0.002311,0.001388,0.011287
1190.000000,-0.003858,-0.000776,0.000588,0.000750,-0.016283
1191.000000,0.000771,-0.002603,0.000775,0.000703,0.012718
1192.000000,0.007876,0.000619,0.002249,0.001537,0.024156
1193.000000,0.006054,0.001953,0.001334,0.001064,-0.001610
1194.000000,0.005348,0.002428,0.001337,0.001948,0.007759
1195.000000,0.010250,0.003196,0.002092,0.002601,0.008228
1196.000000,0.007760,0.004265,0.002953,0.002620,0.000264
1197.000000,0.001496,0.004686,0.002023,0.002191,-0.007161
1198.000000,0.003039,0.004546,0.003407,0.002603,0.006103
1199.000000,0.000053,0.002701,0.002851,0.002441,-0.007168
1200.000000,0.000159,0.005204,0.002214,0.002127,0.008755
1201.000000,-0.000370,0.003695,0.000546,0.001748,-0.002380
1202.000000,0.001062,0.001279,0.000949,0.001926,0.000000
1203.000000,-0.004170,-0.000566,0.000694,0.000701,-0.020057
1204.000000,0.000053,0.000053,0.001241,0.000909,0.013949
1205.000000,-0.002018,-0.000929,0.001133,0.001085,-0.001600
1206.000000,-0.002344,-0.001357,0.001454,0.001516,-0.004010
1207.000000,-0.002451,-0.000694,0.001996,0.001117,-0.000536
1208.000000,0.000162,-0.002004,0.001271,0.001603,-0.006993
1209.000000,-0.025477,-0.012712,-0.005006,-0.002337,-0.114247
1210.000000,-0.026189,-0.014103,-0.004449,-0.003225,-0.005157
1211.000000,-0.028390,-0.015367,-0.005836,-0.004758,-0.015015
1212.000000,-0.030643,-0.016547,-0.007634,-0.004883,-0.011801
1213.000000,-0.027874,-0.013856,-0.007211,-0.004156,0.006849
1214.000000,-0.004282,-0.014879,-0.007413,-0.004133,0.003716
1215.000000,-0.003683,-0.014936,-0.007933,-0.004223,-0.002166
1216.000000,-0.001861,-0.015125,-0.008241,-0.004072,-0.005903
1217.000000,-0.002262,-0.016452,-0.008573,-0.004154,-0.013806
1218.000000,-0.009988,-0.018931,-0.010468,-0.005463,-0.031779
1219.000000,-0.013291,-0.008786,-0.010749,-0.006266,-0.012802
1220.000000,-0.012133,-0.007908,-0.011006,-0.005602,0.003627
1221.000000,-0.012870,-0.007366,-0.011366,-0.006346,-0.009592
1222.000000,-0.008784,-0.005523,-0.011035,-0.006930,0.006625
1223.000000,0.004770,-0.002609,-0.008233,-0.005677,0.035990
1224.000000,0.003731,-0.004780,-0.009830,-0.006535,-0.017995
1225.000000,0.002421,-0.004856,-0.009896,-0.006907,-0.002923
1226.000000,0.000862,-0.006004,-0.010565,-0.007495,-0.017386
1227.000000,-0.004811,-0.006798,-0.011625,-0.007982,-0.021744
1228.000000,-0.006868,-0.001049,-0.009990,-0.007328,0.025707
1229.000000,-0.002152,0.000790,-0.003998,-0.006903,0.005588
1230.000000,-0.001764,0.000329,-0.003790,-0.007227,-0.000984
1231.000000,0.005676,0.003269,-0.002048,-0.006488,0.019815
1232.000000,0.006193,0.000691,-0.002416,-0.007126,-0.019160
1233.000000,0.003593,-0.001638,-0.002123,-0.006034,0.012706
1234.000000,-0.000722,-0.001437,-0.003109,-0.007032,-0.015990
1235.000000,0.004220,0.001228,-0.001814,-0.006188,0.023729
1236.000000,0.003760,0.004718,-0.000643,-0.005470,0.017514
1237.000000,0.005114,0.005654,-0.000572,-0.005865,-0.012387
1238.000000,0.004608,0.004101,0.001526,-0.005293,0.010175
1239.000000,0.007933,0.003605,0.002197,-0.001464,0.000633
1240.000000,0.003060,0.003640,0.001984,-0.001313,-0.000633
1241.000000,-0.000506,0.001627,0.002448,-0.000823,-0.000316
1242.000000,0.001211,0.003163,0.001927,-0.000557,-0.003805
1243.000000,-0.000253,0.002177,0.000270,-0.000690,0.002855
