0.000000,0.019823,0.009658,0.008852,0.005764,-0.009164
1.000000,0.021225,0.011251,0.007120,0.006507,0.005737
2.000000,0.020767,0.010638,0.006742,0.006016,-0.002291
3.000000,0.004538,0.009142,0.005288,0.004277,-0.029089
4.000000,-0.005081,0.010601,0.006087,0.004770,0.009401
5.000000,-0.003248,0.008287,0.006285,0.005452,0.000000
6.000000,-0.009609,0.005808,0.004784,0.004491,-0.026068
7.000000,-0.002771,0.008998,0.006710,0.005463,0.031899
8.000000,0.004859,0.004698,0.005980,0.005492,0.009063
9.000000,-0.000938,-0.003009,0.004036,0.005204,-0.019584
10.000000,-0.000468,-0.001858,0.003900,0.005282,0.002347
11.000000,0.006612,-0.001499,0.004876,0.004247,0.009335
12.000000,0.000465,-0.001153,0.004742,0.004110,0.001161
13.000000,-0.002512,0.001174,0.005158,0.003916,-0.005817
14.000000,0.002104,0.000583,0.005592,0.004252,0.003494
15.000000,-0.004266,-0.002367,0.002960,0.003401,-0.029501
16.000000,-0.006852,-0.000120,0.002844,0.003149,-0.003599
17.000000,-0.005647,-0.002591,0.003203,0.003609,0.007186
18.000000,-0.004007,-0.003259,0.000719,0.002900,0.002384
19.000000,-0.006181,-0.002038,-0.002524,0.002012,-0.007372
20.000000,0.000717,-0.001774,-0.001816,0.002008,0.004989
21.000000,-0.007170,-0.007011,-0.004255,0.000914,-0.043037
22.000000,-0.007465,-0.006556,-0.003855,0.000976,0.005714
23.000000,-0.009433,-0.006720,-0.002773,0.001199,-0.007460
24.000000,-0.012579,-0.009380,-0.004398,0.000601,-0.023103
25.000000,-0.010787,-0.005035,-0.003701,0.000295,0.013951
26.000000,-0.003443,-0.005307,-0.002713,0.000127,-0.006317
27.000000,-0.003827,-0.005646,-0.004119,0.000253,0.003795
28.000000,-0.000951,-0.005192,-0.004226,-0.001251,0.006920
29.000000,0.001527,-0.005526,-0.003782,-0.003525,-0.010716
30.000000,0.001255,-0.004766,-0.003270,-0.002799,0.012595
31.000000,-0.004875,-0.004159,-0.005585,-0.004223,-0.036970
32.000000,-0.009569,-0.006698,-0.006627,-0.004802,-0.019673
33.000000,-0.013351,-0.007151,-0.006936,-0.004233,-0.011992
34.000000,-0.009606,-0.004040,-0.006710,-0.004279,0.008011
35.000000,-0.016155,-0.007450,-0.006242,-0.004950,-0.020148
36.000000,-0.009304,-0.007090,-0.006198,-0.004172,-0.002717
37.000000,-0.001863,-0.005716,-0.005681,-0.004651,0.017532
38.000000,-0.003243,-0.008297,-0.006745,-0.005583,-0.018894
39.000000,-0.001334,-0.005470,-0.005498,-0.004345,0.017556
40.000000,-0.000272,-0.008213,-0.006489,-0.004918,-0.014835
41.000000,0.000815,-0.004245,-0.004202,-0.005138,0.002714
42.000000,-0.002340,-0.002101,-0.004400,-0.005118,0.001760
43.000000,0.001898,-0.000672,-0.003912,-0.004848,0.002297
44.000000,0.002660,0.000663,-0.001688,-0.004252,0.021363
45.000000,-1234.000000,-1234.000000,-1234.000000,-1234.000000,-1234.000000
46.000000,-0.003754,-0.001216,-0.004307,-0.004652,-1234.000000
47.000000,-0.009758,-0.005637,-0.005678,-0.005667,-0.022254
48.000000,-0.006494,-0.001832,-0.005235,-0.005220,0.015353
49.000000,-0.016377,-0.005801,-0.005627,-0.005592,-0.018170
50.000000,-0.019697,-0.007817,-0.008025,-0.006901,-0.032978
51.000000,-0.013661,-0.009258,-0.006619,-0.005771,-0.010257
52.000000,-0.003404,-0.006228,-0.004056,-0.004967,0.029030
53.000000,-0.010521,-0.008731,-0.004490,-0.005407,-0.020232
54.000000,-0.006013,-0.010619,-0.004681,-0.004460,0.004370
55.000000,-0.003530,-0.011613,-0.004703,-0.005650,-0.020559
56.000000,-0.000886,-0.007273,-0.004404,-0.005330,0.002963
57.000000,-0.004631,-0.004018,-0.004785,-0.005106,0.010302
58.000000,-0.008347,-0.009434,-0.005833,-0.006683,-0.038811
59.000000,-0.012598,-0.009306,-0.007646,-0.006895,-0.016885
60.000000,-0.007868,-0.005699,-0.006702,-0.007223,0.003091
61.000000,-0.011885,-0.006385,-0.007746,-0.006539,-0.017121
62.000000,-0.012381,-0.008506,-0.007427,-0.005591,0.007819
63.000000,-0.009667,-0.009007,-0.008876,-0.006047,-0.025238
64.000000,-0.005652,-0.009125,-0.009833,-0.006214,0.003190
65.000000,0.001130,-0.003369,-0.007491,-0.004243,0.036998
66.000000,0.012770,0.000443,-0.003415,-0.002733,0.041083
67.000000,0.005530,-0.003426,-0.003722,-0.004316,-0.028381
68.000000,0.008139,-0.000764,-0.005099,-0.004085,-0.012195
69.000000,0.002846,-0.001403,-0.005354,-0.005493,-0.023275
70.000000,0.002540,0.001835,-0.001932,-0.003758,0.035470
71.000000,-0.011674,0.000548,-0.002919,-0.004886,-0.029991
72.000000,-0.006154,-0.000312,-0.004409,-0.004974,-0.000781
73.000000,0.003648,0.005893,-0.001557,-0.003783,0.036814
74.000000,0.005268,0.004057,-0.002534,-0.005043,-0.015175
75.000000,-0.000911,0.000815,-0.001277,-0.004723,0.004577
76.000000,0.006603,-0.002536,-0.001046,-0.003122,0.007582
77.000000,0.012712,0.003279,-0.000073,-0.001388,0.029764
78.000000,0.001500,0.002574,0.000905,-0.002541,-0.019246
79.000000,0.009554,0.007411,0.003004,-0.001099,0.025094
80.000000,0.011151,0.005120,0.003477,0.000419,0.012559
81.000000,0.006246,0.006425,0.003486,0.000196,-0.016942
82.000000,0.001752,0.007232,0.003460,-0.000529,0.007294
83.000000,0.005601,0.003551,0.004722,0.000146,0.000000
84.000000,0.001163,0.005358,0.004708,0.000097,0.002903
85.000000,0.002384,0.006767,0.003791,0.001404,0.018665
86.000000,0.012211,0.009228,0.003346,0.002379,0.032193
87.000000,0.005165,0.003459,0.003369,0.001104,-0.027935
88.000000,0.006858,0.006229,0.004402,0.002680,0.008463
89.000000,0.000290,0.000726,0.004069,0.002245,-0.029938
90.000000,-0.002001,0.000191,0.002655,0.002382,0.007210
91.000000,-0.009304,0.001454,0.003939,0.002809,-0.004320
92.000000,-0.006235,-0.000535,0.003349,0.002128,-0.012590
93.000000,-0.003972,0.001443,0.002497,0.003629,0.019779
94.000000,0.005143,0.002716,0.004037,0.004044,0.015636
95.000000,0.000574,-0.000714,0.003027,0.002289,-0.015636
96.000000,-0.002664,-0.005984,0.001622,0.000236,-0.020510
97.000000,-0.000976,-0.003605,-0.000073,0.001044,-0.004147
98.000000,-0.009897,-0.006934,-0.000353,0.000623,-0.024828
99.000000,-0.009680,-0.002269,-0.000771,0.001956,0.016719
100.000000,-0.008287,-0.003856,-0.001833,0.000485,-0.008668
101.000000,-0.005284,-0.003974,-0.001260,0.001301,-0.005495
102.000000,-0.013673,-0.007324,-0.003930,-0.000209,-0.046091
103.000000,-0.005278,-0.007587,-0.003072,-0.000865,0.017148
104.000000,-0.009551,-0.009616,-0.003450,-0.000514,-0.004648
105.000000,-0.012213,-0.010250,-0.005482,-0.001399,-0.021979
106.000000,-0.009218,-0.007251,-0.006618,-0.001336,0.009479
107.000000,-0.001896,-0.007784,-0.005695,-0.002644,-0.009479
108.000000,-0.006599,-0.005938,-0.006436,-0.002214,-0.006369
109.000000,-0.008566,-0.009058,-0.005664,-0.003534,-0.014481
110.000000,-0.005145,-0.008679,-0.006268,-0.004115,-0.004874
111.000000,-0.003489,-0.006354,-0.005164,-0.002958,0.017757
112.000000,-0.008098,-0.004997,-0.006161,-0.004285,-0.032523
113.000000,-0.002572,-0.004586,-0.006087,-0.003577,0.021260
114.000000,-0.000324,-0.004445,-0.007030,-0.003781,-0.003241
115.000000,-0.004613,-0.004879,-0.007564,-0.005281,-0.026317
116.000000,-0.013913,-0.008701,-0.007976,-0.007312,-0.028742
117.000000,-0.003670,-0.005884,-0.006834,-0.005758,0.018692
118.000000,-0.014076,-0.008324,-0.007131,-0.007066,-0.030772
119.000000,-0.010669,-0.005497,-0.007278,-0.005608,0.013793
120.000000,-0.004722,-0.004668,-0.006673,-0.005734,0.003419
121.000000,0.001027,-0.006443,-0.006398,-0.005590,0.000000
122.000000,-0.004426,-0.004048,-0.004522,-0.005456,-0.008569
123.000000,0.003783,-0.005146,-0.004866,-0.005773,0.010274
124.000000,-0.002759,-0.006714,-0.005580,-0.006925,-0.018917
125.000000,-0.004138,-0.004430,-0.004655,-0.006520,-0.003478
126.000000,-0.004487,-0.001730,-0.005216,-0.005894,-0.001744
127.000000,-0.003472,-0.003949,-0.004917,-0.005872,-0.003497
128.000000,-0.005457,-0.000837,-0.004581,-0.005033,0.000350
129.000000,-0.001394,-0.002076,-0.003787,-0.005544,0.001400
130.000000,0.014772,0.005317,0.000325,-0.002677,0.077349
131.000000,0.007199,0.001356,-0.002544,-0.003814,-0.039609
132.000000,0.010241,0.003384,-0.000332,-0.001887,0.011716
133.000000,0.010171,0.002357,-0.001395,-0.002458,0.000000
134.000000,0.010556,0.004581,-0.001066,-0.002193,0.003322
135.000000,-0.007585,0.003593,-0.000418,-0.001905,-0.013356
136.000000,0.001342,0.004271,0.001270,-0.002054,0.005029
137.000000,-0.001671,0.004285,0.000168,-0.001849,-0.003350
138.000000,0.002316,0.006244,0.002703,-0.000973,0.019934
139.000000,-0.001665,0.004445,0.001184,-0.001043,-0.016584
140.000000,0.001340,-0.003123,0.001097,-0.000824,0.001671
141.000000,0.001997,0.001669,0.001513,-0.001139,0.008313
142.000000,-0.001347,-0.001509,0.000938,-0.000724,-0.020068
143.000000,0.000329,0.001322,0.001840,-0.000489,0.028312
144.000000,0.000668,-0.000499,0.002041,-0.000877,-0.014889
145.000000,0.004621,0.002980,0.003287,0.000715,0.021435
146.000000,-0.001096,0.000450,0.002360,0.000997,-0.020269
147.000000,0.001682,0.000168,0.002226,0.000168,-0.006179
148.000000,-0.006000,-0.002836,0.001704,0.000857,-0.010101
149.000000,-0.005064,-0.002198,0.001124,0.000057,-0.010204
150.000000,-0.005625,-0.000502,-0.001812,0.000564,0.018629
151.000000,-0.000901,-0.000998,0.000336,0.000676,0.003350
152.000000,0.008847,0.005264,0.001878,0.002380,0.042560
153.000000,0.015304,0.004652,0.002987,0.002777,0.022188
154.000000,0.016812,0.005874,0.002688,0.003319,-0.002668
155.000000,0.011730,0.003052,0.003016,0.003209,-0.006781
156.000000,0.012846,0.005973,0.003212,0.003565,0.008932
157.000000,0.003810,0.006328,0.003248,0.003594,-0.002622
158.000000,-0.005401,0.004952,0.001058,0.002786,-0.023867
159.000000,-0.008115,0.004349,0.001075,0.002199,-0.016234
160.000000,-0.001908,0.004911,0.002204,0.000429,0.024253
161.000000,-0.003694,0.004576,0.001789,0.001749,0.000000
162.000000,-0.001896,0.000957,0.003111,0.001571,0.006369
163.000000,-0.001617,-0.003509,0.000571,0.000822,-0.022473
164.000000,0.002602,-0.002756,0.001559,0.000873,0.004858
165.000000,-0.004197,-0.003052,0.000000,0.000993,-0.009740
166.000000,-0.004906,-0.004300,0.000836,0.000708,-0.003546
167.000000,0.002837,0.000471,0.003399,0.002322,0.045086
168.000000,0.011666,0.005025,0.004988,0.002380,0.021673
169.000000,0.013734,0.008168,0.006258,0.003439,0.015198
170.000000,0.017035,0.006419,0.005665,0.003609,0.006764
171.000000,0.022042,0.008568,0.006572,0.004049,0.021490
172.000000,0.015357,0.009097,0.005027,0.005106,0.011662
173.000000,0.009422,0.010544,0.003518,0.003896,-0.008003
174.000000,0.003588,0.008661,0.002952,0.003926,-0.013976
175.000000,0.004591,0.010813,0.003880,0.003604,0.011782
176.000000,-0.000587,0.010727,0.003214,0.004133,-0.004402
177.000000,-0.003804,0.005777,0.003124,0.004192,-0.004422
178.000000,0.001601,0.005511,0.005268,0.005163,0.019020
179.000000,0.002941,0.003264,0.005716,0.005260,-0.007273
180.000000,-0.002356,0.001117,0.003768,0.004149,-0.014706
181.000000,0.001757,0.000585,0.004576,0.004576,0.016165
182.000000,-0.001185,-0.002495,0.003301,0.002520,-0.019132
183.000000,-0.005584,-0.001992,0.004276,0.001681,-0.002976
184.000000,-0.005326,-0.001192,0.003734,0.001571,-0.005979
185.000000,-0.005406,-0.003881,0.003466,0.001293,-0.015106
186.000000,-0.011397,-0.004820,0.002954,0.000536,-0.013793
187.000000,-0.005117,-0.003151,0.001313,0.001032,0.012270
188.000000,-0.005745,-0.005665,-0.000077,0.001624,-0.006116
189.000000,-0.003631,-0.004478,-0.000607,0.002318,0.004591
190.000000,0.003620,-0.000893,0.000112,0.002214,0.021149
191.000000,0.003063,-0.004167,-0.001791,0.001662,-0.016579
192.000000,-0.001223,-0.003170,-0.002832,0.001144,-0.009160
193.000000,0.003044,-0.001350,-0.001671,0.002401,0.015221
194.000000,0.003331,-0.000150,-0.000671,0.002439,0.006024
195.000000,0.002082,0.002851,-0.000515,0.003261,0.014903
196.000000,0.005782,0.004422,-0.000199,0.003443,0.001921
197.000000,0.004249,0.001513,-0.000819,0.001380,-0.016825
198.000000,0.001505,0.002275,-0.001695,0.000707,0.001500
199.000000,-0.000301,0.001515,-0.001482,0.000100,-0.003003
200.000000,-0.004186,-0.001052,-0.000972,-0.000276,-0.004521
201.000000,-0.004972,0.000405,-0.001881,-0.001059,-0.002011
202.000000,-0.001810,0.001220,-0.000975,-0.001482,-0.001015
203.000000,-0.008264,-0.003380,-0.002365,-0.002241,-0.030772
204.000000,-0.009548,-0.004924,-0.002537,-0.002089,-0.009419
205.000000,-0.006042,-0.005114,-0.001131,-0.002048,0.013007
206.000000,-0.006670,-0.005821,-0.000699,-0.002073,-0.005151
207.000000,-0.003053,-0.002432,-0.000459,-0.001357,0.017068
208.000000,0.006245,-0.001010,0.000632,-0.001467,0.015722
209.000000,0.007127,-0.001210,0.000152,-0.001391,-0.005010
210.000000,0.009338,0.001648,0.000298,-0.000099,0.024061
211.000000,0.012732,0.003031,0.001718,-0.000244,0.011817
212.000000,0.007252,0.002099,0.001659,0.000049,-0.010332
213.000000,0.003513,0.004879,0.000750,0.000050,-0.002972
214.000000,-0.000305,0.003411,-0.000756,-0.000554,-0.024098
215.000000,-0.003598,0.002870,-0.001122,0.000202,0.007593
216.000000,-0.004154,0.004289,-0.000766,0.000963,0.009036
217.000000,-0.001190,0.003031,0.000299,0.000704,0.004488
218.000000,-0.003301,0.000106,-0.000452,0.000457,-0.013524
219.000000,0.002725,0.001210,0.000000,0.000505,0.006033
220.000000,0.013738,0.005070,0.003359,0.001889,0.062657
221.000000,0.025579,0.010712,0.006871,0.004716,0.068239
222.000000,0.031809,0.015309,0.008704,0.006209,0.035637
223.000000,0.032595,0.014647,0.009763,0.005382,-0.009594
224.000000,0.034702,0.018714,0.011062,0.005734,0.016571
225.000000,0.026424,0.020081,0.011475,0.005946,0.021264
226.000000,0.009783,0.017681,0.010985,0.005383,-0.014963
227.000000,0.002153,0.016981,0.010006,0.005860,-0.002516
228.000000,0.008801,0.020698,0.010402,0.006598,0.023648
229.000000,0.003086,0.018894,0.010052,0.006298,-0.012003
230.000000,0.002460,0.014442,0.009756,0.007053,0.018134
231.000000,0.003734,0.006758,0.008735,0.006834,-0.008594
232.000000,0.005956,0.004054,0.009682,0.007154,0.008594
233.000000,-0.000493,0.004154,0.009400,0.007893,-0.008594
234.000000,0.005331,0.004209,0.011461,0.008778,0.017115
235.000000,0.001219,0.001839,0.010960,0.008263,-0.002427
236.000000,0.002938,0.003336,0.010508,0.008435,0.000000
237.000000,-0.009514,-0.001779,0.007601,0.006077,-0.053662
238.000000,-0.007539,-0.004016,0.008341,0.005596,0.001281
239.000000,-0.006655,-0.000662,0.009116,0.006481,0.021533
240.000000,-0.007175,-0.002978,0.005732,0.005511,-0.005025
241.000000,-0.011503,-0.004283,0.001238,0.004396,-0.021643
242.000000,0.005313,-0.002100,0.000977,0.005754,0.030421
243.000000,-0.001285,-0.004412,-0.000129,0.004796,-0.031708
244.000000,-0.009232,-0.007944,-0.001868,0.004993,-0.018206
245.000000,-0.009016,-0.008095,-0.003128,0.004608,-0.003945
246.000000,-0.000515,-0.006009,-0.001337,0.005002,0.020861
247.000000,-0.007375,-0.001031,-0.001405,0.004724,-0.003878
248.000000,0.002815,0.000765,-0.001625,0.005816,0.019244
249.000000,0.004027,-0.002602,-0.001632,0.005210,-0.012145
250.000000,0.007499,-0.000759,-0.001868,0.003568,0.013414
251.000000,-0.004964,-0.002740,-0.003511,-0.000088,-0.041457
252.000000,-0.006852,-0.007114,-0.004607,-0.001720,-0.013316
253.000000,-0.014763,-0.005974,-0.005193,-0.002077,-0.020312
254.000000,-0.013707,-0.004840,-0.006392,-0.002858,-0.006863
255.000000,-0.014825,-0.003663,-0.005879,-0.003306,0.007821
256.000000,-0.012555,-0.008760,-0.007385,-0.003811,-0.030106
257.000000,-0.007930,-0.007391,-0.004211,-0.003400,0.009811
258.000000,-0.008667,-0.011715,-0.005475,-0.004988,-0.023996
259.000000,0.001646,-0.006030,-0.004316,-0.003098,0.044700
260.000000,0.000355,-0.007235,-0.003997,-0.003657,0.001365
261.000000,0.005830,-0.003363,-0.003051,-0.003462,-0.002732
262.000000,0.001113,-0.003409,-0.005261,-0.004207,-0.013774
263.000000,0.008667,0.000000,-0.002987,-0.003462,0.013774
264.000000,0.005391,0.003519,-0.000661,-0.003088,0.028323
265.000000,-0.002195,-0.000920,-0.002292,-0.004226,-0.036565
266.000000,-0.007195,-0.000683,-0.004721,-0.005151,-0.027733
267.000000,-0.008645,-0.003766,-0.005578,-0.004063,-0.021023
268.000000,-0.011544,-0.001439,-0.006577,-0.004129,-0.000724
269.000000,-0.021013,-0.007811,-0.006921,-0.005481,-0.019020
270.000000,-0.012816,-0.007505,-0.007370,-0.005166,0.004422
271.000000,-0.007564,-0.007379,-0.005371,-0.004494,-0.001472
272.000000,-0.009642,-0.009143,-0.006276,-0.006555,-0.031416
273.000000,-0.006780,-0.009162,-0.004581,-0.005045,0.013585
274.000000,-0.006760,-0.013886,-0.005184,-0.005069,-0.018918
275.000000,-0.004663,-0.008739,-0.004830,-0.004441,0.014907
276.000000,-0.003267,-0.005415,-0.003049,-0.004952,0.005509
277.000000,0.000910,-0.004366,-0.004066,-0.005174,-0.010534
278.000000,0.011931,0.002575,0.000568,-0.003526,0.068690
279.000000,0.012583,0.002911,-0.002450,-0.003643,-0.015659
280.000000,0.010460,0.002899,-0.002303,-0.003947,0.004295
281.000000,0.009358,0.003046,-0.002167,-0.002565,0.000000
282.000000,0.021767,0.011338,0.001097,-0.000405,0.051508
283.000000,0.009111,0.010521,0.000679,0.000453,0.005413
284.000000,0.011160,0.011872,-0.001007,0.000501,-0.005413
285.000000,0.009486,0.009973,0.000617,0.000105,-0.004079
286.000000,0.008475,0.008917,0.001751,0.000940,-0.005054
287.000000,-0.006061,0.007853,0.001743,-0.000093,-0.021173
288.000000,-0.006028,0.001542,0.002058,0.000893,0.005579
289.000000,-0.001361,0.004900,0.003905,0.000000,0.017919
290.000000,-0.003020,0.003233,0.003066,-0.000458,-0.012371
291.000000,-0.005920,0.001278,0.002162,-0.001019,-0.019554
292.000000,0.001394,-0.002334,0.004502,-0.000046,0.015396
293.000000,-0.001116,-0.003572,0.003475,-0.000738,-0.006969
294.000000,-0.004700,-0.003031,0.004421,-0.001682,0.000000
295.000000,-0.005847,-0.004433,0.002770,-0.001067,-0.018107
296.000000,-0.006304,-0.006112,0.001402,-0.000870,-0.021841
297.000000,-0.011138,-0.004872,0.001490,-0.000462,-0.008772
298.000000,-0.012703,-0.006909,-0.002684,-0.000931,-0.014793
299.000000,-0.019062,-0.011881,-0.003491,-0.001357,-0.031797
300.000000,-0.015441,-0.010644,-0.003705,-0.001504,0.000000
301.000000,-0.008626,-0.007465,-0.003094,-0.001047,0.012233
302.000000,-0.003167,-0.007153,-0.004743,0.000617,0.018520
303.000000,-0.003003,-0.007853,-0.005712,-0.000301,-0.013972
304.000000,0.001533,-0.008765,-0.005898,0.000025,-0.009119
305.000000,0.004863,-0.005289,-0.004861,0.000084,0.016654
306.000000,0.005693,-0.001466,-0.003789,0.000446,0.016382
307.000000,-0.000987,-0.002077,-0.003475,0.000301,-0.014881
308.000000,0.006255,0.001626,-0.002642,-0.001247,0.022240
309.000000,0.010990,0.006261,-0.002810,-0.000240,0.014556
310.000000,0.010244,0.007554,-0.001545,0.000048,0.012922
311.000000,0.008389,0.007041,-0.000212,0.000284,0.007107
312.000000,0.011365,0.005189,-0.000982,-0.001432,0.000000
313.000000,0.008047,0.007151,-0.000351,-0.001425,0.005650
314.000000,0.002869,0.006930,-0.000917,-0.001622,-0.011332
315.000000,0.000854,0.005549,0.000130,-0.001391,0.002845
316.000000,0.002533,0.005461,0.001997,-0.000706,0.015504
317.000000,0.005035,0.008200,0.003061,0.000417,0.012509
318.000000,0.004732,0.006390,0.004008,0.000369,0.004135
319.000000,0.005701,0.004285,0.005273,-0.000445,-0.006486
320.000000,-0.003150,-0.001148,0.003203,-0.001413,-0.041411
321.000000,-0.003955,-0.000711,0.003165,-0.000378,0.011478
322.000000,-0.011367,-0.003166,0.001012,-0.001710,-0.024550
323.000000,-0.010157,-0.002713,0.002219,-0.001138,0.010182
324.000000,-0.009440,-0.001869,0.002530,-0.001235,-0.002899
325.000000,-0.004082,-0.003616,0.000967,-0.001118,-0.014620
326.000000,-0.006672,-0.005314,0.000074,-0.000440,-0.001474
327.000000,-0.003838,-0.007602,0.000299,-0.000493,-0.010378
328.000000,-0.006860,-0.008509,-0.001060,-0.000164,-0.004930
329.000000,-0.007995,-0.008718,-0.002216,0.000610,-0.008573
330.000000,-0.009038,-0.006560,-0.003854,-0.000051,-0.019833
331.000000,-0.007208,-0.006940,-0.003825,-0.000203,0.007675
332.000000,-0.006052,-0.004945,-0.004055,-0.000974,-0.004598
333.000000,-0.005373,-0.006117,-0.004415,-0.000559,-0.001537
334.000000,-0.003659,-0.005827,-0.003848,-0.000255,0.000000
335.000000,-0.000927,-0.004982,-0.004299,-0.001016,-0.006173
336.000000,-0.002771,-0.004990,-0.005152,-0.001614,-0.001549
337.000000,-0.001542,-0.003797,-0.005700,-0.001066,0.001549
338.000000,-0.001235,-0.003304,-0.005906,-0.001808,0.000000
339.000000,-0.001235,-0.002447,-0.005582,-0.002293,0.000000
340.000000,0.004288,0.001681,-0.002440,-0.002009,0.021440
341.000000,0.003687,0.000458,-0.003241,-0.002398,-0.004556
342.000000,0.001849,0.000153,-0.002396,-0.002652,-0.007639
343.000000,-0.000093,-0.000664,-0.003390,-0.003164,-0.009710
344.000000,0.001235,0.000000,-0.002913,-0.002565,0.006637
345.000000,-0.004908,-0.000310,-0.002646,-0.002969,-0.009274
346.000000,-0.004308,-0.000311,-0.002650,-0.003538,-0.001554
347.000000,-0.000614,0.000617,-0.001590,-0.003594,0.010828
348.000000,0.004684,0.002295,-0.000504,-0.003172,0.016781
349.000000,0.003659,0.002447,0.000000,-0.002906,0.001512
350.000000,0.004605,-0.000152,0.000765,-0.001677,-0.004542
351.000000,0.012070,0.003881,0.002169,-0.000867,0.035771
352.000000,0.010197,0.004791,0.002472,0.000000,0.001463
353.000000,0.004783,0.004734,0.002035,-0.000682,-0.010287
354.000000,0.005953,0.004806,0.002403,-0.000340,0.007358
355.000000,0.008613,0.006609,0.003149,0.000439,0.008759
356.000000,-0.001175,0.005448,0.002569,0.000049,-0.013168
357.000000,0.001457,0.005827,0.003222,0.000882,0.014620
358.000000,0.002350,0.003566,0.002931,0.000853,-0.005822
359.000000,0.002911,0.004432,0.003439,0.001477,0.010167
360.000000,0.003601,0.006107,0.002978,0.002545,0.012208
361.000000,0.004658,0.001742,0.002811,0.002027,-0.007883
362.000000,-0.001457,0.000000,0.002396,0.001648,-0.015954
363.000000,0.000874,0.001612,0.003173,0.001894,0.005831
364.000000,0.000000,0.001456,0.003131,0.002087,0.005797
365.000000,-0.001577,0.001012,0.003811,0.002437,0.004326
366.000000,-0.001154,0.001752,0.003600,0.002296,-0.005772
367.000000,-0.002057,-0.001757,0.002035,0.001562,-0.020469
368.000000,-0.002634,-0.000880,0.001343,0.001661,0.002950
369.000000,-0.009469,-0.004735,-0.000151,0.000715,-0.028381
370.000000,-0.011855,-0.006716,-0.000304,-0.000253,-0.007605
371.000000,-0.010091,-0.005623,-0.001941,0.000000,0.003049
372.000000,-0.005390,-0.003723,-0.001862,0.000356,0.003040
373.000000,-0.005980,-0.004307,-0.001347,0.000680,0.000000
374.000000,-0.001826,-0.005648,-0.002096,0.000204,-0.007616
375.000000,0.000610,-0.005623,-0.002305,0.000666,0.004577
376.000000,0.004515,-0.002788,-0.000518,0.001470,0.022574
377.000000,0.006274,0.000442,-0.000657,0.001504,0.011834
378.000000,0.005094,-0.000443,-0.000661,0.000748,-0.005900
379.000000,0.003636,0.000905,-0.001915,0.000201,-0.014903
380.000000,0.003919,0.002264,-0.002226,0.000552,0.005988
381.000000,-0.001494,0.001511,-0.002056,-0.000790,-0.004488
382.000000,-0.003660,0.001307,-0.001208,-0.000805,0.001004
383.000000,0.000198,0.002646,-0.000830,-0.000016,0.013390
384.000000,0.003129,0.003383,-0.001133,-0.000270,-0.000251
385.000000,-0.000598,0.001660,-0.001981,-0.000983,-0.012644
386.000000,-0.003326,-0.002410,-0.002599,-0.001149,-0.018127
387.000000,-0.002311,-0.002985,-0.001272,-0.001433,0.006079
388.000000,-0.005900,-0.002851,-0.001647,-0.001391,-0.004556
389.000000,-0.001037,0.001046,0.000975,-0.000928,0.024061
390.000000,0.006770,0.003086,0.002675,-0.000455,0.026394
391.000000,0.015257,0.005965,0.003738,0.000618,0.024304
392.000000,0.015401,0.006545,0.003926,0.001376,0.006799
393.000000,0.019973,0.007037,0.004841,0.001792,0.018307
394.000000,0.018169,0.008566,0.005974,0.002100,0.015038
395.000000,0.013296,0.010033,0.005847,0.002024,0.002033
396.000000,0.008571,0.011914,0.004752,0.002239,0.000677
397.000000,0.007435,0.011418,0.004216,0.002958,0.001123
398.000000,0.006638,0.013306,0.005227,0.003337,0.014319
399.000000,-0.000136,0.009016,0.005031,0.003656,-0.018830
400.000000,-0.001768,0.005764,0.004425,0.003705,-0.006129
401.000000,-0.002999,0.002786,0.004376,0.003421,-0.005479
402.000000,-0.000495,0.003470,0.005007,0.003774,0.013643
403.000000,0.000665,0.003652,0.005344,0.004445,0.020121
404.000000,0.001488,0.000676,0.004621,0.004208,-0.014716
405.000000,0.005391,0.001812,0.005922,0.004502,0.013387
406.000000,0.005420,0.001211,0.006562,0.003571,-0.005333
407.000000,0.000541,0.000023,0.005721,0.002819,-0.010753
408.000000,0.001324,0.000994,0.007150,0.003816,0.024033
409.000000,0.002145,0.001816,0.005416,0.003959,-0.010610
410.000000,-0.003488,0.000952,0.003358,0.003267,-0.014775
411.000000,-0.004918,0.000251,0.001518,0.003001,-0.012486
412.000000,-0.002721,-0.001090,0.001190,0.002975,0.000233
413.000000,-0.005619,-0.002148,0.000752,0.002847,0.009543
414.000000,-0.001338,0.000403,0.000540,0.003215,0.010796
415.000000,0.001080,-0.001204,0.000304,0.003547,-0.002688
416.000000,-0.001833,-0.003376,-0.001083,0.003249,-0.027052
417.000000,-0.003873,-0.003297,-0.001637,0.002715,-0.009964
418.000000,-0.004113,-0.004866,-0.001936,0.003145,0.008345
419.000000,0.001071,-0.000133,0.000841,0.003566,0.036714
420.000000,0.006619,0.003849,0.002400,0.003522,0.025051
421.000000,0.012419,0.005293,0.002772,0.002777,0.001951
422.000000,0.017635,0.006881,0.002896,0.003087,0.016114
423.000000,0.012353,0.004120,0.000986,0.001875,-0.018065
424.000000,0.000267,0.000669,0.000536,0.000583,-0.023717
425.000000,-0.005277,0.000671,-0.000267,0.000426,-0.002670
426.000000,-0.006203,0.003108,-0.000134,0.000314,-0.002677
427.000000,-0.015137,0.001249,-0.001024,-0.000675,-0.028554
428.000000,-0.007158,0.002598,-0.001134,-0.000425,0.021829
429.000000,-0.002955,-0.001344,-0.000739,0.000113,-0.002703
430.000000,-0.003506,-0.004392,-0.000271,0.000136,-0.005427
431.000000,-0.006817,-0.006510,-0.000609,-0.000322,-0.019231
432.000000,-0.004181,-0.009659,-0.001389,-0.001289,-0.015374
433.000000,-0.009111,-0.008135,-0.002007,-0.002054,-0.002821
434.000000,-0.004932,-0.003943,-0.001637,-0.000957,0.018195
435.000000,-0.008051,-0.005779,-0.002554,-0.002104,-0.021024
436.000000,-0.002512,-0.004665,-0.000778,-0.001644,0.008463
437.000000,-0.003696,-0.003939,-0.001345,-0.001995,-0.021293
438.000000,-0.003706,-0.006409,-0.001906,-0.002892,-0.002874
439.000000,-0.011122,-0.008027,-0.004685,-0.003168,-0.018882
440.000000,-0.006039,-0.007045,-0.005719,-0.002529,0.004389
441.000000,-0.004259,-0.003385,-0.004948,-0.001534,0.017367
442.000000,0.001515,-0.001090,-0.005375,-0.001289,0.007575
443.000000,-0.000086,-0.001896,-0.005015,-0.001970,-0.010881
444.000000,0.009451,-0.000836,-0.002390,-0.001370,0.028802
445.000000,0.003473,-0.001283,-0.003531,-0.002130,-0.025497
446.000000,-0.003473,-0.003866,-0.004265,-0.001808,-0.017367
447.000000,-0.002955,-0.000720,-0.002329,-0.001136,0.010167
448.000000,-0.000585,-0.000336,-0.003372,-0.001382,0.000968
449.000000,-0.008573,0.000439,-0.003794,-0.002977,-0.011135
450.000000,-0.003765,-0.000146,-0.003596,-0.003861,-0.001461
451.000000,0.003473,0.000000,-0.001693,-0.003299,0.018827
452.000000,0.001727,-0.000614,-0.000852,-0.003788,0.001434
453.000000,0.003529,0.001472,-0.000212,-0.002853,0.009979
454.000000,0.004046,-0.002263,-0.001549,-0.002347,-0.008547
455.000000,0.007509,0.001872,0.000294,-0.001730,0.015854
456.000000,0.003132,0.003303,-0.000282,-0.001743,-0.003060
457.000000,0.001143,0.001435,0.000357,-0.001075,-0.008511
458.000000,0.007243,0.005386,0.002525,-0.000453,0.040480
459.000000,0.009226,0.006636,0.003538,-0.000317,0.001367
460.000000,0.006055,0.006782,0.003318,-0.000136,0.000000
461.000000,0.010456,0.006794,0.003397,0.001136,0.018945
462.000000,0.010813,0.005978,0.002682,0.001425,-0.006725
463.000000,0.003526,0.005384,0.003428,0.001653,0.004040
464.000000,0.003521,0.006373,0.002055,0.001092,0.001343
465.000000,0.002120,0.004088,0.002980,0.001559,-0.007004
466.000000,-0.003243,0.003606,0.003455,0.001014,-0.007871
467.000000,-0.001354,0.004730,0.003082,0.001815,0.002721
468.000000,-0.001078,0.001224,0.003305,0.002091,0.005420
469.000000,-0.001888,0.000816,0.003726,0.002630,-0.002706
470.000000,0.002472,0.002296,0.004539,0.002977,0.014795
471.000000,0.005642,0.001199,0.003997,0.002664,0.007979
472.000000,0.000272,-0.000541,0.002718,0.001608,-0.024130
473.000000,-0.002174,-0.001626,0.001879,0.001743,-0.006807
474.000000,-0.001360,-0.001624,0.002375,0.000829,0.001365
475.000000,-0.004865,-0.001197,0.001445,0.001588,-0.002732
476.000000,0.003675,0.004658,0.004132,0.003856,0.050678
477.000000,0.017360,0.008816,0.006773,0.004993,0.044297
478.000000,0.017516,0.007671,0.004447,0.004760,-0.006027
479.000000,0.034958,0.016799,0.008808,0.008084,0.088575
480.000000,0.035504,0.015320,0.008808,0.008133,0.000000
481.000000,0.014017,0.008846,0.005023,0.005613,-0.056758
482.000000,0.017834,0.017597,0.008528,0.007678,0.063380
483.000000,0.018476,0.017996,0.008185,0.007251,-0.002815
484.000000,0.010270,0.022614,0.010495,0.009121,0.047543
485.000000,0.008302,0.021903,0.010353,0.008265,-0.009842
486.000000,0.017666,0.015841,0.010250,0.008035,-0.009939
487.000000,-0.003860,0.006987,0.007901,0.006844,-0.044250
488.000000,-0.005162,0.006657,0.007164,0.005184,-0.009324
489.000000,-0.011649,-0.000690,0.008055,0.005642,0.015108
490.000000,-0.014585,-0.003142,0.006089,0.004825,-0.024520
491.000000,-0.011536,0.003065,0.005955,0.004370,0.005305
492.000000,-0.001865,-0.002863,0.007367,0.004731,0.004107
493.000000,0.007357,0.001097,0.009547,0.005823,0.036786
494.000000,0.007249,-0.002200,0.010207,0.006263,0.014566
495.000000,0.012264,-0.001161,0.010371,0.006515,0.000556
496.000000,0.015275,0.001869,0.008855,0.007456,0.020358
497.000000,0.012813,0.005474,0.006230,0.007092,-0.008203
498.000000,0.003580,0.005468,0.006063,0.006599,-0.009379
499.000000,0.014335,0.010792,0.005051,0.008967,0.068342
500.000000,0.017279,0.014772,0.005815,0.008983,0.015279
501.000000,0.008321,0.011798,0.007431,0.007903,-0.024433
502.000000,0.014303,0.013558,0.005348,0.009431,0.021706
503.000000,0.019993,0.011786,0.006442,0.010293,0.019071
504.000000,0.000868,0.007601,0.002700,0.009338,-0.027284
505.000000,-0.007834,0.004723,0.001781,0.008488,-0.028230
506.000000,0.001042,0.004682,0.003275,0.007464,0.019948
507.000000,-0.001231,0.006536,0.006005,0.006332,0.010341
508.000000,-0.004634,0.007680,0.006574,0.006602,0.002055
509.000000,0.000000,0.000434,0.005613,0.003512,-0.004115
510.000000,0.007084,-0.000375,0.007198,0.003752,0.007191
511.000000,0.002274,0.001658,0.006728,0.005507,-0.004103
512.000000,0.007670,0.003220,0.008389,0.004638,0.037322
513.000000,0.007852,0.001609,0.006698,0.004831,0.002966
514.000000,0.005491,0.002745,0.005173,0.002715,-0.015921
515.000000,0.011147,0.009116,0.006919,0.004226,0.035472
516.000000,0.015423,0.008848,0.006765,0.005133,0.017275
517.000000,0.008149,0.007909,0.007223,0.006640,0.000951
518.000000,0.008693,0.008272,0.007976,0.007140,0.005687
519.000000,0.006513,0.006002,0.003218,0.005743,-0.026822
520.000000,-0.009313,0.000917,0.000271,0.005105,-0.043658
521.000000,-0.009749,0.002837,0.002248,0.005431,0.015098
522.000000,-0.018929,-0.005390,-0.001085,0.003796,-0.044951
523.000000,-0.016750,-0.004029,-0.001210,0.003122,0.016581
524.000000,-0.001951,0.002281,0.002513,0.004209,0.047174
525.000000,0.010279,0.000483,0.004799,0.004774,0.017493
526.000000,0.000997,-0.004376,0.002236,0.003051,-0.031314
527.000000,0.005565,-0.006682,0.000614,0.002588,-0.022111
528.000000,0.002857,-0.006947,0.000663,0.003002,0.003044
529.000000,-0.004361,-0.003156,0.001423,0.001093,0.011083
530.000000,-0.007219,0.001530,0.001223,0.000691,0.003201
531.000000,0.002175,0.001586,0.002211,0.002027,0.015658
532.000000,0.008749,0.007157,0.000883,0.001662,0.010758
533.000000,0.009304,0.006081,0.001026,0.001220,0.005820
534.000000,0.007667,0.001653,0.001967,0.002226,0.002897
535.000000,0.006060,-0.000580,-0.000048,0.003006,-0.004833
536.000000,0.005623,0.003899,-0.000238,0.002790,0.013475
537.000000,0.000777,0.004763,-0.000960,0.001997,-0.013475
538.000000,0.003071,0.006188,-0.000380,0.002504,0.017291
539.000000,0.002238,0.004952,0.000898,0.002599,-0.001267
540.000000,0.006858,0.006459,0.003994,0.002969,0.018265
541.000000,0.004724,0.005174,0.003380,0.003199,0.002805
542.000000,0.008968,0.004873,0.006015,0.002213,0.007748
543.000000,-0.003846,-0.000388,0.002846,0.000555,-0.046782
544.000000,-0.007713,-0.002737,-0.000542,0.000399,-0.020599
545.000000,-0.013358,-0.003250,-0.001915,-0.001116,-0.009960
546.000000,-0.016234,-0.005755,-0.000928,-0.002077,-0.011578
547.000000,-0.014072,-0.002552,0.001106,-0.001490,0.018561
548.000000,-0.010975,-0.007411,-0.000612,-0.002723,-0.031300
549.000000,-0.006446,-0.007079,-0.001063,-0.001761,0.002049
550.000000,0.000200,-0.006579,-0.000060,0.000470,0.023269
551.000000,0.004109,-0.006062,-0.000444,0.000232,0.007968
552.000000,0.006648,-0.003712,0.000580,0.002772,0.031253
553.000000,0.011751,0.000388,0.000000,0.002027,-0.005786
554.000000,0.015172,0.004363,0.000813,0.001093,0.019158
555.000000,0.010898,0.005549,0.001149,0.000573,0.001896
556.000000,0.011751,0.007930,0.001088,0.002025,0.012235
557.000000,0.007177,0.006913,0.002180,0.003041,0.008384
558.000000,0.007032,0.009391,0.000990,0.002723,-0.006515
559.000000,-0.003252,0.005960,-0.000560,0.001278,-0.032261
560.000000,-0.004825,0.003036,-0.001771,0.000972,-0.005968
561.000000,-0.001880,0.004936,-0.000563,0.001349,0.026961
562.000000,0.007823,0.007500,0.001894,0.002887,0.056896
563.000000,0.005525,0.006278,0.003333,0.002093,-0.018002
564.000000,0.018588,0.007668,0.006016,0.003098,0.033053
565.000000,0.019372,0.007273,0.006411,0.003191,-0.002050
566.000000,0.017008,0.007564,0.007747,0.003246,0.015144
567.000000,0.005398,0.006611,0.006762,0.003657,-0.001154
568.000000,0.023779,0.014652,0.012021,0.005544,0.073898
569.000000,0.027692,0.023140,0.014550,0.007340,0.052623
570.000000,0.028382,0.023877,0.013457,0.006778,0.001399
571.000000,0.018857,0.017933,0.011434,0.005602,-0.032482
572.000000,0.016706,0.011052,0.009276,0.004947,-0.011910
573.000000,-0.003088,0.010345,0.008312,0.005670,-0.025072
574.000000,-0.003240,0.012226,0.009947,0.008086,0.051866
575.000000,-0.017362,0.005510,0.006392,0.006111,-0.069215
576.000000,-0.009570,0.004643,0.006104,0.006713,0.006479
577.000000,-0.000961,0.007873,0.007242,0.007132,0.031138
578.000000,0.005652,0.001282,0.007967,0.008442,0.007994
579.000000,-0.009393,-0.006316,0.008412,0.007595,-0.023360
580.000000,0.003715,-0.006824,0.008527,0.006697,-0.003674
581.000000,0.003914,-0.002828,0.007552,0.006680,0.007473
582.000000,0.000961,0.000000,0.005526,0.006184,0.016371
583.000000,-0.004021,0.000816,0.005580,0.005813,-0.016915
584.000000,-0.002625,-0.006009,0.003109,0.004628,-0.016380
585.000000,-0.000082,0.001817,0.003663,0.004867,0.009042
586.000000,-0.000109,0.001903,0.003273,0.004703,0.007338
587.000000,-0.010158,-0.004599,0.001637,0.003295,-0.033874
588.000000,-0.004934,-0.004478,-0.001598,0.003819,0.009201
589.000000,-0.000711,-0.001668,-0.003992,0.005052,0.004735
590.000000,0.001142,0.000530,-0.003147,0.005861,0.018311
591.000000,-0.000488,-0.000298,-0.001563,0.004935,-0.000814
592.000000,0.004323,-0.002918,-0.001459,0.002712,-0.009820
593.000000,-0.003867,-0.004401,-0.001793,0.002253,-0.031749
594.000000,-0.003461,-0.002086,-0.004048,0.001377,0.006768
595.000000,-0.003613,-0.001235,0.000291,0.002031,0.017552
596.000000,-0.006455,-0.003471,-0.000784,0.001025,-0.015025
597.000000,0.000657,0.002490,-0.001054,0.001921,0.025738
598.000000,0.006761,0.001447,-0.001516,-0.000583,-0.001230
599.000000,0.003013,-0.000224,-0.000946,-0.002736,-0.011971
600.000000,0.010228,0.003308,0.001919,-0.000995,0.053627
601.000000,0.016151,0.004848,0.002275,0.000574,0.014590
602.000000,0.008505,0.004581,0.000832,0.000554,-0.012490
603.000000,-0.000082,0.003339,-0.000531,-0.000082,-0.044166
604.000000,0.136710,0.069861,0.033888,0.020589,0.671989
605.000000,0.127821,0.069024,0.033895,0.023202,0.009182
606.000000,0.122226,0.069188,0.032859,0.022540,-0.013384
607.000000,0.124471,0.066488,0.034489,0.021460,-0.001264
608.000000,0.131781,0.065850,0.033648,0.020939,-0.007617
609.000000,-0.005872,0.065419,0.032598,0.021176,-0.016274
610.000000,-0.005646,0.061087,0.032198,0.021642,0.010309
611.000000,-0.008603,0.056811,0.030830,0.020454,-0.028171
612.000000,-0.009408,0.057532,0.031056,0.019732,-0.005289
613.000000,-0.003255,0.064263,0.033801,0.021067,0.023150
614.000000,0.002062,-0.001905,0.033978,0.021957,0.010309
615.000000,-0.008022,-0.006834,0.031095,0.020318,-0.040110
616.000000,-0.005255,-0.006929,0.031130,0.019596,-0.014337
617.000000,-0.003927,-0.006668,0.029910,0.020770,0.001353
618.000000,-0.009189,-0.006222,0.029814,0.020358,-0.003160
619.000000,-0.014901,-0.006419,0.029500,0.019592,-0.018249
620.000000,-0.001429,-0.004725,0.028181,0.019890,0.027250
621.000000,0.004551,-0.000352,0.028230,0.020436,0.015559
622.000000,0.002330,-0.000799,0.028366,0.020438,-0.009752
623.000000,-0.001543,-0.005366,0.029449,0.020745,-0.022523
624.000000,-0.004093,-0.009497,-0.005701,0.019487,-0.030999
625.000000,-0.013530,-0.007479,-0.007157,0.018237,-0.019934
626.000000,-0.008194,-0.001822,-0.004375,0.020146,0.042240
627.000000,-0.010893,-0.004281,-0.005475,0.018513,-0.023246
628.000000,-0.006012,-0.003778,-0.005000,0.018617,0.001880
629.000000,-0.007859,-0.005976,-0.006198,0.017675,-0.040235
630.000000,-0.014615,-0.014073,-0.009399,0.014097,-0.053714
631.000000,-0.036832,-0.022513,-0.011433,0.011315,-0.068846
632.000000,-0.022899,-0.016896,-0.008847,0.013279,0.046420
633.000000,-0.009027,-0.007519,-0.006443,0.017126,0.071241
634.000000,-0.000882,-0.004370,-0.006934,-0.005257,0.000491
635.000000,0.009566,-0.002524,-0.005002,-0.005613,-0.001474
636.000000,0.015821,-0.010505,-0.006163,-0.006419,-0.037570
637.000000,0.012373,-0.005263,-0.004772,-0.005404,0.029177
638.000000,0.000686,-0.004170,-0.003974,-0.004723,0.012808
639.000000,-0.003566,-0.002224,-0.004100,-0.004873,-0.020772
640.000000,0.000000,0.004783,-0.004645,-0.004672,0.016357
641.000000,0.008005,0.011913,-0.005300,-0.003651,0.002455
642.000000,-0.000298,0.006038,-0.005429,-0.003886,-0.012337
643.000000,-0.009011,-0.004162,-0.005841,-0.005682,-0.030756
644.000000,-0.014937,-0.009252,-0.006811,-0.007706,-0.050404
645.000000,-0.013315,-0.006657,-0.004591,-0.005554,0.024469
646.000000,-0.010781,-0.001388,-0.005947,-0.004572,0.015124
647.000000,-0.014196,-0.007247,-0.006255,-0.005597,-0.029414
648.000000,-0.011161,-0.010086,-0.007128,-0.006011,-0.015579
649.000000,-0.008245,-0.011591,-0.006908,-0.006597,-0.035826
650.000000,-0.006516,-0.009915,-0.002566,-0.006402,0.033116
651.000000,-0.009107,-0.009944,0.000985,-0.006848,0.002169
652.000000,-0.006611,-0.010404,-0.002183,-0.007087,-0.016936
653.000000,-0.000868,-0.006014,-0.005088,-0.005899,0.013136
654.000000,0.012613,0.002184,-0.003534,-0.003813,0.031579
655.000000,0.004509,-0.001003,-0.003830,-0.003395,-0.007404
656.000000,-0.000325,-0.004716,-0.003052,-0.005536,-0.022002
657.000000,0.003279,-0.001666,-0.004457,-0.004725,0.001085
658.000000,0.001840,0.000486,-0.004800,-0.004590,0.005944
659.000000,-0.007954,0.002330,-0.004631,-0.003828,-0.017392
660.000000,-0.012710,-0.004100,-0.007008,-0.003077,-0.031183
661.000000,-0.014980,-0.007653,-0.008798,-0.001894,-0.033356
662.000000,-0.020531,-0.008626,-0.009515,-0.004331,-0.026668
663.000000,-0.028811,-0.013485,-0.009750,-0.007887,-0.035456
664.000000,-0.037255,-0.022605,-0.010210,-0.009891,-0.059614
665.000000,-0.021349,-0.017029,-0.009016,-0.008230,0.048350
666.000000,-0.005935,-0.010458,-0.007587,-0.005521,0.043713
667.000000,0.013694,-0.003418,-0.002542,-0.004110,0.071480
668.000000,0.016592,-0.006110,-0.002812,-0.005236,-0.020970
669.000000,0.023996,-0.006629,-0.002150,-0.005297,-0.022590
670.000000,0.002004,-0.009673,-0.006886,-0.007896,-0.061614
671.000000,-0.000603,-0.003269,-0.005461,-0.006955,0.030677
672.000000,-0.014537,-0.000421,-0.004524,-0.006484,0.001811
673.000000,-0.018970,-0.001189,-0.007337,-0.006896,-0.043137
674.000000,0.001052,0.012524,-0.005040,-0.002632,0.077521
675.000000,0.013724,0.007864,-0.004583,-0.003390,0.001747
676.000000,0.009211,0.004304,-0.003077,-0.003623,0.008111
677.000000,0.005473,-0.004532,-0.003975,-0.003205,-0.016876
678.000000,0.015271,-0.001850,-0.003980,-0.002491,0.005851
679.000000,0.005404,0.003228,-0.001701,-0.000357,0.028187
680.000000,0.012951,0.013338,0.001833,-0.000145,0.039482
681.000000,0.010455,0.009833,0.003282,-0.000363,-0.004372
682.000000,0.011849,0.008661,0.004120,-0.000129,-0.009907
683.000000,0.011010,0.013140,0.005976,-0.000511,0.001658
684.000000,-0.000454,0.002475,0.007500,-0.002535,-0.029134
685.000000,-0.010983,0.000984,0.004424,-0.002727,-0.013162
686.000000,-0.011612,-0.000579,0.001862,-0.002244,-0.007517
687.000000,-0.009283,0.001283,-0.001625,-0.002222,0.001740
688.000000,-0.014067,-0.001529,-0.001689,-0.003163,-0.022262
689.000000,-0.005884,-0.003169,0.000029,-0.002190,0.011779
690.000000,0.000230,-0.005376,0.003981,-0.000570,0.017412
691.000000,0.002423,-0.004595,0.002619,0.000656,0.003446
692.000000,0.009725,0.000221,0.004441,0.002820,0.038250
693.000000,0.019943,0.002938,0.008039,0.004963,0.028830
694.000000,0.015540,0.004828,0.003651,0.006609,-0.010240
695.000000,0.018034,0.009132,0.005058,0.005993,0.029885
696.000000,0.019541,0.010982,0.005202,0.004902,0.010981
697.000000,0.009168,0.009447,0.005365,0.002066,-0.013613
698.000000,0.002027,0.010985,0.004728,0.002536,-0.006877
699.000000,0.001296,0.008418,0.002624,0.002825,-0.013897
700.000000,-0.005869,0.006083,0.000353,0.004681,-0.005938
701.000000,0.000519,0.010030,0.002718,0.005089,0.042920
702.000000,0.003863,0.006516,0.003368,0.005133,0.003107
703.000000,0.003890,0.002958,0.002948,0.006346,-0.006745
704.000000,0.008225,0.004760,0.004794,0.004021,0.007778
705.000000,0.005026,-0.000421,0.004355,0.003232,-0.021933
706.000000,0.003190,0.001855,0.006418,0.004086,0.033743
707.000000,0.008998,0.006431,0.007939,0.005720,0.032147
708.000000,0.006151,0.005020,0.008003,0.004826,-0.020980
709.000000,0.004090,0.006157,0.007288,0.003802,-0.002527
710.000000,0.001053,0.003039,0.004561,0.001249,-0.037118
711.000000,-0.011342,-0.004076,0.002977,0.000453,-0.028231
712.000000,-0.022693,-0.006848,-0.000166,-0.000037,-0.024612
713.000000,-0.020949,-0.007399,-0.002220,-0.000501,-0.012256
714.000000,-0.019772,-0.007841,-0.001540,0.000582,0.003358
715.000000,-0.007928,-0.003438,-0.001929,0.001758,0.022100
716.000000,0.000540,-0.005401,-0.001773,0.002479,0.014108
717.000000,0.006644,-0.008025,-0.000797,0.002618,0.005909
718.000000,0.002783,-0.009083,-0.002031,0.002308,-0.031559
719.000000,0.000446,-0.009663,-0.001753,0.001637,-0.008326
720.000000,-0.004085,-0.006007,-0.001484,0.001039,-0.000558
721.000000,-0.005351,-0.002406,-0.003241,0.001183,0.007778
722.000000,-0.010671,-0.002013,-0.004431,-0.000782,-0.020688
723.000000,0.000221,0.001502,-0.002948,-0.000979,0.022900
724.000000,-0.002242,-0.000898,-0.004369,-0.001326,-0.020642
725.000000,0.000112,-0.001987,-0.002712,-0.001949,0.011211
726.000000,-0.001333,-0.003342,-0.004371,-0.002296,0.000557
727.000000,0.007431,-0.001620,-0.004822,-0.001071,0.023129
728.000000,0.000000,0.000110,-0.004486,-0.001317,-0.014255
729.000000,0.003907,0.000833,-0.004415,-0.000891,-0.001105
730.000000,0.002988,0.001550,-0.002229,-0.000473,0.006612
731.000000,-0.004166,-0.002749,-0.002577,-0.003077,-0.035209
732.000000,-0.009704,-0.001136,-0.001575,-0.003332,-0.004561
733.000000,-0.007540,-0.003770,-0.001134,-0.003222,-0.003434
734.000000,-0.009046,-0.002569,-0.001734,-0.003769,-0.008638
735.000000,-0.014341,-0.005677,-0.003832,-0.003700,-0.019860
736.000000,-0.006710,-0.005438,-0.004390,-0.004727,0.002946
737.000000,-0.008641,-0.009172,-0.005396,-0.006272,-0.014218
738.000000,-0.012541,-0.010040,-0.004965,-0.006338,-0.022934
739.000000,-0.014386,-0.011716,-0.005442,-0.006849,-0.017863
740.000000,-0.011536,-0.012938,-0.005694,-0.005798,-0.005609
741.000000,-0.019510,-0.013110,-0.007929,-0.006088,-0.036923
742.000000,-0.010033,-0.009337,-0.005237,-0.004162,0.033166
743.000000,-0.001225,-0.006883,-0.005326,-0.003050,0.021106
744.000000,0.005275,-0.004556,-0.003563,-0.002674,0.014634
745.000000,0.003838,-0.003849,-0.004763,-0.003837,-0.012793
746.000000,0.012445,-0.003532,-0.004485,-0.004104,0.006112
747.000000,0.006663,-0.001685,-0.005429,-0.004159,0.004257
748.000000,0.001225,0.000000,-0.005020,-0.003310,-0.006086
749.000000,0.003004,0.004139,-0.003788,-0.002248,0.023530
750.000000,0.005563,0.004700,-0.004119,-0.002229,0.000000
751.000000,-0.000488,0.005979,-0.003566,-0.003293,-0.024141
752.000000,0.000485,0.003574,-0.002881,-0.002300,0.009121
753.000000,-0.004070,-0.001423,-0.004153,-0.004025,-0.028863
754.000000,-0.009526,-0.003261,-0.003908,-0.003462,-0.003745
755.000000,-0.019396,-0.006917,-0.005383,-0.005481,-0.049353
756.000000,-0.014963,-0.007725,-0.005629,-0.005565,-0.001973
757.000000,-0.021180,-0.010347,-0.006016,-0.007068,-0.021964
758.000000,-0.022810,-0.013440,-0.006720,-0.007827,-0.037016
759.000000,-0.024874,-0.017200,-0.006530,-0.008259,-0.014065
760.000000,-0.018288,-0.018842,-0.007071,-0.009027,-0.016423
761.000000,-0.020065,-0.017514,-0.005768,-0.008215,-0.010858
762.000000,-0.020088,-0.020634,-0.008530,-0.008799,-0.022076
763.000000,-0.009437,-0.016124,-0.008773,-0.008143,0.016237
764.000000,-0.019786,-0.022330,-0.012795,-0.010049,-0.065808
765.000000,-0.011711,-0.015000,-0.010958,-0.008589,0.023949
766.000000,-0.018118,-0.019092,-0.013409,-0.010116,-0.042892
767.000000,-0.013862,-0.016975,-0.013661,-0.009669,-0.000797
768.000000,-0.017429,-0.013433,-0.013437,-0.008958,-0.001596
769.000000,-0.009446,-0.014616,-0.015908,-0.009225,-0.025891
770.000000,-0.018042,-0.014877,-0.016859,-0.009673,-0.019032
771.000000,-0.011647,-0.014883,-0.016198,-0.008806,-0.010920
772.000000,-0.014552,-0.014207,-0.017420,-0.010422,-0.015319
773.000000,-0.006824,-0.012127,-0.014125,-0.009891,0.037041
774.000000,-0.010950,-0.010198,-0.016264,-0.011930,-0.046520
775.000000,-0.010813,-0.014428,-0.014714,-0.012115,-0.018349
776.000000,-0.008277,-0.009962,-0.014527,-0.012260,0.001762
777.000000,-0.009664,-0.012108,-0.014541,-0.013143,-0.022253
778.000000,-0.017072,-0.011948,-0.012691,-0.012941,0.000000
779.000000,-0.015475,-0.013213,-0.013914,-0.015009,-0.038537
780.000000,-0.013119,-0.011966,-0.013422,-0.015228,-0.006570
781.000000,-0.012345,-0.010311,-0.012597,-0.014236,0.005634
782.000000,-0.014559,-0.012111,-0.013159,-0.015651,-0.033321
783.000000,-0.007707,-0.012390,-0.012258,-0.013547,0.034256
784.000000,0.008605,-0.003435,-0.006816,-0.011988,0.043027
785.000000,0.012413,-0.000353,-0.007390,-0.009927,0.012467
786.000000,0.010399,-0.000973,-0.005468,-0.010009,-0.004435
787.000000,0.019185,0.002313,-0.004897,-0.008923,0.010610
788.000000,0.022786,0.007539,-0.002204,-0.005947,0.052260
789.000000,0.005480,0.007043,-0.003085,-0.006929,-0.043504
790.000000,-0.000177,0.006118,-0.002924,-0.006908,-0.015818
791.000000,-0.001965,0.004217,-0.003047,-0.006992,-0.013375
792.000000,-0.003013,0.008086,-0.002013,-0.006077,0.005372
793.000000,-0.018712,0.002037,-0.005176,-0.007493,-0.026234
794.000000,-0.006018,-0.000269,-0.001852,-0.004634,0.019964
795.000000,0.000884,0.000353,0.000000,-0.004809,0.018692
796.000000,0.004439,0.001237,0.000132,-0.003233,0.004399
797.000000,0.014298,0.005643,0.003978,-0.001384,0.054668
798.000000,0.013125,-0.002793,0.002373,-0.002401,-0.032097
799.000000,0.004443,-0.000788,0.003127,-0.002319,-0.023449
800.000000,0.004189,0.002536,0.004327,-0.001104,0.017422
801.000000,-0.001056,0.001691,0.002954,-0.001468,-0.021825
802.000000,-0.003015,0.005641,0.006864,0.000539,0.044874
803.000000,0.004414,0.008770,0.005403,-0.000528,0.005051
804.000000,0.009775,0.007109,0.003420,0.001135,0.003353
805.000000,0.007458,0.005824,0.003088,0.001941,0.005841
806.000000,0.014468,0.006706,0.003971,0.002323,0.013223
807.000000,0.009879,0.003432,0.004537,0.003796,0.021925
808.000000,0.010787,0.007601,0.002404,0.004116,0.009592
809.000000,0.008839,0.009307,0.004260,0.005187,-0.006385
810.000000,0.000664,0.004061,0.003299,0.004239,-0.035034
811.000000,-0.006339,0.004065,0.002878,0.003324,-0.021795
812.000000,-0.009541,0.000169,0.002905,0.004632,0.005915
813.000000,-0.008450,0.001169,0.004969,0.003992,0.015050
814.000000,-0.001285,0.003777,0.005443,0.003539,0.029438
815.000000,0.003778,0.002221,0.004022,0.002799,-0.009717
816.000000,0.002359,-0.001990,0.002358,0.001984,-0.028892
817.000000,-0.001183,-0.005362,-0.000965,0.001237,-0.011795
818.000000,-0.008130,-0.008290,-0.000345,-0.001161,-0.019684
819.000000,-0.011441,-0.006363,0.001472,0.000719,0.012881
820.000000,-0.016090,-0.006156,-0.001047,0.000147,-0.032960
821.000000,-0.007336,-0.002488,0.000788,0.001089,0.014880
822.000000,-0.001361,-0.001272,-0.000552,0.001513,0.018081
823.000000,0.005288,-0.001421,-0.000126,0.002839,0.013560
824.000000,0.014321,0.001440,0.002609,0.004109,0.058047
825.000000,0.025623,0.004767,0.003494,0.004271,0.023549
826.000000,0.017619,0.005142,0.001576,0.003286,-0.025139
827.000000,0.014956,0.006798,0.000718,0.001622,0.004762
828.000000,0.013034,0.009161,0.000436,0.002824,0.003951
829.000000,-0.003849,0.005236,-0.000564,0.002727,-0.026370
830.000000,-0.011167,0.007228,0.000536,0.001711,-0.013040
831.000000,-0.006468,0.005576,0.001544,0.002384,-0.001642
832.000000,-0.011571,0.001692,0.000210,0.000196,-0.020756
833.000000,-0.011024,0.001005,-0.000208,0.000251,0.006689
834.000000,-0.005417,-0.004633,-0.001597,0.000195,0.001665
835.000000,-0.009062,-0.010115,-0.002674,-0.001042,-0.031266
836.000000,-0.011152,-0.008810,-0.001834,-0.001886,-0.012090
837.000000,-0.008046,-0.009809,-0.001505,-0.002791,-0.005226
838.000000,-0.015412,-0.013218,-0.002028,-0.004116,-0.030144
839.000000,-0.016467,-0.010942,-0.002853,-0.004023,-0.003607
840.000000,-0.011846,-0.010454,-0.001613,-0.003127,-0.008163
841.000000,-0.009975,-0.010563,-0.002494,-0.002492,-0.002736
842.000000,-0.011319,-0.009682,-0.003995,-0.003087,-0.011943
843.000000,-0.001445,-0.008429,-0.003712,-0.002948,0.019223
844.000000,-0.006426,-0.011446,-0.008040,-0.004880,-0.028508
845.000000,-0.007800,-0.009823,-0.009969,-0.005057,-0.015038
846.000000,-0.009922,-0.009949,-0.009379,-0.004539,-0.013346
847.000000,-0.003543,-0.007431,-0.008620,-0.003481,0.019953
848.000000,-0.006449,-0.003947,-0.008583,-0.002668,0.004693
849.000000,-0.001123,-0.003774,-0.007358,-0.003160,-0.001874
850.000000,-0.001521,-0.004661,-0.007557,-0.002629,-0.017030
851.000000,0.004742,-0.002590,-0.006577,-0.002526,0.017967
852.000000,-0.001701,-0.002622,-0.006152,-0.003537,-0.012259
853.000000,0.002049,-0.002200,-0.005314,-0.003208,0.023442
854.000000,0.004086,0.001482,-0.004982,-0.004866,0.008306
855.000000,0.006570,0.002525,-0.003649,-0.005804,-0.004606
856.000000,0.003346,0.004044,-0.002953,-0.004905,0.001845
857.000000,0.011790,0.005045,-0.001193,-0.004065,0.029961
858.000000,0.006743,0.004396,0.000225,-0.004256,-0.001791
859.000000,0.006866,0.005476,0.000851,-0.003080,0.008921
860.000000,0.001289,0.003929,-0.000366,-0.003728,-0.032494
861.000000,0.003291,0.003318,0.000364,-0.003279,0.011856
862.000000,-0.001797,0.004996,0.001187,-0.002436,0.004523
863.000000,-0.001258,0.002742,0.000271,-0.002629,0.000902
864.000000,-0.004309,0.001279,0.001380,-0.002895,-0.006332
865.000000,-0.003144,-0.000928,0.000799,-0.002742,-0.026668
866.000000,-0.008709,-0.002709,0.000667,-0.002871,-0.015970
867.000000,-0.010373,-0.006085,-0.000520,-0.002824,-0.003795
868.000000,-0.010363,-0.005811,-0.000707,-0.001787,0.000950
869.000000,-0.007960,-0.006135,-0.000329,-0.001478,0.005682
870.000000,-0.003005,-0.003074,0.000428,-0.001269,-0.001890
871.000000,0.004495,-0.002107,0.000606,-0.000460,0.021526
872.000000,0.004883,-0.002745,0.001126,-0.000123,-0.001854
873.000000,0.004507,-0.002928,-0.000093,-0.000795,-0.000928
874.000000,0.009587,0.000813,0.001046,0.001191,0.031081
875.000000,-0.003435,-0.003220,-0.002074,-0.000541,-0.067002
876.000000,-0.010844,-0.003175,-0.002942,-0.000613,-0.015519
877.000000,-0.004693,0.000095,-0.002995,-0.000315,0.028904
878.000000,-0.001678,0.001414,-0.002198,0.000000,0.014145
879.000000,-0.006402,0.001593,-0.002271,0.000311,0.007463
880.000000,0.007926,0.002245,-0.000415,0.001033,0.004636
881.000000,0.006539,-0.002153,-0.002130,-0.000314,-0.022452
882.000000,0.000947,-0.001873,-0.002309,0.000126,0.000946
883.000000,-0.003209,-0.002444,-0.002686,-0.000876,-0.006638
884.000000,-0.002055,-0.004229,-0.001708,-0.000712,0.013233
885.000000,-0.001299,0.003313,0.000047,-0.000278,0.008415
886.000000,0.007246,0.006893,0.001859,0.000336,0.020277
887.000000,0.006875,0.003911,0.002003,-0.000693,-0.000913
888.000000,0.012360,0.004575,0.002995,0.000060,0.020787
889.000000,0.012379,0.005162,0.003377,0.000207,0.013328
890.000000,0.014715,0.006708,0.004477,0.001960,0.020097
891.000000,0.003975,0.005611,0.001729,0.000450,-0.033424
892.000000,0.008230,0.007552,0.002840,0.000978,0.020364
893.000000,0.002842,0.007601,0.002579,0.000743,-0.006154
894.000000,0.001582,0.006981,0.001376,0.001188,0.007030
895.000000,-0.006327,0.004194,0.003753,0.001429,-0.019452
896.000000,0.005992,0.004983,0.005938,0.002900,0.028171
897.000000,0.003130,0.005680,0.004796,0.003229,0.006058
898.000000,0.002976,0.002909,0.003742,0.002966,-0.006926
899.000000,-0.002644,-0.000531,0.002315,0.002074,-0.021072
900.000000,0.002131,-0.002098,0.002305,0.002285,0.004427
901.000000,-0.004033,0.000979,0.003295,0.001479,-0.002654
902.000000,-0.006846,-0.001858,0.002847,0.001274,-0.008004
903.000000,-0.005460,-0.001242,0.003179,0.001305,0.000000
904.000000,0.004214,0.000785,0.003883,0.001179,0.027302
905.000000,0.005403,0.003767,0.003981,0.003758,0.010372
906.000000,0.006963,0.001465,0.003224,0.004447,0.005146
907.000000,0.006154,-0.000346,0.002667,0.003082,-0.012048
908.000000,0.010945,0.002742,0.002826,0.003409,0.023953
909.000000,0.008004,0.006109,0.002789,0.003580,0.012600
910.000000,0.015227,0.010315,0.004108,0.004975,0.046482
911.000000,0.012758,0.009861,0.005420,0.005483,-0.007197
912.000000,0.011114,0.008634,0.003388,0.004776,-0.020268
913.000000,0.006977,0.008961,0.003859,0.005107,0.003271
914.000000,0.001993,0.004999,0.002892,0.004255,-0.012320
915.000000,-0.011647,0.001790,0.002778,0.003250,-0.021722
916.000000,-0.010377,0.001190,0.001328,0.002546,-0.000845
917.000000,-0.007680,0.001717,0.000686,0.002350,-0.006785
918.000000,-0.003292,0.001843,0.002292,0.002498,0.025211
919.000000,0.001646,0.001820,0.003965,0.002466,0.012371
920.000000,0.004179,-0.003734,0.003290,0.001494,-0.009057
921.000000,0.005173,-0.002602,0.003629,0.002746,0.004127
922.000000,0.002705,-0.002488,0.003073,0.001430,-0.019127
923.000000,-0.000499,-0.001895,0.003533,0.001941,0.009194
924.000000,0.002444,0.002045,0.003522,0.002610,0.027084
925.000000,0.005708,0.004943,0.003366,0.003500,0.007261
926.000000,0.011679,0.008426,0.004808,0.003694,0.033982
927.000000,0.021173,0.011939,0.006828,0.004437,0.028344
928.000000,0.025580,0.012541,0.007192,0.005709,0.031229
929.000000,0.013464,0.007954,0.004887,0.005294,-0.033498
930.000000,0.006018,0.005863,0.001064,0.004148,-0.029968
931.000000,0.000155,0.005917,0.001658,0.004392,0.004669
932.000000,0.002552,0.011862,0.004687,0.006003,0.040325
933.000000,-0.005944,0.009818,0.003961,0.005628,-0.011249
934.000000,0.007284,0.010374,0.006210,0.005806,0.032644
935.000000,0.010928,0.008473,0.006708,0.005069,-0.011748
936.000000,0.014233,0.007194,0.007810,0.005604,0.021192
937.000000,0.005008,0.003780,0.007859,0.005812,-0.005801
938.000000,0.003143,-0.001401,0.005570,0.004328,-0.020574
939.000000,-0.009415,-0.001065,0.003444,0.002903,-0.030145
940.000000,-0.002976,0.003976,0.004919,0.002035,0.020448
941.000000,-0.005572,0.004330,0.005124,0.002549,0.008212
942.000000,-0.008923,-0.001958,0.004952,0.002472,-0.022557
943.000000,-0.005876,-0.001367,0.004226,0.002185,-0.005337
944.000000,0.000000,-0.004708,0.002833,0.002570,-0.000765
945.000000,-0.004243,-0.003609,0.002432,0.003269,-0.000765
946.000000,-0.000745,-0.003159,0.002018,0.004154,0.025701
947.000000,0.010084,0.000580,0.002180,0.005433,0.031585
948.000000,0.010717,0.002420,0.000510,0.004520,-0.002172
949.000000,0.013748,0.006874,0.002904,0.004587,0.014389
950.000000,0.003642,-0.000300,0.001838,0.003180,-0.051293
951.000000,-0.001048,-0.000896,0.001717,0.003117,0.002253
952.000000,-0.010388,-0.000152,-0.001055,0.003251,-0.015117
953.000000,-0.007231,0.001743,0.000188,0.003398,0.013616
954.000000,-0.013442,0.000153,-0.002277,0.001940,-0.016667
955.000000,-0.003183,0.000229,-0.001690,0.001698,0.000000
956.000000,-0.004860,-0.002954,-0.003056,0.000361,-0.006130
957.000000,-0.002761,-0.006574,-0.002997,-0.000738,-0.004623
958.000000,-0.005484,-0.006357,-0.001968,-0.001779,0.000000
959.000000,-0.002305,-0.007873,-0.000500,-0.000688,-0.000772
960.000000,-0.002924,-0.003054,-0.001677,0.000207,-0.003096
961.000000,-0.002475,-0.003667,-0.002282,-0.000078,-0.003884
962.000000,-0.003113,-0.002937,-0.001545,-0.001682,-0.007813
963.000000,-0.010625,-0.008054,-0.003156,-0.002559,-0.037559
964.000000,-0.009333,-0.005819,-0.002833,-0.003458,0.005684
965.000000,-0.007745,-0.005335,-0.002553,-0.002905,0.004847
966.000000,-0.008586,-0.005531,-0.004242,-0.003881,-0.008091
967.000000,-0.005890,-0.004501,-0.005538,-0.003499,0.005670
968.000000,-0.000980,-0.005802,-0.006080,-0.003246,-0.013008
969.000000,0.003372,-0.002981,-0.005427,-0.001327,0.027443
970.000000,0.004147,-0.001799,-0.002426,-0.001718,0.008720
971.000000,0.001296,-0.003645,-0.003656,-0.002736,-0.022347
972.000000,-0.000647,-0.003269,-0.003103,-0.002119,-0.004044
973.000000,0.001792,0.000406,-0.003824,-0.001968,-0.000811
974.000000,-0.001438,0.000967,-0.002426,-0.001566,0.011290
975.000000,0.002510,0.003328,-0.001003,-0.000592,0.028460
976.000000,0.007446,0.004371,-0.000580,-0.001371,0.002336
977.000000,0.007944,0.003648,-0.000427,-0.002476,-0.001556
978.000000,0.007950,0.004871,-0.000465,-0.002429,-0.000779
979.000000,0.016907,0.007734,0.002377,-0.001040,0.056075
980.000000,0.015444,0.008977,0.003589,0.001375,0.021146
981.000000,0.011630,0.009538,0.002946,0.000742,-0.016734
982.000000,0.026102,0.017023,0.006877,0.003606,0.070801
983.000000,0.020291,0.014121,0.007264,0.002158,-0.029832
984.000000,0.009919,0.013413,0.007190,0.002854,0.004216
985.000000,0.009028,0.012236,0.007782,0.003410,0.016690
986.000000,0.009177,0.010404,0.007387,0.003081,-0.015989
987.000000,-0.008090,0.009006,0.006327,0.002718,-0.015537
988.000000,-0.002694,0.008799,0.006835,0.002623,-0.002851
989.000000,0.001954,0.005937,0.006836,0.003563,0.027457
990.000000,0.001648,0.005338,0.007158,0.004172,0.015162
991.000000,0.000560,0.004869,0.007203,0.003587,-0.021432
992.000000,0.003107,-0.002491,0.007266,0.003754,-0.002799
993.000000,-0.004767,-0.003731,0.005195,0.003599,-0.042225
994.000000,-0.007356,-0.002701,0.005356,0.003893,0.014514
995.000000,-0.014611,-0.006481,0.002877,0.003028,-0.021115
996.000000,-0.014940,-0.007190,0.001607,0.002528,-0.023075
997.000000,-0.018028,-0.007460,0.000773,0.001731,-0.018238
998.000000,-0.011277,-0.008022,0.000388,0.001883,-0.008471
999.000000,-0.016045,-0.011700,-0.002882,0.000657,-0.009324
1000.000000,-0.008570,-0.011590,-0.003126,0.000908,0.016261
1001.000000,-0.007207,-0.011073,-0.003102,0.001111,-0.016261
1002.000000,-0.003872,-0.010950,-0.006721,0.001194,-0.001563
1003.000000,-0.001397,-0.006337,-0.005034,0.001351,0.003902
1004.000000,0.000468,-0.007788,-0.005245,0.000975,0.000000
1005.000000,-0.002784,-0.005677,-0.006079,0.000026,0.000000
1006.000000,0.000935,-0.003136,-0.005163,0.000026,0.002334
1007.000000,0.007670,0.001899,-0.002781,0.001148,0.032113
1008.000000,0.007340,0.002972,-0.002525,0.001249,0.002255
1009.000000,0.013404,0.006936,-0.002382,0.000391,0.030317
1010.000000,0.009431,0.003324,-0.004133,-0.000976,-0.019861
1011.000000,0.008071,0.004503,-0.003285,-0.000567,-0.004468
1012.000000,0.004905,0.006288,-0.002331,-0.002384,0.016285
1013.000000,0.008524,0.007932,0.000798,-0.000712,0.020350
1014.000000,-0.000584,0.006410,-0.000689,-0.001360,-0.015223
1015.000000,0.004554,0.006993,0.000658,-0.001722,0.005827
1016.000000,0.004136,0.006104,0.001484,-0.001407,-0.006557
1017.000000,0.006217,0.005561,0.003730,0.000000,0.026687
1018.000000,-0.000432,0.004046,0.003509,-0.000335,-0.012894
1019.000000,0.000584,0.000000,0.003468,-0.001588,-0.010145
1020.000000,-0.000728,0.001913,0.002618,-0.002118,-0.000729
1021.000000,0.002036,0.003086,0.003795,-0.001161,0.007262
1022.000000,-0.003881,0.001168,0.003728,-0.001165,-0.002899
1023.000000,-0.000578,-0.000505,0.003714,0.000364,0.003622
1024.000000,0.001017,0.000800,0.003605,-0.000193,-0.002172
1025.000000,0.000437,-0.000145,0.003424,0.000390,-0.003630
1026.000000,-0.001016,0.000510,0.003307,0.001159,0.000000
1027.000000,-0.000727,-0.002304,0.001629,0.001719,-0.001456
1028.000000,-0.002767,-0.001672,0.001187,0.001782,-0.006577
1029.000000,0.000579,0.000798,0.000399,0.002578,0.014556
1030.000000,0.013905,0.007171,0.004542,0.004136,0.063002
1031.000000,0.016734,0.007859,0.005473,0.005150,0.014146
1032.000000,0.019022,0.009148,0.005158,0.005534,0.009983
1033.000000,0.021263,0.009248,0.004372,0.005558,0.004625
1034.000000,0.019403,0.009991,0.005396,0.005734,0.005260
1035.000000,0.013382,0.013644,0.006749,0.006830,0.032896
1036.000000,0.010680,0.013707,0.007109,0.006774,0.000634
1037.000000,0.009316,0.014169,0.005933,0.005809,0.003166
1038.000000,0.006358,0.013810,0.006069,0.005395,-0.010165
1039.000000,0.004025,0.011714,0.006256,0.004171,-0.006406
1040.000000,0.000886,0.007134,0.007153,0.005406,0.017203
1041.000000,-0.000127,0.005276,0.006568,0.005407,-0.004432
1042.000000,-0.001014,0.004151,0.006649,0.004822,-0.001270
1043.000000,-0.000768,0.002795,0.006022,0.003846,-0.008934
1044.000000,-0.002197,0.000914,0.005452,0.003902,-0.013553
1045.000000,-0.007991,-0.003552,0.005046,0.003315,-0.011765
1046.000000,-0.004232,-0.002180,0.005764,0.004013,0.014361
1047.000000,-0.008700,-0.004857,0.004656,0.002336,-0.023608
1048.000000,-0.006118,-0.003443,0.005184,0.002898,0.003974
1049.000000,-0.004601,-0.003399,0.004158,0.003038,-0.005966
1050.000000,-0.000132,-0.004061,0.001537,0.003415,0.010582
1051.000000,-0.003135,-0.003684,0.000796,0.003151,-0.000658
1052.000000,-0.001465,-0.005083,-0.000466,0.002739,-0.015257
1053.000000,-0.000927,-0.003523,-0.000364,0.002840,0.006662
1054.000000,0.006025,0.000712,0.000813,0.003872,0.028798
1055.000000,0.001442,0.000655,-0.001448,0.003582,-0.012334
1056.000000,0.004556,0.000710,-0.000735,0.004079,0.014911
1057.000000,0.013816,0.006176,0.000659,0.005163,0.031045
1058.000000,0.012609,0.005841,0.001199,0.005403,0.000624
1059.000000,0.009204,0.007615,0.002108,0.005310,0.011776
1060.000000,0.007688,0.004565,0.000252,0.002546,-0.019914
1061.000000,0.002049,0.003302,-0.000191,0.001632,-0.013287
1062.000000,-0.004798,0.004509,-0.000287,0.001193,-0.003190
1063.000000,-0.005435,0.003587,0.000032,0.000953,-0.002559
1064.000000,-0.009721,-0.000258,0.000227,0.000456,-0.009656
1065.000000,-0.004192,0.001748,0.001202,-0.000383,0.007732
1066.000000,-0.002435,-0.000193,0.000259,-0.000554,-0.004503
1067.000000,-0.002702,-0.003750,0.001213,-0.000810,-0.004523
1068.000000,-0.003620,-0.004527,0.000657,-0.000710,-0.007150
1069.000000,-0.000778,-0.005249,0.001183,-0.000345,0.004556
1070.000000,-0.001805,-0.002999,0.000783,-0.000832,0.002594
1071.000000,-0.002857,-0.002646,0.000328,-0.001009,-0.009763
1072.000000,-0.002083,-0.002393,0.001058,-0.000989,-0.000654
1073.000000,-0.001835,-0.002727,0.000430,-0.000888,-0.005907
1074.000000,-0.006199,-0.003488,-0.001873,-0.001012,-0.017265
1075.000000,-0.008737,-0.005271,-0.001762,-0.000956,-0.010098
1076.000000,-0.006920,-0.004889,-0.002541,-0.001457,-0.000677
1077.000000,-0.009105,-0.005594,-0.004672,-0.001056,-0.011577
1078.000000,-0.005879,-0.003857,-0.004192,-0.000848,0.010222
1079.000000,-0.007507,-0.006853,-0.006051,-0.001496,-0.025405
1080.000000,-0.006184,-0.007461,-0.005230,-0.001965,-0.003483
1081.000000,-0.001768,-0.004344,-0.003495,-0.001229,0.021402
1082.000000,-0.000961,-0.005033,-0.003713,-0.000972,-0.007542
1083.000000,-0.000136,-0.003007,-0.002867,-0.000716,0.014349
1084.000000,0.008842,0.000668,-0.001410,-0.001026,0.019483
1085.000000,0.012051,0.002934,-0.001169,-0.000197,0.012562
1086.000000,0.006584,0.002408,-0.001240,-0.000891,-0.005931
1087.000000,0.008884,0.003962,-0.000816,-0.001794,0.003958
1088.000000,0.006803,0.003334,-0.000262,-0.001684,0.003942
1089.000000,0.002249,0.005546,-0.000654,-0.002186,-0.003284
1090.000000,-0.001318,0.005366,-0.001047,-0.001698,-0.005277
1091.000000,-0.002260,0.002162,-0.001091,-0.001609,-0.010638
1092.000000,-0.004932,0.001976,-0.001528,-0.001816,-0.009402
1093.000000,-0.005990,0.000406,-0.001301,-0.001776,-0.001350
1094.000000,0.002094,0.002172,0.001420,-0.000216,0.037140
1095.000000,0.006251,0.002466,0.002700,0.000043,0.015504
1096.000000,0.007479,0.002609,0.002509,0.000043,-0.004497
1097.000000,0.012299,0.003684,0.003823,0.000684,0.014701
1098.000000,0.016465,0.005237,0.004286,0.001571,0.019479
1099.000000,0.007789,0.004942,0.005244,0.001211,-0.006242
1100.000000,-0.000642,0.002804,0.004085,0.000237,-0.026651
1101.000000,-0.000129,0.003675,0.002919,0.000498,-0.001931
1102.000000,0.000000,0.006150,0.004063,0.001031,0.015346
1103.000000,-0.000873,0.007796,0.004101,0.001732,0.015114
1104.000000,0.001870,0.004829,0.003501,0.002556,0.007472
1105.000000,0.006205,0.002781,0.002624,0.002727,-0.004975
1106.000000,0.011882,0.005877,0.004243,0.003631,0.026455
1107.000000,0.006983,0.003492,0.003588,0.003712,-0.009149
1108.000000,0.005060,0.002094,0.003666,0.003555,0.005500
1109.000000,0.002221,0.002045,0.003493,0.004178,-0.006726
1110.000000,0.003706,0.004956,0.003880,0.004375,0.002451
1111.000000,-0.002444,0.004719,0.004197,0.003519,-0.004293
1112.000000,-0.005844,0.000569,0.003360,0.002898,-0.026153
1113.000000,-0.002453,0.001304,0.004550,0.003169,0.022459
1114.000000,-0.000861,0.000680,0.002755,0.002560,0.001233
1115.000000,0.002070,0.002888,0.002835,0.002712,0.017105
1116.000000,0.002322,-0.000061,0.002908,0.002808,-0.003033
1117.000000,0.003998,-0.000923,0.001284,0.002084,-0.017776
1118.000000,-0.001735,-0.002094,0.000000,0.001746,-0.006203
1119.000000,-0.004738,-0.002800,-0.000377,0.001396,-0.013785
1120.000000,-0.013401,-0.005665,-0.000355,0.000698,-0.026208
1121.000000,-0.012665,-0.005171,-0.000226,0.001074,0.000647
1122.000000,-0.006665,-0.001334,-0.000382,0.001795,0.012223
1123.000000,-0.009690,-0.005712,-0.002204,0.001129,-0.021326
1124.000000,-0.006933,-0.005836,-0.002578,-0.000109,0.000000
1125.000000,0.001548,-0.005926,-0.001519,-0.000086,0.016197
1126.000000,0.000646,-0.006009,-0.003035,-0.000064,-0.003863
1127.000000,-0.000128,-0.003397,-0.002160,-0.000276,0.008352
1128.000000,0.000131,-0.004780,-0.003437,-0.001593,-0.020033
1129.000000,0.002725,-0.002104,-0.002452,-0.000953,0.012970
1130.000000,-0.004813,-0.001632,-0.003649,-0.000781,-0.021492
1131.000000,-0.002075,-0.000715,-0.002943,-0.000389,0.009826
1132.000000,-0.001284,-0.000706,-0.001020,-0.000490,0.012310
1133.000000,0.002207,0.001169,-0.002272,-0.001080,-0.002579
1134.000000,-0.001942,0.000391,-0.002722,-0.001588,-0.007777
1135.000000,0.002226,-0.001294,-0.003610,-0.001444,-0.000651
1136.000000,0.001429,-0.000323,-0.003166,-0.002131,0.005842
1137.000000,0.003574,0.001145,-0.001126,-0.001058,0.023034
1138.000000,0.007601,0.004904,0.000062,-0.000656,0.017555
1139.000000,0.009653,0.003855,0.000876,-0.000349,0.002483
1140.000000,0.010772,0.006499,0.002433,-0.000266,0.004947
1141.000000,0.013150,0.007290,0.003288,0.000468,0.017732
1142.000000,0.008301,0.005937,0.002616,0.001299,-0.001213
1143.000000,0.005396,0.006498,0.003834,0.000652,0.003029
1144.000000,0.003807,0.006730,0.003561,0.000429,-0.005460
1145.000000,0.000862,0.005817,0.002262,-0.000468,-0.009780
1146.000000,-0.002439,0.005356,0.002516,-0.000326,0.001228
1147.000000,-0.004045,0.002128,0.001636,-0.000041,-0.009245
1148.000000,-0.005023,0.000186,0.002545,0.000104,-0.001859
1149.000000,-0.006177,-0.001185,0.001335,0.000189,-0.011229
1150.000000,-0.004096,-0.001617,0.002441,0.001083,0.000627
1151.000000,-0.005221,-0.003830,0.001730,0.000915,-0.004398
1152.000000,0.004651,0.000303,0.003120,0.001845,0.040116
1153.000000,0.000372,-0.002326,0.002086,0.001780,-0.023257
1154.000000,0.002865,-0.001656,0.002537,0.001822,0.001238
1155.000000,0.001125,-0.001485,0.002166,0.001013,-0.008072
1156.000000,0.002503,-0.001359,0.001998,0.001225,0.002491
1157.000000,-0.005396,-0.000372,0.000878,0.000967,0.000622
1158.000000,-0.002994,-0.001311,-0.000563,0.001260,-0.011250
1159.000000,-0.012241,-0.004688,-0.002936,-0.000673,-0.044995
1160.000000,-0.009447,-0.004161,-0.002889,0.000241,0.005900
1161.000000,-0.010862,-0.004179,-0.004005,-0.000240,-0.004586
1162.000000,-0.011381,-0.008388,-0.004043,-0.000716,-0.001972
1163.000000,-0.008605,-0.005800,-0.004063,-0.000542,0.002628
1164.000000,-0.005195,-0.008718,-0.005187,-0.001215,-0.027946
1165.000000,-0.005567,-0.007507,-0.004496,-0.001058,0.004040
1166.000000,-0.003310,-0.007086,-0.004222,-0.001030,0.006698
1167.000000,0.002355,-0.004513,-0.002443,-0.000919,0.026352
1168.000000,0.000917,-0.003844,-0.002578,-0.001656,-0.004562
1169.000000,0.006113,0.000459,-0.002114,-0.001805,-0.001961
1170.000000,0.016999,0.005716,0.000778,-0.000021,0.058466
1171.000000,0.016275,0.006483,0.001152,-0.000509,0.003082
1172.000000,0.008902,0.005628,-0.001380,-0.000819,-0.010517
1173.000000,0.010435,0.005676,-0.000062,-0.000817,0.003105
1174.000000,0.010703,0.008408,-0.000155,-0.000655,-0.000620
1175.000000,-0.001611,0.007694,0.000093,-0.000433,-0.003107
1176.000000,-0.006378,0.004949,-0.001069,-0.001165,-0.020749
1177.000000,-0.005166,0.001868,-0.001322,-0.001006,-0.004457
1178.000000,-0.007324,0.001555,-0.001144,-0.001200,-0.007687
1179.000000,-0.007071,0.001816,0.001138,-0.000804,0.000643
1180.000000,-0.002505,-0.002058,0.001829,-0.000168,0.019727
1181.000000,-0.000764,-0.003571,0.001456,-0.000422,-0.012045
1182.000000,-0.002569,-0.003867,0.000880,-0.002209,-0.013483
1183.000000,-0.002980,-0.005152,0.000262,-0.001759,-0.009744
1184.000000,-0.001678,-0.004375,0.002017,-0.001561,0.007155
1185.000000,-0.005753,-0.004129,0.001782,-0.001314,-0.000648
1186.000000,-0.003604,-0.002184,0.001383,-0.001440,-0.001298
1187.000000,-0.002472,-0.002520,-0.000326,-0.001722,-0.007823
1188.000000,-0.000131,-0.001555,0.000000,-0.001281,0.001961
1189.000000,-0.002872,-0.002275,-0.000230,0.000000,-0.006553
1190.000000,-0.006057,-0.005905,-0.003982,-0.000749,-0.016573
1191.000000,-0.005931,-0.004767,-0.004169,-0.000619,-0.000669
1192.000000,-0.003566,-0.003019,-0.003443,-0.000419,0.004005
1193.000000,-0.005295,-0.002713,-0.003932,-0.000730,-0.006685
1194.000000,-0.002115,-0.002494,-0.003434,0.000513,0.009346
1195.000000,0.001598,-0.002230,-0.003179,0.000445,0.001991
1196.000000,0.004628,-0.000651,-0.001418,0.000705,0.014483
1197.000000,0.003173,-0.000197,-0.001358,-0.000283,-0.003273
1198.000000,0.007891,0.001298,-0.000129,0.000433,0.016905
1199.000000,0.003426,0.000655,-0.000810,0.000065,-0.012979
1200.000000,0.003419,0.002508,-0.001698,-0.001818,0.001958
1201.000000,0.001433,0.003031,-0.000868,-0.001769,0.004553
1202.000000,-0.000131,0.001521,-0.000749,-0.001788,-0.011093
1203.000000,-0.001034,0.003428,0.000358,-0.001479,0.012390
1204.000000,0.002982,0.003204,0.000355,-0.001221,0.007104
1205.000000,0.001170,0.002294,0.000032,-0.001355,-0.007104
1206.000000,0.000389,0.000911,0.000130,-0.000641,0.000648
1207.000000,0.008353,0.004111,0.001957,0.000465,0.028728
1208.000000,0.003087,0.001026,0.001162,0.000256,-0.013942
1209.000000,0.008566,0.005774,0.003215,0.001385,0.034497
1210.000000,0.009369,0.005269,0.003889,0.000624,-0.003087
1211.000000,0.009363,0.004876,0.003953,0.001046,0.000618
1212.000000,0.002750,0.005552,0.003536,0.001351,-0.004336
1213.000000,0.006653,0.004870,0.004149,0.001862,0.005571
1214.000000,0.005353,0.006959,0.005082,0.002557,0.027999
1215.000000,0.005249,0.007309,0.004802,0.002458,-0.003608
1216.000000,0.005967,0.007665,0.004288,0.002641,0.004208
1217.000000,0.017919,0.010334,0.007223,0.004750,0.055424
1218.000000,0.016578,0.011615,0.006321,0.004646,-0.001136
1219.000000,0.010750,0.008052,0.006913,0.004827,-0.001137
1220.000000,0.009873,0.007561,0.006415,0.005113,-0.007995
1221.000000,0.007766,0.006866,0.005871,0.004924,-0.006327
1222.000000,-0.002398,0.007760,0.006656,0.004944,0.004606
1223.000000,-0.001597,0.007490,0.006180,0.005263,0.002868
1224.000000,0.002037,0.006394,0.006677,0.005519,0.017036
1225.000000,-0.000229,0.004822,0.006065,0.004808,-0.019330
1226.000000,-0.003728,0.002019,0.004842,0.003532,-0.023818
1227.000000,-0.005237,-0.003818,0.003258,0.003543,-0.002944
1228.000000,-0.000803,-0.001200,0.005207,0.003814,0.025038
1229.000000,-0.006059,-0.002011,0.003020,0.003938,-0.009243
1230.000000,-0.003474,-0.001852,0.002854,0.003659,-0.006405
1231.000000,0.008066,0.002169,0.004518,0.004637,0.033882
1232.000000,0.005925,0.000344,0.004052,0.004552,-0.013644
1233.000000,-0.000230,-0.000517,0.003487,0.003948,-0.005741
1234.000000,-0.002335,-0.004197,0.001098,0.003052,-0.019768
1235.000000,-0.001172,-0.002323,0.001249,0.003269,-0.000587
1236.000000,-0.011744,-0.001839,0.000090,0.002615,-0.018980
1237.000000,-0.013129,-0.003602,-0.003710,0.000972,-0.020569
1238.000000,-0.015061,-0.007646,-0.004423,0.000923,-0.015399
1239.000000,-0.010983,-0.006659,-0.004335,-0.000206,0.000621
1240.000000,-0.011487,-0.006329,-0.004091,-0.000207,-0.003107
1241.000000,-0.015172,-0.013458,-0.005645,-0.001474,-0.037405
1242.000000,-0.010284,-0.011707,-0.005681,-0.001201,0.003868
1243.000000,-0.002498,-0.008780,-0.004648,-0.000602,0.023530
