0.000000,0.008412,0.002075,0.004387,0.003375,0.001161
1.000000,0.010707,0.004331,0.004117,0.003781,0.012682
2.000000,0.011628,0.004687,0.004085,0.003871,-0.004133
3.000000,0.002179,0.002263,0.002735,0.002663,-0.023511
4.000000,0.000139,0.003773,0.003435,0.003002,0.014498
5.000000,0.000487,0.004449,0.003048,0.003201,0.002898
6.000000,-0.003257,0.003725,0.002251,0.002783,-0.006037
7.000000,-0.002803,0.004412,0.002212,0.002721,-0.001865
8.000000,0.001455,0.001817,0.001955,0.002546,-0.002219
9.000000,-0.001515,-0.000688,0.001731,0.002911,-0.000351
10.000000,0.001545,0.001016,0.001545,0.003263,0.018196
11.000000,0.004285,0.000514,0.002423,0.002916,0.007666
12.000000,0.006270,0.001733,0.003210,0.003301,0.008060
13.000000,0.008873,0.005164,0.003714,0.003545,0.010795
14.000000,0.008361,0.003423,0.003598,0.003431,-0.002912
15.000000,0.005840,0.003693,0.004071,0.003263,0.005593
16.000000,0.005286,0.004786,0.004255,0.003096,0.004896
17.000000,0.003230,0.004750,0.004581,0.003058,-0.002222
18.000000,-0.002907,0.002983,0.002400,0.002298,-0.019887
19.000000,0.000090,0.004225,0.001769,0.002563,0.012069
20.000000,0.002769,0.004305,0.002660,0.002465,0.018991
21.000000,-0.000267,0.002510,0.001512,0.002452,-0.010284
22.000000,0.001772,0.002501,0.002117,0.002974,0.007971
23.000000,0.006410,0.001752,0.003458,0.003060,0.003303
24.000000,0.002960,0.001525,0.002474,0.002907,-0.005179
25.000000,0.000176,0.001473,0.002583,0.003205,0.005069
26.000000,0.002123,0.000928,0.002857,0.003146,-0.000550
27.000000,0.001428,0.001600,0.003175,0.003588,0.004499
28.000000,0.001009,0.003709,0.003346,0.002836,0.001204
29.000000,0.000728,0.001844,0.003035,0.001794,-0.006583
30.000000,-0.000484,-0.000154,0.002075,0.001722,-0.000991
31.000000,-0.000176,0.000973,0.001742,0.001332,0.000991
32.000000,-0.003958,-0.001265,0.000618,0.000990,-0.014413
33.000000,-0.006084,-0.002538,-0.000393,0.001459,-0.009425
34.000000,-0.001747,-0.000509,0.000508,0.001480,0.015103
35.000000,-0.005813,-0.003149,-0.000838,0.000672,-0.021323
36.000000,-0.004610,-0.002393,-0.000732,0.001107,0.007008
37.000000,0.001845,-0.001057,0.000272,0.001765,0.017862
38.000000,0.003642,-0.001221,0.001244,0.001824,-0.000443
39.000000,-0.001740,-0.001743,0.000050,0.001442,-0.011803
40.000000,-0.000159,-0.002986,-0.001570,0.000388,-0.013418
41.000000,0.001638,-0.001486,-0.000256,0.000666,0.015991
42.000000,-0.001600,0.000123,-0.000571,0.000453,0.001674
43.000000,0.000994,0.002318,-0.000110,0.000511,0.012524
44.000000,0.002935,0.000598,0.000044,0.000538,-0.002095
45.000000,0.004423,0.002132,-0.000508,0.000152,-0.005978
46.000000,-0.002179,-0.000271,-0.001332,-0.000578,-0.017022
47.000000,-0.001680,-0.001640,-0.001348,-0.000365,0.004170
48.000000,-0.003153,-0.001080,-0.001150,0.000470,0.005160
49.000000,-0.004600,-0.000832,-0.001288,-0.000244,-0.009331
50.000000,-0.005882,-0.000729,-0.001858,-0.001290,-0.012387
51.000000,-0.004177,-0.003178,-0.002332,-0.001230,-0.008498
52.000000,-0.004688,-0.003184,-0.001531,-0.001442,0.001613
53.000000,-0.007316,-0.005234,-0.001458,-0.001818,-0.007976
54.000000,-0.005961,-0.005280,-0.002341,-0.001731,-0.002557
55.000000,-0.005260,-0.005571,-0.001719,-0.002196,-0.008883
56.000000,-0.004337,-0.004257,-0.002264,-0.002307,-0.003882
57.000000,-0.004212,-0.004450,-0.003045,-0.002382,0.002237
58.000000,0.000441,-0.003438,-0.002259,-0.001913,0.015287
59.000000,-0.003001,-0.004481,-0.002657,-0.002352,-0.019766
60.000000,-0.002006,-0.003633,-0.002181,-0.002449,-0.003906
61.000000,-0.000614,-0.002475,-0.002827,-0.002380,0.003078
62.000000,0.004442,0.000115,-0.001535,-0.000982,0.027517
63.000000,0.003763,0.002102,-0.001566,-0.000272,0.011890
64.000000,0.005660,0.001329,-0.001976,-0.001118,-0.010281
65.000000,0.007540,0.002767,-0.001402,-0.000224,0.005496
66.000000,0.009714,0.004550,0.000147,0.000008,0.013948
67.000000,0.004638,0.004540,0.000045,-0.000517,0.002137
68.000000,-0.000820,0.001471,-0.000983,-0.001015,-0.015401
69.000000,-0.008827,-0.001583,-0.003032,-0.002299,-0.050315
70.000000,-0.006523,0.000509,-0.001562,-0.001285,0.017015
71.000000,-0.011543,-0.000914,-0.001695,-0.002189,-0.011152
72.000000,-0.014250,-0.004806,-0.002345,-0.002625,-0.011399
73.000000,-0.010423,-0.005622,-0.001760,-0.002918,0.003734
74.000000,0.001649,-0.003589,-0.001130,-0.002513,0.010048
75.000000,0.000660,-0.002932,-0.000082,-0.001912,0.012067
76.000000,0.005832,-0.002856,0.000847,-0.000854,0.014708
77.000000,0.009382,-0.002434,0.001053,-0.000781,0.006353
78.000000,0.004023,-0.003200,-0.000864,-0.001722,-0.023062
79.000000,0.001966,0.001808,0.000112,-0.001419,-0.000236
80.000000,-0.000612,0.000024,0.000266,-0.001034,-0.000825
81.000000,-0.009443,-0.001806,-0.001360,-0.001732,-0.029446
82.000000,-0.009068,0.000157,-0.002325,-0.001511,0.008227
83.000000,0.000518,0.002270,-0.001676,-0.000417,0.024869
84.000000,0.003180,0.002573,-0.000508,0.000105,0.013077
85.000000,0.007251,0.003319,0.000194,0.001052,0.019527
86.000000,0.015042,0.002799,-0.000028,0.001498,0.009510
87.000000,0.011586,0.001259,-0.000588,0.001122,-0.009055
88.000000,0.006544,0.003531,0.000165,0.000601,-0.000341
89.000000,0.005627,0.004404,0.003106,0.001543,0.008494
90.000000,0.004677,0.005964,0.002994,0.002165,0.014777
91.000000,0.002018,0.008530,0.003362,0.001937,-0.003785
92.000000,0.003315,0.007450,0.003804,0.000934,-0.002569
93.000000,0.006777,0.006660,0.004465,0.001103,0.016966
94.000000,0.004990,0.005308,0.003941,0.001431,-0.000440
95.000000,0.001550,0.003113,0.003216,0.001167,-0.002423
96.000000,-0.002379,-0.000180,0.001309,-0.000079,-0.023428
97.000000,-0.003543,-0.000114,0.000572,-0.000430,-0.008388
98.000000,-0.007940,-0.000582,0.001474,-0.000084,-0.005021
99.000000,-0.005283,-0.000147,0.002128,0.002022,0.012845
100.000000,-0.006158,-0.002304,0.001830,0.001228,-0.006800
101.000000,0.000023,-0.001178,0.003676,0.001849,0.007477
102.000000,0.000387,-0.001578,0.002936,0.002010,-0.006568
103.000000,0.001777,-0.003082,0.001789,0.001950,0.001930
104.000000,-0.002386,-0.003835,0.000737,0.001349,-0.007969
105.000000,-0.005277,-0.005718,-0.001302,0.000238,-0.021255
106.000000,-0.007357,-0.003667,-0.001924,-0.000349,-0.002923
107.000000,-0.003785,-0.001699,-0.000906,-0.000185,0.011294
108.000000,-0.004101,-0.001162,-0.000872,0.000596,0.000347
109.000000,-0.005047,-0.003716,-0.001931,0.000180,-0.012696
110.000000,-0.003272,-0.004275,-0.003290,-0.000205,-0.012384
111.000000,0.002883,-0.002237,-0.001708,0.001705,0.027854
112.000000,0.000740,-0.001523,-0.001550,0.001450,0.000577
113.000000,0.001085,-0.001508,-0.002295,0.000690,0.002074
114.000000,0.006459,0.000706,-0.001564,0.000727,0.014173
115.000000,0.006124,0.001426,-0.002146,-0.000393,-0.014058
116.000000,-0.007168,-0.002142,-0.002905,-0.001997,-0.038604
117.000000,-0.006662,-0.002961,-0.002330,-0.001591,0.003106
118.000000,-0.012003,-0.005459,-0.003311,-0.002401,-0.024630
119.000000,-0.011300,-0.002420,-0.003068,-0.002094,0.017689
120.000000,-0.007984,-0.000930,-0.002602,-0.002503,0.002519
121.000000,0.001478,-0.002845,-0.002541,-0.002087,0.008707
122.000000,-0.001701,-0.004181,-0.002852,-0.002427,-0.012788
123.000000,0.007627,-0.002188,-0.001848,-0.002259,0.022008
124.000000,0.003665,-0.003817,-0.001556,-0.002315,-0.002120
125.000000,0.003114,-0.002435,-0.000505,-0.002242,-0.000236
126.000000,0.005920,0.003699,0.000778,-0.000703,0.022738
127.000000,0.010177,0.004238,0.000638,-0.000141,0.008495
128.000000,0.007324,0.007475,0.001008,0.000285,0.007743
129.000000,0.006245,0.004955,0.001267,-0.000394,-0.007515
130.000000,0.011838,0.007476,0.003273,0.000757,0.027726
131.000000,0.009391,0.007656,0.002405,0.000858,0.010505
132.000000,0.008658,0.009417,0.002618,0.001238,0.004828
133.000000,0.006363,0.006844,0.002328,0.001049,-0.003729
134.000000,0.010508,0.008376,0.002280,0.001755,0.013208
135.000000,0.007270,0.009554,0.003559,0.002848,0.011536
136.000000,0.004158,0.006775,0.005237,0.002777,-0.005051
137.000000,0.002934,0.005796,0.005017,0.002358,-0.001294
138.000000,0.004412,0.005388,0.006432,0.002468,0.003661
139.000000,-0.000434,0.005037,0.004996,0.002524,-0.011024
140.000000,-0.004115,0.001577,0.004526,0.002708,-0.006870
141.000000,-0.004379,-0.000110,0.003773,0.001567,-0.006367
142.000000,-0.004693,-0.000880,0.004269,0.001452,-0.002867
143.000000,0.005491,0.004952,0.005898,0.003202,0.054584
144.000000,0.010231,0.004899,0.006637,0.003153,0.012677
145.000000,0.016360,0.006122,0.007838,0.004414,0.023773
146.000000,0.019480,0.007551,0.007163,0.006008,0.009233
147.000000,0.020054,0.007680,0.006738,0.005905,0.000000
148.000000,0.007713,0.006602,0.005995,0.006488,-0.007118
149.000000,0.003784,0.007008,0.006022,0.005667,-0.006967
150.000000,0.000684,0.008522,0.005050,0.005858,0.008274
151.000000,-0.002776,0.008352,0.004121,0.005299,-0.008071
152.000000,-0.002453,0.008800,0.003960,0.005779,0.001619
153.000000,-0.000504,0.003605,0.004278,0.005133,0.002626
154.000000,0.000203,0.001993,0.003446,0.005089,-0.003435
155.000000,-0.005749,-0.002532,0.001795,0.004381,-0.021484
156.000000,-0.003433,-0.003105,0.002223,0.003740,0.003510
157.000000,-0.004128,-0.003290,0.002195,0.003395,-0.001857
158.000000,-0.003726,-0.002115,0.002244,0.003292,0.004635
159.000000,-0.003224,-0.001511,0.002749,0.003511,-0.000925
160.000000,0.006311,0.000281,0.004402,0.003460,0.026192
161.000000,0.003595,0.000081,0.004216,0.002774,-0.010071
162.000000,0.004431,0.000152,0.004476,0.002691,0.002325
163.000000,-0.000514,-0.002120,0.000742,0.002145,-0.020093
164.000000,-0.000371,-0.001797,0.000098,0.001698,-0.000206
165.000000,-0.004110,0.001100,-0.000716,0.001563,0.007495
166.000000,-0.003204,0.000196,-0.001455,0.001547,-0.005538
167.000000,-0.002091,0.001170,-0.001060,0.001853,0.007888
168.000000,0.004120,0.001803,-0.000156,0.002097,0.010960
169.000000,0.005549,0.002589,0.000539,0.002695,0.006940
170.000000,0.004590,0.000240,0.000261,0.003014,0.002703
171.000000,0.010068,0.003432,0.001757,0.003955,0.021851
172.000000,0.011923,0.004916,0.002534,0.004623,0.017162
173.000000,0.009192,0.006656,0.002268,0.002713,-0.002695
174.000000,0.009264,0.007406,0.002804,0.002534,0.007299
175.000000,0.009754,0.007172,0.004136,0.001913,0.005154
176.000000,0.009026,0.009547,0.004871,0.002213,0.018207
177.000000,0.004430,0.008177,0.004673,0.002019,-0.005813
178.000000,0.008917,0.009055,0.005429,0.002914,0.019738
179.000000,0.008671,0.008967,0.005778,0.003348,0.006066
180.000000,0.004444,0.007099,0.003670,0.002540,-0.015980
181.000000,-0.000075,0.004475,0.003954,0.002663,-0.004386
182.000000,0.001592,0.003011,0.003964,0.002693,0.002522
183.000000,-0.002076,0.003421,0.005038,0.002652,0.001398
184.000000,-0.001804,0.003433,0.005420,0.003014,0.007425
185.000000,-0.000410,0.002017,0.004595,0.003430,-0.009009
186.000000,0.000019,-0.000028,0.004759,0.003238,-0.002242
187.000000,0.001413,0.001503,0.004840,0.003616,0.009493
188.000000,-0.000728,-0.001402,0.003826,0.003152,-0.009306
189.000000,-0.003564,-0.002684,0.003142,0.002957,-0.006754
190.000000,-0.000093,-0.000252,0.003424,0.002362,0.008342
191.000000,-0.000487,-0.000234,0.002121,0.002558,-0.004209
192.000000,-0.004118,-0.001352,0.000829,0.002192,-0.008661
193.000000,-0.004864,-0.002796,0.000312,0.002427,-0.013038
194.000000,0.003952,0.000194,0.001814,0.003678,0.037325
195.000000,0.002707,0.001307,0.001662,0.003499,0.002120
196.000000,0.003880,0.001697,0.000834,0.003739,0.001656
197.000000,0.001113,-0.001503,0.000000,0.002726,-0.022500
198.000000,0.003758,-0.000553,-0.000978,0.002367,0.000188
199.000000,-0.000517,0.001717,-0.000483,0.002667,0.015948
200.000000,0.003342,0.003025,0.001387,0.003291,0.021420
201.000000,0.002485,0.003183,0.001474,0.002475,-0.002630
202.000000,0.007221,0.004167,0.001407,0.001942,0.001180
203.000000,0.007492,0.005625,0.001414,0.002083,0.001541
204.000000,0.006679,0.003081,0.001637,0.002236,0.011882
205.000000,0.000326,0.001834,0.001571,0.001719,-0.010344
206.000000,-0.000801,0.000842,0.001270,0.000837,-0.008262
207.000000,0.001176,0.004198,0.001348,0.001399,0.011061
208.000000,-0.000671,0.003410,0.001429,0.000485,-0.007693
209.000000,-0.002413,0.002133,0.001925,0.000389,0.003175
210.000000,-0.002127,-0.000901,0.001062,0.000624,-0.008916
211.000000,0.000146,-0.000327,0.001428,0.000874,0.003102
212.000000,-0.003860,-0.001342,0.001412,0.000491,-0.008968
213.000000,-0.001881,-0.001276,0.002174,0.000518,0.002204
214.000000,0.002072,-0.000170,0.001455,0.001035,0.022939
215.000000,0.004142,0.001008,0.001421,0.001383,0.001433
216.000000,0.005251,0.002698,0.001770,0.001746,0.008645
217.000000,0.007505,0.001823,0.003010,0.001506,0.002305
218.000000,0.008476,0.003298,0.003354,0.002052,0.007058
219.000000,0.001856,0.001964,0.002049,0.001938,-0.010161
220.000000,0.000465,0.002304,0.000701,0.001476,-0.005521
221.000000,-0.002213,0.001519,0.000596,0.001458,-0.004744
222.000000,-0.003267,0.002119,0.000388,0.001648,-0.002965
223.000000,-0.004967,0.001755,0.000239,0.002035,-0.001441
224.000000,-0.002071,-0.000108,-0.000139,0.000934,0.004317
225.000000,0.003698,0.002082,0.001545,0.001641,0.023326
226.000000,0.003275,0.000531,0.001615,0.001357,-0.006861
227.000000,0.004942,0.000838,0.001330,0.002286,0.005370
228.000000,0.006036,0.000535,0.001916,0.002414,0.004030
229.000000,0.003804,0.000867,0.001415,0.001655,-0.006844
230.000000,-0.003931,-0.000116,0.001094,0.000429,-0.015349
231.000000,-0.003796,-0.000261,0.000629,0.000310,-0.006188
232.000000,-0.008997,-0.002027,0.000046,-0.000417,-0.020632
233.000000,-0.009216,-0.001590,0.000082,-0.000370,0.002934
234.000000,-0.003338,0.000233,0.000063,-0.000015,0.022544
235.000000,0.000197,-0.001867,0.000107,0.000407,0.002325
236.000000,0.001291,-0.001252,-0.000361,0.000659,-0.000715
237.000000,0.001428,-0.003785,-0.001473,-0.000375,-0.019951
238.000000,0.002403,-0.003406,-0.001436,0.000142,0.007811
239.000000,-0.002124,-0.002731,-0.000932,0.000033,-0.000090
240.000000,-0.001794,-0.000799,-0.000458,0.000463,0.003973
241.000000,-0.002428,-0.000568,-0.000414,0.000230,-0.003883
242.000000,0.006177,0.003802,0.000888,0.001298,0.023074
243.000000,0.006235,0.004319,0.001365,0.001495,0.008101
244.000000,0.010556,0.004216,0.002225,0.001447,0.021516
245.000000,0.009487,0.003846,0.000990,0.001354,-0.001374
246.000000,0.011548,0.004560,0.001654,0.001280,0.006425
247.000000,0.008142,0.007160,0.001688,0.001404,0.006045
248.000000,0.006811,0.006523,0.001558,0.001217,0.001442
249.000000,0.002032,0.006294,0.001782,0.001477,-0.002376
250.000000,0.003087,0.006287,0.002744,0.001791,0.003901
251.000000,-0.001234,0.005157,0.002295,0.001443,-0.015179
252.000000,0.000034,0.004088,0.003945,0.001954,0.012382
253.000000,-0.002490,0.002160,0.003240,0.001630,-0.011180
254.000000,-0.001125,0.000454,0.002335,0.001634,0.004453
255.000000,-0.002881,0.000103,0.001975,0.000694,-0.004882
256.000000,0.000086,-0.000574,0.001993,0.000911,-0.000343
257.000000,-0.001482,-0.000724,0.003218,0.000884,0.004542
258.000000,-0.002504,-0.002497,0.002013,0.000206,-0.016291
259.000000,0.002040,0.000458,0.003376,0.001340,0.027176
260.000000,0.004063,0.000591,0.003439,0.002026,0.005230
261.000000,0.005473,0.002779,0.003968,0.002456,0.006708
262.000000,0.003844,0.001181,0.002635,0.003024,-0.003600
263.000000,0.008107,0.002801,0.002481,0.003093,0.005020
264.000000,0.001382,0.001711,0.001083,0.002127,-0.006447
265.000000,-0.003137,0.000463,0.000283,0.001471,-0.017368
266.000000,-0.011471,-0.002999,-0.001786,0.000329,-0.034960
267.000000,-0.010804,-0.003480,-0.002102,0.000985,-0.000266
268.000000,-0.008211,-0.000052,-0.001275,0.001324,0.017985
269.000000,-0.006783,-0.002700,-0.001121,0.001351,0.000695
270.000000,-0.003292,-0.003215,-0.001312,0.001221,0.000087
271.000000,0.003248,-0.004111,-0.000666,0.001275,-0.002261
272.000000,-0.001761,-0.006282,-0.002551,-0.000338,-0.025309
273.000000,-0.006774,-0.007492,-0.002346,-0.000844,-0.007080
274.000000,-0.009211,-0.007997,-0.003143,-0.001944,-0.011489
275.000000,-0.007904,-0.005598,-0.002568,-0.001677,0.006620
276.000000,-0.004384,-0.000568,-0.001784,-0.001380,0.015337
277.000000,0.000125,-0.000818,-0.002149,-0.001674,-0.002763
278.000000,0.004095,-0.001339,-0.000696,-0.001296,0.012771
279.000000,0.010026,0.000408,-0.001146,-0.000612,0.018163
280.000000,0.010236,0.001166,-0.001024,-0.000486,0.007672
281.000000,0.008111,0.001863,-0.001124,0.000177,0.004712
282.000000,0.011211,0.005668,-0.000307,0.000189,0.012739
283.000000,0.007812,0.005953,-0.000769,0.000421,-0.004228
284.000000,0.005850,0.007938,-0.000029,0.000551,0.008355
285.000000,0.004869,0.007553,0.000977,0.000806,0.002770
286.000000,0.005995,0.007053,0.003242,0.001162,0.010339
287.000000,0.003927,0.007569,0.003376,0.001091,0.002403
288.000000,0.006224,0.007018,0.002839,0.001875,0.007255
289.000000,0.005291,0.005571,0.002989,0.001093,0.003690
290.000000,0.005815,0.005342,0.003254,0.001098,0.005387
291.000000,0.001701,0.003848,0.002856,0.000533,-0.010228
292.000000,0.005146,0.004537,0.005103,0.001308,0.019627
293.000000,0.002871,0.004548,0.005250,0.001003,-0.004121
294.000000,0.002084,0.003688,0.005813,0.001210,-0.000243
295.000000,0.003038,0.004426,0.005989,0.002127,0.010154
296.000000,0.003506,0.002604,0.004828,0.003029,-0.007889
297.000000,-0.003137,0.001004,0.004287,0.002585,-0.013588
298.000000,-0.002756,0.000057,0.003538,0.001912,-0.002214
299.000000,-0.005269,-0.001592,0.001989,0.001462,-0.012807
300.000000,-0.007716,-0.002339,0.001501,0.001390,-0.002081
301.000000,-0.002423,0.000541,0.002195,0.002084,0.018576
302.000000,0.001973,-0.000582,0.001977,0.003208,0.008390
303.000000,0.000705,-0.001026,0.001761,0.003158,-0.008554
304.000000,0.004197,-0.000536,0.001576,0.003697,0.004652
305.000000,0.005004,-0.001356,0.001535,0.003541,0.001952
306.000000,-0.000196,-0.001310,0.000647,0.002782,-0.007423
307.000000,0.000632,0.001302,0.001153,0.003292,0.012531
308.000000,-0.000098,0.000303,0.000180,0.002460,-0.012203
309.000000,-0.001668,0.001264,-0.000164,0.001748,-0.003197
310.000000,0.001957,0.003480,0.000571,0.002161,0.020080
311.000000,0.003924,0.001864,0.001203,0.002084,0.002412
312.000000,0.001883,0.001257,0.000338,0.001737,0.002326
313.000000,0.006332,0.003117,0.001046,0.002213,0.010042
314.000000,0.008205,0.003268,0.001366,0.002140,0.006167
315.000000,0.000418,0.001188,-0.000084,0.001419,-0.018856
316.000000,-0.004154,-0.000115,-0.000712,0.000393,-0.020447
317.000000,-0.003018,-0.000568,0.000367,0.000580,0.008001
318.000000,-0.003456,0.001438,0.000871,0.000600,0.007857
319.000000,-0.008550,-0.000173,0.000546,-0.000167,-0.019307
320.000000,-0.006050,-0.002816,0.000332,-0.000558,-0.006354
321.000000,-0.000887,-0.002520,-0.000328,-0.000038,0.005366
322.000000,-0.000880,-0.001949,-0.000346,-0.000425,0.008037
323.000000,0.002820,-0.000318,0.001400,0.000591,0.026359
324.000000,0.008771,0.000110,0.001689,0.000948,0.010446
325.000000,0.011188,0.002569,0.001878,0.000800,0.005731
326.000000,0.009989,0.004551,0.002218,0.001042,-0.000626
327.000000,0.007581,0.003351,0.001391,0.001362,-0.004003
328.000000,0.003063,0.002942,0.002190,0.001561,0.003768
329.000000,-0.003046,0.002862,0.001345,0.001318,-0.020100
330.000000,-0.005106,0.003041,0.000113,0.001235,-0.004567
331.000000,-0.019811,-0.004911,-0.003716,-0.001856,-0.074151
332.000000,-0.012962,-0.002690,-0.002320,-0.001127,0.030240
333.000000,-0.011978,-0.004457,-0.002388,-0.000553,0.008688
334.000000,-0.009042,-0.006044,-0.002967,-0.000889,-0.005421
335.000000,-0.007678,-0.006392,-0.001911,-0.000878,0.002256
336.000000,0.005443,-0.007184,-0.001316,-0.000916,-0.008548
337.000000,0.000670,-0.006146,-0.001398,-0.001121,0.006376
338.000000,-0.003135,-0.007557,-0.002308,-0.001059,-0.010339
339.000000,-0.002830,-0.005936,-0.001537,-0.001082,-0.003894
340.000000,0.002620,-0.002529,0.000256,-0.000768,0.029504
341.000000,0.003123,0.004283,-0.000314,-0.001049,-0.006030
342.000000,0.000084,0.000377,-0.001157,-0.001421,-0.008822
343.000000,0.002385,-0.000375,-0.002416,-0.001717,0.001170
344.000000,0.003864,0.000517,-0.002764,-0.001806,0.003501
345.000000,0.000000,0.001310,-0.002541,-0.000838,0.010182
346.000000,-0.002972,0.000076,-0.003554,-0.000852,-0.020889
347.000000,-0.000050,0.000017,-0.003065,-0.000926,0.005786
348.000000,0.000184,0.001284,-0.003136,-0.001110,0.002338
349.000000,0.001773,0.002819,-0.001559,-0.000085,0.011446
350.000000,0.001428,0.000714,-0.000908,0.000409,0.008458
351.000000,0.003716,0.000372,0.002328,-0.000085,-0.009448
352.000000,0.001283,0.000617,0.000497,-0.000566,-0.006377
353.000000,0.001992,0.001088,0.000356,-0.001248,0.005881
354.000000,0.002296,0.002034,0.001276,-0.001164,0.012965
355.000000,0.000310,0.000869,0.001090,-0.001404,-0.001469
356.000000,0.001988,0.002852,0.001464,-0.001419,-0.001062
357.000000,0.008028,0.004656,0.002336,-0.000491,0.023825
358.000000,0.008505,0.005249,0.003267,-0.000341,0.008266
359.000000,0.008257,0.005276,0.004047,0.000720,0.011725
360.000000,0.006680,0.003495,0.002105,0.000560,-0.009353
361.000000,0.006149,0.004068,0.002220,0.002908,-0.003718
362.000000,0.000000,0.004014,0.002315,0.001669,-0.006919
363.000000,-0.001143,0.003681,0.002384,0.001465,0.002551
364.000000,-0.003424,0.002416,0.002225,0.001656,0.000318
365.000000,0.000457,0.003569,0.002219,0.001916,0.010056
366.000000,-0.000762,0.002693,0.002773,0.001874,-0.009817
367.000000,0.000064,0.000032,0.002344,0.001568,-0.002789
368.000000,0.002563,0.000710,0.002979,0.002414,0.015045
369.000000,0.001301,-0.001062,0.002107,0.002344,-0.005991
370.000000,-0.004220,-0.001881,0.000807,0.000776,-0.017547
371.000000,-0.001517,-0.001140,0.001464,0.001100,0.003694
372.000000,-0.001008,-0.000472,0.001771,0.001386,-0.000241
373.000000,-0.002213,0.000175,0.001928,0.001648,0.009020
374.000000,-0.002098,-0.000399,0.001009,0.001351,-0.005418
375.000000,0.002256,-0.000982,0.001294,0.001152,0.004226
376.000000,0.000816,-0.000351,0.001171,0.001731,-0.003507
377.000000,0.002360,0.000676,0.000354,0.001788,0.007477
378.000000,-0.000940,-0.001576,-0.000433,0.001461,-0.007477
379.000000,-0.001733,-0.001916,-0.001489,0.000766,-0.009385
380.000000,-0.001790,0.000233,-0.000824,0.000616,0.003941
381.000000,-0.003739,-0.001462,-0.001301,0.000489,-0.013253
382.000000,-0.004812,-0.001226,-0.000849,0.000772,0.002113
383.000000,-0.002717,-0.001828,-0.000827,0.000676,0.002999
384.000000,-0.001359,-0.001546,-0.000972,0.000157,-0.002593
385.000000,-0.002147,-0.001968,-0.001475,0.000206,0.000000
386.000000,-0.003711,-0.003725,-0.002038,-0.000461,-0.021074
387.000000,-0.001123,-0.002968,-0.001146,-0.000753,0.015051
388.000000,-0.001756,-0.002236,-0.001906,-0.001034,-0.000163
389.000000,-0.000455,-0.000907,-0.001411,-0.001295,0.003911
390.000000,-0.000976,-0.001561,-0.000664,-0.001070,-0.002606
391.000000,0.003271,-0.000220,-0.000841,-0.000940,0.000163
392.000000,0.000912,-0.000106,-0.000666,-0.000601,0.003256
393.000000,-0.000180,-0.000968,-0.001398,-0.000874,-0.005623
394.000000,-0.004923,-0.002689,-0.002118,-0.001545,-0.019808
395.000000,-0.015790,-0.008383,-0.005176,-0.003778,-0.056938
396.000000,-0.018792,-0.007760,-0.005743,-0.003945,-0.014845
397.000000,-0.019622,-0.009355,-0.006161,-0.003882,-0.000896
398.000000,-0.016145,-0.008162,-0.005199,-0.003992,0.011763
399.000000,-0.013196,-0.009060,-0.004983,-0.003961,-0.005062
400.000000,-0.002772,-0.009281,-0.005421,-0.003536,-0.004820
401.000000,-0.000197,-0.009494,-0.004857,-0.003725,-0.001970
402.000000,0.002830,-0.008396,-0.004251,-0.003243,0.014241
403.000000,0.001500,-0.007322,-0.004145,-0.003373,0.005113
404.000000,0.001685,-0.005756,-0.004222,-0.003330,-0.004141
405.000000,0.004302,0.000765,-0.003809,-0.003196,0.008265
406.000000,0.005761,0.002782,-0.002489,-0.002901,0.005327
407.000000,0.002005,0.002418,-0.003469,-0.003302,-0.004540
408.000000,0.003383,0.002442,-0.002860,-0.002652,0.012002
409.000000,0.005263,0.003474,-0.002793,-0.002164,0.005260
410.000000,0.005629,0.004965,-0.002158,-0.001959,0.010097
411.000000,0.004445,0.005103,-0.002196,-0.001537,-0.000596
412.000000,0.003745,0.002875,-0.002761,-0.001876,-0.008040
413.000000,0.002884,0.003133,-0.002094,-0.001719,0.007699
414.000000,0.000138,0.002700,-0.001528,-0.001915,-0.008472
415.000000,-0.001865,0.001882,0.001324,-0.001912,0.000086
416.000000,-0.001745,0.001350,0.002066,-0.001209,0.000000
417.000000,0.000275,0.002010,0.002214,-0.001643,0.002060
418.000000,-0.000290,0.001297,0.001869,-0.001475,0.004876
419.000000,0.000223,0.000180,0.001827,-0.001802,-0.005906
420.000000,0.001046,-0.000409,0.002278,-0.001575,0.004198
421.000000,0.001404,-0.000171,0.002466,-0.001521,0.001794
422.000000,-0.000069,0.000103,0.001489,-0.001806,-0.005305
423.000000,-0.002145,-0.001217,0.000958,-0.001802,-0.005505
424.000000,-0.001154,-0.000465,0.001118,-0.001173,-0.000949
425.000000,-0.001407,-0.000181,0.000851,0.000822,0.002931
426.000000,-0.003078,-0.000837,0.000256,0.001098,-0.006564
427.000000,-0.001862,-0.000965,0.000522,0.001154,0.000780
428.000000,0.000620,-0.000762,0.000267,0.000992,0.006903
429.000000,0.000552,-0.000301,-0.000060,0.001118,-0.001291
430.000000,0.002668,0.000631,0.000111,0.001729,0.013513
431.000000,0.002976,-0.000051,-0.000111,0.001627,-0.005024
432.000000,-0.000850,-0.001356,-0.000626,0.000541,-0.018352
433.000000,-0.003505,-0.001442,-0.001330,0.000158,-0.006368
434.000000,-0.004951,-0.002200,-0.001332,0.000012,-0.008525
435.000000,-0.010875,-0.004103,-0.002142,-0.000801,-0.016104
436.000000,-0.007463,-0.002243,-0.001540,-0.000577,0.012036
437.000000,-0.006217,-0.003534,-0.002249,-0.000830,-0.012126
438.000000,-0.007835,-0.005670,-0.003216,-0.001712,-0.014456
439.000000,-0.007024,-0.005988,-0.003144,-0.002036,-0.004469
440.000000,-0.003712,-0.007293,-0.003331,-0.002357,0.000457
441.000000,-0.004553,-0.006008,-0.003030,-0.002077,0.007827
442.000000,-0.004830,-0.005524,-0.003440,-0.002259,-0.013509
443.000000,-0.007416,-0.007626,-0.004534,-0.003428,-0.027389
444.000000,-0.002447,-0.004735,-0.003468,-0.002467,0.020380
445.000000,-0.012227,-0.007969,-0.006036,-0.004084,-0.048443
446.000000,-0.018569,-0.011561,-0.006902,-0.004881,-0.023887
447.000000,-0.019725,-0.012277,-0.007906,-0.005592,-0.019285
448.000000,-0.009497,-0.008457,-0.007063,-0.004963,0.023752
449.000000,-0.013949,-0.008198,-0.007093,-0.004829,-0.001884
450.000000,0.000330,-0.005948,-0.006621,-0.004204,0.022953
451.000000,0.009044,-0.004763,-0.005385,-0.003607,0.019685
452.000000,0.012806,-0.003459,-0.004491,-0.003446,-0.000476
453.000000,0.015231,0.002867,-0.002379,-0.002067,0.035878
454.000000,0.008452,-0.002749,-0.003742,-0.003228,-0.035783
455.000000,0.008636,0.004483,-0.001743,-0.002530,0.023873
456.000000,0.007722,0.008383,-0.001589,-0.001807,0.015117
457.000000,0.005295,0.009050,-0.001613,-0.002254,-0.012612
458.000000,0.003494,0.009363,0.000453,-0.001588,0.026873
459.000000,0.007633,0.008042,-0.000078,-0.002048,-0.015084
460.000000,0.004736,0.006686,0.000369,-0.002185,0.009386
461.000000,0.005486,0.006604,0.000921,-0.001389,0.018868
462.000000,0.005302,0.005299,0.000920,-0.001228,-0.013531
463.000000,-0.002962,0.000266,0.001567,-0.001498,-0.014449
464.000000,0.001841,0.004737,0.000994,-0.000916,0.008930
465.000000,0.002739,0.003737,0.004110,0.000084,0.013874
466.000000,-0.000107,0.002690,0.005536,-0.000163,0.004642
467.000000,0.003417,0.004360,0.006705,0.000378,0.004088
468.000000,0.006502,0.001770,0.005566,0.000892,0.000975
469.000000,0.003970,0.002906,0.005474,0.000917,-0.003728
470.000000,-0.006566,-0.001914,0.002386,-0.000392,-0.038808
471.000000,-0.003903,-0.002005,0.002300,-0.000054,0.017959
472.000000,-0.004612,-0.000597,0.002351,0.000414,0.000545
473.000000,-0.003522,0.001490,0.000878,0.001541,0.006423
474.000000,-0.004043,-0.000036,0.002350,0.000651,-0.006333
475.000000,0.004027,-0.001270,0.001234,0.002317,0.001542
476.000000,0.006293,0.001195,0.001942,0.004089,0.029288
477.000000,0.007272,0.001330,0.002845,0.004914,0.005441
478.000000,0.006948,0.001713,0.001742,0.004282,0.004802
479.000000,0.007936,0.001946,0.002426,0.004298,-0.001395
480.000000,0.008949,0.006488,0.002287,0.003753,0.006607
481.000000,-0.003587,0.001353,-0.000326,0.001984,-0.033391
482.000000,0.002488,0.004880,0.002141,0.003194,0.035814
483.000000,0.005363,0.006155,0.003823,0.002637,0.019177
484.000000,0.002858,0.005397,0.002680,0.003366,-0.013918
485.000000,-0.001950,0.003499,0.001115,0.001989,-0.017434
486.000000,0.000072,-0.001758,-0.000281,0.000709,-0.023281
487.000000,-0.008169,-0.002841,-0.000755,0.000950,-0.005388
488.000000,-0.019696,-0.007167,-0.002727,-0.001228,-0.038457
489.000000,-0.016875,-0.007008,-0.002531,-0.000719,0.000187
490.000000,-0.017337,-0.009644,-0.001578,-0.001690,-0.019746
491.000000,-0.015409,-0.007669,-0.003158,-0.002774,-0.013642
492.000000,-0.011546,-0.009857,-0.002489,-0.001858,0.013928
493.000000,0.001974,-0.008861,-0.001353,-0.000405,0.029143
494.000000,0.008337,-0.004269,0.000564,0.000364,0.032003
495.000000,0.012914,-0.002212,0.000644,0.000006,0.003136
496.000000,0.016713,0.000652,-0.000553,0.000030,0.005353
497.000000,0.015522,0.001988,-0.000426,0.000159,0.007976
498.000000,0.009057,0.005516,-0.000826,0.000021,-0.003183
499.000000,0.002798,0.005568,-0.000720,0.000169,0.000708
500.000000,0.002312,0.007613,-0.001015,0.001486,0.000708
501.000000,-0.000071,0.008321,0.000326,0.000668,-0.006565
502.000000,-0.003724,0.005899,-0.001979,0.000307,-0.010289
503.000000,-0.003376,0.002841,-0.003010,0.000045,-0.001440
504.000000,-0.010351,-0.003776,-0.004023,-0.000883,-0.034169
505.000000,-0.012798,-0.005243,-0.003727,-0.001318,-0.011528
506.000000,-0.011146,-0.005609,-0.002478,-0.002238,0.001695
507.000000,-0.003282,-0.003503,-0.000758,-0.001452,0.029031
508.000000,-0.006461,-0.004918,0.000299,-0.002190,-0.017336
509.000000,-0.002457,-0.006404,-0.000418,-0.002615,-0.014145
510.000000,-0.003040,-0.007919,-0.000153,-0.003317,-0.014443
511.000000,-0.002633,-0.006890,0.000715,-0.002079,0.003726
512.000000,-0.008573,-0.005928,-0.000014,-0.003295,-0.000668
513.000000,-0.005316,-0.005889,-0.001524,-0.003970,-0.001050
514.000000,-0.001040,-0.001748,-0.002762,-0.003265,0.007233
515.000000,0.003623,0.000292,-0.002476,-0.002388,0.008875
516.000000,0.006843,0.002105,-0.001752,-0.000951,0.019823
517.000000,0.003893,-0.002340,-0.002922,-0.001285,-0.015415
518.000000,0.004832,-0.000242,-0.002580,0.000118,0.003643
519.000000,0.003366,0.001163,-0.002620,0.000109,-0.000093
520.000000,0.004038,0.003831,-0.002044,0.001175,0.012234
521.000000,0.002746,0.004794,-0.001048,0.002075,0.013359
522.000000,0.003819,0.003856,-0.001036,0.001276,-0.010048
523.000000,0.008471,0.006651,0.000381,0.001201,0.026903
524.000000,0.012804,0.008085,0.003168,0.000853,0.021573
525.000000,0.006418,0.005228,0.002760,0.000092,-0.019698
526.000000,0.005416,0.004081,0.003093,0.000192,0.008350
527.000000,0.006734,0.005277,0.001468,-0.000189,-0.003456
528.000000,0.005535,0.007003,0.003380,0.000614,0.020907
529.000000,0.001169,0.006986,0.004075,0.000582,-0.000261
530.000000,0.005681,0.006049,0.004940,0.000654,0.002865
531.000000,0.006681,0.006049,0.005421,0.001318,0.013350
532.000000,0.009110,0.007922,0.005889,0.001950,0.008689
533.000000,0.004793,0.005164,0.005908,0.001976,-0.000679
534.000000,0.005912,0.003540,0.005813,0.003292,0.005333
535.000000,0.004289,0.004985,0.005107,0.003502,-0.005248
536.000000,0.002246,0.004464,0.004272,0.003550,0.003135
537.000000,-0.000323,0.004394,0.004835,0.002443,-0.004154
538.000000,0.001016,0.002904,0.004954,0.003222,0.006014
539.000000,-0.001474,0.002219,0.004602,0.003456,-0.007119
540.000000,-0.000714,0.001787,0.003918,0.003889,-0.001447
541.000000,-0.001972,0.000137,0.003093,0.003660,-0.003156
542.000000,0.000034,-0.000144,0.003889,0.003878,0.005878
543.000000,-0.002191,-0.000587,0.002288,0.003743,-0.005109
544.000000,-0.004698,-0.003086,0.000227,0.002846,-0.019657
545.000000,-0.005544,-0.003129,0.000928,0.002361,-0.005676
546.000000,-0.008162,-0.005067,-0.000302,0.001159,-0.016243
547.000000,-0.009391,-0.004678,-0.000142,0.001664,-0.000267
548.000000,-0.011292,-0.006741,-0.001918,0.001055,-0.014617
549.000000,-0.008666,-0.006682,-0.002232,0.000841,-0.006525
550.000000,-0.001688,-0.003616,-0.000914,0.001407,0.029211
551.000000,-0.001501,-0.004831,-0.002347,0.000451,-0.015306
552.000000,0.004001,-0.002695,-0.001419,0.001694,0.027244
553.000000,0.004148,-0.003572,-0.002080,0.000335,-0.013883
554.000000,0.010123,0.000729,-0.001179,0.000394,0.023349
555.000000,0.002213,0.000262,-0.001433,0.000706,-0.010339
556.000000,0.008136,0.003317,-0.000875,0.000905,0.014308
557.000000,0.001131,0.002566,-0.001056,0.000761,-0.007779
558.000000,0.005429,0.004789,-0.000976,0.000317,0.007607
559.000000,-0.003453,0.003335,-0.001673,-0.000376,-0.021059
560.000000,-0.001931,0.000141,-0.001738,-0.000563,-0.002730
561.000000,-0.005251,0.001442,-0.001694,-0.001084,-0.002295
562.000000,0.000468,0.000800,-0.000948,-0.000680,0.020818
563.000000,-0.000241,0.002594,-0.000489,-0.000522,0.004060
564.000000,-0.000846,-0.002149,-0.000710,-0.001502,-0.024083
565.000000,-0.001061,-0.001496,-0.000617,-0.001454,-0.003805
566.000000,0.002180,-0.001536,0.000891,-0.001095,0.013910
567.000000,-0.004748,-0.002140,0.000213,-0.001417,-0.013821
568.000000,-0.007806,-0.004024,0.000382,-0.001992,-0.011232
569.000000,-0.002721,-0.001783,0.000776,-0.001710,0.001344
570.000000,-0.002229,-0.001645,-0.000752,-0.001707,-0.001344
571.000000,-0.005495,-0.001658,-0.000108,-0.001682,-0.002423
572.000000,-0.002300,-0.003524,-0.001362,-0.001806,0.002154
573.000000,0.004591,-0.001608,0.000493,-0.000862,0.023222
574.000000,0.004654,0.000967,-0.000591,-0.000151,0.001663
575.000000,0.001358,-0.000435,-0.000966,-0.000556,-0.017826
576.000000,0.005075,-0.000210,-0.000873,0.000524,0.016163
577.000000,0.003907,0.000803,-0.000668,0.000410,-0.003686
578.000000,-0.000210,0.002190,-0.000917,0.000985,0.002635
579.000000,-0.000543,0.002056,0.000136,0.001203,0.000000
580.000000,-0.000321,0.000519,-0.000563,-0.000328,-0.016715
581.000000,0.001223,0.003149,0.000746,0.000978,0.023881
582.000000,-0.000317,0.001795,-0.000864,-0.000310,-0.011385
583.000000,-0.002987,-0.001598,-0.001603,-0.000204,-0.010714
584.000000,0.007877,0.003667,0.002317,0.000828,0.054316
585.000000,0.015623,0.007651,0.003608,0.001907,0.022016
586.000000,0.012440,0.006832,0.003311,0.001695,0.007969
587.000000,0.011400,0.005542,0.003173,0.001402,-0.016584
588.000000,0.014622,0.005818,0.004004,0.001328,0.005393
589.000000,0.001412,0.004644,0.003350,0.001639,-0.011736
590.000000,-0.001923,0.006850,0.003684,0.001908,0.005344
591.000000,-0.002569,0.004935,0.004042,0.002142,0.004736
592.000000,0.002415,0.006908,0.004351,0.001726,0.008336
593.000000,0.004532,0.009577,0.003989,0.002124,0.015982
594.000000,0.008154,0.004783,0.004225,0.003139,0.006370
595.000000,0.007021,0.002549,0.005100,0.003255,-0.000322
596.000000,0.007180,0.002305,0.004568,0.002976,0.005533
597.000000,0.005433,0.003924,0.004733,0.003423,-0.000400
598.000000,0.002220,0.003376,0.004597,0.003795,-0.000080
599.000000,0.002015,0.005085,0.004864,0.003928,0.005346
600.000000,0.001218,0.004120,0.005485,0.003829,-0.004306
601.000000,-0.002122,0.002529,0.003732,0.003538,-0.011171
602.000000,-0.000561,0.002436,0.004672,0.003713,0.007407
603.000000,-0.001897,0.000162,0.004869,0.002713,-0.006761
604.000000,-0.004474,-0.001229,0.001777,0.002407,-0.007539
605.000000,-0.002089,-0.000435,0.001057,0.003255,0.007620
606.000000,0.002872,0.000375,0.001340,0.003171,0.013635
607.000000,0.002614,0.001027,0.002475,0.003497,0.006115
608.000000,0.001144,-0.000377,0.001500,0.002939,-0.014113
609.000000,0.003677,-0.000399,0.002343,0.003110,0.005126
610.000000,0.001865,-0.000112,0.002004,0.003619,-0.001439
611.000000,-0.000654,0.001109,0.001819,0.002858,0.001040
612.000000,0.000664,0.001639,0.002037,0.003661,0.012707
613.000000,0.003755,0.002449,0.001305,0.004063,0.001341
614.000000,0.001115,0.002396,0.000583,0.001983,-0.008071
615.000000,-0.001752,0.000057,-0.000189,0.000723,-0.015775
616.000000,-0.001653,-0.001154,-0.000389,0.000509,0.001532
617.000000,-0.003358,-0.001347,-0.000160,0.001201,0.004182
618.000000,-0.002060,0.000848,0.000235,0.001282,0.007834
619.000000,-0.002398,-0.000641,-0.000520,0.001348,-0.009762
620.000000,0.003123,0.000686,0.000287,0.001564,0.011830
621.000000,0.002403,0.000375,0.000742,0.001338,-0.002068
622.000000,0.000897,-0.001231,0.000204,0.000948,-0.003350
623.000000,-0.002516,-0.002288,0.000081,0.000108,-0.009230
624.000000,0.000562,-0.000918,0.000739,0.000083,0.005628
625.000000,-0.004728,-0.000802,-0.000373,-0.000394,-0.014619
626.000000,-0.001519,0.000442,-0.000356,-0.000112,0.013977
627.000000,0.001750,0.001323,-0.000012,0.000334,0.012993
628.000000,0.003374,0.000429,0.000638,0.000300,-0.001109
629.000000,0.001119,0.000841,0.000100,-0.000066,-0.005645
630.000000,0.003692,-0.000518,0.000084,0.000019,-0.001756
631.000000,-0.006391,-0.003955,-0.001790,-0.000824,-0.036439
632.000000,-0.007718,-0.002984,-0.002107,-0.000859,0.006358
633.000000,-0.006380,-0.001503,-0.001895,-0.000447,0.005582
634.000000,-0.001633,-0.000257,-0.000587,0.000407,0.018089
635.000000,-0.000320,0.001686,0.000442,0.000313,0.004812
636.000000,0.003563,-0.001414,-0.000486,-0.000709,-0.017024
637.000000,0.003282,-0.002218,-0.000447,-0.000747,0.004952
638.000000,0.002554,-0.001913,-0.000742,-0.000212,0.001941
639.000000,-0.001647,-0.001640,-0.000400,-0.000480,-0.002914
640.000000,-0.006819,-0.003569,-0.002044,-0.001134,-0.021050
641.000000,-0.004260,-0.000349,-0.002152,-0.001309,-0.004230
642.000000,-0.009281,-0.003000,-0.002992,-0.002405,-0.020152
643.000000,-0.010315,-0.003880,-0.002692,-0.002557,-0.003228
644.000000,-0.011785,-0.006716,-0.003486,-0.002630,-0.010264
645.000000,-0.002633,-0.004726,-0.001520,-0.001281,0.024709
646.000000,-0.006660,-0.005460,-0.003437,-0.002144,-0.024366
647.000000,-0.001362,-0.005321,-0.003770,-0.002072,0.006339
648.000000,-0.001263,-0.005789,-0.003851,-0.002424,-0.002736
649.000000,-0.001744,-0.006764,-0.004202,-0.002521,-0.012668
650.000000,-0.007294,-0.004963,-0.004266,-0.003017,-0.003040
651.000000,-0.000568,-0.003614,-0.001981,-0.002639,0.009265
652.000000,-0.001165,-0.001263,-0.002131,-0.002416,0.003356
653.000000,-0.001513,-0.001388,-0.002634,-0.002257,-0.004477
654.000000,0.006199,0.002227,-0.002244,-0.001582,0.025891
655.000000,0.003073,-0.002111,-0.003418,-0.001717,-0.018670
656.000000,-0.000328,-0.000448,-0.002954,-0.002441,-0.007739
657.000000,-0.002124,-0.001645,-0.003483,-0.003061,-0.005627
658.000000,0.000465,-0.000524,-0.003156,-0.002742,0.008472
659.000000,-0.003289,0.001455,-0.002655,-0.002316,0.007119
660.000000,-0.001824,0.000624,-0.002170,-0.002636,-0.011346
661.000000,-0.003185,-0.001756,-0.002685,-0.001906,-0.014542
662.000000,-0.006997,-0.004560,-0.002912,-0.002941,-0.024686
663.000000,-0.012851,-0.006193,-0.003791,-0.003821,-0.020803
664.000000,-0.021319,-0.012304,-0.005038,-0.005597,-0.035219
665.000000,-0.022116,-0.011970,-0.007040,-0.006269,-0.015330
666.000000,-0.012505,-0.007845,-0.004146,-0.004584,0.033515
667.000000,-0.000018,-0.003507,-0.002576,-0.003491,0.037747
668.000000,0.004950,-0.003951,-0.002237,-0.003421,0.004038
669.000000,0.012280,-0.004519,-0.001532,-0.003276,0.001432
670.000000,0.007542,-0.007287,-0.003331,-0.003875,-0.039024
671.000000,0.002321,-0.005092,-0.003424,-0.003487,0.007411
672.000000,-0.005894,-0.002956,-0.003758,-0.002927,-0.003328
673.000000,-0.009932,-0.002491,-0.004342,-0.003357,-0.016150
674.000000,-0.003992,0.004144,-0.004080,-0.001978,0.031131
675.000000,-0.002545,0.002498,-0.004736,-0.003861,-0.031790
676.000000,-0.005996,-0.001838,-0.004841,-0.003377,-0.009842
677.000000,-0.003909,-0.004901,-0.004204,-0.003351,0.007107
678.000000,-0.002500,-0.006216,-0.005083,-0.003563,-0.009106
679.000000,-0.005681,-0.004837,-0.004678,-0.002634,0.015226
680.000000,0.002601,0.000028,-0.003630,-0.002212,0.009620
681.000000,0.001308,-0.002344,-0.003718,-0.003064,-0.016306
682.000000,-0.004025,-0.003967,-0.003462,-0.003828,-0.019559
683.000000,-0.001780,-0.002140,-0.002316,-0.003608,0.002117
684.000000,-0.006583,-0.006132,-0.000994,-0.004764,-0.008788
685.000000,-0.011832,-0.004616,-0.001059,-0.004696,-0.016626
686.000000,-0.009263,-0.003977,-0.002907,-0.004553,-0.003458
687.000000,-0.006881,-0.005453,-0.005177,-0.004621,-0.007649
688.000000,-0.008063,-0.004922,-0.005569,-0.005029,-0.003797
689.000000,-0.005387,-0.005985,-0.005411,-0.005114,0.004594
690.000000,0.000138,-0.005847,-0.002910,-0.004369,0.010999
691.000000,-0.001370,-0.005316,-0.003830,-0.004251,-0.010999
692.000000,0.004204,-0.001339,-0.002653,-0.002754,0.020221
693.000000,0.008102,0.000019,-0.001060,-0.001537,0.015695
694.000000,0.007759,0.001186,-0.002473,-0.000267,0.002880
695.000000,0.003226,0.001682,-0.001467,-0.000145,-0.011666
696.000000,0.009838,0.004234,0.000128,-0.000527,0.022059
697.000000,0.006097,0.005150,-0.000151,-0.001735,0.001517
698.000000,0.002844,0.005473,0.000276,-0.001888,-0.000568
699.000000,0.000402,0.004081,-0.000952,-0.002247,-0.009331
700.000000,0.001411,0.002318,-0.001764,-0.001167,-0.006622
701.000000,-0.000342,0.004748,-0.000284,-0.000971,0.013296
702.000000,-0.002478,0.001810,0.000235,-0.001165,-0.009164
703.000000,-0.004524,-0.000840,-0.000410,-0.000987,-0.010798
704.000000,-0.000364,0.000019,0.000603,-0.001642,0.011469
705.000000,0.000135,0.000773,0.001227,-0.000720,-0.004129
706.000000,0.003411,0.001534,0.002884,0.000597,0.029675
707.000000,0.007084,0.002303,0.003727,0.000667,0.009206
708.000000,0.008372,0.001924,0.003699,0.000825,-0.004360
709.000000,0.001699,0.000667,0.002374,-0.000412,-0.021898
710.000000,0.009031,0.004583,0.003451,0.000351,0.032532
711.000000,0.002801,0.003106,0.003927,0.000846,-0.001473
712.000000,0.002063,0.004574,0.003192,0.001682,0.005512
713.000000,0.005483,0.006928,0.003044,0.002036,0.012744
714.000000,0.009102,0.005400,0.002710,0.002202,-0.003806
715.000000,0.001667,0.005349,0.003061,0.002601,-0.004641
716.000000,0.000717,0.001759,0.001647,0.002509,-0.006222
717.000000,-0.000293,0.000885,0.001594,0.002779,0.000459
718.000000,-0.005075,0.000204,0.001064,0.002534,-0.011163
719.000000,-0.011126,-0.001012,-0.000172,0.001245,-0.034065
720.000000,-0.010717,-0.004525,0.000029,0.000792,-0.002595
721.000000,-0.012440,-0.005861,-0.001378,0.000664,-0.014834
722.000000,-0.012024,-0.006159,-0.000793,0.000075,0.002536
723.000000,-0.005913,-0.005494,0.000717,0.000198,0.019394
724.000000,-0.002181,-0.006654,-0.000627,-0.000411,-0.015407
725.000000,0.004115,-0.003301,0.001024,0.000940,0.028885
726.000000,0.006496,-0.002972,-0.000606,0.000107,-0.002927
727.000000,0.004889,-0.003567,-0.001341,-0.000127,-0.005499
728.000000,-0.000344,-0.003128,-0.001462,-0.000333,-0.006773
729.000000,0.001855,-0.000163,-0.000588,-0.000169,-0.004413
730.000000,-0.001780,0.001167,-0.001679,0.000408,0.010711
731.000000,0.002350,0.004423,-0.000719,0.000556,0.017725
732.000000,0.002382,0.003635,-0.001262,0.000683,-0.005341
733.000000,0.004636,0.002146,-0.001674,0.001193,0.004499
734.000000,0.002408,0.002131,-0.002261,0.000293,-0.015552
735.000000,-0.002008,-0.001894,-0.002598,0.000051,-0.011369
736.000000,-0.000524,0.000913,-0.001029,-0.000100,0.025142
737.000000,0.000750,0.001566,-0.001001,-0.000372,0.001030
738.000000,-0.005711,-0.000537,-0.001833,-0.001154,-0.027807
739.000000,-0.002793,-0.000192,-0.000178,-0.000456,-0.000963
740.000000,-0.000732,-0.001370,-0.000101,-0.001576,-0.001060
741.000000,-0.009891,-0.005208,-0.000392,-0.002215,-0.020655
742.000000,-0.006662,-0.002956,0.000340,-0.001826,0.017178
743.000000,-0.004614,-0.005163,-0.001508,-0.002837,-0.017572
744.000000,-0.000830,-0.001812,0.000160,-0.002111,0.017959
745.000000,-0.007226,-0.003979,-0.002936,-0.003058,-0.033041
746.000000,-0.003897,-0.006894,-0.002990,-0.002984,-0.004007
747.000000,-0.005076,-0.005869,-0.002152,-0.002624,0.011279
748.000000,0.000924,-0.001845,-0.001191,-0.001837,0.012429
749.000000,0.001580,0.000375,0.000091,0.000006,0.021241
750.000000,0.007458,0.000116,-0.000627,-0.000029,-0.003653
751.000000,0.007119,0.001611,-0.001798,0.000276,-0.005699
752.000000,0.008187,0.001555,-0.000700,0.000745,0.016620
753.000000,0.003826,0.002375,-0.001394,-0.000214,-0.009381
754.000000,-0.003075,-0.000748,-0.001280,-0.000143,-0.013263
755.000000,-0.004481,0.001489,-0.001245,-0.001461,-0.010680
756.000000,-0.005142,0.000989,-0.002953,-0.001664,-0.009004
757.000000,-0.013886,-0.002849,-0.004359,-0.002384,-0.027101
758.000000,-0.021397,-0.008786,-0.005316,-0.003723,-0.046938
759.000000,-0.018659,-0.010867,-0.005246,-0.003562,0.000428
760.000000,-0.016566,-0.010523,-0.005204,-0.003926,-0.000214
761.000000,-0.012912,-0.009027,-0.003708,-0.004208,0.009267
762.000000,-0.010375,-0.012130,-0.005287,-0.004510,-0.014416
763.000000,-0.001806,-0.011602,-0.004614,-0.004797,-0.004096
764.000000,-0.003867,-0.011263,-0.006005,-0.004607,-0.009877
765.000000,-0.004743,-0.010654,-0.004583,-0.004382,-0.004592
766.000000,-0.010022,-0.011467,-0.005239,-0.005791,-0.017130
767.000000,-0.006360,-0.008367,-0.005608,-0.005695,0.003894
768.000000,-0.002194,-0.002000,-0.005393,-0.004210,0.016737
769.000000,-0.002238,-0.003052,-0.006960,-0.004515,-0.010097
770.000000,0.006914,0.001086,-0.004719,-0.003107,0.041166
771.000000,0.009066,-0.000478,-0.004752,-0.002631,-0.006371
772.000000,0.006704,0.000172,-0.005979,-0.003468,-0.007914
773.000000,0.008529,0.003168,-0.004217,-0.002020,0.025863
774.000000,0.008233,0.002998,-0.004133,-0.003004,-0.011577
775.000000,-0.003718,0.001598,-0.004528,-0.002523,-0.018590
776.000000,0.002519,0.005793,-0.002837,-0.001562,0.024816
777.000000,0.011496,0.009100,0.000366,-0.000706,0.036969
778.000000,0.006708,0.007619,0.002809,-0.001056,0.001924
779.000000,0.006109,0.007171,0.002059,-0.002250,-0.014575
780.000000,0.009560,0.002921,0.002003,-0.002172,-0.001336
781.000000,0.001028,0.001774,0.000648,-0.002577,-0.017841
782.000000,-0.009658,0.000919,0.000546,-0.003680,-0.016461
783.000000,-0.005124,0.000792,0.001980,-0.002547,0.024591
784.000000,0.005788,0.005948,0.004473,-0.000772,0.039987
785.000000,0.009986,0.009773,0.005685,0.000239,0.019654
786.000000,0.012908,0.006968,0.006380,0.000431,-0.003233
787.000000,0.015571,0.002957,0.006028,0.001230,-0.003145
788.000000,0.017369,0.006123,0.006871,0.003914,0.033583
789.000000,0.004731,0.005260,0.006215,0.003126,-0.023204
790.000000,0.000313,0.005149,0.004035,0.003052,-0.002438
791.000000,0.004117,0.008513,0.005143,0.003269,0.015791
792.000000,0.006355,0.010963,0.005941,0.004018,0.008041
793.000000,-0.001874,0.007748,0.004270,0.003902,-0.007561
794.000000,0.007907,0.006319,0.006134,0.005088,0.025702
795.000000,0.009403,0.004858,0.007315,0.005410,0.005043
796.000000,0.005573,0.004845,0.005907,0.005869,-0.003359
797.000000,0.004711,0.005533,0.004245,0.005863,0.003732
798.000000,0.008925,0.003525,0.004824,0.005756,0.013505
799.000000,-0.002677,0.002615,0.003937,0.005015,-0.032306
800.000000,-0.003990,0.002707,0.003928,0.003592,-0.001519
801.000000,-0.001671,0.001951,0.005232,0.004079,0.008234
802.000000,-0.001439,0.001636,0.006299,0.004506,0.004890
803.000000,-0.002385,0.003270,0.005509,0.003937,0.008779
804.000000,0.003387,0.000355,0.003337,0.004208,-0.003446
805.000000,0.008047,0.002029,0.003443,0.005553,0.021780
806.000000,0.012585,0.005457,0.005151,0.005757,0.030921
807.000000,0.012543,0.005552,0.005542,0.004680,0.004680
808.000000,0.011771,0.004693,0.004109,0.004780,0.004921
809.000000,0.012443,0.007915,0.005265,0.005263,-0.000088
810.000000,0.006308,0.007178,0.004942,0.005011,-0.008894
811.000000,-0.002512,0.005036,0.003494,0.005167,-0.013178
812.000000,-0.002875,0.004834,0.003235,0.005811,0.002864
813.000000,-0.002328,0.004722,0.003996,0.005246,0.007657
814.000000,0.000508,0.006475,0.003415,0.004383,0.014091
815.000000,0.001235,0.003771,0.002900,0.003553,-0.005261
816.000000,0.003536,0.000512,0.002984,0.003605,-0.001672
817.000000,0.000107,-0.001384,0.002084,0.003234,-0.014279
818.000000,-0.002463,-0.002395,0.001149,0.001941,-0.005194
819.000000,-0.004904,-0.002198,0.002858,0.002777,0.001884
820.000000,-0.004931,-0.001848,0.002665,0.002679,-0.005392
821.000000,-0.003679,-0.000072,0.002482,0.002305,0.004585
822.000000,0.000054,0.000080,0.002457,0.002183,0.004385
823.000000,0.002888,0.000213,0.002467,0.002735,0.008979
824.000000,0.006992,0.001044,0.003760,0.002625,0.022404
825.000000,0.009554,0.002312,0.003041,0.002704,0.007415
826.000000,0.009408,0.002865,0.001688,0.002944,0.003858
827.000000,0.008873,0.004463,0.001540,0.002877,0.001710
828.000000,0.005585,0.004237,0.000921,0.002178,-0.007460
829.000000,0.000121,0.003557,0.000679,0.003091,-0.004918
830.000000,-0.002455,0.003550,0.000851,0.002960,-0.005464
831.000000,-0.003018,0.003195,0.001562,0.002720,0.001043
832.000000,-0.003951,0.002461,0.001271,0.002458,-0.002958
833.000000,-0.000465,0.002560,0.001386,0.002498,0.009970
834.000000,0.000121,0.000121,0.000583,0.002547,-0.001986
835.000000,-0.001309,-0.001882,0.000215,0.001400,-0.012613
836.000000,-0.002870,-0.002944,-0.000040,0.000144,-0.006763
837.000000,-0.002684,-0.003318,0.000573,-0.000079,-0.002029
838.000000,-0.006238,-0.003352,0.000443,-0.000503,-0.007801
839.000000,-0.008187,-0.004033,-0.000238,-0.000891,-0.011727
840.000000,-0.004533,-0.002921,0.000314,-0.000406,0.005657
841.000000,-0.002269,-0.002569,0.000313,0.000185,0.004556
842.000000,-0.003474,-0.003079,-0.000309,-0.000179,-0.008054
843.000000,0.002547,-0.001846,0.000357,0.000309,0.022303
844.000000,0.005103,-0.001542,-0.000710,-0.000126,0.001054
845.000000,0.004130,-0.000202,-0.001042,0.000076,0.000790
846.000000,0.001580,-0.000344,-0.001644,-0.000141,-0.008191
847.000000,0.005827,0.001176,-0.001071,0.000774,0.013178
848.000000,-0.000105,0.001221,-0.001066,0.000702,-0.007358
849.000000,-0.002954,0.001075,-0.001479,0.000200,-0.013187
850.000000,-0.006743,-0.001307,-0.002114,-0.000226,-0.018159
851.000000,-0.003407,-0.000913,-0.001741,-0.000096,0.008491
852.000000,-0.004930,0.000448,-0.001315,-0.000057,0.005562
853.000000,-0.000123,-0.000114,-0.000980,0.000200,0.016677
854.000000,0.006141,0.001594,0.000026,0.000058,0.018133
855.000000,0.011527,0.002392,0.001095,0.000103,0.008773
856.000000,0.009383,0.002988,0.001322,-0.000100,-0.002229
857.000000,0.007480,0.001275,0.001226,-0.000289,-0.003956
858.000000,0.004334,0.002105,0.001663,-0.000009,0.000947
859.000000,0.002950,0.004545,0.002810,0.000529,0.011214
860.000000,0.002401,0.006964,0.002829,0.000912,0.006026
861.000000,0.004078,0.006731,0.002909,0.001083,0.006158
862.000000,0.004735,0.006107,0.003278,0.001159,-0.000673
863.000000,0.004865,0.004599,0.002242,0.000880,0.001598
864.000000,0.002151,0.002550,0.002072,0.000867,-0.002355
865.000000,-0.002520,-0.000060,0.001166,0.000710,-0.017330
866.000000,-0.005059,-0.000490,0.001249,0.000718,-0.006534
867.000000,-0.004614,0.000060,0.000668,0.000837,0.001551
868.000000,-0.005866,-0.000501,0.000802,0.000942,-0.004661
869.000000,-0.004859,-0.001354,0.001596,0.001422,0.002679
870.000000,0.000000,-0.001260,0.002852,0.001466,0.006965
871.000000,0.003522,-0.000768,0.002981,0.001683,0.011078
872.000000,0.001886,-0.001364,0.002372,0.001730,-0.006632
873.000000,0.004127,-0.000869,0.001865,0.001205,0.006547
874.000000,0.007835,0.001488,0.002019,0.001877,0.021216
875.000000,-0.007562,-0.003781,-0.001920,-0.000483,-0.070019
876.000000,-0.017507,-0.006992,-0.003741,-0.001498,-0.038648
877.000000,-0.012969,-0.005542,-0.002741,-0.001402,0.016058
878.000000,-0.011100,-0.003486,-0.001993,-0.000627,0.015893
879.000000,-0.009690,-0.000928,-0.001141,0.000755,0.028265
880.000000,0.006169,-0.000697,-0.000978,0.001669,0.009276
881.000000,0.008281,-0.004613,-0.002691,0.000450,-0.028090
882.000000,0.005371,-0.003799,-0.002582,0.000315,0.001508
883.000000,0.002404,-0.004348,-0.002608,-0.000206,0.001063
884.000000,0.001527,-0.004082,-0.001297,-0.000014,0.023878
885.000000,0.002776,0.004473,0.000346,0.000211,0.015523
886.000000,0.010965,0.009623,0.001315,0.000713,0.012852
887.000000,0.010344,0.007857,0.001158,0.000792,-0.001598
888.000000,0.009946,0.006175,0.001344,0.000729,-0.000926
889.000000,0.005893,0.003710,0.001391,0.000476,0.003615
890.000000,0.003074,0.002925,0.001114,0.000323,0.001426
891.000000,-0.000050,0.005457,0.000422,0.000025,-0.002769
892.000000,0.001124,0.005734,0.000967,0.000190,0.004277
893.000000,-0.000455,0.004745,0.000199,-0.000157,-0.008825
894.000000,-0.001060,0.002417,-0.000832,-0.000059,0.000591
895.000000,-0.001937,0.000569,0.002521,0.000420,-0.002957
896.000000,0.002737,0.001344,0.005483,0.001325,0.020602
897.000000,-0.004365,-0.001620,0.003118,0.000232,-0.031235
898.000000,-0.003801,-0.002128,0.002024,0.000187,-0.006004
899.000000,-0.007093,-0.004077,-0.000183,-0.000431,-0.015870
900.000000,-0.007255,-0.004596,-0.000835,-0.000789,-0.003766
901.000000,-0.012996,-0.005129,0.000164,-0.001428,-0.008105
902.000000,-0.003921,-0.004143,0.000796,-0.000736,0.014141
903.000000,-0.002041,-0.002921,0.000912,-0.000841,0.003396
904.000000,0.004734,-0.001180,0.000618,-0.000948,0.018003
905.000000,0.006933,-0.000161,0.000204,0.001627,0.007230
906.000000,0.009535,-0.001731,-0.000194,0.003078,0.004904
907.000000,0.007984,0.002032,0.000206,0.002756,0.006389
908.000000,0.006785,0.002372,0.000122,0.002140,-0.002601
909.000000,0.000852,0.002793,-0.000642,0.000809,-0.011662
910.000000,0.001469,0.004201,-0.000197,0.000843,0.010317
911.000000,0.000623,0.005079,-0.000025,0.001802,0.000673
912.000000,-0.000638,0.003673,-0.000235,0.001755,0.000084
913.000000,0.000487,0.003636,0.000357,0.001820,0.003022
914.000000,0.001339,0.001095,-0.000042,0.000777,-0.007403
915.000000,-0.001198,0.000136,-0.000013,0.000181,-0.002367
916.000000,-0.000168,0.000227,-0.000752,-0.000053,0.005823
917.000000,-0.001909,-0.001273,0.000379,-0.000287,-0.008620
918.000000,-0.002734,-0.001124,0.000624,-0.000293,-0.001104
919.000000,-0.000948,0.000195,0.001494,-0.000363,0.001528
920.000000,0.000254,-0.000472,0.001864,-0.000289,0.003641
921.000000,-0.002523,-0.001346,0.001867,-0.000465,-0.008063
922.000000,-0.003234,-0.002572,0.000551,-0.001014,-0.012174
923.000000,-0.002153,-0.002443,0.000596,-0.000576,0.004304
924.000000,-0.001345,-0.001146,-0.000026,-0.000410,0.005567
925.000000,-0.003066,-0.001406,-0.000635,-0.000477,-0.004966
926.000000,-0.001557,-0.002040,-0.000906,-0.001181,-0.000515
927.000000,0.000482,-0.001376,-0.001325,-0.000206,-0.001977
928.000000,-0.006867,-0.004510,-0.002817,-0.001087,-0.032446
929.000000,-0.004073,-0.002709,-0.001257,0.000093,0.019541
930.000000,-0.004023,-0.003545,-0.002009,0.000061,-0.004718
931.000000,-0.003273,-0.002415,-0.001880,0.000439,0.003235
932.000000,-0.001312,-0.000415,-0.001493,0.000229,0.007826
933.000000,0.002456,-0.002206,-0.002325,-0.000338,-0.013604
934.000000,0.000383,-0.001845,-0.001496,-0.000632,0.009177
935.000000,0.001501,-0.001261,-0.001334,-0.000844,0.000870
936.000000,0.004284,0.000505,-0.000767,-0.000436,0.017150
937.000000,0.005350,0.002019,0.000321,-0.000210,0.013158
938.000000,0.003274,0.002865,-0.000822,-0.000923,-0.023982
939.000000,-0.000610,-0.000113,-0.001411,-0.000876,-0.010245
940.000000,0.001006,0.001253,-0.001146,-0.000921,0.008948
941.000000,0.001142,0.002713,0.000149,-0.000349,0.017830
942.000000,-0.002478,0.001436,0.000511,-0.000517,-0.004940
943.000000,0.011040,0.007157,0.002476,0.000836,0.043605
944.000000,0.010174,0.004782,0.001469,0.000597,-0.014574
945.000000,0.006082,0.003544,0.001141,0.000292,-0.011512
946.000000,0.005927,0.003534,0.002020,0.000666,0.017053
947.000000,0.005972,0.001747,0.001883,0.000797,-0.004713
948.000000,-0.004363,0.003338,0.003102,0.000564,-0.008071
949.000000,-0.005943,0.002116,0.001001,-0.000236,-0.022473
950.000000,-0.006810,-0.000364,0.000445,-0.000885,-0.015846
951.000000,-0.008371,-0.001222,0.000745,-0.000308,0.009245
952.000000,-0.007377,-0.000703,0.000367,0.000106,0.000258
953.000000,-0.004905,-0.004634,0.001262,0.000106,0.004290
954.000000,-0.002614,-0.004279,0.000252,-0.000447,-0.011019
955.000000,0.001332,-0.002739,0.000403,-0.000152,0.003888
956.000000,0.002020,-0.003176,0.000179,0.000288,0.012681
957.000000,0.002919,-0.002229,-0.000241,0.000512,0.004757
958.000000,0.010328,0.002711,0.003025,0.002972,0.041334
959.000000,0.007059,0.002222,0.002169,0.001408,-0.027365
960.000000,0.004519,0.002926,0.001281,0.001272,-0.008813
961.000000,0.005326,0.003673,0.001225,0.001721,0.016720
962.000000,0.000339,0.001629,0.000463,0.000788,-0.020182
963.000000,-0.006932,0.001698,-0.001468,0.001407,0.004979
964.000000,0.000084,0.003571,-0.000354,0.001358,0.007714
965.000000,0.000572,0.002546,-0.000097,0.001117,-0.006368
966.000000,-0.003867,0.000730,-0.001223,0.000363,-0.005479
967.000000,-0.001256,-0.000459,-0.001344,-0.000313,-0.007125
968.000000,-0.002099,-0.004515,-0.000902,0.000511,0.000766
969.000000,0.007412,0.003748,0.002985,0.002695,0.055266
970.000000,0.009953,0.005263,0.004094,0.002608,0.006339
971.000000,0.013939,0.005036,0.004355,0.002496,0.014452
972.000000,0.021421,0.010082,0.005856,0.003670,0.030282
973.000000,0.022731,0.010316,0.006007,0.002460,0.007315
974.000000,0.012450,0.009931,0.006751,0.003075,0.003865
975.000000,0.013080,0.011516,0.007031,0.003774,0.009484
976.000000,0.010039,0.011989,0.006359,0.003181,-0.000749
977.000000,0.001827,0.011624,0.005583,0.002979,-0.010779
978.000000,-0.000776,0.010977,0.003231,0.003058,-0.005700
979.000000,-0.000773,0.005839,0.004793,0.003936,0.003880
980.000000,-0.002670,0.005205,0.005234,0.004464,0.000000
981.000000,-0.002292,0.003874,0.004455,0.004194,0.001138
982.000000,0.001465,0.001646,0.005864,0.004452,0.008007
983.000000,-0.001070,-0.000923,0.004697,0.003697,-0.018374
984.000000,-0.000563,-0.000668,0.004632,0.004278,0.006416
985.000000,0.003014,0.000172,0.005844,0.004745,0.017884
986.000000,0.007925,0.002816,0.007403,0.005178,0.025694
987.000000,0.005740,0.003602,0.007613,0.004923,-0.002920
988.000000,0.008580,0.003755,0.007366,0.003406,-0.004176
989.000000,0.007560,0.003499,0.004669,0.004362,0.001321
990.000000,0.007659,0.005337,0.005271,0.005268,0.018378
991.000000,0.000611,0.004268,0.004071,0.004393,-0.009547
992.000000,0.004010,0.004875,0.003260,0.005534,0.014071
993.000000,0.001725,0.005152,0.002115,0.004848,-0.015598
994.000000,0.000980,0.004270,0.001801,0.004511,-0.002405
995.000000,-0.004896,0.001381,0.000777,0.004357,-0.011004
996.000000,-0.002045,-0.000717,0.001050,0.004696,0.004710
997.000000,-0.006777,-0.001384,0.001109,0.004614,-0.009590
998.000000,-0.003776,-0.001026,0.001365,0.004569,-0.000593
999.000000,-0.002201,-0.000610,0.001444,0.002909,0.005473
1000.000000,0.000000,-0.002448,0.001444,0.002698,0.000000
1001.000000,-0.000942,-0.001494,0.001387,0.002216,0.000000
1002.000000,0.001624,-0.002577,0.001149,0.001315,0.003240
1003.000000,0.001772,-0.001002,0.002075,0.001076,0.000147
1004.000000,-0.001228,-0.001714,0.001278,0.000629,-0.009528
1005.000000,-0.001065,-0.000533,0.000424,0.000340,0.000816
1006.000000,-0.001734,-0.001338,-0.001027,0.000254,-0.003343
1007.000000,0.003686,0.002655,0.000636,0.001625,0.030339
1008.000000,0.002818,0.002295,0.000635,0.001675,-0.004195
1009.000000,0.004404,0.001588,0.000489,0.001492,-0.001596
1010.000000,0.005356,0.002145,-0.000151,0.001678,0.005575
1011.000000,0.005735,0.002001,0.000254,0.001592,-0.001445
1012.000000,0.001424,0.002555,-0.000011,0.001618,0.008782
1013.000000,0.005293,0.004055,0.001527,0.002735,0.015150
1014.000000,0.004338,0.004371,0.001328,0.002309,-0.006374
1015.000000,0.004963,0.005159,0.002313,0.002003,0.008700
1016.000000,0.001914,0.003825,0.001243,0.000590,-0.016689
1017.000000,0.000615,0.001020,0.001837,0.000764,0.002289
1018.000000,-0.002357,0.001468,0.001881,0.000912,0.000286
1019.000000,-0.000284,0.002027,0.001807,0.001001,0.003992
1020.000000,-0.002794,0.001084,0.001615,0.000261,-0.003849
1021.000000,0.003394,0.002654,0.002328,0.001054,0.014253
1022.000000,0.017829,0.009222,0.005889,0.003067,0.074465
1023.000000,0.017654,0.007649,0.005852,0.003567,-0.000588
1024.000000,0.013998,0.006857,0.005614,0.003171,-0.014292
1025.000000,0.012848,0.005027,0.005093,0.003218,-0.009598
1026.000000,0.008221,0.005808,0.004816,0.002765,-0.008880
1027.000000,-0.006983,0.005423,0.003222,0.003033,-0.001555
1028.000000,-0.007014,0.005320,0.003394,0.003028,-0.000745
1029.000000,-0.001358,0.006320,0.004173,0.003312,0.013989
1030.000000,0.000869,0.006858,0.003971,0.003363,0.001535
1031.000000,0.001910,0.005066,0.003860,0.003240,-0.003674
1032.000000,0.001174,-0.002904,0.003159,0.002958,-0.005234
1033.000000,0.003624,-0.001695,0.002977,0.003336,0.011506
1034.000000,0.002284,0.000463,0.003660,0.003897,0.007290
1035.000000,0.002716,0.001792,0.003409,0.003993,0.003691
1036.000000,0.003713,0.002812,0.004310,0.004148,0.001315
1037.000000,0.005128,0.003151,0.004287,0.003198,0.001838
1038.000000,0.002025,0.002825,0.004072,0.003204,-0.004008
1039.000000,0.000620,0.001452,0.003886,0.003266,0.000263
1040.000000,-0.000237,0.001239,0.004049,0.003061,-0.000593
1041.000000,0.000878,0.002296,0.003681,0.003339,0.006892
1042.000000,-0.001342,0.001893,-0.000506,0.002737,-0.009266
1043.000000,-0.000977,0.000524,-0.000585,0.002159,-0.002181
1044.000000,-0.000871,-0.000126,0.000169,0.002398,0.000794
1045.000000,-0.000964,-0.000600,0.000596,0.002073,-0.001058
1046.000000,0.003373,0.002126,0.002469,0.003582,0.028575
1047.000000,0.002075,0.000367,0.001759,0.002980,-0.015752
1048.000000,0.002459,0.000741,0.001783,0.002962,-0.000261
1049.000000,0.002536,0.000832,0.001142,0.002868,0.001176
1050.000000,0.003256,0.001146,0.001193,0.003081,0.002543
1051.000000,-0.003177,0.000098,0.001197,0.002487,-0.003588
1052.000000,-0.001140,0.000468,0.001180,-0.000181,-0.005570
1053.000000,0.001692,0.002076,0.001300,0.000302,0.013900
1054.000000,0.001638,0.002087,0.000981,0.000808,0.000907
1055.000000,-0.001477,0.000889,0.000145,0.000694,-0.013034
1056.000000,0.004446,0.000635,0.001380,0.001857,0.026028
1057.000000,0.004471,0.001665,0.001016,0.001728,-0.005447
1058.000000,0.002166,0.001929,0.001335,0.001832,0.002375
1059.000000,0.001933,0.001786,0.001309,0.001357,-0.000256
1060.000000,0.002218,0.000370,0.000758,0.000919,-0.011609
1061.000000,-0.002392,0.001027,0.000563,0.001140,0.002980
1062.000000,-0.001989,0.001241,0.000854,0.001200,-0.003434
1063.000000,-0.003544,-0.000689,0.000693,0.000637,-0.005401
1064.000000,-0.004016,-0.001041,0.000523,0.000307,-0.002614
1065.000000,0.001280,0.001749,0.001319,0.000679,0.014871
1066.000000,-0.000181,-0.001286,-0.000326,0.000491,-0.004328
1067.000000,0.001680,-0.000154,0.000755,0.000626,0.005874
1068.000000,0.003185,-0.000180,0.000875,0.000830,0.002122
1069.000000,0.003193,-0.000411,0.000687,0.000736,-0.002572
1070.000000,0.001054,0.001167,0.000769,0.000895,0.004176
1071.000000,0.000917,0.000368,0.000698,0.000498,-0.005014
1072.000000,0.000643,0.001161,0.001201,0.000957,0.004501
1073.000000,-0.000553,0.001316,0.000313,0.000901,-0.003857
1074.000000,0.000951,0.002072,0.000515,0.001039,0.004947
1075.000000,0.000192,0.000623,0.001186,0.001087,0.000384
1076.000000,-0.006484,-0.002783,-0.002035,-0.001145,-0.038393
1077.000000,-0.009795,-0.004576,-0.002365,-0.001022,-0.012054
1078.000000,-0.006227,-0.003390,-0.001785,-0.000547,0.013982
1079.000000,-0.008536,-0.003793,-0.002102,-0.000806,-0.006599
1080.000000,-0.008546,-0.004177,-0.001505,-0.000880,0.000334
1081.000000,0.004723,-0.000880,-0.000256,0.000172,0.027952
1082.000000,0.006835,-0.001480,-0.000159,0.000307,-0.001496
1083.000000,0.008366,0.001070,0.001193,0.000565,0.021641
1084.000000,0.013710,0.002587,0.002330,0.001206,0.020121
1085.000000,0.013418,0.002436,0.001530,0.001603,-0.001125
1086.000000,0.006964,0.005843,0.001530,0.000591,-0.004323
1087.000000,0.004837,0.005836,0.000630,0.000369,-0.012128
1088.000000,-0.000574,0.003896,0.000253,0.000109,-0.005417
1089.000000,-0.005277,0.004217,0.000212,0.000004,-0.003392
1090.000000,-0.006894,0.003262,-0.000457,0.000084,-0.009211
1091.000000,-0.005564,0.000700,-0.000090,0.000062,0.002327
1092.000000,-0.001224,0.001807,0.000163,0.000496,0.009573
1093.000000,-0.000473,-0.000524,0.000273,0.000621,-0.001664
1094.000000,0.001482,-0.001897,0.000345,0.000921,0.006384
1095.000000,0.003972,-0.001461,0.000488,0.000533,0.003240
1096.000000,0.002528,-0.001518,0.002162,0.000514,-0.004897
1097.000000,-0.000884,-0.001054,0.002391,0.000069,-0.007486
1098.000000,0.002407,0.000967,0.002431,0.000491,0.014791
1099.000000,0.000470,0.000976,0.002596,0.000467,-0.003296
1100.000000,-0.005010,-0.000519,0.001372,-0.000478,-0.024163
1101.000000,-0.003407,-0.000440,0.000130,-0.000207,0.003117
1102.000000,0.002121,0.000618,0.001212,0.000315,0.020156
1103.000000,0.000543,0.001475,0.000476,0.000674,0.006903
1104.000000,0.001379,0.000925,-0.000486,0.000538,0.000883
1105.000000,0.005479,0.000234,-0.000613,0.000403,-0.003664
1106.000000,0.006432,0.001512,-0.000003,0.001946,0.007880
1107.000000,0.002425,0.002273,0.000610,0.002352,0.000126
1108.000000,0.001170,0.000857,0.000912,0.001907,0.000628
1109.000000,0.000164,0.000772,0.000874,0.001988,-0.004150
1110.000000,0.003836,0.004658,0.002069,0.002467,0.014697
1111.000000,0.003893,0.005162,0.002361,0.001807,0.008162
1112.000000,0.003584,0.003005,0.001812,0.001810,-0.001417
1113.000000,0.000451,0.000811,0.001143,0.000587,-0.015036
1114.000000,-0.001518,-0.000677,0.000124,-0.000550,-0.013995
1115.000000,-0.001271,0.001283,0.000759,0.000019,0.015934
1116.000000,-0.000320,0.001786,0.001649,0.000593,0.012912
1117.000000,-0.001064,0.001260,0.001767,0.000826,-0.005132
1118.000000,0.001584,0.001018,0.000937,0.000947,-0.001800
1119.000000,0.002949,0.000716,0.000744,0.000821,-0.007168
1120.000000,0.001928,0.000329,0.002493,0.001489,0.010826
1121.000000,0.002403,0.001041,0.003102,0.001921,0.015291
1122.000000,0.003393,0.001165,0.002085,0.001596,-0.000183
1123.000000,0.001411,0.001497,0.001154,0.001261,-0.011710
1124.000000,0.000325,0.001637,0.000480,0.000628,-0.012598
1125.000000,-0.001329,0.000299,0.000791,0.000606,0.002557
1126.000000,-0.002329,0.000037,0.000912,0.001112,0.010288
1127.000000,-0.003319,0.000037,0.000649,0.001190,-0.005131
1128.000000,-0.003459,-0.001024,-0.000003,0.000284,-0.012409
1129.000000,0.000511,0.000418,0.000567,0.000635,0.007252
1130.000000,-0.002142,-0.001735,-0.000703,0.001084,-0.010709
1131.000000,-0.000284,-0.001307,-0.000133,0.001632,0.019578
1132.000000,0.001826,-0.000746,0.000209,0.001141,0.005419
1133.000000,0.005105,0.000823,0.001160,0.001044,0.003984
1134.000000,0.002796,0.001654,0.001645,0.000871,-0.004291
1135.000000,0.006943,0.002400,0.001350,0.001328,0.010024
1136.000000,0.003343,0.001530,0.000783,0.001118,0.001580
1137.000000,0.001615,0.001720,0.000879,0.001006,-0.003223
1138.000000,0.002722,0.003913,0.001445,0.001302,0.009518
1139.000000,0.003519,0.003158,0.001788,0.001431,-0.000302
1140.000000,0.003509,0.005226,0.001745,0.001273,0.009969
1141.000000,0.001946,0.002644,0.000669,0.000793,-0.006234
1142.000000,0.001614,0.001614,0.000434,0.000678,-0.004883
1143.000000,0.001934,0.002328,0.001575,0.001549,0.011117
1144.000000,0.001383,0.002451,0.002053,0.001914,-0.003052
1145.000000,-0.002719,0.000395,0.001397,0.001031,-0.010545
1146.000000,-0.002834,-0.000444,0.000543,0.000374,-0.006808
1147.000000,-0.002909,-0.000648,0.000536,0.000370,-0.005259
1148.000000,-0.005526,-0.001796,0.001059,0.000364,-0.001964
1149.000000,-0.002242,-0.000429,0.001364,0.001049,0.013364
1150.000000,-0.000740,-0.001730,0.001748,0.000587,-0.003035
1151.000000,0.001301,-0.000767,0.000939,0.000190,0.003399
1152.000000,0.000576,-0.001167,0.000224,-0.000100,-0.008886
1153.000000,0.002976,-0.001275,0.000526,0.000625,0.010037
1154.000000,0.000678,-0.000782,0.000835,0.001108,0.001875
1155.000000,0.000522,-0.000109,0.000143,0.000895,-0.003813
1156.000000,0.000955,0.001128,0.000342,0.000738,0.005564
1157.000000,0.002467,0.001521,0.000437,0.000865,-0.001328
1158.000000,0.000508,0.001742,-0.000027,0.001286,0.000242
1159.000000,-0.004052,-0.001687,-0.001058,0.000347,-0.020925
1160.000000,-0.003969,-0.001723,-0.001727,0.000591,-0.003396
1161.000000,-0.002256,-0.000650,-0.000709,0.000409,0.014127
1162.000000,-0.001795,0.000336,-0.000416,0.000261,0.000975
1163.000000,-0.001953,-0.000723,-0.000999,0.000110,-0.000549
1164.000000,-0.001175,-0.002613,-0.001698,-0.000315,-0.017031
1165.000000,-0.000347,-0.002158,-0.001133,-0.000624,0.000744
1166.000000,-0.004316,-0.003286,-0.001079,-0.000867,-0.005717
1167.000000,-0.001161,-0.001478,0.000021,-0.000202,0.016748
1168.000000,-0.004963,-0.003458,-0.000858,-0.001171,-0.019556
1169.000000,-0.001406,-0.001291,-0.001489,-0.001136,0.000750
1170.000000,-0.002206,-0.001276,-0.001500,-0.001576,-0.003253
1171.000000,-0.001112,-0.002714,-0.001682,-0.001377,-0.000251
1172.000000,-0.003449,-0.002305,-0.000985,-0.001045,0.005063
1173.000000,0.003236,-0.000863,-0.000793,-0.000954,0.013870
1174.000000,0.004849,0.001721,-0.000446,-0.000558,0.008816
1175.000000,0.005865,0.001830,-0.000164,-0.000146,0.001827
1176.000000,0.004756,0.001822,-0.000732,-0.000112,-0.005797
1177.000000,0.002405,-0.000522,-0.001000,-0.000160,-0.006693
1178.000000,-0.000074,0.001581,-0.000938,-0.000045,0.001477
1179.000000,-0.000061,0.002394,0.000552,-0.000195,0.008880
1180.000000,0.005378,0.005622,0.002173,0.000874,0.029024
1181.000000,0.006869,0.005813,0.001549,0.000816,0.001657
1182.000000,0.009116,0.005761,0.001728,0.001264,0.004543
1183.000000,0.011464,0.005695,0.002416,0.001370,0.013215
1184.000000,0.011515,0.005727,0.003724,0.001612,0.009136
1185.000000,0.007350,0.006364,0.004097,0.002012,0.008197
1186.000000,0.009255,0.008062,0.004942,0.002199,0.011184
1187.000000,0.008854,0.008985,0.004231,0.002328,0.002537
1188.000000,0.005929,0.008697,0.005139,0.002273,-0.001409
1189.000000,0.004350,0.007932,0.005163,0.003012,0.001240
1190.000000,0.002846,0.005098,0.005360,0.003148,0.000676
1191.000000,-0.000169,0.004543,0.005178,0.002547,-0.003891
1192.000000,-0.000282,0.004286,0.005023,0.002580,0.001976
1193.000000,-0.000068,0.002931,0.004313,0.002587,-0.000338
1194.000000,0.000742,0.002546,0.004137,0.003331,0.005289
1195.000000,0.003382,0.003114,0.004739,0.003769,0.013876
1196.000000,0.004271,0.002051,0.005056,0.003978,0.000553
1197.000000,0.005583,0.002651,0.005818,0.003705,0.008536
1198.000000,0.005826,0.002879,0.005788,0.004386,0.000877
1199.000000,0.004549,0.002646,0.005289,0.004324,-0.001096
1200.000000,0.002824,0.003103,0.004100,0.004608,0.005252
1201.000000,0.002135,0.003203,0.003873,0.004519,-0.002896
1202.000000,0.000274,0.002929,0.003607,0.004325,-0.000766
1203.000000,0.002169,0.003998,0.003464,0.004208,0.010351
1204.000000,0.003879,0.004214,0.003380,0.004162,0.007452
1205.000000,0.003398,0.003111,0.003112,0.004196,0.002847
1206.000000,0.003827,0.002981,0.002516,0.004364,-0.000751
1207.000000,0.002579,0.001427,0.002039,0.004354,-0.007004
1208.000000,0.002092,0.002130,0.002505,0.004569,0.007916
1209.000000,0.002799,0.003339,0.002992,0.004639,0.010989
1210.000000,0.001347,0.002372,0.002738,0.003524,-0.004413
1211.000000,0.002571,0.003199,0.003201,0.003648,0.005367
1212.000000,0.002258,0.002418,0.002674,0.003211,-0.008570
1213.000000,0.001698,0.001895,0.002946,0.002941,0.005119
1214.000000,0.000297,0.001548,0.002881,0.002769,0.003981
1215.000000,-0.000715,0.000316,0.001714,0.002180,-0.009474
1216.000000,0.012471,0.007521,0.005251,0.004184,0.071300
1217.000000,0.008467,0.005363,0.003395,0.003147,-0.028589
1218.000000,0.011562,0.006630,0.004380,0.003880,0.020590
1219.000000,0.009920,0.005109,0.004224,0.003698,-0.004225
1220.000000,0.010246,0.004766,0.003569,0.003414,-0.007844
1221.000000,0.000010,0.006241,0.004720,0.004214,0.020118
1222.000000,-0.001419,0.003524,0.002971,0.002957,-0.035735
1223.000000,-0.009677,0.000942,0.001419,0.002278,-0.020700
1224.000000,-0.005903,0.002009,0.001778,0.002590,0.014644
1225.000000,-0.004407,0.002920,0.001618,0.002116,-0.000363
1226.000000,-0.009431,-0.004710,0.001405,0.001930,-0.004998
1227.000000,-0.005281,-0.003350,0.001006,0.001146,-0.014988
1228.000000,0.003964,-0.002856,0.001887,0.001968,0.025528
1229.000000,0.001809,-0.002047,0.001531,0.002133,0.003866
1230.000000,0.001748,-0.001330,0.001718,0.001936,-0.000669
1231.000000,0.001498,-0.003966,0.001137,0.001824,-0.006249
1232.000000,0.002412,-0.001435,0.001045,0.001503,-0.010416
1233.000000,-0.002212,0.000876,0.000909,0.001238,0.002405
1234.000000,-0.003446,-0.000818,0.000595,0.000913,-0.002301
1235.000000,0.002964,0.002356,0.002638,0.001864,0.031381
1236.000000,-0.003017,-0.000760,-0.002735,0.000684,-0.036155
1237.000000,0.002145,0.002279,-0.000536,0.001430,0.015397
1238.000000,-0.001068,-0.001640,-0.002248,0.000711,-0.013662
1239.000000,-0.000272,-0.001859,-0.001953,0.000401,0.001679
1240.000000,-0.009825,-0.003430,-0.002380,0.000002,-0.016383
1241.000000,0.000483,-0.001267,-0.002617,0.000336,0.015386
1242.000000,-0.000851,0.000647,-0.000394,0.000912,0.008724
1243.000000,0.002504,0.000718,0.000797,0.000845,0.003116
