0.000000,0.001633,0.000891,0.002734,0.002005,-0.016856
1.000000,0.004618,0.002309,0.004240,0.003852,0.035575
2.000000,0.004289,-0.000584,0.002783,0.002823,-0.025281
3.000000,0.000880,0.000587,0.002513,0.002192,0.000000
4.000000,-0.005900,-0.000597,0.001481,0.001571,-0.022938
5.000000,0.004675,0.003154,0.002328,0.003179,0.036020
6.000000,-0.003163,0.000727,0.002109,0.002769,-0.003617
7.000000,0.001893,0.003091,0.002034,0.002848,0.000000
8.000000,0.000292,0.000586,0.002165,0.002739,-0.008003
9.000000,0.002529,-0.001686,0.001121,0.002321,-0.011756
10.000000,-0.006159,-0.000742,0.000075,0.001575,-0.007418
11.000000,-0.005734,-0.004448,-0.001070,0.001344,-0.001490
12.000000,-0.000145,0.000874,0.000145,0.002146,0.027943
13.000000,-0.001466,-0.000587,0.000000,0.001479,-0.014609
14.000000,-0.000740,0.000894,0.000149,0.001286,-0.008127
15.000000,0.001484,-0.002338,0.000408,0.000773,0.003702
16.000000,0.008897,0.001582,0.001154,0.001933,0.035575
17.000000,0.003878,0.001867,0.002479,0.001978,0.002849
18.000000,0.008076,0.003305,0.001945,0.002545,0.006381
19.000000,0.010829,0.005044,0.001679,0.002429,0.005638
20.000000,0.012186,0.006835,0.003046,0.002328,0.010486
21.000000,0.007696,0.008296,0.001924,0.002052,0.013126
22.000000,0.010798,0.007338,0.004106,0.002543,0.018362
23.000000,0.008712,0.008394,0.003904,0.002798,-0.004051
24.000000,0.005134,0.007981,0.004438,0.002760,-0.012253
25.000000,0.003857,0.008021,0.002842,0.002946,0.004101
26.000000,-0.004442,0.001627,0.001604,0.001312,-0.028366
27.000000,-0.006855,0.001972,0.001919,0.002310,0.006296
28.000000,-0.008430,0.000141,0.001723,0.001344,-0.011926
29.000000,-0.006403,-0.000634,0.002205,0.000908,-0.002119
30.000000,-0.003579,0.000139,0.003487,0.002077,0.018221
31.000000,0.000000,-0.002221,0.003038,0.000542,-0.010471
32.000000,-0.004799,-0.005827,0.000756,0.000795,-0.017700
33.000000,-0.003848,-0.006139,0.001128,0.000556,-0.007168
34.000000,-0.001705,-0.004054,0.001964,0.001607,0.008596
35.000000,-0.008222,-0.005901,0.001060,-0.000072,-0.014368
36.000000,-0.003540,-0.001770,-0.000071,0.000480,0.012941
37.000000,0.002555,-0.001122,0.000425,0.000905,0.012775
38.000000,0.001862,-0.000993,-0.000426,0.000818,-0.010635
39.000000,0.003395,0.000845,0.000105,0.001752,0.016261
40.000000,0.003870,-0.002176,-0.001019,0.001599,-0.011993
41.000000,0.003820,0.000140,-0.001040,0.002072,0.012694
42.000000,0.003495,0.003025,-0.001401,0.001512,0.011150
43.000000,0.005206,0.003534,-0.001302,0.001930,-0.002081
44.000000,0.005123,0.004259,0.000103,0.002729,0.015846
45.000000,0.006700,0.005285,-0.000308,0.002469,-0.004110
46.000000,0.003198,0.003509,0.000870,0.001122,-0.004816
47.000000,0.001381,0.002438,0.000658,0.001096,0.002067
48.000000,0.002073,0.003639,0.001323,0.000929,0.001376
49.000000,0.000546,0.002835,0.001840,0.001015,0.008214
50.000000,0.001368,0.004034,0.000929,0.000666,0.000000
51.000000,0.000963,0.002081,0.001110,0.000000,-0.006840
52.000000,-0.000551,0.000415,0.001720,-0.000796,-0.005506
53.000000,-0.000826,0.000623,0.002078,-0.000661,0.000000
54.000000,-0.000409,0.000068,0.002164,0.000091,0.010299
55.000000,-0.000136,0.000616,0.002950,0.000000,0.001365
56.000000,0.003403,0.002183,0.002846,0.001307,0.010855
57.000000,0.005312,0.002380,0.002409,0.001232,0.004040
58.000000,0.007451,0.003312,0.003476,0.001986,0.010695
59.000000,0.000273,-0.000068,0.001383,0.001204,-0.025591
60.000000,0.002441,0.001152,0.002593,0.001003,0.012204
61.000000,-0.001218,0.001092,0.001586,0.001104,-0.007440
62.000000,-0.002706,0.001303,0.000859,0.001581,-0.003400
63.000000,-0.009811,-0.001180,-0.000279,0.000992,-0.024829
64.000000,-0.002886,-0.001306,-0.000619,0.001007,0.009037
65.000000,-0.000540,0.000950,0.000783,0.002284,0.023933
66.000000,0.003766,0.001274,0.001728,0.002322,0.014089
67.000000,0.006039,0.001666,0.002023,0.002162,0.007963
68.000000,0.009811,0.000000,0.001656,0.002317,-0.005966
69.000000,0.005192,0.001153,0.000542,0.001306,-0.014061
70.000000,0.002685,0.001072,0.001112,0.002086,0.011398
71.000000,-0.004446,-0.000340,0.000376,0.000944,-0.021564
72.000000,-0.008368,-0.001165,0.000069,0.000184,-0.011648
73.000000,-0.007727,0.001042,-0.000069,0.000162,-0.002761
74.000000,-0.004915,0.000138,-0.000584,-0.000367,0.000000
75.000000,-0.005406,-0.001361,-0.000205,0.000069,0.008944
76.000000,-0.001504,-0.002975,-0.000851,0.000161,-0.002057
77.000000,0.002330,-0.003019,-0.000677,0.000342,0.007521
78.000000,0.001515,-0.003106,-0.001553,0.000069,-0.006835
79.000000,0.002336,-0.001289,-0.000068,-0.000068,0.004107
80.000000,0.002856,-0.001275,-0.000101,0.000317,0.011545
81.000000,0.014173,0.006335,0.002997,0.002362,0.054529
82.000000,0.011258,0.006794,0.002814,0.002310,-0.007058
83.000000,0.014036,0.007775,0.004409,0.002546,0.007058
84.000000,0.014362,0.008349,0.004244,0.002394,0.005738
85.000000,0.012181,0.007518,0.003079,0.002369,0.000636
86.000000,0.001909,0.008041,0.002533,0.002113,0.003172
87.000000,0.007209,0.009233,0.003107,0.002627,0.019442
88.000000,0.004426,0.009231,0.003063,0.002042,-0.006856
89.000000,0.006012,0.010187,0.004449,0.003350,0.013665
90.000000,0.007849,0.010015,0.004370,0.003271,0.009822
91.000000,0.009160,0.005535,0.005935,0.003843,0.009727
92.000000,0.003936,0.005573,0.006183,0.003734,-0.006677
93.000000,0.008089,0.006258,0.007017,0.005025,0.013910
94.000000,0.004996,0.005504,0.006926,0.004664,-0.001803
95.000000,0.002911,0.005380,0.006449,0.003846,-0.000602
96.000000,0.002166,0.005663,0.006852,0.003576,0.006002
97.000000,0.000608,0.002272,0.005753,0.002829,-0.014467
98.000000,-0.002417,0.002836,0.006034,0.002987,-0.001215
99.000000,-0.002543,0.001226,0.005707,0.003375,-0.002435
100.000000,-0.002911,0.000000,0.005007,0.002913,-0.002441
101.000000,-0.003015,-0.000424,0.002555,0.003815,0.005483
102.000000,-0.001096,-0.000244,0.002664,0.004041,-0.004872
103.000000,-0.000243,-0.001330,0.002464,0.004234,0.003048
104.000000,-0.000610,-0.001577,0.001963,0.004092,-0.004270
105.000000,-0.003078,-0.002994,0.001193,0.003301,-0.014779
106.000000,-0.000122,-0.001568,0.002047,0.004045,0.020265
107.000000,0.003270,0.001087,0.001680,0.004197,0.012085
108.000000,0.004335,0.002046,0.002441,0.004704,0.008373
109.000000,0.003634,0.001512,0.001369,0.004308,-0.007773
110.000000,0.005144,0.001033,0.000517,0.003683,-0.007229
111.000000,0.005279,0.002579,0.001077,0.002563,0.020940
112.000000,0.004396,0.003833,0.001794,0.003054,0.007667
113.000000,0.001779,0.003057,0.000863,0.002662,-0.004711
114.000000,0.005564,0.004599,0.001511,0.002842,0.011154
115.000000,0.003476,0.004310,0.000658,0.002232,-0.017668
116.000000,-0.004915,0.000182,-0.000693,0.001426,-0.021015
117.000000,-0.005238,-0.000421,0.000333,0.000979,0.006050
118.000000,-0.006723,-0.002472,-0.000213,0.000803,-0.012136
119.000000,-0.007131,-0.000783,0.000364,0.000652,0.009116
120.000000,0.000475,0.001976,0.001504,0.001003,0.020360
121.000000,0.005624,0.000355,0.001467,0.000836,0.004731
122.000000,0.006293,0.000527,0.002180,0.001372,0.009395
123.000000,0.008837,0.001057,0.002057,0.000928,0.000584
124.000000,0.003240,-0.001945,0.001327,0.000359,-0.018868
125.000000,0.000592,0.000533,0.002422,0.000616,0.007117
126.000000,0.001059,0.003342,0.001762,0.000652,0.007067
127.000000,0.000933,0.003613,0.001596,0.001426,0.008764
128.000000,0.001049,0.004943,0.001235,0.001506,0.001163
129.000000,0.006212,0.004726,0.001971,0.001818,0.006948
130.000000,0.005710,0.003151,0.002563,0.002053,0.004606
131.000000,0.004984,0.003022,0.001688,0.001985,0.003440
132.000000,0.003231,0.002082,0.001305,0.002147,0.000000
133.000000,0.002196,0.001622,0.001340,0.001912,-0.004015
134.000000,0.001151,0.003681,0.000868,0.002112,0.001723
135.000000,0.000000,0.002855,0.001694,0.002566,-0.001148
136.000000,-0.001725,0.001630,0.002486,0.001718,-0.005183
137.000000,-0.000229,0.001501,0.002557,0.001564,0.007478
138.000000,-0.000230,0.000983,0.002963,0.001151,-0.004020
139.000000,0.000115,0.000633,0.002679,0.001525,0.003446
140.000000,-0.002893,-0.001446,0.000852,0.001227,-0.016185
141.000000,-0.004201,-0.002963,0.000029,0.000138,-0.011723
142.000000,-0.005461,-0.002845,-0.000381,-0.000078,0.001179
143.000000,0.004213,0.001992,0.001807,0.001557,0.044349
144.000000,0.005876,0.002995,0.003338,0.001577,0.011762
145.000000,0.011218,0.004163,0.003509,0.002517,0.010523
146.000000,0.015318,0.005559,0.003594,0.003510,0.008777
147.000000,0.014973,0.004756,0.003129,0.003290,-0.000546
148.000000,0.007084,0.005649,0.003316,0.003858,0.004906
149.000000,0.003860,0.004868,0.002750,0.003409,-0.004360
150.000000,0.002301,0.006759,0.002656,0.002821,0.002727
151.000000,0.001632,0.008475,0.002756,0.002845,0.005432
152.000000,0.001633,0.008303,0.002729,0.002513,-0.000542
153.000000,0.002808,0.004946,0.003469,0.002853,0.010782
154.000000,0.001523,0.002692,0.002844,0.003123,-0.010782
155.000000,-0.001751,0.000275,0.002219,0.002431,-0.013643
156.000000,-0.002288,-0.000328,0.002615,0.002287,0.002743
157.000000,-0.007173,-0.002770,0.000993,0.001162,-0.024967
158.000000,-0.006540,-0.001866,0.001891,0.001589,0.013947
159.000000,-0.006612,-0.002544,0.001162,0.000985,-0.011142
160.000000,-0.000220,-0.000985,0.002887,0.001443,0.018319
161.000000,0.000547,-0.000871,0.003802,0.001547,0.006579
162.000000,0.004664,-0.001254,0.003524,0.001401,-0.004381
163.000000,-0.004482,-0.005511,-0.000282,0.000476,-0.031784
164.000000,-0.000673,-0.003643,-0.000476,0.000681,0.007901
165.000000,-0.003440,-0.001830,-0.000777,0.000869,0.004487
166.000000,-0.008597,-0.004025,-0.002177,0.000402,-0.019210
167.000000,-0.007721,-0.001528,-0.002149,0.000152,0.000000
168.000000,0.001693,-0.001395,-0.001630,0.000796,0.015285
169.000000,0.002680,0.001003,-0.000771,0.001109,0.012839
170.000000,0.002115,-0.000662,-0.000824,0.001704,0.001663
171.000000,0.009143,0.000273,-0.000299,0.002626,0.015930
172.000000,0.011419,0.001849,0.000297,0.002966,0.011379
173.000000,0.011993,0.006843,0.000666,0.002093,0.018153
174.000000,0.005147,0.003913,0.000135,0.000987,-0.021391
175.000000,0.003839,0.002977,0.000574,0.000474,-0.004877
176.000000,0.004206,0.006675,0.001325,0.000774,0.017766
177.000000,0.002889,0.007154,0.002813,0.000952,0.004791
178.000000,-0.000424,0.005784,0.002195,0.000841,0.001592
179.000000,0.003642,0.004395,0.002699,0.000951,-0.001061
180.000000,0.002483,0.003161,0.001249,0.000505,-0.010672
181.000000,-0.001070,0.001568,0.000920,0.000323,0.000000
182.000000,-0.001172,0.000858,0.001354,0.000484,0.004283
183.000000,-0.003746,-0.002085,0.002379,-0.000251,-0.011281
184.000000,-0.002564,0.000539,0.002226,0.000270,0.004850
185.000000,0.000000,0.001242,0.002109,0.000796,0.002148
186.000000,0.000214,-0.000428,0.003123,0.000741,0.001072
187.000000,-0.000214,-0.000693,0.003230,0.001644,0.002141
188.000000,0.001935,-0.000905,0.002440,0.001161,-0.000535
189.000000,0.000537,-0.001014,0.001690,0.001461,-0.002142
190.000000,0.001497,0.000748,0.001955,0.001082,0.006946
191.000000,-0.001722,-0.000754,0.000407,0.000362,-0.015022
192.000000,-0.005091,-0.002652,-0.000897,0.000018,-0.014702
193.000000,-0.008080,-0.003072,-0.002579,0.000562,-0.015478
194.000000,-0.002917,-0.001190,-0.000325,0.001088,0.023673
195.000000,-0.003980,-0.001242,0.000000,0.000992,0.001631
196.000000,0.001937,0.000107,-0.000160,0.002118,0.014559
197.000000,0.003157,-0.000967,-0.000830,0.001831,-0.008602
198.000000,0.007007,-0.000536,-0.000721,0.001448,0.003773
199.000000,-0.000763,-0.001840,-0.001427,0.000514,-0.015176
200.000000,0.002698,-0.000641,0.000054,0.001089,0.018935
201.000000,0.002659,0.002298,0.000772,0.001037,0.014366
202.000000,0.006586,0.004871,0.001109,0.001026,0.011032
203.000000,0.006977,0.006992,0.001960,0.000612,0.005731
204.000000,0.011256,0.005246,0.002028,0.001532,0.006214
205.000000,0.006641,0.004669,0.001714,0.001556,-0.004139
206.000000,0.003871,0.003265,0.001686,0.000981,0.000518
207.000000,0.001042,0.003814,0.001423,0.000718,-0.003114
208.000000,-0.026632,-0.009827,-0.005182,-0.003756,-0.132641
209.000000,-0.025867,-0.007306,-0.004573,-0.003386,0.010038
210.000000,-0.019706,-0.006532,-0.003587,-0.002142,0.026668
211.000000,-0.022575,-0.009352,-0.003527,-0.002603,-0.013825
212.000000,-0.021604,-0.010281,-0.002705,-0.002687,0.001739
213.000000,0.004576,-0.011028,-0.002018,-0.002369,-0.001739
214.000000,0.004301,-0.010783,-0.002768,-0.002242,0.008663
215.000000,-0.003113,-0.011410,-0.003370,-0.002661,-0.010405
216.000000,0.000116,-0.011229,-0.003982,-0.002619,0.002322
217.000000,0.002417,-0.009593,-0.002890,-0.002249,0.013245
218.000000,0.003108,0.003842,-0.002993,-0.002174,0.001715
219.000000,0.000689,0.002495,-0.002405,-0.002217,-0.003432
220.000000,-0.006016,-0.004565,-0.005549,-0.003913,-0.043931
221.000000,-0.006241,-0.003063,-0.006207,-0.003372,0.001197
222.000000,-0.010451,-0.004017,-0.007149,-0.003142,-0.007806
223.000000,-0.013098,-0.004995,-0.008011,-0.003010,-0.011519
224.000000,-0.009266,-0.004288,-0.007536,-0.003275,0.015729
225.000000,0.001670,-0.002173,-0.006791,-0.002971,0.010746
226.000000,-0.000599,-0.003420,-0.007325,-0.003795,-0.010146
227.000000,0.002397,-0.004027,-0.006810,-0.003269,0.007173
228.000000,0.005057,-0.004020,-0.000089,-0.003335,0.001785
229.000000,0.000120,-0.004573,-0.001039,-0.003128,-0.008958
230.000000,-0.001789,-0.000060,-0.002312,-0.003719,0.001199
231.000000,0.002385,0.000893,-0.001085,-0.003840,0.010727
232.000000,-0.001315,0.000541,-0.001738,-0.004586,-0.011326
233.000000,-0.004570,0.000244,-0.002376,-0.005260,-0.014493
234.000000,0.001196,0.000658,-0.001815,-0.004804,0.019874
235.000000,0.000240,-0.000775,-0.001474,-0.004786,-0.003584
236.000000,-0.000713,0.000836,-0.001292,-0.004604,0.005967
237.000000,-0.001203,-0.001259,-0.002643,-0.004960,-0.013777
238.000000,0.003856,-0.000357,-0.002189,-0.000179,0.010798
239.000000,-0.004828,-0.001816,-0.003194,-0.001298,-0.023545
240.000000,-0.003015,-0.001388,-0.000724,-0.002004,0.005483
241.000000,-0.004087,-0.002400,-0.000753,-0.001523,0.000607
242.000000,0.005003,0.001900,0.001221,-0.000525,0.031673
243.000000,0.001427,0.002641,0.001442,-0.000703,-0.007084
244.000000,0.007670,0.001421,0.001040,-0.000736,0.007672
245.000000,0.007395,0.002190,0.000708,-0.000253,0.004107
246.000000,0.008441,0.002177,0.001507,-0.000136,0.005838
247.000000,0.002804,0.003904,0.001322,-0.000461,0.003486
248.000000,0.003756,0.002591,0.001117,-0.000595,-0.002323
249.000000,0.002686,0.005178,0.001681,-0.000404,0.002323
250.000000,0.001981,0.004688,0.001650,0.001080,0.000580
251.000000,-0.001754,0.003344,0.000472,0.000612,-0.012836
252.000000,-0.003747,-0.000472,0.000714,0.000657,-0.006480
253.000000,-0.001635,0.001061,0.001851,0.001315,0.008240
254.000000,0.002307,0.002497,0.001959,0.001525,0.022030
255.000000,0.001961,0.001971,0.002081,0.001129,-0.001147
256.000000,0.000352,-0.000701,0.000738,0.000771,-0.020882
257.000000,-0.001781,-0.002764,0.000570,-0.000040,-0.017145
258.000000,-0.008135,-0.004885,-0.001147,-0.000884,-0.023530
259.000000,-0.010839,-0.004266,0.000456,-0.000301,0.008511
260.000000,-0.008562,-0.003300,0.000694,0.000000,0.010238
261.000000,-0.004026,-0.001837,0.000753,-0.000298,0.001796
262.000000,-0.003853,-0.002817,-0.001644,-0.000463,-0.016280
263.000000,-0.002581,-0.005358,-0.002149,-0.000552,-0.017168
264.000000,-0.002559,-0.006699,-0.002101,-0.000927,0.008621
265.000000,-0.006950,-0.007756,-0.002892,-0.001198,-0.011718
266.000000,-0.012080,-0.008053,-0.004377,-0.002192,-0.023855
267.000000,-0.011897,-0.007875,-0.005320,-0.002245,-0.015365
268.000000,-0.003368,-0.002974,-0.003930,-0.001756,0.025479
269.000000,-0.009801,-0.006180,-0.005223,-0.001756,-0.023545
270.000000,-0.005663,-0.006306,-0.004803,-0.001640,0.008974
271.000000,-0.004368,-0.008224,-0.005030,-0.002239,-0.017381
272.000000,-0.004568,-0.008232,-0.005525,-0.003840,-0.016367
273.000000,-0.008610,-0.005989,-0.005673,-0.003429,0.005267
274.000000,-0.004164,-0.006983,-0.006841,-0.003728,-0.001314
275.000000,-0.004648,-0.005155,-0.006456,-0.003647,0.006553
276.000000,0.002965,-0.000701,-0.004377,-0.003152,0.020686
277.000000,0.006366,0.000899,-0.003488,-0.003247,0.000640
278.000000,0.008359,-0.000126,-0.001550,-0.002662,0.015229
279.000000,0.014333,0.005084,-0.000548,-0.001787,0.028556
280.000000,0.010311,0.002831,-0.001737,-0.002258,-0.013555
281.000000,0.007903,0.005434,-0.001395,-0.001542,0.008647
282.000000,0.007283,0.006824,-0.000704,-0.001408,-0.002463
283.000000,0.002130,0.005244,-0.000372,-0.002034,-0.010536
284.000000,-0.004331,0.005001,-0.000991,-0.002893,-0.003745
285.000000,-0.000995,0.004658,-0.000249,-0.002751,0.003122
286.000000,0.001104,0.004504,0.001901,-0.001417,0.019142
287.000000,-0.001237,0.003023,0.001961,-0.001318,-0.014167
288.000000,0.004193,0.003161,0.001518,0.000020,0.016611
289.000000,0.007608,0.001639,0.003362,0.000181,0.013334
290.000000,0.008424,0.003714,0.003273,0.000080,0.007199
291.000000,0.002914,0.002009,0.003722,-0.000260,-0.008403
292.000000,0.007787,0.003275,0.005050,0.000622,0.010195
293.000000,0.005655,0.004924,0.005084,0.001393,0.005949
294.000000,0.002156,0.004882,0.004942,0.000967,-0.004160
295.000000,-0.000120,0.004152,0.004405,0.001218,-0.004178
296.000000,0.001800,0.002357,0.003430,0.002053,0.001195
297.000000,0.000952,0.004370,0.003696,0.002764,0.005956
298.000000,-0.002507,0.001574,0.002367,0.001536,-0.011347
299.000000,-0.008766,-0.003305,-0.000833,0.001139,-0.035456
300.000000,-0.009680,-0.004900,-0.000593,0.000549,-0.008750
301.000000,-0.006188,-0.002194,-0.000092,0.001750,0.018657
302.000000,-0.004808,-0.001928,0.000674,0.002724,0.012856
303.000000,-0.004004,-0.003255,0.000834,0.002304,-0.007326
304.000000,0.005281,-0.001742,0.001570,0.002714,0.010969
305.000000,0.003361,-0.003159,0.000496,0.001884,-0.018349
306.000000,0.002693,-0.001748,0.000305,0.001704,0.015314
307.000000,-0.001098,-0.002953,0.000708,0.001480,-0.006098
308.000000,-0.003961,-0.003982,-0.001204,0.000251,-0.021639
309.000000,-0.002071,0.001605,-0.000850,-0.000020,0.020415
310.000000,0.000123,0.001742,-0.001579,0.000186,-0.007376
311.000000,-0.001097,0.000798,-0.000698,0.000204,0.009211
312.000000,0.005073,0.001987,0.000030,0.001112,0.024752
313.000000,0.009639,0.002839,-0.000208,0.001502,0.001192
314.000000,0.002435,0.000182,-0.000780,0.001107,-0.015607
315.000000,0.002087,0.001105,-0.001027,0.000699,-0.009116
316.000000,-0.004325,-0.002711,-0.002229,-0.000700,-0.022848
317.000000,-0.007906,-0.001417,-0.002185,0.000000,0.006847
318.000000,-0.004700,0.002469,-0.000756,0.000020,0.017221
319.000000,-0.005894,-0.001730,-0.000062,-0.001143,-0.021572
320.000000,-0.007337,-0.002625,-0.000441,-0.001928,-0.016332
321.000000,-0.002135,-0.003230,-0.001216,-0.001542,0.003162
322.000000,-0.004644,-0.006275,-0.002144,-0.002072,-0.005698
323.000000,-0.004314,-0.004507,-0.000834,-0.001641,0.018868
324.000000,-0.010226,-0.008060,-0.003939,-0.003207,-0.051129
325.000000,-0.003836,-0.005587,-0.002241,-0.002547,0.015615
326.000000,-0.002286,-0.002210,-0.002461,-0.002223,0.010915
327.000000,-0.000127,-0.002386,-0.001901,-0.002252,0.005096
328.000000,-0.003013,-0.003664,-0.000597,-0.001726,0.004437
329.000000,0.003896,-0.003165,-0.002447,-0.001096,-0.016582
330.000000,0.001799,-0.001018,-0.001822,-0.000634,0.005132
331.000000,-0.000128,-0.001207,-0.002218,-0.001213,0.001279
332.000000,0.001645,0.000759,-0.002758,-0.001176,0.013960
333.000000,0.000505,-0.001254,-0.002881,-0.000974,-0.001261
334.000000,0.009544,0.006720,-0.000670,-0.000386,0.028609
335.000000,0.008026,0.004913,-0.000337,0.000144,-0.002455
336.000000,0.006042,0.002957,0.000373,-0.000655,-0.008642
337.000000,0.004978,0.003312,0.000463,-0.000163,0.008642
338.000000,0.004985,0.002745,-0.000459,0.000517,-0.001230
339.000000,0.000490,0.005017,0.000926,0.000041,0.006135
340.000000,0.002686,0.005356,0.002169,0.000571,0.008526
341.000000,0.003076,0.004559,0.001676,0.000041,-0.006693
342.000000,-0.003347,0.000816,0.000787,-0.001567,-0.023472
343.000000,-0.002726,0.001129,-0.000062,-0.001544,0.001873
344.000000,-0.005582,-0.002546,0.002087,-0.001295,-0.008143
345.000000,-0.005534,-0.001424,0.001745,-0.000699,0.008766
346.000000,-0.008225,-0.002575,0.000191,-0.000609,-0.020152
347.000000,-0.004807,-0.004077,-0.000383,-0.001050,-0.006382
348.000000,-0.003651,-0.003189,-0.000222,-0.001369,0.007653
349.000000,-0.001642,-0.003612,0.000702,-0.000587,0.001904
350.000000,-0.003268,-0.004401,0.000478,-0.000021,0.000634
351.000000,0.001899,-0.003163,0.000698,0.000063,0.005687
352.000000,0.005182,0.000187,0.000502,0.000587,0.010031
353.000000,0.005390,0.000870,0.000999,0.000248,0.008696
354.000000,0.003146,0.000752,-0.000897,0.001642,-0.009320
355.000000,0.002268,-0.000500,-0.000962,0.000996,-0.003752
356.000000,0.004856,0.003377,0.000401,0.001253,0.018623
357.000000,0.002726,0.003954,-0.000062,0.001063,-0.000615
358.000000,0.001110,0.003250,0.000031,0.000936,0.000615
359.000000,0.005419,0.004282,0.000335,0.001896,0.012225
360.000000,0.007018,0.004643,0.000121,0.001866,0.004244
361.000000,0.001104,0.002980,-0.000092,0.001459,-0.010949
362.000000,-0.003351,-0.000312,-0.000063,0.000230,-0.022890
363.000000,-0.002102,-0.000496,0.000187,0.000501,0.006860
364.000000,-0.005669,-0.000125,0.000313,-0.000640,-0.005609
365.000000,-0.003294,0.001862,0.000681,-0.000020,0.016119
366.000000,0.000611,0.000857,0.002117,0.000553,0.008573
367.000000,0.004822,0.000736,0.002345,0.000204,-0.001831
368.000000,0.005275,0.001586,0.002418,0.000549,0.009121
369.000000,0.008564,0.001448,0.002865,0.000706,0.010837
370.000000,0.005340,0.001023,0.002833,0.000422,0.000000
371.000000,0.004581,0.002596,0.002788,0.000804,0.004779
372.000000,0.007553,0.006188,0.002938,0.002021,0.013026
373.000000,0.008648,0.006961,0.003233,0.002445,0.014599
374.000000,0.007521,0.008043,0.003959,0.002890,0.005204
375.000000,0.007982,0.006661,0.004262,0.002674,0.002304
376.000000,0.006219,0.005400,0.003129,0.003212,-0.004036
377.000000,0.004536,0.006044,0.003390,0.003578,0.004611
378.000000,0.002420,0.005534,0.003560,0.003457,0.004017
379.000000,-0.000115,0.003703,0.002575,0.003144,-0.007473
380.000000,0.000115,0.004049,0.002536,0.003238,0.003456
381.000000,-0.000116,0.003052,0.002824,0.002876,-0.005189
382.000000,0.003873,0.004204,0.005196,0.003360,0.024552
383.000000,0.000000,0.001210,0.004086,0.002558,-0.015346
384.000000,-0.000578,-0.000347,0.003848,0.002524,-0.010363
385.000000,0.002060,0.001087,0.003874,0.003204,0.016643
386.000000,0.000347,0.000115,0.002758,0.002124,-0.013754
387.000000,-0.002383,0.000745,0.003395,0.002508,0.010904
388.000000,0.000686,0.000343,0.002939,0.002488,0.000000
389.000000,0.003556,0.001489,0.002596,0.002213,0.003987
390.000000,0.000568,0.001314,0.002681,0.002129,0.001704
391.000000,0.004338,0.002342,0.002697,0.002663,0.005095
392.000000,0.000000,-0.001192,0.001506,0.003067,-0.010786
393.000000,0.000570,0.000628,0.000919,0.002933,0.002850
394.000000,-0.000912,0.001322,0.000488,0.003006,-0.003421
395.000000,0.000567,0.000568,0.000827,0.002772,0.009096
396.000000,-0.002729,0.000805,0.000460,0.002107,-0.011383
397.000000,-0.008631,-0.004316,-0.001785,0.000825,-0.040297
398.000000,-0.006361,-0.002895,-0.001276,0.000994,0.014201
399.000000,-0.006973,-0.003943,-0.001227,0.000417,-0.006484
400.000000,-0.007613,-0.003523,-0.001105,0.000613,0.005896
401.000000,-0.006634,-0.004682,-0.001170,0.000238,-0.006488
402.000000,0.002605,-0.003013,-0.002102,0.000000,0.005900
403.000000,0.002104,-0.002128,-0.000750,-0.000097,0.011696
404.000000,0.002235,-0.002369,-0.000524,-0.000465,-0.005831
405.000000,0.004649,-0.001482,-0.000457,0.000057,0.017966
406.000000,0.005256,-0.000689,0.000058,0.000077,-0.003452
407.000000,0.003845,0.003225,-0.000545,-0.000115,-0.001153
408.000000,0.003915,0.003009,0.000057,0.000152,0.012045
409.000000,0.005309,0.003772,-0.000085,0.000439,0.001140
410.000000,0.002965,0.003807,0.000142,0.000532,0.006245
411.000000,0.004446,0.004851,0.000085,0.000837,0.003954
412.000000,0.001952,0.002899,-0.000057,-0.000435,-0.013621
413.000000,-0.000685,0.001615,-0.000257,0.000038,-0.001144
414.000000,-0.000342,0.002484,0.000057,0.000479,0.002856
415.000000,-0.001591,0.000687,-0.000398,-0.000076,0.000000
416.000000,-0.002839,0.000804,0.000057,0.000306,-0.002284
417.000000,-0.000343,0.000805,0.002015,-0.000095,-0.001144
418.000000,-0.000229,-0.000457,0.001276,-0.000114,-0.000573
419.000000,-0.000457,-0.000399,0.001686,-0.000190,0.001717
420.000000,-0.000571,-0.001081,0.001363,-0.000266,-0.000572
421.000000,0.000571,-0.001134,0.001859,-0.000322,0.003427
422.000000,-0.001725,-0.001034,0.000932,-0.000383,-0.012622
423.000000,-0.004518,-0.002373,-0.000379,-0.000962,-0.014539
424.000000,-0.003112,-0.001784,0.000350,-0.000557,0.008749
425.000000,-0.006867,-0.003719,-0.001516,-0.001505,-0.019350
426.000000,-0.008859,-0.004144,-0.001670,-0.001343,-0.006534
427.000000,-0.005859,-0.003792,-0.001494,0.000079,0.002381
428.000000,-0.004024,-0.004271,-0.002364,-0.000573,-0.005365
429.000000,-0.003161,-0.003136,-0.001768,0.000079,0.013064
430.000000,-0.000474,-0.003671,-0.002376,-0.000315,-0.005917
431.000000,-0.000716,-0.004788,-0.002961,-0.000357,-0.007745
432.000000,-0.003963,-0.004911,-0.002972,-0.001015,-0.013851
433.000000,-0.005699,-0.004861,-0.003617,-0.001873,-0.014046
434.000000,-0.006232,-0.004696,-0.003240,-0.001332,0.010401
435.000000,-0.007375,-0.003924,-0.003822,-0.002319,-0.011632
436.000000,-0.004476,-0.002596,-0.003370,-0.001979,0.006751
437.000000,-0.003919,-0.003941,-0.003866,-0.002309,-0.011070
438.000000,-0.002725,-0.004212,-0.004241,-0.002980,-0.008072
439.000000,-0.006181,-0.006206,-0.004671,-0.003247,-0.006881
440.000000,-0.001856,-0.004615,-0.004143,-0.003122,0.009994
441.000000,-0.001350,-0.002913,-0.003850,-0.002945,0.009279
442.000000,0.000987,-0.001466,-0.003188,-0.002470,0.000616
443.000000,-0.000624,-0.001674,-0.003268,-0.002970,-0.016129
444.000000,0.004960,-0.000611,-0.002653,-0.002364,0.021040
445.000000,-0.003511,-0.002683,-0.003304,-0.003442,-0.032361
446.000000,-0.007146,-0.004248,-0.003422,-0.003663,-0.008895
447.000000,-0.009580,-0.004296,-0.004119,-0.004010,-0.011553
448.000000,-0.003533,-0.002079,-0.003145,-0.003521,0.014103
449.000000,-0.006093,-0.000567,-0.003386,-0.003303,0.008241
450.000000,0.000379,-0.001566,-0.003091,-0.003284,0.000000
451.000000,0.003040,-0.002053,-0.002483,-0.003251,0.004409
452.000000,0.008345,-0.000617,-0.001042,-0.002331,0.014972
453.000000,0.010418,0.003442,0.000884,-0.001031,0.024466
454.000000,0.004741,-0.000676,-0.000643,-0.001994,-0.020141
455.000000,0.007071,0.003725,0.000521,-0.000961,0.011646
456.000000,0.006919,0.004979,0.000366,-0.000622,0.003650
457.000000,0.002462,0.005403,0.000554,-0.000945,-0.007313
458.000000,-0.000848,0.004785,0.001353,-0.000502,0.007920
459.000000,0.002573,0.003657,0.001545,-0.001039,-0.003039
460.000000,0.003504,0.005287,0.001861,-0.000298,0.016300
461.000000,0.005863,0.006391,0.002169,0.000475,0.015449
462.000000,0.008970,0.005716,0.002549,0.001211,0.008221
463.000000,0.008320,0.003736,0.003589,0.001835,0.004667
464.000000,0.013075,0.007824,0.003574,0.002179,0.020738
465.000000,0.014436,0.008970,0.006347,0.003337,0.023106
466.000000,0.010565,0.008214,0.006597,0.002982,-0.003907
467.000000,0.013346,0.011158,0.008281,0.004088,0.022125
468.000000,0.012740,0.010530,0.007657,0.004412,0.001640
469.000000,0.009465,0.011270,0.007463,0.004787,0.004360
470.000000,0.001996,0.008216,0.006751,0.003979,-0.014239
471.000000,0.002556,0.006561,0.006476,0.003633,-0.001104
472.000000,-0.000877,0.006234,0.005975,0.003778,0.004957
473.000000,-0.001976,0.005382,0.004559,0.004187,-0.003854
474.000000,-0.001967,0.003749,0.005786,0.003632,0.004403
475.000000,0.001648,0.001822,0.005396,0.004839,0.003837
476.000000,0.001321,0.001939,0.005076,0.005044,-0.002739
477.000000,0.000329,-0.000274,0.005442,0.005429,0.000000
478.000000,0.001757,-0.000109,0.005210,0.005069,0.003286
479.000000,0.000767,-0.000600,0.005335,0.004776,-0.000547
480.000000,0.003256,0.002452,0.005334,0.005318,0.016278
481.000000,-0.000880,0.000221,0.003391,0.004391,-0.023415
482.000000,0.000548,0.000439,0.003336,0.004130,0.007137
483.000000,0.002067,0.001912,0.003647,0.003677,0.010882
484.000000,0.002068,0.001418,0.002583,0.004330,-0.000541
485.000000,-0.000863,0.001196,0.001509,0.003996,0.001623
486.000000,0.001318,0.000219,0.001079,0.003457,-0.012510
487.000000,0.000655,0.000602,0.000164,0.003829,0.003824
488.000000,-0.006825,-0.002379,-0.001244,0.002681,-0.026521
489.000000,-0.007615,-0.002773,-0.001687,0.002632,-0.004489
490.000000,-0.016676,-0.008770,-0.003159,0.000633,-0.043685
491.000000,-0.013470,-0.006076,-0.002928,0.000235,0.003519
492.000000,-0.015763,-0.007554,-0.003558,-0.000294,-0.007640
493.000000,-0.004416,-0.005620,-0.001854,0.000558,0.030217
494.000000,0.000000,-0.003807,-0.001195,0.000453,0.017589
495.000000,0.011197,-0.002740,-0.000772,0.000093,0.012298
496.000000,0.011047,-0.001211,-0.000496,0.000315,0.002774
497.000000,0.013350,-0.001207,-0.000303,-0.000293,0.003871
498.000000,0.006754,0.001169,-0.000605,-0.000440,-0.002763
499.000000,0.003457,0.001729,-0.000522,-0.000548,0.001106
500.000000,0.000444,0.005820,-0.001475,-0.000166,-0.002768
501.000000,-0.000444,0.005302,-0.000387,-0.000185,-0.001664
502.000000,-0.002331,0.005509,-0.001022,-0.000535,-0.005568
503.000000,-0.001556,0.002599,-0.001511,-0.000370,0.001116
504.000000,-0.003682,-0.000113,-0.001960,-0.000834,-0.009527
505.000000,-0.003467,-0.001511,-0.002126,-0.001018,-0.001691
506.000000,-0.005061,-0.002752,-0.001982,-0.001248,-0.009635
507.000000,0.000000,-0.001166,-0.001186,-0.000590,0.019736
508.000000,0.000000,-0.000778,0.000196,-0.000663,0.001116
509.000000,0.000675,-0.001504,0.000112,-0.000850,-0.006154
510.000000,0.000788,-0.001339,0.002240,-0.001430,-0.001123
511.000000,-0.003331,-0.004196,0.000553,-0.001657,-0.030228
512.000000,-0.010429,-0.005215,0.000147,-0.002420,-0.015758
513.000000,-0.008081,-0.004040,-0.000721,-0.002354,0.012858
514.000000,-0.009304,-0.004315,-0.002214,-0.002745,-0.012270
515.000000,-0.007323,-0.003268,-0.002390,-0.002506,0.008780
516.000000,0.003786,0.000228,-0.001262,-0.001245,0.025318
517.000000,0.007051,-0.001689,-0.001427,-0.001354,0.000568
518.000000,0.005724,-0.001178,-0.000978,-0.000262,0.006227
519.000000,0.004189,-0.002558,-0.002031,-0.000778,-0.019949
520.000000,-0.002345,-0.004834,-0.003087,-0.000118,-0.023887
521.000000,-0.005414,-0.000814,-0.002505,0.000097,0.009974
522.000000,-0.007051,0.000000,-0.002607,0.000098,-0.007618
523.000000,-0.003530,0.001097,-0.001472,-0.000115,0.023831
524.000000,0.003651,0.003920,-0.000197,-0.000169,0.015955
525.000000,0.008428,0.003042,-0.000113,-0.000579,0.000000
526.000000,0.008570,0.001578,0.000903,-0.000315,0.010683
527.000000,0.008409,0.000679,-0.000505,-0.000725,-0.008425
528.000000,0.002398,-0.000566,-0.000872,-0.000841,-0.006223
529.000000,0.007870,0.005761,0.001601,0.000566,0.043316
530.000000,0.006780,0.007604,0.001385,0.000477,-0.005450
531.000000,0.004753,0.006662,0.002924,0.000551,0.000546
532.000000,0.014047,0.011228,0.005614,0.002004,0.038044
533.000000,0.018214,0.010306,0.005702,0.002454,0.014614
534.000000,0.009551,0.008711,0.006315,0.002772,0.000000
535.000000,0.010330,0.008555,0.005798,0.002776,-0.001556
536.000000,0.012080,0.008416,0.004997,0.003407,0.009298
537.000000,0.002612,0.008329,0.004504,0.002440,-0.009298
538.000000,0.000311,0.009262,0.004348,0.002506,0.003109
539.000000,0.003085,0.006318,0.006039,0.003174,0.013871
540.000000,0.003294,0.006812,0.007208,0.003194,-0.000510
541.000000,0.000719,0.006399,0.006530,0.004082,-0.003580
542.000000,0.007836,0.005224,0.008226,0.005484,0.026291
543.000000,0.003995,0.002153,0.006229,0.004519,-0.016097
544.000000,0.000510,0.001797,0.005254,0.004809,-0.003556
545.000000,-0.001024,0.001135,0.004845,0.004244,-0.008176
546.000000,-0.000719,0.000000,0.004208,0.003332,-0.002054
547.000000,-0.004746,0.001545,0.004937,0.003518,0.006151
548.000000,-0.003478,0.000258,0.004760,0.002985,-0.009756
549.000000,-0.003802,-0.001646,0.002336,0.003477,-0.005173
550.000000,0.000921,-0.000051,0.003380,0.004788,0.015440
551.000000,0.000616,-0.000051,0.003174,0.004337,-0.003581
552.000000,0.000408,-0.002169,0.001527,0.004761,0.005112
553.000000,-0.000827,-0.002153,0.000000,0.003435,-0.015935
554.000000,0.000725,-0.001538,0.000129,0.002990,0.002587
555.000000,-0.003400,-0.001239,-0.000052,0.002817,-0.005181
556.000000,-0.003203,-0.001294,-0.000647,0.002374,-0.002601
557.000000,0.001423,0.000916,0.001230,0.003597,0.028243
558.000000,0.004306,0.001739,0.000999,0.003753,-0.001520
559.000000,0.000413,0.000569,-0.000539,0.001747,-0.016876
560.000000,0.001449,-0.000975,-0.000513,0.001929,0.000000
561.000000,0.005142,0.000969,0.000459,0.002439,0.015861
562.000000,0.006476,0.003950,0.000890,0.002335,0.034916
563.000000,0.010760,0.007533,0.002690,0.002511,0.019899
564.000000,0.011718,0.006066,0.002264,0.002108,-0.012086
565.000000,0.015094,0.008272,0.003516,0.002723,0.016880
566.000000,0.005408,0.005275,0.001991,0.001327,-0.032567
567.000000,-0.003162,0.001657,0.001286,0.001372,-0.007937
568.000000,-0.002320,0.004220,0.002980,0.002073,0.024109
569.000000,0.000583,0.006150,0.003360,0.001691,0.002428
570.000000,-0.002793,0.006150,0.002588,0.001708,0.000000
571.000000,0.002553,0.003981,0.002475,0.001633,-0.005837
572.000000,0.005598,0.001218,0.002584,0.001000,0.007290
573.000000,0.002128,-0.000096,0.003718,0.001761,0.006757
574.000000,0.001161,0.000872,0.003469,0.001800,-0.002408
575.000000,0.000097,-0.001348,0.003462,0.001895,-0.005318
576.000000,0.002231,0.002392,0.003834,0.002124,0.004836
577.000000,0.000484,0.003041,0.002349,0.001871,-0.001448
578.000000,0.000096,0.001112,0.002666,0.002357,0.004819
579.000000,0.002206,0.001683,0.003917,0.002801,0.008140
580.000000,-0.000388,-0.000146,0.003002,0.001677,-0.018287
581.000000,-0.003504,-0.000636,0.001672,0.001438,-0.010742
582.000000,-0.002235,-0.000875,0.000171,0.001431,0.004897
583.000000,-0.003982,-0.001943,-0.001019,0.001831,-0.003916
584.000000,-0.006692,-0.002243,-0.000686,0.001565,-0.005409
585.000000,0.006310,0.002961,0.000806,0.003295,0.046722
586.000000,0.007799,0.002148,0.002270,0.003272,-0.003300
587.000000,0.004636,0.001200,0.002121,0.001966,-0.010919
588.000000,0.013831,0.004925,0.003018,0.003419,0.042062
589.000000,0.013535,0.003422,0.002553,0.003752,-0.006889
590.000000,0.006300,0.006305,0.003080,0.004103,0.010543
591.000000,0.005403,0.006601,0.002982,0.003315,-0.007782
592.000000,0.007495,0.006065,0.002595,0.002136,-0.000460
593.000000,0.000183,0.007007,0.002532,0.001656,0.005502
594.000000,0.002382,0.007959,0.002858,0.002196,0.004107
595.000000,-0.002017,0.002142,0.002551,0.001252,-0.011450
596.000000,0.002103,0.003753,0.002950,0.002764,0.012815
597.000000,0.006068,0.006781,0.003991,0.003674,0.019366
598.000000,0.005502,0.002843,0.003884,0.002960,0.002673
599.000000,0.004859,0.003620,0.003521,0.002908,0.000889
600.000000,0.007681,0.002832,0.004569,0.002997,0.002663
601.000000,0.002261,0.002182,0.004391,0.002716,-0.014286
602.000000,-0.002062,0.002003,0.004034,0.002398,-0.002251
603.000000,-0.004863,0.000320,0.003663,0.001795,-0.011330
604.000000,-0.004950,-0.000046,0.003957,0.001890,0.000456
605.000000,-0.005482,0.001099,0.001621,0.002067,0.000000
606.000000,-0.001082,0.000589,0.002171,0.002163,0.007715
607.000000,0.000360,-0.000851,0.002965,0.002377,0.004961
608.000000,-0.000456,-0.002660,0.000091,0.001703,-0.015413
609.000000,-0.001739,-0.003344,0.000138,0.001233,-0.005956
610.000000,-0.003957,-0.004720,-0.000944,0.001473,-0.011091
611.000000,-0.005036,-0.003059,-0.000438,0.001908,0.002321
612.000000,-0.003907,-0.001773,0.000115,0.002098,0.010607
613.000000,-0.000274,-0.000365,-0.000023,0.002320,0.002749
614.000000,-0.002683,-0.002211,-0.001128,0.001901,-0.018002
615.000000,-0.003091,-0.003524,-0.001212,-0.000094,-0.013127
616.000000,-0.002613,-0.003824,-0.001618,0.000173,0.004708
617.000000,-0.006149,-0.005028,-0.002939,0.000301,-0.007070
618.000000,-0.005378,-0.002826,-0.002743,-0.000881,0.006601
619.000000,-0.001590,-0.002137,-0.002740,-0.000620,0.000939
620.000000,0.002625,-0.000233,-0.002476,-0.000707,0.007950
621.000000,0.001311,-0.000651,-0.001855,-0.000509,-0.001865
622.000000,0.000000,-0.003074,-0.002424,-0.000948,-0.013625
623.000000,-0.003891,-0.004635,-0.002500,-0.001560,-0.012854
624.000000,-0.006586,-0.004088,-0.003150,-0.002115,-0.012536
625.000000,-0.010617,-0.003996,-0.003760,-0.002140,-0.012204
626.000000,-0.010539,-0.004614,-0.004219,-0.002616,-0.001475
627.000000,-0.007224,-0.003612,-0.004320,-0.003164,0.002947
628.000000,-0.018880,-0.011386,-0.007106,-0.005624,-0.071132
629.000000,-0.016794,-0.011690,-0.006913,-0.005724,-0.002109
630.000000,-0.012777,-0.011697,-0.005965,-0.005550,0.007884
631.000000,-0.015117,-0.012828,-0.006740,-0.005513,-0.013175
632.000000,-0.015071,-0.011148,-0.007111,-0.005332,0.003178
633.000000,0.000421,-0.009230,-0.006932,-0.004743,0.006326
634.000000,0.001472,-0.007661,-0.005875,-0.004653,0.003148
635.000000,0.000732,-0.006023,-0.005009,-0.004514,0.004182
636.000000,0.001164,-0.006977,-0.005795,-0.005138,-0.011015
637.000000,0.003772,-0.005650,-0.004631,-0.004763,0.016218
638.000000,0.001779,0.001100,-0.005143,-0.004371,-0.003639
639.000000,0.001149,0.001311,-0.005190,-0.004172,0.000000
640.000000,-0.000732,0.000000,-0.005848,-0.003976,-0.005222
641.000000,0.001576,0.001370,-0.005729,-0.004036,0.000523
642.000000,-0.003878,-0.000053,-0.005600,-0.004758,-0.011050
643.000000,-0.005813,-0.002017,-0.005623,-0.005294,-0.013316
644.000000,-0.008947,-0.003899,-0.005780,-0.005216,-0.015672
645.000000,-0.004876,-0.002804,-0.004413,-0.004274,0.015135
646.000000,-0.000734,0.000421,-0.003278,-0.003723,0.021232
647.000000,0.001266,-0.001306,-0.003478,-0.003523,-0.001051
648.000000,0.016363,0.005275,0.003187,-0.001670,0.062170
649.000000,0.019300,0.005176,0.003243,-0.001734,-0.000989
650.000000,0.015777,0.005451,0.002725,-0.002082,-0.002476
651.000000,0.013111,0.006189,0.003779,-0.001756,0.007901
652.000000,0.013714,0.007490,0.003719,-0.001237,0.001966
653.000000,0.001575,0.008969,0.003476,-0.000759,0.001472
654.000000,0.003238,0.011269,0.003685,-0.000097,0.007326
655.000000,0.002268,0.009023,0.003109,0.000065,-0.007326
656.000000,0.000883,0.006997,0.003709,0.000147,0.000980
657.000000,0.000098,0.006906,0.002800,-0.000016,-0.001961
658.000000,-0.000491,0.000542,0.002909,0.002306,-0.001473
659.000000,-0.001269,0.000984,0.003080,0.002490,0.003434
660.000000,-0.000196,0.001036,0.003243,0.002162,-0.001961
661.000000,-0.004657,-0.001887,0.002151,0.001891,-0.021325
662.000000,-0.008931,-0.004416,0.001537,0.001007,-0.023328
663.000000,-0.016484,-0.008487,0.000241,-0.000512,-0.039241
664.000000,-0.027576,-0.014422,-0.001577,-0.002351,-0.052024
665.000000,-0.026959,-0.013577,-0.002277,-0.002453,0.001124
666.000000,-0.017266,-0.010961,-0.001982,-0.001181,0.027141
667.000000,-0.009456,-0.009193,-0.001143,-0.001198,0.015723
668.000000,-0.001930,-0.009207,-0.004333,-0.001130,-0.001615
669.000000,0.007177,-0.010199,-0.004607,-0.001346,-0.006487
670.000000,-0.001013,-0.013986,-0.006475,-0.002500,-0.039828
671.000000,-0.002751,-0.010008,-0.005948,-0.001902,0.018452
672.000000,-0.001295,-0.005375,-0.004896,-0.000767,0.023002
673.000000,-0.003369,-0.002650,-0.005568,-0.000723,-0.011983
674.000000,0.001835,0.004506,-0.004958,0.000451,0.019534
675.000000,0.005675,0.002331,-0.005623,-0.000741,-0.020630
676.000000,0.003950,0.000599,-0.005181,-0.001122,0.009825
677.000000,-0.001740,-0.001518,-0.005355,-0.001268,-0.005447
678.000000,-0.001430,-0.002399,-0.005803,-0.003688,-0.010431
679.000000,0.000537,0.001186,-0.004507,-0.002676,0.029366
680.000000,0.007641,0.006658,-0.003664,-0.002097,0.014894
681.000000,0.005042,0.004496,-0.002756,-0.002466,-0.003173
682.000000,0.002928,0.000594,-0.002391,-0.003066,-0.016017
683.000000,0.007049,0.002809,0.000080,-0.002776,0.010174
684.000000,-0.001722,-0.000593,0.001957,-0.003503,-0.014489
685.000000,-0.005134,0.001254,0.001792,-0.003331,-0.002165
686.000000,-0.006788,-0.000873,-0.000137,-0.003745,-0.011441
687.000000,-0.004023,-0.000548,-0.001033,-0.003753,-0.002194
688.000000,-0.010051,-0.001501,-0.001950,-0.004369,-0.019967
689.000000,-0.004372,-0.003047,-0.000931,-0.004020,0.013908
690.000000,-0.001086,-0.003110,0.001774,-0.003479,0.014262
691.000000,-0.000439,-0.003613,0.000441,-0.003042,-0.008203
692.000000,0.003700,-0.000162,0.000216,-0.001648,0.018499
693.000000,0.009731,-0.000160,0.001325,0.000000,0.010190
694.000000,0.005557,0.000593,0.000000,0.001502,-0.006961
695.000000,0.004736,0.001825,0.001539,0.001803,0.010158
696.000000,0.010588,0.005075,0.002101,0.001600,0.021053
697.000000,0.006158,0.004929,0.002191,0.000954,-0.003652
698.000000,0.004224,0.006978,0.002738,0.001026,0.000523
699.000000,0.003515,0.004536,0.000745,0.000892,-0.010504
700.000000,-0.000960,0.001888,-0.000611,0.001812,-0.012218
701.000000,-0.002727,0.003931,0.000159,0.001604,0.012218
702.000000,-0.000523,0.002817,0.001328,0.001083,0.007365
703.000000,-0.000628,0.001798,0.000819,0.001483,0.000000
704.000000,0.000948,0.002232,0.001412,0.000744,-0.002624
705.000000,0.003812,0.001426,0.001626,0.001502,0.002100
706.000000,0.007462,0.002368,0.003721,0.002190,0.030470
707.000000,0.007004,0.003240,0.004084,0.002540,0.005074
708.000000,0.005786,0.002579,0.004778,0.002685,-0.006091
709.000000,0.002091,0.001520,0.003028,0.001003,-0.021097
710.000000,0.005381,0.004596,0.003242,0.001125,0.018548
711.000000,-0.006724,0.000369,0.002150,0.000229,-0.030054
712.000000,-0.005230,0.000887,0.001852,0.001181,0.012546
713.000000,-0.002459,0.001663,0.001731,0.001100,0.007762
714.000000,0.002069,0.002080,0.002156,0.001635,0.001545
715.000000,-0.003294,0.001043,0.001235,0.001431,-0.008269
716.000000,0.005807,-0.000459,0.000954,0.002328,0.015448
717.000000,0.006239,0.000505,0.001872,0.002891,0.014710
718.000000,0.000309,-0.001075,0.000752,0.002827,-0.021889
719.000000,-0.000206,0.000932,0.001226,0.002329,-0.001030
720.000000,0.000104,-0.001595,0.001501,0.001630,-0.006720
721.000000,-0.008135,-0.001164,-0.000398,0.001045,-0.025743
722.000000,-0.013648,-0.003704,-0.001409,0.000000,-0.012855
723.000000,-0.007338,-0.003515,-0.000926,-0.000018,0.009657
724.000000,-0.004059,-0.002133,-0.000026,0.000726,0.015365
725.000000,0.002269,0.001186,0.001115,0.001219,0.024923
726.000000,0.003063,-0.002536,-0.001497,-0.000209,-0.021774
727.000000,0.005424,-0.004112,-0.001803,-0.000122,-0.001049
728.000000,0.002230,-0.002554,-0.001815,-0.000350,-0.006316
729.000000,-0.002114,-0.003087,-0.001078,-0.000212,-0.006356
730.000000,-0.007312,-0.002521,-0.002058,0.000160,-0.001063
731.000000,-0.003170,-0.000053,-0.000609,-0.000283,-0.001064
732.000000,-0.002110,0.001657,-0.001023,-0.000387,0.004251
733.000000,0.002727,0.002478,-0.000518,0.000209,0.017867
734.000000,0.001166,-0.000474,-0.001304,-0.000176,-0.014162
735.000000,-0.001388,-0.004350,-0.001582,-0.000707,-0.013830
736.000000,0.001485,-0.000842,-0.001689,-0.001279,0.013302
737.000000,0.001690,-0.000210,-0.002161,-0.001272,0.005271
738.000000,-0.002938,-0.000106,-0.001330,-0.001245,-0.005271
739.000000,-0.000635,0.000265,-0.001411,-0.000630,-0.002646
740.000000,0.002449,0.000531,-0.000995,-0.001195,0.001589
741.000000,-0.006882,-0.002698,-0.001376,-0.001305,-0.033354
742.000000,-0.009474,-0.003892,-0.001118,-0.001980,-0.007688
743.000000,-0.009083,-0.006010,-0.001766,-0.002349,-0.003313
744.000000,-0.003744,-0.002190,-0.001332,-0.001599,0.024045
745.000000,-1234.000000,-1234.000000,-1234.000000,-1234.000000,-1234.000000
746.000000,-0.006652,-0.006780,-0.003655,-0.003269,-1234.000000
747.000000,-0.001798,-0.006063,-0.002982,-0.003372,0.011729
748.000000,0.002477,-0.003945,-0.001924,-0.002142,0.013786
749.000000,-0.000135,-0.002140,-0.000874,-0.001637,0.013598
750.000000,-0.000216,-0.002377,-0.000847,-0.001424,-0.000540
751.000000,0.004884,-0.000243,-0.001536,-0.001024,-0.014154
752.000000,0.004611,0.001762,-0.001214,-0.000224,0.010363
753.000000,-0.000219,0.000979,-0.002700,-0.000914,-0.010363
754.000000,-0.006590,-0.003721,-0.002915,-0.002074,-0.018258
755.000000,-0.009747,-0.004982,-0.003046,-0.003496,-0.016325
756.000000,-0.007713,-0.001414,-0.003956,-0.002882,-0.003981
757.000000,-0.014396,-0.004893,-0.005447,-0.003641,-0.023056
758.000000,-0.013493,-0.006856,-0.005477,-0.003625,-0.005848
759.000000,-0.011491,-0.009041,-0.005772,-0.003690,-0.008245
760.000000,-0.008700,-0.009223,-0.005980,-0.003735,-0.002368
761.000000,-0.006015,-0.006864,-0.003728,-0.003373,0.009440
762.000000,-0.006640,-0.010518,-0.004701,-0.004422,-0.026176
763.000000,0.000936,-0.006279,-0.002841,-0.003934,0.032031
764.000000,-0.003219,-0.007355,-0.005634,-0.004446,-0.029022
765.000000,-0.005164,-0.006932,-0.005957,-0.004386,-0.012092
766.000000,-0.006323,-0.006169,-0.003792,-0.004719,0.003643
767.000000,0.003821,-0.001409,-0.003151,-0.004055,0.024545
768.000000,0.003243,0.002089,-0.002383,-0.002868,0.029140
769.000000,0.003574,0.000177,-0.004432,-0.003721,-0.027367
770.000000,0.010198,0.002517,-0.003353,-0.003050,0.021029
771.000000,0.004198,-0.001063,-0.003963,-0.002809,-0.026356
772.000000,0.002468,0.003145,-0.003687,-0.001996,0.015897
773.000000,0.004880,0.004061,-0.001109,-0.000461,0.041196
774.000000,0.008098,0.005836,-0.000760,-0.001679,-0.011274
775.000000,-0.002560,0.003819,-0.001556,-0.002698,-0.032261
776.000000,0.005040,0.004619,-0.000775,-0.000988,0.011642
777.000000,0.004961,0.003715,0.001153,-0.000862,0.015504
778.000000,-0.003164,0.000858,0.001474,-0.001303,0.000570
779.000000,-0.002625,0.002737,0.001457,-0.002042,-0.008579
780.000000,-0.000939,-0.001749,0.000384,-0.002819,-0.023831
781.000000,-0.003150,0.000945,-0.000059,-0.002327,0.000588
782.000000,-0.007785,-0.001412,0.000866,-0.002928,-0.007672
783.000000,0.000000,-0.001582,0.001240,-0.001266,0.039494
784.000000,0.011061,0.004218,0.005027,0.000900,0.046727
785.000000,0.016803,0.007932,0.005876,0.001607,0.004879
786.000000,0.013634,0.005242,0.004931,0.001231,-0.015259
787.000000,0.014949,0.003582,0.003648,0.001962,-0.001099
788.000000,0.008910,0.004455,0.002656,0.002467,0.009302
789.000000,-0.004952,0.003055,0.002896,0.001989,-0.022584
790.000000,-0.003932,0.006435,0.002343,0.002401,0.009978
791.000000,0.001532,0.007583,0.004264,0.002488,0.012062
792.000000,0.002947,0.008948,0.003768,0.003560,0.005977
793.000000,-0.001092,0.003909,0.001163,0.002129,-0.010893
794.000000,0.007329,0.001189,0.002703,0.003748,0.019523
795.000000,0.003608,-0.000162,0.003885,0.003863,-0.008630
796.000000,0.007907,0.004719,0.004981,0.004860,0.033558
797.000000,0.008381,0.005664,0.004623,0.004320,0.008346
798.000000,0.013345,0.006127,0.005291,0.003813,0.013929
799.000000,0.005195,0.006262,0.004658,0.004018,-0.021228
800.000000,0.008069,0.005838,0.006137,0.003508,0.005740
801.000000,-0.003488,0.002210,0.004896,0.003579,-0.024224
802.000000,-0.001460,0.003461,0.006204,0.003665,0.018485
803.000000,-0.004350,0.004498,0.004203,0.002275,-0.000523
804.000000,-0.006705,-0.000755,0.000217,0.001551,-0.032999
805.000000,-0.006021,0.001024,0.000431,0.002931,0.009157
806.000000,0.002542,-0.000473,0.002123,0.003163,0.018593
807.000000,0.000209,-0.000625,0.002519,0.002873,0.006819
808.000000,0.000000,-0.002175,0.001976,0.002802,-0.001569
809.000000,0.004495,-0.001105,0.002579,0.002737,-0.010526
810.000000,0.001602,-0.002209,0.001814,0.003355,-0.005305
811.000000,-0.002329,0.000107,0.001158,0.003300,-0.001064
812.000000,-0.002949,-0.001370,0.001045,0.003679,0.003720
813.000000,0.000418,0.000209,0.002353,0.002872,0.015267
814.000000,0.004499,0.004497,0.001871,0.001644,0.009878
815.000000,0.005146,0.003374,0.002199,0.001412,-0.002071
816.000000,0.007422,0.002546,0.001037,0.002264,0.010315
817.000000,0.005649,0.001350,0.000362,0.002130,-0.005144
818.000000,0.001561,0.000990,-0.000593,0.001647,-0.005171
819.000000,0.003792,0.004146,0.001520,0.003101,0.021032
820.000000,0.001549,0.003348,0.000569,0.002325,-0.013286
821.000000,0.001126,0.004274,0.002190,0.002197,0.008197
822.000000,0.003375,0.004512,0.001571,0.002201,0.006104
823.000000,0.006126,0.003844,0.002026,0.002850,0.008584
824.000000,0.003622,0.003707,0.004102,0.002483,0.008511
825.000000,0.005179,0.003364,0.003369,0.002587,-0.005499
826.000000,0.003941,0.002533,0.002540,0.001536,0.002003
827.000000,0.003917,0.003646,0.002498,0.001457,0.005985
828.000000,0.002299,0.004213,0.002601,0.001009,0.000497
829.000000,0.001193,0.002407,0.003277,0.001816,0.002978
830.000000,0.001199,0.003189,0.003268,0.001442,-0.005466
831.000000,0.000799,0.002370,0.003322,0.002250,0.000000
832.000000,-0.001397,0.001260,0.002886,0.001467,-0.004995
833.000000,0.000893,0.001596,0.002720,0.001883,0.011946
834.000000,0.003342,0.002267,0.002987,0.003490,0.015222
835.000000,0.000498,0.000849,0.002106,0.002529,-0.019686
836.000000,-0.000699,0.000050,0.001292,0.001710,-0.005982
837.000000,0.001298,-0.000050,0.001798,0.001649,0.004988
838.000000,-0.003796,-0.001452,0.001380,0.001250,-0.013524
839.000000,-0.015287,-0.005973,-0.001783,0.000193,-0.042231
840.000000,-0.013146,-0.006324,-0.001568,0.000071,-0.008983
841.000000,-0.010259,-0.005479,-0.001555,0.000388,0.008457
842.000000,-0.010731,-0.004716,-0.001728,0.000352,0.002628
843.000000,-0.004797,-0.004297,-0.001350,0.000381,0.016142
844.000000,0.001468,-0.006910,-0.002321,-0.000312,-0.010906
845.000000,0.004306,-0.004420,-0.001786,-0.000069,0.005208
846.000000,0.001886,-0.004186,-0.002068,-0.000534,-0.003643
847.000000,0.001777,-0.004477,-0.002263,-0.000294,0.002083
848.000000,-0.003228,-0.004013,-0.002732,-0.000417,-0.008884
849.000000,-0.000732,0.000368,-0.002803,-0.001066,0.001574
850.000000,-0.003776,0.000265,-0.003030,-0.000957,-0.010008
851.000000,0.000729,0.001307,-0.002086,-0.000601,0.018878
852.000000,-0.002408,-0.000315,-0.002516,-0.001257,-0.013599
853.000000,0.002193,-0.000518,-0.002407,-0.001073,0.014118
854.000000,0.003326,0.001297,-0.002806,-0.001115,0.007243
855.000000,0.003983,0.000104,-0.002158,-0.001156,-0.006724
856.000000,0.002273,0.001501,-0.001343,-0.000879,0.010325
857.000000,0.004787,0.001190,-0.001644,-0.001112,-0.001028
858.000000,0.002066,0.002129,-0.000942,-0.001112,0.000514
859.000000,0.000823,0.002075,0.001221,-0.001177,0.001027
860.000000,0.001654,0.002819,0.001542,-0.001080,-0.002570
861.000000,0.001331,0.001802,0.001555,-0.000790,0.008711
862.000000,0.001740,0.003264,0.001474,-0.000589,0.001020
863.000000,0.003161,0.002614,0.001048,-0.000734,0.007616
864.000000,0.001636,0.001230,0.001263,-0.001461,-0.006597
865.000000,-0.000722,0.000466,0.000285,-0.001284,-0.014359
866.000000,-0.005588,-0.002128,-0.000314,-0.001605,-0.015617
867.000000,-0.007266,-0.002763,-0.000787,-0.002017,-0.007372
868.000000,-0.009424,-0.003132,-0.000501,-0.001672,-0.003176
869.000000,-0.008742,-0.003553,-0.000739,-0.000370,-0.003186
870.000000,-0.003544,-0.002133,0.000343,0.000317,0.011634
871.000000,-0.000631,-0.003109,-0.000654,0.000000,-0.001052
872.000000,0.000211,-0.003527,-0.000132,-0.000193,-0.003163
873.000000,0.002424,-0.003500,-0.000443,-0.000468,0.007889
874.000000,0.006077,-0.001333,-0.000052,0.000398,0.015077
875.000000,-0.004358,-0.003951,-0.001743,-0.001127,-0.040543
876.000000,-0.009595,-0.005113,-0.003621,-0.001913,-0.027235
877.000000,-0.002551,-0.001170,-0.001966,-0.000914,0.032059
878.000000,-0.002849,-0.000212,-0.001672,-0.000405,0.006397
879.000000,-0.002075,0.002001,-0.000776,0.000174,0.018948
880.000000,0.007902,0.001772,-0.000180,0.000819,0.009341
881.000000,0.010959,0.000682,-0.001214,-0.000208,-0.011951
882.000000,0.005069,0.001259,-0.001134,0.000332,0.002610
883.000000,0.001904,-0.000473,-0.001986,-0.000453,-0.009429
884.000000,0.004026,0.000976,-0.000179,0.000291,0.029559
885.000000,0.002464,0.005183,0.000616,0.000566,0.001532
886.000000,0.008695,0.009827,0.002357,0.000862,0.019202
887.000000,0.007270,0.006169,0.002500,0.000746,-0.004515
888.000000,0.010658,0.006281,0.003034,0.000979,0.007513
889.000000,0.005643,0.004834,0.003418,0.001094,0.004481
890.000000,0.005336,0.003900,0.002836,0.001180,0.000000
891.000000,0.001198,0.004946,0.002814,0.000840,-0.001491
892.000000,0.002895,0.005082,0.003171,0.000938,0.003972
893.000000,0.001293,0.005976,0.002752,0.000668,-0.000496
894.000000,0.001287,0.003465,0.002220,0.001036,0.004452
895.000000,0.000793,0.003065,0.004124,0.001432,-0.002471
896.000000,0.003061,0.002129,0.005978,0.002281,0.009847
897.000000,0.002071,0.002483,0.004326,0.002494,-0.000980
898.000000,0.000297,0.000795,0.003538,0.002288,-0.009362
899.000000,-0.002583,-0.000648,0.002093,0.002063,-0.009950
900.000000,-0.002489,-0.000848,0.001526,0.001608,-0.002002
901.000000,-0.007793,-0.002366,0.001290,0.001087,-0.016671
902.000000,-0.004664,-0.001297,0.001893,0.001682,0.014665
903.000000,0.004794,0.002545,0.004261,0.002683,0.037926
904.000000,0.009758,0.003587,0.003526,0.002676,0.014872
905.000000,0.008725,0.003118,0.003091,0.003788,-0.007168
906.000000,0.013016,0.002611,0.002370,0.004856,0.004785
907.000000,0.009987,0.002662,0.002572,0.003771,-0.000477
908.000000,0.003735,0.004264,0.002530,0.003780,0.006664
909.000000,-0.000286,0.004736,0.002044,0.002974,-0.005232
910.000000,0.001529,0.005127,0.002139,0.002726,0.001906
911.000000,-0.001149,0.005934,0.001784,0.002838,-0.008604
912.000000,0.000858,0.005423,0.002063,0.003069,0.009556
913.000000,0.000000,0.001867,0.002206,0.003463,0.002375
914.000000,0.002182,0.000948,0.002268,0.002667,0.005676
915.000000,0.003772,0.002650,0.002884,0.002944,0.009857
916.000000,0.005119,0.001985,0.002298,0.002242,-0.001870
917.000000,0.003862,0.002360,0.002511,0.002501,0.003270
918.000000,0.003760,0.001880,0.003072,0.002313,0.001864
919.000000,0.003831,0.003006,0.003871,0.002365,0.006034
920.000000,0.000467,0.002119,0.003623,0.002133,-0.006965
921.000000,0.001770,0.003445,0.004689,0.002337,0.004649
922.000000,0.000745,0.002303,0.003863,0.002143,-0.001857
923.000000,-0.000559,0.001600,0.001734,0.002004,-0.004658
924.000000,0.000000,0.001915,0.001432,0.002150,0.008831
925.000000,0.002777,0.001622,0.002136,0.002463,0.006917
926.000000,0.001939,0.001854,0.001920,0.002150,0.000459
927.000000,-0.001961,-0.000608,0.000876,0.001471,-0.021356
928.000000,-0.006356,-0.003458,-0.000789,0.000895,-0.026630
929.000000,-0.006013,-0.003006,0.000000,0.001579,0.010547
930.000000,-0.011248,-0.004236,-0.001058,0.001003,-0.019259
931.000000,-0.013982,-0.006022,-0.001289,0.001119,-0.013213
932.000000,-0.009514,-0.005738,-0.001717,0.000663,0.000985
933.000000,-0.004090,-0.005223,-0.001811,-0.000585,0.000492
934.000000,-0.009472,-0.007742,-0.002913,-0.001626,-0.016365
935.000000,-0.007328,-0.009288,-0.003833,-0.001672,-0.008536
936.000000,-0.001087,-0.007535,-0.002840,-0.001232,0.017991
937.000000,0.000000,-0.004757,-0.002683,-0.001002,0.006418
938.000000,-0.000295,-0.002193,-0.002825,-0.001257,-0.000985
939.000000,0.002682,-0.003395,-0.003201,-0.001132,-0.001479
940.000000,0.004291,-0.001519,-0.002877,-0.001212,-0.000493
941.000000,0.003047,0.000980,-0.002521,-0.000532,0.011776
942.000000,0.001666,0.000833,-0.002452,-0.000867,-0.000488
943.000000,0.005059,0.002382,-0.001421,-0.000414,0.015977
944.000000,0.003327,0.003004,-0.002369,-0.000941,-0.010138
945.000000,0.000690,0.002490,-0.003399,-0.001725,-0.013679
946.000000,-0.001961,0.000543,-0.003496,-0.001712,-0.001477
947.000000,-0.000880,0.000393,-0.002182,-0.001657,0.004914
948.000000,-0.003880,0.000589,-0.000802,-0.001687,0.000980
949.000000,-0.003130,0.000099,-0.001648,-0.002101,-0.006387
950.000000,-0.004075,-0.001692,-0.001605,-0.002482,-0.018404
951.000000,-0.002379,-0.002170,-0.000595,-0.002404,0.007004
952.000000,-0.004762,-0.002821,-0.000994,-0.002575,-0.007004
953.000000,-0.002960,-0.003420,-0.000519,-0.002087,0.009990
954.000000,-0.004486,-0.003808,-0.000402,-0.002849,-0.014014
955.000000,-0.001411,-0.002743,-0.000126,-0.003180,-0.003029
956.000000,-0.000599,-0.001489,-0.000473,-0.002827,0.011061
957.000000,0.000702,-0.002030,-0.000819,-0.002131,-0.000500
958.000000,-0.001196,-0.002078,-0.000744,-0.001227,0.000500
959.000000,0.004978,0.000246,0.000172,-0.001017,0.016857
960.000000,0.005780,0.002185,0.000246,-0.000342,0.000983
961.000000,-0.002111,-0.001355,-0.001762,-0.000848,-0.028395
962.000000,-0.000902,-0.000100,-0.001461,-0.000696,0.005543
963.000000,-0.000701,-0.000949,-0.002184,-0.000662,0.001506
964.000000,-0.002673,0.001153,-0.001328,0.000116,0.007000
965.000000,-0.006185,-0.000202,-0.001473,-0.000152,-0.016579
966.000000,0.001109,-0.000501,-0.000995,-0.000482,0.008073
967.000000,-0.001210,-0.001056,-0.001543,-0.000898,-0.006048
968.000000,-0.003033,-0.001867,-0.001973,-0.001119,-0.007612
969.000000,0.002869,0.000098,0.000172,0.000148,0.036513
970.000000,0.006774,0.000294,0.001240,0.000262,0.002943
971.000000,-0.000302,0.000403,-0.000476,-0.001040,-0.027304
972.000000,0.001611,0.000201,0.000050,-0.000907,0.003517
973.000000,0.007891,0.002429,0.000740,-0.000647,0.023787
974.000000,0.002150,0.002509,0.001831,-0.000049,0.007805
975.000000,0.001561,0.004167,0.001982,0.000407,0.000000
976.000000,0.006730,0.003214,0.001356,0.000408,-0.001459
977.000000,0.006804,0.004208,0.001576,0.000374,0.003885
978.000000,0.000587,0.004239,0.001186,0.000098,-0.007298
979.000000,0.004516,0.003333,0.001716,0.001226,0.027452
980.000000,0.006596,0.004078,0.002186,0.002186,0.010397
981.000000,0.008759,0.007745,0.004074,0.002264,0.009359
982.000000,0.008075,0.007439,0.003820,0.002513,0.000466
983.000000,0.006910,0.003749,0.003089,0.001743,-0.013121
984.000000,0.001042,0.002779,0.002644,0.002147,-0.001889
985.000000,-0.002270,0.002163,0.003165,0.002043,-0.006163
986.000000,-0.006918,0.000920,0.002067,0.001211,-0.013886
987.000000,-0.009632,-0.000779,0.001714,0.000791,-0.013104
988.000000,-0.002946,0.001982,0.003111,0.001451,0.020310
989.000000,0.004394,0.002718,0.003025,0.002050,0.034811
990.000000,0.010197,0.003964,0.004021,0.002779,0.022853
991.000000,0.013064,0.003073,0.005409,0.003740,0.000452
992.000000,0.014507,0.002437,0.004938,0.003359,-0.005889
993.000000,0.008344,0.002699,0.003224,0.002959,-0.010505
994.000000,0.001474,0.002934,0.002857,0.002741,0.000459
995.000000,-0.005404,0.002396,0.002280,0.002909,-0.011539
996.000000,-0.007361,0.002852,0.001886,0.002329,-0.009328
997.000000,-0.007028,0.003740,0.001481,0.002390,-0.004226
998.000000,-0.001475,0.003435,0.002709,0.003219,0.017262
999.000000,-0.000828,0.000323,0.001521,0.002125,0.003693
1000.000000,0.001111,-0.002147,0.000908,0.001965,-0.001845
1001.000000,0.004265,-0.001548,0.000763,0.003090,0.006443
1002.000000,0.005569,-0.000730,0.000854,0.003049,0.002291
1003.000000,0.003757,0.001141,0.001920,0.002530,0.008204
1004.000000,0.000276,-0.000276,0.001329,0.001812,-0.013711
1005.000000,0.001564,0.001337,0.001867,0.001966,0.004591
1006.000000,-0.000735,0.001765,0.002308,0.001846,-0.005052
1007.000000,0.001095,0.003332,0.003536,0.002098,0.011444
1008.000000,0.003420,0.003589,0.003512,0.003002,0.019829
1009.000000,0.005268,0.002772,0.001548,0.001938,-0.004472
1010.000000,0.006667,0.004115,0.000984,0.001977,0.011587
1011.000000,0.007500,0.003383,0.000917,0.001636,-0.000887
1012.000000,0.002353,0.001724,0.000497,0.001144,-0.014292
1013.000000,-0.000805,0.001308,0.001225,0.001716,0.004040
1014.000000,-0.001711,0.001779,0.000752,0.001479,-0.009001
1015.000000,-0.003576,0.001545,0.001441,0.001760,0.002258
1016.000000,-0.004848,0.001326,0.001546,0.001981,-0.007243
1017.000000,-0.003448,-0.000548,0.001392,0.002175,-0.007296
1018.000000,-0.010958,-0.005881,-0.001146,0.000381,-0.033507
1019.000000,-0.010583,-0.006147,-0.001687,-0.001017,-0.007124
1020.000000,-0.013528,-0.008552,-0.002218,-0.002194,-0.012470
1021.000000,-0.014996,-0.009922,-0.003270,-0.002696,-0.014585
1022.000000,-0.016895,-0.010172,-0.004224,-0.003059,-0.016791
1023.000000,-0.015135,-0.013046,-0.005869,-0.003532,-0.024705
1024.000000,-0.013710,-0.012146,-0.005184,-0.003548,0.000000
1025.000000,-0.011012,-0.012270,-0.005362,-0.003129,0.001020
1026.000000,-0.008401,-0.011699,-0.005186,-0.002869,-0.001531
1027.000000,-0.005452,-0.011174,-0.005861,-0.002796,-0.002045
1028.000000,0.001424,-0.006855,-0.006368,-0.003049,0.009677
1029.000000,0.003842,-0.004934,-0.005540,-0.002769,0.012091
1030.000000,0.002231,-0.004390,-0.006471,-0.002942,-0.007035
1031.000000,0.002638,-0.002881,-0.006402,-0.003140,0.000504
1032.000000,0.003752,-0.000850,-0.005511,-0.003099,0.003522
1033.000000,0.006483,0.003953,-0.004546,-0.002595,0.023332
1034.000000,-0.002317,0.000763,-0.005692,-0.003202,-0.031907
1035.000000,-0.003049,-0.000409,-0.006339,-0.003711,-0.010695
1036.000000,-0.001619,0.000509,-0.005595,-0.003288,0.007651
1037.000000,-0.003241,0.000256,-0.005459,-0.003822,-0.004584
1038.000000,-0.008316,-0.000917,-0.003886,-0.004551,-0.002044
1039.000000,0.000809,-0.000754,-0.002844,-0.003945,0.013716
1040.000000,0.002847,-0.000101,-0.002246,-0.004348,-0.000505
1041.000000,0.003126,0.000753,-0.001064,-0.004017,0.009045
1042.000000,0.003341,0.000050,-0.000400,-0.003657,-0.003508
1043.000000,0.006244,-0.001036,0.001459,-0.003376,0.012472
1044.000000,0.003104,0.001956,0.001360,-0.003142,-0.001985
1045.000000,-0.001724,0.000562,0.000076,-0.004039,-0.024643
1046.000000,-0.000802,0.001162,0.000836,-0.003342,0.013654
1047.000000,0.000100,0.001721,0.000988,-0.003066,0.001004
1048.000000,-0.002093,0.002075,0.000579,-0.001899,0.001504
1049.000000,-0.002298,0.000403,-0.000176,-0.001762,-0.003011
1050.000000,0.002630,0.000453,0.000176,-0.001346,0.000000
1051.000000,-0.000805,-0.000804,-0.000025,-0.000977,-0.003524
1052.000000,-0.002626,-0.001263,-0.000606,-0.000688,-0.008101
1053.000000,-0.002927,-0.002510,-0.001773,0.000136,0.000000
1054.000000,-0.003242,-0.002770,-0.000407,-0.000017,-0.004586
1055.000000,0.003684,0.003157,0.001860,0.001103,0.034633
1056.000000,0.003499,0.001347,0.001254,0.001006,-0.004450
1057.000000,0.005417,0.001395,0.001558,0.001124,0.001486
1058.000000,0.007288,0.002180,0.002128,0.001113,0.009357
1059.000000,0.006334,0.001546,0.000974,0.000398,-0.009357
1060.000000,-0.001784,0.000950,0.000702,0.000434,-0.005955
1061.000000,-0.000496,0.001502,0.000349,0.000484,0.001989
1062.000000,-0.000793,0.002312,0.000524,0.000366,0.000000
1063.000000,-0.001476,0.002906,0.000198,-0.000213,0.005944
1064.000000,-0.001789,0.002272,-0.000249,0.000486,-0.010924
1065.000000,0.000596,-0.000594,0.001282,0.001042,0.005973
1066.000000,0.001189,0.000346,0.000847,0.000952,0.004951
1067.000000,0.003545,0.001376,0.001386,0.001497,0.011782
1068.000000,0.000985,-0.000245,0.000968,0.001337,-0.006856
1069.000000,-0.002613,-0.002201,-0.000328,-0.000084,-0.028915
1070.000000,-0.004416,-0.001910,-0.000480,-0.000169,-0.003040
1071.000000,-0.005914,-0.002363,-0.000430,-0.000555,-0.002540
1072.000000,-0.008984,-0.002719,-0.000204,-0.000557,-0.003567
1073.000000,-0.009974,-0.004495,-0.000794,-0.001366,-0.011810
1074.000000,-0.003572,-0.003093,-0.000410,-0.001197,0.003094
1075.000000,-0.001937,-0.003176,-0.001885,-0.000204,0.005136
1076.000000,-0.002457,-0.004185,-0.001919,-0.000831,-0.005136
1077.000000,-0.002465,-0.005724,-0.002174,-0.000984,-0.003611
1078.000000,0.001338,-0.004318,-0.002282,-0.000794,0.007209
1079.000000,0.002558,-0.000507,-0.001354,-0.000388,0.009193
1080.000000,0.002646,0.000355,-0.000778,-0.000202,0.005577
1081.000000,0.005786,0.001665,-0.000349,0.000268,0.010561
1082.000000,0.004193,0.000864,-0.000928,0.000152,-0.011572
1083.000000,0.005965,0.003652,-0.000422,0.000688,0.016065
1084.000000,0.004524,0.003541,0.000224,0.000907,0.001990
1085.000000,0.003210,0.002928,-0.000124,-0.000281,-0.000995
1086.000000,-0.000100,0.002843,-0.000671,-0.000332,-0.005988
1087.000000,0.001010,0.002602,-0.001561,-0.000582,-0.006024
1088.000000,-0.001099,0.002433,-0.000942,-0.000710,0.005523
1089.000000,0.000099,0.002312,0.000902,-0.000132,0.007980
1090.000000,-0.008538,-0.002664,-0.001155,-0.001406,-0.044181
1091.000000,-0.005892,-0.002996,-0.000666,-0.001231,0.007243
1092.000000,-0.004790,-0.001890,-0.000513,-0.001248,-0.000516
1093.000000,-0.004149,-0.002624,0.000514,-0.001156,0.008729
1094.000000,-0.006462,-0.003181,0.000180,-0.000911,-0.003585
1095.000000,0.003908,-0.002315,0.000306,-0.000855,0.007667
1096.000000,0.000618,-0.002637,0.000103,-0.001326,-0.009207
1097.000000,-0.001138,-0.002964,-0.000181,-0.002029,-0.009293
1098.000000,-0.001540,-0.002844,-0.000206,-0.001576,0.006720
1099.000000,-0.003520,-0.004991,-0.001340,-0.001062,-0.013486
1100.000000,-0.007681,-0.001887,-0.002275,-0.001399,-0.013141
1101.000000,-0.006370,-0.002876,-0.002936,-0.001402,-0.002649
1102.000000,-0.002821,-0.001979,-0.001935,-0.001002,0.008452
1103.000000,-0.003011,-0.002275,-0.002449,-0.000416,0.005770
1104.000000,-0.003477,-0.003498,-0.003340,-0.001046,-0.015815
1105.000000,0.003878,-0.001902,-0.002109,-0.000430,0.023629
1106.000000,0.004822,-0.000774,-0.001705,-0.000189,0.002074
1107.000000,0.000630,-0.001095,-0.002030,-0.000486,-0.012507
1108.000000,0.000627,-0.001192,-0.002018,-0.000534,0.005752
1109.000000,0.002114,-0.000681,-0.002836,-0.001120,-0.008377
1110.000000,0.001757,0.002817,0.000465,-0.000578,0.021842
1111.000000,-0.000311,0.002256,-0.000310,-0.001205,-0.008265
1112.000000,0.003431,0.002031,0.000026,-0.000613,0.006205
1113.000000,0.000417,0.000522,-0.000877,-0.001459,-0.009322
1114.000000,0.001153,0.001634,-0.000932,-0.001682,-0.004694
1115.000000,-0.005211,-0.001727,-0.001815,-0.001981,-0.009982
1116.000000,-0.002821,-0.001566,-0.001170,-0.001659,0.003689
1117.000000,-0.001449,0.000991,-0.000052,-0.001023,0.013065
1118.000000,0.002379,0.001398,0.000103,-0.000879,0.009817
1119.000000,0.001043,0.001098,0.000208,-0.001525,-0.011376
1120.000000,0.000527,-0.002342,0.000238,-0.000471,-0.012559
1121.000000,0.000735,-0.001043,0.000606,-0.000554,0.004728
1122.000000,-0.001668,-0.001558,0.000236,-0.000502,0.001048
1123.000000,-0.005209,-0.001415,-0.000447,-0.001056,-0.007884
1124.000000,-0.004098,-0.001528,0.000053,-0.001131,-0.005822
1125.000000,-0.002224,-0.000848,-0.001288,-0.001493,-0.003190
1126.000000,0.000941,0.000838,-0.000364,-0.000500,0.020554
1127.000000,-0.000945,-0.001307,-0.000158,-0.000470,-0.008381
1128.000000,-0.000740,-0.002974,-0.000788,-0.000923,-0.006862
1129.000000,0.001375,-0.001361,-0.000132,-0.000315,0.004756
1130.000000,0.000850,-0.000687,-0.001514,-0.000071,-0.005816
1131.000000,-0.001256,-0.000157,-0.000600,0.000352,0.010024
1132.000000,0.001468,0.000261,-0.000649,0.000245,0.005236
1133.000000,-0.002023,-0.001382,-0.001398,-0.000758,-0.024314
1134.000000,-0.005342,-0.001983,-0.001755,-0.000626,-0.011841
1135.000000,-0.002239,-0.000695,-0.000771,-0.001090,0.009698
1136.000000,-0.003709,-0.002482,-0.000822,-0.001070,0.002677
1137.000000,-0.003796,-0.001164,-0.001235,-0.000493,0.004801
1138.000000,0.003395,0.000686,-0.001144,-0.000297,0.011640
1139.000000,0.005026,-0.000158,-0.000760,-0.000140,-0.003689
1140.000000,0.003929,0.000845,0.000079,-0.000728,0.004215
1141.000000,0.003183,-0.000263,-0.000210,-0.000488,-0.001052
1142.000000,0.001801,-0.000997,-0.000368,-0.000765,-0.002107
1143.000000,0.001781,0.002588,0.000603,-0.000069,0.011537
1144.000000,0.001473,0.003249,0.000633,-0.000087,-0.005227
1145.000000,0.000735,0.002332,0.000819,0.000263,0.000524
1146.000000,0.001677,0.002430,-0.000026,0.000262,0.003660
1147.000000,0.005411,0.003606,0.001221,0.000379,0.016564
1148.000000,0.003104,0.002442,0.001564,0.000051,0.000000
1149.000000,0.006396,0.003934,0.001888,0.000805,0.011230
1150.000000,0.005783,0.003259,0.002052,0.001139,-0.002541
1151.000000,0.006066,0.003871,0.001804,0.001150,0.005076
1152.000000,0.002550,0.003981,0.001492,0.001082,-0.001013
1153.000000,0.000103,0.001603,0.002096,0.000937,-0.012239
1154.000000,-0.001222,0.002587,0.002918,0.001284,0.004607
1155.000000,0.000711,0.003247,0.002789,0.001628,0.007125
1156.000000,-0.003782,0.001142,0.001786,0.000363,-0.017392
1157.000000,-0.004407,-0.000928,0.001339,0.000505,-0.004137
1158.000000,-0.002167,-0.001032,0.000705,0.000699,-0.001037
1159.000000,-0.006964,-0.004093,-0.000079,-0.000106,-0.019377
1160.000000,-0.008494,-0.003892,-0.000316,0.000071,-0.000529
1161.000000,-0.002492,-0.003137,0.000367,0.000157,0.012618
1162.000000,-0.000831,-0.002619,0.000681,0.000122,0.004171
1163.000000,0.001035,-0.000566,0.000519,0.001208,0.008290
1164.000000,0.000950,-0.003007,-0.000210,0.000943,-0.019803
1165.000000,-0.000212,-0.004353,-0.000553,0.000409,-0.006336
1166.000000,-0.002735,-0.002614,-0.000736,0.000319,0.000000
1167.000000,-0.001987,-0.001409,-0.001169,0.000423,0.007914
1168.000000,-0.004277,-0.001621,-0.001326,-0.000070,-0.003158
1169.000000,-0.000211,0.000369,-0.001862,0.000070,0.000527
1170.000000,0.001267,0.000528,-0.001682,-0.000035,0.001053
1171.000000,0.001688,-0.000524,-0.001831,0.000070,0.002103
1172.000000,0.000420,-0.000783,-0.001701,0.000193,0.001574
1173.000000,-0.000422,-0.002349,-0.001458,-0.000437,-0.007368
1174.000000,-0.000633,-0.000422,-0.001714,-0.000281,-0.000528
1175.000000,-0.002223,-0.000478,-0.002415,-0.000528,-0.006895
1176.000000,-0.003818,-0.001065,-0.001839,-0.000846,-0.005871
1177.000000,-0.005961,-0.002771,-0.002090,-0.001703,-0.009142
1178.000000,-0.004163,-0.002293,-0.001957,-0.001649,0.001619
1179.000000,-0.002446,-0.001540,-0.000585,-0.001754,0.008058
1180.000000,0.001062,-0.000581,-0.000026,-0.001315,0.010644
1181.000000,0.005700,0.000941,0.000209,-0.000907,0.017319
1182.000000,0.006380,0.000210,-0.000287,-0.001064,-0.005740
1183.000000,0.004269,0.000053,-0.001148,-0.000954,-0.008936
1184.000000,0.002340,-0.000053,-0.000237,-0.001161,-0.001585
1185.000000,0.002211,0.001636,0.000579,-0.001065,0.009997
1186.000000,-0.001777,0.001961,0.000448,-0.000572,-0.002621
1187.000000,-0.001682,0.002349,-0.000211,-0.000610,-0.005263
1188.000000,-0.000317,0.001976,-0.000158,-0.000646,-0.002113
1189.000000,0.000844,0.001592,0.000026,0.000141,0.004222
1190.000000,-0.000734,0.000738,0.000079,0.000228,0.002104
1191.000000,-0.003388,-0.002582,-0.000821,-0.000722,-0.015890
1192.000000,0.000527,-0.000577,-0.000184,-0.000384,0.014312
1193.000000,0.001580,0.000632,0.000342,-0.000555,0.003153
1194.000000,0.002200,0.001522,0.000735,0.000349,0.007318
1195.000000,0.003851,0.001558,0.001597,0.000906,0.010363
1196.000000,0.006823,0.001717,0.001839,0.000871,-0.001031
1197.000000,0.004270,0.002398,0.002374,0.000659,0.001547
1198.000000,0.006097,0.003839,0.002907,0.001174,0.012289
1199.000000,0.003306,0.002753,0.002173,0.000935,-0.006638
1200.000000,0.001233,0.002542,0.001640,0.000900,0.000000
1201.000000,0.002258,0.004540,0.000979,0.000966,0.004090
1202.000000,0.001386,0.002828,0.001125,0.000820,-0.002810
1203.000000,0.000914,0.003506,0.002069,0.001397,0.009928
1204.000000,0.002747,0.003027,0.002274,0.001499,0.002530
1205.000000,0.002444,0.001839,0.001699,0.001678,-0.001517
1206.000000,0.001018,0.001638,0.001678,0.001772,-0.003041
1207.000000,0.002491,0.001939,0.002169,0.002229,0.004558
1208.000000,0.001212,0.001063,0.002451,0.002293,0.003531
1209.000000,0.005187,0.003967,0.003360,0.002771,0.022406
1210.000000,0.004405,0.003424,0.002983,0.002235,-0.005431
1211.000000,0.004020,0.002519,0.003530,0.001492,-0.004963
1212.000000,0.002411,0.002451,0.002640,0.001567,-0.003489
1213.000000,0.003889,0.002551,0.003028,0.002229,0.010924
1214.000000,-0.000493,0.002347,0.002687,0.002299,0.000494
1215.000000,-0.004810,-0.000203,0.000818,0.001065,-0.027015
1216.000000,-0.002402,0.000809,0.001223,0.001388,0.007074
1217.000000,-0.000500,0.000956,0.001447,0.001764,0.006024
1218.000000,-0.001686,0.001102,0.001082,0.002001,0.004993
1219.000000,-0.007647,-0.004070,-0.000051,0.000883,-0.029310
1220.000000,-0.002963,-0.003886,-0.000231,0.000693,-0.003596
1221.000000,-0.007177,-0.004790,-0.001135,0.000757,-0.013993
1222.000000,-0.002316,-0.001408,0.000522,0.001290,0.030329
1223.000000,0.000000,-0.000843,0.000854,0.001738,0.016571
1224.000000,0.006459,-0.000594,0.000877,0.001593,0.002984
1225.000000,0.000924,-0.001019,-0.000611,0.000206,-0.031268
1226.000000,0.005051,-0.001063,-0.000127,0.000461,0.006638
1227.000000,-0.001525,-0.001920,-0.000482,0.000325,-0.002548
1228.000000,-0.003112,-0.001556,-0.000227,0.000203,0.008636
1229.000000,-0.004621,0.000919,-0.001576,0.000272,-0.004563
1230.000000,0.001633,0.001278,-0.001304,0.000272,0.000000
1231.000000,0.000508,0.002779,-0.001005,0.000170,0.001016
1232.000000,-0.000511,-0.001018,-0.001213,0.000009,-0.007643
1233.000000,-0.001218,-0.002165,-0.001504,-0.000152,0.005102
1234.000000,-0.002043,-0.003332,-0.001963,-0.000526,-0.008689
1235.000000,0.000102,0.000867,-0.000076,-0.000118,0.010723
1236.000000,0.000000,0.000254,-0.000404,0.000000,0.000508
1237.000000,0.001427,0.000458,-0.000731,-0.000169,-0.000508
1238.000000,0.000610,-0.000304,-0.000930,-0.000253,0.001015
1239.000000,0.002348,0.000152,0.000536,-0.001000,0.000000
1240.000000,-0.001427,-0.000663,0.000308,-0.001090,-0.008151
1241.000000,-0.003069,-0.001535,0.000622,-0.001182,-0.007702
1242.000000,-0.001734,-0.000154,-0.000586,-0.000860,0.006167
1243.000000,-0.003274,-0.001332,-0.001748,-0.001447,-0.006682
