0.000000,0.009341,0.003972,0.008003,0.006130,-0.018321
1.000000,0.016710,0.005068,0.007636,0.006606,0.010955
2.000000,0.022016,0.004332,0.007792,0.005652,0.000389
3.000000,0.009498,0.004373,0.006937,0.004824,-0.027604
4.000000,-0.003350,0.005656,0.007645,0.005465,0.017833
5.000000,0.002424,0.005883,0.006908,0.006361,0.010549
6.000000,-0.006485,0.005112,0.005789,0.004497,-0.033593
7.000000,-0.010623,0.005697,0.004392,0.003759,-0.020301
8.000000,-0.002171,0.003664,0.001832,0.004586,0.014658
9.000000,-0.007524,-0.005437,0.001030,0.004583,-0.008932
10.000000,-0.008171,-0.002873,0.000549,0.004378,0.007314
11.000000,-0.000886,-0.003686,0.000691,0.003862,0.002830
12.000000,0.006457,-0.002083,0.001125,0.004500,0.016417
13.000000,0.002011,-0.000080,0.002146,0.004598,-0.007574
14.000000,-0.002462,-0.004993,0.000331,0.003433,-0.031297
15.000000,-0.001381,-0.004776,0.000553,0.003013,0.012718
16.000000,-0.008663,-0.004775,0.000169,0.002268,-0.033578
17.000000,-0.016380,-0.004961,0.000368,0.001274,-0.022166
18.000000,-0.022599,-0.010294,-0.003315,-0.002210,-0.038669
19.000000,-0.016070,-0.009266,-0.007352,-0.002402,0.001343
20.000000,-0.018346,-0.009864,-0.006368,-0.002922,0.001341
21.000000,-0.015601,-0.012132,-0.007909,-0.003583,-0.019856
22.000000,-0.008992,-0.012686,-0.007384,-0.003479,0.010880
23.000000,0.003552,-0.009523,-0.004802,-0.001744,0.024055
24.000000,-0.000269,-0.008170,-0.006581,-0.002502,-0.017762
25.000000,0.000803,-0.008772,-0.006774,-0.002555,0.006698
26.000000,0.005307,-0.005147,-0.004961,-0.001603,0.002667
27.000000,0.004017,-0.002488,-0.003724,-0.000584,0.004429
28.000000,0.001141,0.002347,-0.003974,-0.001428,0.009675
29.000000,0.010898,0.005315,-0.001976,-0.003129,0.031024
30.000000,0.006049,0.003426,-0.003219,-0.003104,-0.017548
31.000000,0.005343,0.005325,-0.003404,-0.003498,-0.000864
32.000000,-0.005556,-0.000769,-0.006728,-0.005179,-0.050066
33.000000,-0.013393,-0.006126,-0.007824,-0.005243,-0.029509
34.000000,-0.019972,-0.004537,-0.006353,-0.005900,-0.001874
35.000000,-0.024303,-0.009127,-0.008949,-0.007558,-0.039202
36.000000,-0.022189,-0.008423,-0.006785,-0.006115,0.009704
37.000000,-0.008919,-0.007238,-0.004863,-0.004895,0.016284
38.000000,-0.005023,-0.009208,-0.003430,-0.005718,-0.010026
39.000000,-0.009800,-0.014886,-0.004786,-0.006279,-0.025761
40.000000,-0.004736,-0.014520,-0.005547,-0.006986,-0.013882
41.000000,-0.007077,-0.014633,-0.004654,-0.007147,-0.001999
42.000000,-0.002775,-0.005847,-0.003308,-0.006434,0.037796
43.000000,-0.001638,-0.003330,-0.004728,-0.006326,-0.004345
44.000000,0.006014,-0.001893,-0.003215,-0.004867,0.012500
45.000000,0.006967,0.001115,-0.004006,-0.005594,-0.009119
46.000000,0.006884,-0.000097,-0.004260,-0.004556,-0.002414
47.000000,-0.007060,-0.004917,-0.006077,-0.004881,-0.031920
48.000000,-0.008398,-0.005018,-0.007113,-0.003960,-0.011039
49.000000,-0.007001,-0.000494,-0.007690,-0.003355,0.019486
50.000000,-0.006169,0.000399,-0.007060,-0.003565,-0.004960
51.000000,-0.010416,-0.001766,-0.008200,-0.003691,-0.023649
52.000000,-0.005977,-0.006518,-0.006182,-0.004378,-0.009721
53.000000,-0.001215,-0.004806,-0.004068,-0.004754,0.012772
54.000000,-0.003998,-0.005500,-0.003696,-0.003977,0.005568
55.000000,-0.003815,-0.004992,-0.001939,-0.004335,-0.004047
56.000000,0.003232,-0.003592,-0.001844,-0.004037,0.011590
57.000000,0.003769,-0.001104,-0.003010,-0.004419,-0.007039
58.000000,-0.002041,-0.001628,-0.003323,-0.005285,-0.016277
59.000000,-0.011319,-0.007659,-0.004076,-0.007679,-0.040822
60.000000,-0.022281,-0.013048,-0.006325,-0.009056,-0.058857
61.000000,-0.026993,-0.011880,-0.006823,-0.009427,-0.011969
62.000000,-0.024328,-0.010279,-0.008399,-0.007548,0.006288
63.000000,-0.024173,-0.013107,-0.008957,-0.007081,-0.015504
64.000000,-0.016588,-0.013953,-0.009727,-0.007115,-0.002898
65.000000,0.003816,-0.009232,-0.007112,-0.004370,0.043164
66.000000,0.004423,-0.011285,-0.007438,-0.004991,-0.008934
67.000000,0.000000,-0.012164,-0.006634,-0.006062,-0.015828
68.000000,0.001958,-0.011107,-0.006368,-0.005918,-0.005714
69.000000,-0.007089,-0.011838,-0.009748,-0.006664,-0.048131
70.000000,-0.015842,-0.006013,-0.009531,-0.006221,-0.000602
71.000000,-0.018435,-0.007006,-0.009443,-0.006884,-0.021899
72.000000,-0.013067,-0.006534,-0.008406,-0.007777,0.011009
73.000000,-0.012534,-0.005288,-0.009197,-0.007734,-0.003046
74.000000,-0.004254,-0.005671,-0.009812,-0.008375,-0.006734
75.000000,-0.005366,-0.010604,-0.009918,-0.008276,-0.006161
76.000000,0.009606,-0.004415,-0.007850,-0.006430,0.052961
77.000000,0.013863,0.000398,-0.005883,-0.004290,0.032298
78.000000,0.011499,-0.000517,-0.005812,-0.004417,-0.014866
79.000000,0.014909,0.005328,-0.003255,-0.004723,0.010315
80.000000,0.019085,0.006859,0.000423,-0.004067,0.014714
81.000000,0.002794,0.006200,-0.000403,-0.004229,-0.028492
82.000000,-0.006460,0.003702,-0.001416,-0.004370,-0.013970
83.000000,0.008790,0.010145,0.002428,-0.002750,0.061383
84.000000,0.006396,0.010653,0.002491,-0.002991,-0.001655
85.000000,0.004774,0.011929,0.000663,-0.002636,0.006604
86.000000,0.021465,0.012129,0.003857,-0.001190,0.054962
87.000000,0.021224,0.007382,0.003890,-0.001461,-0.015172
88.000000,0.011670,0.010230,0.004857,-0.000465,0.013613
89.000000,0.004909,0.005652,0.005490,-0.000286,-0.035463
90.000000,0.002940,0.003857,0.005358,0.001568,-0.003238
91.000000,-0.012755,0.004355,0.005277,0.001183,-0.023518
92.000000,-0.011947,0.004639,0.004170,0.000602,-0.011130
93.000000,-0.009696,0.000987,0.005566,0.001948,0.024870
94.000000,0.003948,0.004428,0.007541,0.003137,0.032755
95.000000,0.006488,0.004714,0.008322,0.002013,0.009464
96.000000,0.008240,-0.002258,0.004936,0.001819,-0.014760
97.000000,0.006929,-0.002509,0.002437,0.001757,-0.017681
98.000000,0.001089,-0.004303,0.002963,0.001803,-0.004334
99.000000,-0.004920,-0.000486,0.002583,0.003498,0.002711
100.000000,-0.011413,-0.002463,0.000697,0.002751,-0.023002
101.000000,-0.006257,0.000991,0.002673,0.003849,0.011019
102.000000,-0.008954,-0.001012,0.001813,0.002443,-0.031166
103.000000,-0.007636,-0.003274,-0.001143,0.002620,0.002259
104.000000,-0.009196,-0.007058,-0.001315,0.002674,-0.005089
105.000000,-0.007680,-0.009547,-0.002416,0.002366,-0.015424
106.000000,-0.008851,-0.007554,-0.004906,0.000773,0.005168
107.000000,-0.003881,-0.006418,-0.004463,-0.000515,-0.006320
108.000000,-0.005605,-0.006620,-0.005462,-0.000231,-0.006360
109.000000,-0.005751,-0.007473,-0.003980,-0.000769,-0.005817
110.000000,-0.001967,-0.004824,-0.003643,-0.001143,0.003494
111.000000,0.007752,-0.000549,0.000221,0.001599,0.053761
112.000000,0.006130,0.001124,0.000056,0.001584,-0.014429
113.000000,0.002765,-0.001420,-0.002347,-0.001235,-0.023185
114.000000,0.008230,0.001239,-0.002909,-0.000463,0.021506
115.000000,0.005731,0.001882,-0.003832,-0.000983,-0.008999
116.000000,-0.008900,-0.000574,-0.004064,-0.003462,-0.019396
117.000000,-0.009033,-0.001451,-0.003935,-0.003459,-0.015090
118.000000,-0.012268,-0.004751,-0.005686,-0.005225,-0.039361
119.000000,-0.009283,-0.000526,-0.004000,-0.002829,0.036433
120.000000,-0.002730,0.001500,-0.001662,-0.001929,0.023762
121.000000,0.007906,-0.000497,-0.000523,-0.000018,0.033787
122.000000,0.004967,-0.002033,-0.000454,-0.000640,-0.029786
123.000000,0.015559,0.001645,0.000113,-0.001016,0.013598
124.000000,0.024272,0.007495,0.004367,0.000559,0.079999
125.000000,0.008082,0.002676,0.002279,-0.001663,-0.057189
126.000000,0.003295,0.005601,0.002513,-0.000843,0.009852
127.000000,0.011742,0.008355,0.003452,0.000162,0.012449
128.000000,0.008915,0.012237,0.003743,0.000288,-0.000538
129.000000,-0.010998,0.006637,0.003055,-0.000454,-0.019566
130.000000,0.004137,0.006110,0.003805,0.000929,0.018489
131.000000,-0.004517,-0.000611,-0.000554,-0.000552,-0.033419
132.000000,-0.007118,0.002312,0.000140,0.000468,-0.000557
133.000000,-0.009253,-0.000169,0.000738,0.000019,-0.011211
134.000000,-0.003879,-0.007439,0.000028,0.000432,0.007301
135.000000,-0.001297,0.001420,0.002048,0.001993,0.031399
136.000000,0.001222,-0.001647,0.001977,0.001126,-0.020823
137.000000,0.003755,-0.001682,0.003336,0.001741,0.012108
138.000000,0.014564,0.002655,0.007446,0.003380,0.042833
139.000000,0.008866,0.002493,0.004565,0.002868,-0.021187
140.000000,0.003548,0.001125,0.003617,0.002912,0.004806
141.000000,0.009515,0.005369,0.002379,0.001420,0.009016
142.000000,0.007516,0.005635,0.003974,0.001971,0.002110
143.000000,-0.014902,-0.000169,-0.000169,0.000436,-0.069256
144.000000,-0.014772,-0.002953,-0.005196,-0.000966,-0.020537
145.000000,-0.015733,-0.006093,-0.002336,-0.000666,0.000000
146.000000,-0.016502,-0.003493,-0.002570,0.000153,0.005174
147.000000,-0.015780,-0.004132,-0.002907,0.000847,0.005718
148.000000,-0.006193,-0.010548,-0.003946,0.001448,-0.021320
149.000000,-0.001853,-0.008313,-0.002910,0.000273,0.001164
150.000000,0.008353,-0.003690,-0.001282,0.001182,0.051031
151.000000,0.015549,-0.000476,0.002446,0.001427,0.041154
152.000000,0.018085,0.001152,0.003394,0.003033,0.018397
153.000000,0.017606,0.005706,0.002769,0.001789,-0.023717
154.000000,0.020338,0.009242,0.003145,-0.000383,0.014823
155.000000,0.008655,0.008504,0.001206,0.001277,-0.007384
156.000000,-0.000319,0.007615,0.002061,0.000825,-0.003713
157.000000,-0.013019,0.002533,-0.000800,-0.001094,-0.045104
158.000000,-0.006725,0.005440,-0.002554,-0.000817,0.007752
159.000000,-0.012803,0.003768,-0.002272,-0.000684,-0.015565
160.000000,-0.005801,0.001427,-0.001132,-0.000379,0.027626
161.000000,-0.001600,-0.000959,-0.000718,0.001311,0.017288
162.000000,0.007635,-0.002692,-0.000770,0.001365,0.001071
163.000000,-0.000884,-0.003805,0.000951,0.000577,-0.034843
164.000000,0.001117,-0.005843,0.001700,0.000149,-0.005556
165.000000,-0.005525,-0.005663,0.001421,-0.001084,-0.005587
166.000000,-0.008423,-0.005012,0.001302,-0.000297,0.002797
167.000000,-0.005313,0.001161,0.001847,-0.000146,0.016621
168.000000,0.003515,0.001315,0.003378,-0.001264,0.009297
169.000000,0.008400,0.004759,0.004263,0.000071,0.018874
170.000000,0.011114,0.002794,0.002111,0.000177,0.007981
171.000000,0.017430,0.004503,0.001772,0.001023,0.034378
172.000000,0.019062,0.006874,0.002091,0.001778,0.024780
173.000000,0.021551,0.012533,0.004364,0.004811,0.021740
174.000000,0.015020,0.011710,0.002934,0.005037,-0.013780
175.000000,0.010328,0.010721,0.002529,0.004521,-0.015481
176.000000,0.004656,0.011043,0.003016,0.004549,0.006021
177.000000,0.004836,0.011949,0.006555,0.005214,0.025680
178.000000,0.005686,0.013618,0.007467,0.006791,0.025988
179.000000,0.009579,0.012299,0.008529,0.006942,0.005685
180.000000,0.006438,0.008383,0.005589,0.004201,-0.031185
181.000000,0.005526,0.005091,0.004797,0.002878,0.001461
182.000000,0.002519,0.003678,0.005276,0.002620,0.010649
183.000000,0.000095,0.002890,0.007711,0.003873,0.013866
184.000000,-0.000662,0.004458,0.008084,0.003442,0.001898
185.000000,-0.000781,0.002828,0.006775,0.002629,-0.031779
186.000000,0.000389,0.002957,0.007000,0.002996,0.007312
187.000000,0.002298,0.002409,0.007179,0.005173,0.020193
188.000000,0.005341,0.002718,0.008168,0.005884,0.029083
189.000000,0.001887,0.000612,0.006456,0.005890,-0.015374
190.000000,0.010112,0.004665,0.006524,0.005281,0.009346
191.000000,0.008556,0.004473,0.004782,0.004689,-0.000465
192.000000,-0.000667,0.000815,0.002246,0.003789,-0.025927
193.000000,-0.004299,0.000521,0.001706,0.005315,0.010924
194.000000,0.005556,0.003721,0.004090,0.006630,0.033902
195.000000,0.004325,0.007218,0.005023,0.006922,0.003191
196.000000,0.007758,0.008157,0.005557,0.007386,0.016701
197.000000,0.023238,0.011285,0.006847,0.008548,0.051472
198.000000,0.019002,0.007351,0.005035,0.007896,-0.010257
199.000000,0.015460,0.010508,0.005560,0.007806,0.016191
200.000000,0.017508,0.010917,0.007791,0.007988,0.013434
201.000000,0.014418,0.011088,0.007780,0.006884,0.001250
202.000000,-0.000255,0.011491,0.006153,0.005328,-0.021896
203.000000,-0.002855,0.008073,0.004297,0.003828,-0.023257
204.000000,0.000507,0.007983,0.005852,0.005388,0.033001
205.000000,-0.004129,0.006690,0.006954,0.005579,-0.009744
206.000000,-0.004976,0.004721,0.006439,0.005279,-0.002984
207.000000,0.016185,0.007965,0.009625,0.007220,0.083911
208.000000,0.014859,0.006002,0.006677,0.005357,-0.029889
209.000000,0.009630,0.005068,0.007788,0.005396,0.006853
210.000000,0.018605,0.007238,0.009077,0.007607,0.035133
211.000000,0.027782,0.011403,0.011246,0.008988,0.042899
212.000000,0.013877,0.015031,0.013261,0.009113,0.014389
213.000000,0.016232,0.015546,0.011809,0.008047,-0.018112
214.000000,0.011552,0.010591,0.009287,0.007432,-0.016548
215.000000,0.013571,0.016088,0.011389,0.009999,0.045226
216.000000,0.002144,0.014963,0.009842,0.009280,-0.014236
217.000000,-0.002062,0.005908,0.006936,0.008386,-0.006640
218.000000,0.005808,0.011020,0.008511,0.008124,0.021238
219.000000,0.009118,0.010335,0.007701,0.008637,0.000000
220.000000,0.002950,0.008261,0.007749,0.008805,0.014389
221.000000,0.002267,0.002205,0.006804,0.008232,-0.017655
222.000000,0.002574,0.000256,0.007644,0.008926,-0.005102
223.000000,-0.002479,0.001665,0.008605,0.008428,-0.004027
224.000000,-0.003288,0.002915,0.006753,0.007163,-0.004043
225.000000,-0.012071,-0.004561,0.005764,0.006072,-0.029529
226.000000,-0.007406,-0.002569,0.006197,0.005705,0.005674
227.000000,-0.006159,-0.001792,0.002058,0.004027,0.001131
228.000000,-0.003105,-0.002792,0.004114,0.004743,0.011240
229.000000,-0.002520,-0.002904,0.003715,0.004166,-0.001118
230.000000,-0.001523,-0.006797,0.000732,0.002900,-0.024543
231.000000,0.001353,-0.003026,-0.000410,0.003527,0.020057
232.000000,0.003881,-0.001139,-0.000442,0.004716,0.013768
233.000000,0.000818,-0.001144,0.000260,0.005356,-0.004073
234.000000,-0.003613,-0.003067,-0.000076,0.003480,-0.023274
235.000000,0.004983,0.001730,-0.001415,0.004419,0.018439
236.000000,0.002901,0.002127,-0.000221,0.004840,0.009648
237.000000,-0.005926,-0.001023,-0.001407,0.001031,-0.030368
238.000000,-0.003292,-0.001237,-0.002015,0.002330,0.009094
239.000000,0.007309,0.001848,-0.000528,0.003093,0.029731
240.000000,0.002151,0.003567,-0.001615,0.001677,-0.007350
241.000000,0.000516,0.001709,-0.000659,0.000296,0.001474
242.000000,0.007105,0.000590,-0.000275,-0.000098,0.002575
243.000000,0.015456,0.006082,0.002469,0.002201,0.050852
244.000000,0.004633,0.005971,0.001452,0.001940,-0.024387
245.000000,0.013823,0.007987,0.004859,0.001719,0.038601
246.000000,0.016603,0.008559,0.005343,0.002706,0.015372
247.000000,0.015613,0.011359,0.005168,0.002848,-0.002376
248.000000,0.009878,0.012667,0.005715,0.002879,0.022178
249.000000,0.010930,0.007782,0.004815,0.002242,-0.019125
250.000000,0.003074,0.008449,0.006008,0.001740,-0.000678
251.000000,0.005219,0.010911,0.006310,0.003198,0.026097
252.000000,0.003169,0.009391,0.004990,0.002947,-0.012629
253.000000,-0.003487,0.003196,0.004639,0.002711,-0.011098
254.000000,-0.000543,0.005194,0.005582,0.002699,-0.004406
255.000000,0.000677,0.001876,0.004931,0.003864,0.005420
256.000000,-0.013525,-0.004153,0.002203,0.002178,-0.044913
257.000000,-0.009170,-0.003001,0.004179,0.002445,0.009145
258.000000,-0.011412,-0.007449,0.002609,0.001327,-0.022306
259.000000,-0.001774,-0.001158,0.003312,0.002824,0.043782
260.000000,-0.005966,-0.002645,0.002902,0.003124,-0.015542
261.000000,0.000212,-0.006657,0.002127,0.001988,-0.014021
262.000000,-0.008147,-0.008659,0.000366,0.000441,-0.032649
263.000000,-0.009157,-0.010285,-0.003545,-0.000336,-0.027358
264.000000,-0.018966,-0.010370,-0.002588,0.000265,-0.005261
265.000000,-0.017371,-0.011669,-0.004896,-0.000602,-0.007564
266.000000,-0.022782,-0.011285,-0.007719,-0.002293,-0.041075
267.000000,-0.014911,-0.011529,-0.007265,-0.001057,0.006702
268.000000,-0.010306,-0.009732,-0.008590,-0.001505,-0.004332
269.000000,-0.006822,-0.012894,-0.007026,-0.002090,0.012159
270.000000,-0.000837,-0.009104,-0.005874,-0.001100,0.022360
271.000000,0.006461,-0.008160,-0.007408,-0.001302,-0.004585
272.000000,-0.003089,-0.009000,-0.008829,-0.002756,-0.041045
273.000000,-0.001267,-0.005786,-0.008036,-0.004292,0.004777
274.000000,-0.006579,-0.006700,-0.008535,-0.003959,-0.014400
275.000000,-0.005488,-0.003163,-0.007416,-0.004319,0.027813
276.000000,-0.004023,0.001219,-0.005033,-0.004740,0.002739
277.000000,0.004186,0.000549,-0.005490,-0.004660,0.000000
278.000000,0.007407,0.003070,-0.003331,-0.004704,0.020882
279.000000,0.010134,0.001777,-0.005558,-0.004092,-0.000766
280.000000,0.008064,0.001288,-0.003908,-0.003487,0.017464
281.000000,0.012424,0.004200,-0.001980,-0.003539,0.024537
282.000000,0.008792,0.006489,-0.001256,-0.003723,-0.018159
283.000000,-0.009965,-0.001279,-0.003533,-0.005783,-0.072900
284.000000,-0.007810,0.001162,-0.002769,-0.005303,0.010006
285.000000,-0.012181,-0.002059,-0.002611,-0.005630,-0.004390
286.000000,-0.023924,-0.005750,-0.002266,-0.005272,-0.034177
287.000000,-0.024137,-0.007673,-0.003562,-0.006218,-0.019223
288.000000,-0.005216,-0.007591,-0.002260,-0.004751,0.021704
289.000000,-0.004511,-0.006161,-0.002192,-0.005759,0.013533
290.000000,-0.006339,-0.009260,-0.003986,-0.005692,-0.013533
291.000000,-0.000830,-0.012377,-0.004088,-0.005446,-0.006628
292.000000,0.005576,-0.009281,-0.001396,-0.003931,0.012802
293.000000,0.001808,-0.001704,-0.001491,-0.002923,0.002868
294.000000,0.004272,-0.000120,0.000521,-0.001886,0.025850
295.000000,0.005055,-0.000642,-0.001350,-0.001954,-0.009615
296.000000,0.003624,0.001397,-0.002176,-0.001045,-0.013782
297.000000,0.003337,0.004456,-0.001608,-0.000889,0.011364
298.000000,0.003408,0.002608,-0.002491,-0.000637,0.003223
299.000000,-0.005498,-0.000613,-0.003387,-0.001665,-0.018677
300.000000,-0.006464,-0.000704,-0.004982,-0.002892,-0.014448
301.000000,-0.002547,0.000539,-0.005919,-0.002546,0.005804
302.000000,0.005728,0.004533,-0.002374,0.000580,0.052739
303.000000,0.006101,0.004754,0.001525,0.000590,0.005085
304.000000,0.013930,0.004216,0.002048,0.001753,0.020468
305.000000,0.023806,0.008671,0.004014,0.001990,0.034933
306.000000,0.024409,0.010931,0.006164,0.002193,0.008820
307.000000,0.016839,0.011284,0.007870,0.002689,0.014890
308.000000,0.012478,0.009289,0.005949,0.001436,-0.016722
309.000000,0.006173,0.010051,0.004719,0.001093,-0.011058
310.000000,0.000590,0.012198,0.005747,0.000744,0.007018
311.000000,0.002039,0.013224,0.006881,0.000462,0.016065
312.000000,-0.000433,0.008203,0.006368,0.001152,0.002532
313.000000,0.002405,0.007441,0.006098,0.003497,-0.002532
314.000000,0.008987,0.007580,0.005898,0.003892,0.021853
315.000000,0.004297,0.002443,0.005557,0.003491,-0.016435
316.000000,-0.003213,-0.000587,0.005172,0.003914,-0.021483
317.000000,0.001512,0.000539,0.005912,0.005426,0.026155
318.000000,0.007325,0.004865,0.007077,0.005588,0.026536
319.000000,-0.004371,0.002308,0.006180,0.003916,-0.036626
320.000000,-0.006517,-0.001110,0.005544,0.003461,-0.027168
321.000000,-0.000295,-0.001754,0.005735,0.004003,0.009630
322.000000,-0.005747,-0.002118,0.003043,0.003539,-0.001106
323.000000,-0.012461,-0.002568,0.002437,0.003209,-0.007036
324.000000,-0.004172,-0.004271,0.001654,0.002508,0.004819
325.000000,-0.001870,-0.004193,-0.000875,0.002307,-0.015654
326.000000,-0.002075,-0.001185,-0.000886,0.003053,0.008603
327.000000,0.000590,-0.002579,-0.001020,0.003081,0.012216
328.000000,0.004119,-0.004171,0.000347,0.003328,0.010613
329.000000,-0.003959,-0.004066,-0.000879,0.002765,-0.035572
330.000000,-0.006801,-0.004335,-0.002723,0.002251,-0.029864
331.000000,-0.003835,-0.002955,-0.002354,0.002838,0.023431
332.000000,-0.008723,-0.004067,-0.003092,0.000673,-0.012223
333.000000,-0.010923,-0.003402,-0.002985,0.000491,-0.000384
334.000000,-0.001287,-0.002623,-0.003447,0.000229,0.012608
335.000000,-0.000156,-0.003478,-0.003836,-0.001743,-0.024209
336.000000,-0.006875,-0.005355,-0.003270,-0.002376,-0.010164
337.000000,-0.005929,-0.007326,-0.004952,-0.003122,-0.007494
338.000000,-0.004510,-0.007716,-0.005944,-0.002341,0.006707
339.000000,-0.010443,-0.005865,-0.004965,-0.002541,-0.017054
340.000000,0.001395,0.000620,-0.001858,-0.001609,0.034981
341.000000,0.003737,-0.001569,-0.002262,-0.002093,0.001544
342.000000,0.001577,-0.002176,-0.003121,-0.002787,-0.018292
343.000000,-0.001421,-0.002965,-0.003184,-0.002978,-0.008282
344.000000,0.001037,-0.004703,-0.003663,-0.003866,-0.004764
345.000000,-0.006277,-0.002441,-0.002960,-0.003371,-0.001593
346.000000,-0.015636,-0.005950,-0.005652,-0.004163,-0.045249
347.000000,-0.012981,-0.005702,-0.006514,-0.005202,-0.005017
348.000000,-0.011408,-0.006415,-0.007066,-0.006101,-0.000419
349.000000,-0.008536,-0.003749,-0.004807,-0.004560,0.009597
350.000000,-0.006563,-0.006420,-0.002900,-0.003379,0.008271
351.000000,-0.002602,-0.009119,-0.005344,-0.004548,-0.025445
352.000000,0.002416,-0.005282,-0.003729,-0.003842,0.020076
353.000000,-0.006910,-0.009159,-0.006062,-0.005176,-0.047053
354.000000,-0.011363,-0.009950,-0.007326,-0.005758,-0.012667
355.000000,-0.013193,-0.009878,-0.006160,-0.005266,-0.000880
356.000000,-0.001782,-0.002192,-0.004071,-0.004499,0.031611
357.000000,-0.003004,-0.000294,-0.002998,-0.004441,0.013968
358.000000,0.008913,0.001001,-0.002707,-0.004377,0.012531
359.000000,0.011363,0.000000,-0.001875,-0.003205,-0.000415
360.000000,0.009620,-0.001787,-0.004104,-0.002529,-0.009597
361.000000,0.008594,0.003406,-0.002857,-0.002427,0.026481
362.000000,-0.002028,-0.002516,-0.003899,-0.003325,-0.039139
363.000000,-0.001166,0.003874,-0.002643,-0.002750,0.016843
364.000000,-0.000333,0.005515,-0.002217,-0.003046,0.003751
365.000000,0.006923,0.008271,-0.000804,-0.001349,0.026679
366.000000,0.006824,0.007709,0.002758,-0.000144,0.025986
367.000000,0.015203,0.006588,0.003147,0.000197,0.002759
368.000000,0.011914,0.005374,0.003188,-0.000013,0.000393
369.000000,0.011635,0.005651,0.002826,0.000634,0.002358
370.000000,0.007629,0.007276,0.002745,-0.000310,0.006650
371.000000,0.003985,0.005405,0.004405,-0.000103,0.007767
372.000000,0.005359,0.010281,0.003883,0.000828,0.009625
373.000000,0.004666,0.008290,0.006082,0.001001,-0.003070
374.000000,0.004348,0.007991,0.006753,0.001186,0.000768
375.000000,0.002711,0.005170,0.006721,0.001188,-0.001537
376.000000,0.008260,0.006123,0.006916,0.003880,0.035516
377.000000,0.009356,0.007357,0.006973,0.004550,0.015104
378.000000,0.008060,0.006363,0.005868,0.004246,-0.009552
379.000000,0.008275,0.006311,0.005981,0.003988,0.001844
380.000000,0.008287,0.005499,0.006387,0.003663,-0.001475
381.000000,-0.001191,0.003534,0.004470,0.004115,-0.011878
382.000000,0.002109,0.005733,0.008007,0.004499,0.031609
383.000000,-0.006987,0.000537,0.004413,0.004233,-0.055032
384.000000,-0.008813,-0.000269,0.003861,0.004413,-0.007290
385.000000,-0.001928,0.003180,0.004175,0.005540,0.032951
386.000000,-0.001349,-0.001270,0.002426,0.004187,-0.008982
387.000000,-0.001890,0.000110,0.003734,0.004685,0.028902
388.000000,0.007134,0.000074,0.003218,0.003937,-0.009910
389.000000,0.011158,0.001172,0.003742,0.004378,0.012828
390.000000,0.006885,0.002478,0.003989,0.005084,0.011586
391.000000,0.006509,0.002580,0.003057,0.003840,-0.010858
392.000000,0.002468,0.000289,0.003011,0.005434,0.008696
393.000000,0.005314,0.006224,0.003380,0.005017,0.004320
394.000000,0.001524,0.006341,0.003036,0.004688,-0.006125
395.000000,0.034620,0.020752,0.011966,0.009701,0.177067
396.000000,0.039558,0.023034,0.010882,0.009295,0.013831
397.000000,0.037520,0.019994,0.010052,0.009154,-0.001494
398.000000,0.039977,0.022646,0.011360,0.009694,0.016608
399.000000,0.046083,0.023804,0.012488,0.010429,0.024406
400.000000,0.010325,0.022473,0.012475,0.010150,-0.001724
401.000000,0.007502,0.023530,0.013055,0.009881,-0.000288
402.000000,0.011392,0.024456,0.012372,0.010159,0.017957
403.000000,0.008860,0.024418,0.015321,0.010393,0.003947
404.000000,0.004765,0.025424,0.015882,0.010499,0.003931
405.000000,0.007505,0.008915,0.014834,0.010949,0.011980
406.000000,0.011566,0.009534,0.016284,0.010432,0.020014
407.000000,0.005461,0.008427,0.014210,0.009510,-0.012565
408.000000,0.012753,0.010806,0.016726,0.011175,0.040404
409.000000,0.010749,0.007757,0.015780,0.010911,-0.006090
410.000000,0.007127,0.007316,0.014894,0.010756,-0.006128
411.000000,-0.000054,0.005756,0.014643,0.010622,-0.015893
412.000000,0.007711,0.006586,0.015521,0.010444,0.026261
413.000000,0.004799,0.008776,0.016597,0.013140,0.025847
414.000000,0.009543,0.010146,0.017785,0.013970,0.017627
415.000000,0.008425,0.007776,0.008346,0.012481,-0.011717
416.000000,0.003872,0.001909,0.005721,0.011492,-0.038657
417.000000,0.004395,0.006053,0.007240,0.011491,0.028873
418.000000,-0.003431,0.000684,0.005745,0.011379,-0.013283
419.000000,-0.001832,0.003856,0.005806,0.011805,0.025626
420.000000,0.005658,0.007042,0.007179,0.012277,0.025733
421.000000,0.013340,0.008606,0.007181,0.012630,-0.000249
422.000000,0.004300,0.004347,0.005467,0.011796,-0.016326
423.000000,0.001775,-0.000828,0.003974,0.010789,-0.025909
424.000000,-0.003871,-0.002851,0.003647,0.010906,-0.002602
425.000000,0.000249,0.002954,0.005365,0.006548,0.046331
426.000000,-0.001099,0.006120,0.004015,0.005854,-0.006990
427.000000,0.000859,0.002580,0.004316,0.005686,-0.006534
428.000000,0.014677,0.008226,0.004455,0.006572,0.043179
429.000000,0.034518,0.015324,0.009590,0.008979,0.096605
430.000000,0.026955,0.013602,0.010322,0.009320,0.008514
431.000000,0.024800,0.011850,0.010228,0.008737,-0.017766
432.000000,0.020086,0.010473,0.007410,0.007135,-0.030101
433.000000,0.011678,0.013178,0.006175,0.007042,0.001140
434.000000,-0.013139,0.010690,0.003919,0.005995,-0.027481
435.000000,-0.019293,0.003831,0.003392,0.004854,-0.022255
436.000000,-0.017036,0.003882,0.005001,0.003970,-0.006485
437.000000,-0.015254,0.002416,0.002498,0.003683,-0.021187
438.000000,-0.022801,-0.005561,0.001332,0.001116,-0.036596
439.000000,-0.028002,-0.020570,-0.002623,-0.000464,-0.053486
440.000000,-0.024793,-0.022043,-0.004221,-0.000466,-0.006214
441.000000,-0.026555,-0.021796,-0.004973,-0.000446,-0.015292
442.000000,-0.025703,-0.020478,-0.005003,-0.001886,-0.016928
443.000000,-0.019450,-0.021126,-0.003974,-0.002925,-0.005332
444.000000,-0.002985,-0.015493,-0.002402,-0.002552,0.028843
445.000000,-0.016959,-0.020876,-0.008523,-0.004697,-0.076087
446.000000,-0.022028,-0.024292,-0.010205,-0.004763,-0.040638
447.000000,-0.020929,-0.023316,-0.010450,-0.006107,-0.011432
448.000000,-0.016046,-0.017748,-0.011655,-0.005028,0.019083
449.000000,-0.021206,-0.012095,-0.016333,-0.005781,0.003044
450.000000,-0.006110,-0.011535,-0.016789,-0.006659,-0.000608
451.000000,0.006528,-0.007750,-0.014773,-0.005898,0.022554
452.000000,0.010827,-0.005051,-0.012765,-0.005019,0.010059
453.000000,0.019505,0.001729,-0.009698,-0.002073,0.062476
454.000000,0.013742,-0.003732,-0.009613,-0.002845,-0.025772
455.000000,0.022309,0.008100,-0.006388,-0.002982,0.042228
456.000000,0.018667,0.012598,-0.005847,-0.002604,0.004343
457.000000,0.013268,0.012047,-0.005634,-0.002951,-0.016936
458.000000,0.010714,0.015110,-0.001319,-0.002733,0.049708
459.000000,0.025739,0.019740,0.003823,-0.004308,0.049352
460.000000,0.011522,0.016916,0.002691,-0.005554,-0.028855
461.000000,0.016225,0.017446,0.004848,-0.004033,0.027857
462.000000,0.015065,0.014167,0.004558,-0.003788,-0.022734
463.000000,-0.008460,0.001127,0.001428,-0.006090,-0.067917
464.000000,-0.019482,0.003129,-0.000302,-0.005365,-0.005759
465.000000,-0.015146,-0.001812,0.003144,-0.004863,-0.007176
466.000000,-0.012735,0.001745,0.007171,-0.003316,0.039913
467.000000,-0.012874,0.001096,0.006572,-0.003391,-0.023429
468.000000,-0.008433,-0.008446,0.003332,-0.003695,-0.045716
469.000000,-0.008885,-0.014183,0.002778,-0.002179,-0.008018
470.000000,-0.004765,-0.009956,0.003480,-0.001525,0.013423
471.000000,-0.007208,-0.009972,0.003737,-0.000092,0.027698
472.000000,-0.003241,-0.008058,0.003055,0.000353,-0.003594
473.000000,0.005292,-0.001571,-0.000222,0.000429,-0.003051
474.000000,-0.002314,-0.005599,-0.001235,-0.002068,-0.046044
475.000000,-0.005173,-0.004969,-0.003390,0.000440,-0.000873
476.000000,-0.008742,-0.007975,-0.003115,0.002122,0.009849
477.000000,-0.006759,-0.005000,-0.001952,0.002714,0.006322
478.000000,-0.000891,0.002200,-0.003123,0.002955,0.026291
479.000000,0.005508,0.001597,-0.006293,0.002385,-0.014049
480.000000,-0.005909,-0.005541,-0.007748,0.000473,-0.057958
481.000000,-0.021463,-0.015103,-0.012537,-0.002543,-0.067923
482.000000,-0.022471,-0.014615,-0.011336,-0.002835,0.001283
483.000000,-0.020428,-0.010660,-0.006115,-0.003701,0.036505
484.000000,-0.018610,-0.006551,-0.006075,-0.003007,-0.004957
485.000000,-0.007640,-0.006775,-0.005872,-0.004518,-0.003110
486.000000,-0.007321,-0.014392,-0.011184,-0.006874,-0.066326
487.000000,-0.001028,-0.011750,-0.008375,-0.005218,0.032747
488.000000,-0.021374,-0.020901,-0.009351,-0.009049,-0.065226
489.000000,-0.024132,-0.021371,-0.009887,-0.011319,-0.018744
490.000000,-0.028620,-0.018130,-0.011836,-0.011209,-0.025551
491.000000,-0.016147,-0.011734,-0.013419,-0.012270,-0.003962
492.000000,-0.021330,-0.011179,-0.012897,-0.011284,0.006833
493.000000,-0.002770,-0.012072,-0.011366,-0.008101,0.027573
494.000000,0.000769,-0.011681,-0.009116,-0.007944,-0.001047
495.000000,0.005460,-0.011580,-0.009177,-0.007775,-0.002096
496.000000,-0.011283,-0.013715,-0.014054,-0.012028,-0.087679
497.000000,-0.011053,-0.016191,-0.013970,-0.010980,0.007986
498.000000,-0.015736,-0.009253,-0.015077,-0.009318,0.004158
499.000000,-0.014473,-0.006852,-0.014111,-0.008875,0.005267
500.000000,-0.012186,-0.003363,-0.010747,-0.009011,0.009337
501.000000,0.006979,-0.002152,-0.006943,-0.009663,0.008145
502.000000,0.002559,-0.004247,-0.007713,-0.010014,-0.014111
503.000000,0.000603,-0.007566,-0.009819,-0.010099,-0.005625
504.000000,-0.010002,-0.012237,-0.011959,-0.010157,-0.047756
505.000000,-0.018039,-0.015112,-0.013346,-0.011156,-0.030846
506.000000,-0.019180,-0.006101,-0.009908,-0.011403,0.002438
507.000000,-0.012022,-0.004731,-0.010461,-0.010891,0.021679
508.000000,-0.015802,-0.007600,-0.008426,-0.012585,-0.024524
509.000000,-0.016180,-0.013091,-0.009971,-0.013771,-0.049645
510.000000,-0.014159,-0.016099,-0.009731,-0.012531,-0.020744
511.000000,-0.018973,-0.019076,-0.010614,-0.010988,-0.021630
512.000000,-0.030579,-0.021300,-0.012774,-0.012242,-0.036351
513.000000,-0.022006,-0.018904,-0.013235,-0.012848,0.018341
514.000000,-0.016023,-0.016101,-0.014169,-0.013340,-0.019730
515.000000,-0.007474,-0.010817,-0.012965,-0.012503,0.021999
516.000000,0.002660,-0.008157,-0.007129,-0.009324,0.029039
517.000000,-0.009767,-0.020173,-0.012452,-0.013699,-0.098486
518.000000,-0.006276,-0.014141,-0.010870,-0.010331,0.035795
519.000000,-0.002894,-0.009458,-0.011275,-0.009800,-0.002817
520.000000,0.013327,0.002926,-0.006586,-0.005512,0.103101
521.000000,0.003146,0.002903,-0.008087,-0.006109,-0.021866
522.000000,0.034380,0.012306,-0.004497,-0.004414,0.057688
523.000000,0.025165,0.009444,-0.004730,-0.005675,-0.010282
524.000000,0.037839,0.017472,0.000686,-0.003622,0.060552
525.000000,0.005439,0.009383,-0.000717,-0.005516,-0.058899
526.000000,0.003097,0.003121,-0.002518,-0.003712,-0.033574
527.000000,-0.010500,0.011940,-0.004116,-0.004321,-0.010296
528.000000,0.002955,0.014060,-0.000041,-0.002560,0.056991
529.000000,-0.010136,0.013851,0.002197,-0.002899,-0.004900
530.000000,0.001562,0.003500,0.003213,-0.003224,-0.000409
531.000000,0.014883,0.008990,0.005946,-0.002395,0.033028
532.000000,0.025625,0.007563,0.009935,-0.000477,0.043418
533.000000,0.012321,0.007638,0.008541,-0.000607,-0.009529
534.000000,0.008181,-0.000978,0.008247,0.000131,-0.025603
535.000000,0.001062,0.001312,0.005347,-0.000041,-0.036004
536.000000,-0.004974,0.004954,0.004038,-0.000027,0.002847
537.000000,-0.016439,0.004593,0.008267,-0.001213,-0.013906
538.000000,-0.007651,0.002335,0.008197,0.000751,0.034409
539.000000,-0.004289,0.001946,0.007899,0.002113,-0.008793
540.000000,-0.002624,-0.000781,0.001360,0.001882,-0.027678
541.000000,-0.005518,-0.005246,0.001872,0.002215,-0.011623
542.000000,-0.003825,-0.010132,-0.001285,0.003246,-0.005443
543.000000,-0.020604,-0.014128,-0.003245,0.000985,-0.049483
544.000000,-0.013879,-0.009084,-0.005031,0.002470,0.024832
545.000000,-0.001824,-0.002224,-0.000456,0.002823,0.032595
546.000000,-0.007834,-0.006676,-0.000861,0.000466,-0.041673
547.000000,-0.010781,-0.007303,-0.001355,0.003077,-0.020176
548.000000,-0.005546,-0.013075,-0.005370,0.001107,-0.023309
549.000000,-0.005674,-0.009776,-0.003915,0.002007,0.024195
550.000000,-0.011839,-0.006832,-0.003806,-0.001371,0.001769
551.000000,-0.010978,-0.009406,-0.007326,-0.001887,-0.037366
552.000000,-0.005480,-0.008130,-0.009131,-0.003567,0.007313
553.000000,0.001536,-0.002005,-0.008066,-0.002832,0.011770
554.000000,0.010688,0.002507,-0.003289,-0.002518,0.069953
555.000000,-0.004468,-0.008154,-0.005189,-0.003022,-0.074011
556.000000,0.012276,0.000649,-0.003013,-0.000358,0.046356
557.000000,0.019343,0.006932,-0.000186,0.001407,0.042649
558.000000,0.021081,0.011309,-0.000883,0.000190,0.020459
559.000000,0.008060,0.009374,-0.000201,0.000514,0.004848
560.000000,0.023104,0.009318,0.001243,0.000568,0.001208
561.000000,0.013349,0.012813,0.001703,-0.000613,-0.002418
562.000000,0.010077,0.014710,0.003290,-0.001184,0.026286
563.000000,-0.002363,0.009359,0.003677,-0.002258,-0.041740
564.000000,-0.007893,0.000084,0.001295,-0.002164,-0.022799
565.000000,-0.001455,0.010825,0.001336,0.000149,0.033398
566.000000,-0.002273,0.005538,0.003094,-0.000163,-0.006509
567.000000,-0.006309,0.001884,0.004408,0.000504,0.006104
568.000000,-0.001481,-0.001922,0.004693,-0.001229,-0.017598
569.000000,0.010376,0.001242,0.005308,0.000280,0.036486
570.000000,0.000486,-0.000484,0.004417,0.000667,-0.016052
571.000000,0.002917,0.000322,0.006568,0.001243,0.005647
572.000000,0.009893,0.001792,0.008251,0.002791,0.040983
573.000000,0.024161,0.011340,0.010350,0.006231,0.053742
574.000000,0.008037,0.009206,0.004645,0.003932,-0.044136
575.000000,0.005585,0.003035,0.006930,0.001902,-0.028313
576.000000,0.005475,0.004196,0.004867,0.003461,0.005101
577.000000,-0.000386,0.004753,0.003319,0.004523,0.011673
578.000000,-0.011677,0.006242,0.002160,0.005210,-0.002712
579.000000,0.006027,0.007032,0.004137,0.005883,0.044384
580.000000,0.010424,0.008004,0.003760,0.005613,-0.006328
581.000000,0.005482,0.005479,0.002900,0.006205,-0.019608
582.000000,0.007069,0.003341,0.002567,0.006614,0.019608
583.000000,-0.017078,-0.014378,-0.001519,0.002107,-0.123447
584.000000,-0.023019,-0.008496,0.000355,0.000265,0.014678
585.000000,-0.028184,-0.008880,-0.002922,0.001660,-0.032152
586.000000,-0.020177,-0.007348,-0.001576,0.000796,0.020426
587.000000,-0.021837,-0.007384,-0.001315,-0.000249,0.011309
588.000000,0.003352,-0.006863,-0.000311,-0.000848,0.002496
589.000000,-0.001756,-0.012388,-0.002678,-0.001371,-0.010861
590.000000,0.008913,-0.009636,-0.000816,-0.000705,0.021193
591.000000,0.014930,-0.002624,0.001428,0.001059,0.050512
592.000000,0.014381,-0.003728,-0.000193,0.000468,0.008564
593.000000,0.017949,0.010650,-0.001864,0.002538,0.020334
594.000000,0.017906,0.008075,-0.000211,0.002928,-0.011075
595.000000,0.013897,0.011405,0.001262,0.001853,0.001151
596.000000,-0.000783,0.007073,-0.000137,0.001307,-0.022891
597.000000,-0.011897,0.001242,-0.003071,-0.000463,-0.047006
598.000000,-0.014898,0.001525,-0.002669,0.000301,0.005333
599.000000,-0.017067,0.000419,-0.005984,-0.001646,-0.021924
600.000000,-0.008142,0.002878,-0.003379,0.000415,0.045778
601.000000,-0.008498,-0.004641,-0.003632,-0.000595,-0.024673
602.000000,0.002697,-0.004600,-0.004164,-0.001662,0.008969
603.000000,-0.000164,-0.007531,0.001560,-0.003753,-0.008969
604.000000,0.004057,-0.006505,0.000785,-0.002309,-0.000819
605.000000,-0.009323,-0.008733,0.001336,-0.002069,-0.021123
606.000000,0.010839,0.001171,0.004122,0.000299,0.076139
607.000000,0.007956,0.005327,0.003284,-0.000272,-0.005445
608.000000,0.009047,0.004442,0.002984,-0.000299,-0.003516
609.000000,0.004057,0.004057,0.002238,-0.002637,-0.025770
610.000000,0.005939,-0.001692,0.000593,-0.002817,-0.011715
611.000000,-0.008721,0.001059,-0.001791,-0.002068,0.002840
612.000000,-0.010160,-0.001102,-0.002851,-0.003143,-0.012640
613.000000,-0.010362,-0.000657,-0.004094,0.000821,-0.004524
614.000000,-0.002750,0.000654,-0.002926,0.000741,0.012290
615.000000,-0.010854,-0.002458,-0.005595,0.000072,-0.052237
616.000000,-0.010651,-0.009686,-0.004258,-0.000481,0.003854
617.000000,-0.007100,-0.008630,-0.001652,-0.000687,0.005115
618.000000,-0.007304,-0.008833,-0.002196,-0.000955,-0.005543
619.000000,-0.011911,-0.007331,-0.001637,-0.000951,-0.010746
620.000000,-0.006010,-0.008432,-0.005062,-0.002415,-0.022728
621.000000,-0.004233,-0.007442,-0.003191,-0.003675,0.012739
622.000000,-0.009669,-0.008385,-0.004743,-0.004696,-0.022066
623.000000,-0.011890,-0.009597,-0.005127,-0.005928,-0.016648
624.000000,-0.013774,-0.012843,-0.006094,-0.006231,-0.020166
625.000000,-0.015817,-0.010913,-0.006686,-0.007368,-0.032944
626.000000,-0.021062,-0.012647,-0.011167,-0.007054,-0.013488
627.000000,-0.017719,-0.013694,-0.011162,-0.005666,-0.005349
628.000000,-0.021638,-0.016764,-0.012798,-0.007052,-0.036241
629.000000,-0.018720,-0.016247,-0.011789,-0.006507,-0.005577
630.000000,-0.008903,-0.012360,-0.010396,-0.007495,0.016138
631.000000,-0.014687,-0.017875,-0.012658,-0.008086,-0.042407
632.000000,-0.016033,-0.016876,-0.012630,-0.008787,-0.012077
633.000000,-0.008785,-0.015211,-0.012404,-0.008488,0.000000
634.000000,0.002224,-0.008248,-0.010545,-0.006812,0.049469
635.000000,-0.000702,-0.004802,-0.007858,-0.006058,0.001507
636.000000,-0.006795,-0.010741,-0.011694,-0.011025,-0.072873
637.000000,-0.009964,-0.012999,-0.013346,-0.011774,-0.027924
638.000000,-0.012310,-0.010547,-0.013656,-0.012048,-0.011729
639.000000,-0.023105,-0.010440,-0.013343,-0.011339,-0.004505
640.000000,-0.023632,-0.012167,-0.012263,-0.010986,-0.001129
641.000000,-0.014905,-0.010850,-0.014362,-0.012056,-0.029237
642.000000,-0.011896,-0.010930,-0.013903,-0.012064,-0.012881
643.000000,-0.018221,-0.015266,-0.015238,-0.013358,-0.043354
644.000000,-0.010663,-0.016884,-0.012566,-0.012658,0.033286
645.000000,0.000339,-0.011647,-0.008225,-0.009121,0.053879
646.000000,0.030680,0.007888,-0.001427,-0.005167,0.122472
647.000000,0.033755,0.010930,-0.001035,-0.005254,0.002492
648.000000,0.036156,0.008968,-0.000790,-0.006114,-0.031347
649.000000,0.032760,0.011048,0.000304,-0.005213,0.016302
650.000000,0.020054,0.010196,-0.000985,-0.004777,-0.009647
651.000000,-0.001704,0.014488,0.001819,-0.004745,0.013681
652.000000,0.005499,0.019627,0.004348,-0.002726,0.038504
653.000000,0.010602,0.023379,0.004057,-0.002366,-0.005828
654.000000,0.015549,0.024154,0.003635,-0.000326,0.041036
655.000000,-0.001228,0.009413,-0.001117,-0.002345,-0.093535
656.000000,-0.007486,-0.004595,0.001646,-0.002483,-0.017608
657.000000,-0.015501,-0.005001,0.002964,-0.002357,-0.001569
658.000000,-0.012668,-0.001033,0.003968,-0.000871,0.008338
659.000000,-0.023697,-0.004074,0.003487,-0.001155,-0.014111
660.000000,-0.010756,-0.005992,0.002102,-0.002654,-0.028833
661.000000,-0.023361,-0.015423,-0.000468,-0.003928,-0.080630
662.000000,-0.024461,-0.019981,-0.000177,-0.003761,-0.007071
663.000000,-0.038320,-0.025494,-0.001057,-0.005793,-0.060957
664.000000,-0.044103,-0.033900,-0.004873,-0.008876,-0.043024
665.000000,-0.050650,-0.030703,-0.010645,-0.010979,-0.061568
666.000000,-0.030791,-0.027076,-0.015835,-0.007928,0.018666
667.000000,-0.000237,-0.012349,-0.008675,-0.002140,0.145700
668.000000,0.010648,-0.013836,-0.007434,-0.001967,-0.006534
669.000000,0.014428,-0.014838,-0.009456,-0.002621,-0.024127
670.000000,0.020667,-0.014992,-0.010492,-0.003596,-0.030371
671.000000,0.022396,-0.004197,-0.009810,-0.001711,0.027314
672.000000,-0.011704,-0.005970,-0.012976,-0.002108,-0.024800
673.000000,-0.021629,-0.005491,-0.015492,-0.002535,-0.056162
674.000000,-0.018270,-0.001921,-0.017911,-0.003889,-0.007331
675.000000,-0.015705,0.002481,-0.014111,-0.006270,-0.017544
676.000000,-0.024324,-0.000964,-0.014020,-0.010878,-0.015781
677.000000,-0.024406,-0.018055,-0.015202,-0.011802,-0.025211
678.000000,-0.020542,-0.021085,-0.017461,-0.011985,-0.036841
679.000000,-0.019813,-0.019041,-0.016940,-0.012651,-0.003686
680.000000,-0.013517,-0.014611,-0.014801,-0.011865,0.013935
681.000000,-0.009489,-0.016906,-0.010552,-0.012176,0.004360
682.000000,-0.012889,-0.018647,-0.012309,-0.014866,-0.042213
683.000000,-0.010421,-0.015481,-0.010486,-0.015489,-0.024504
684.000000,-0.027171,-0.023492,-0.012707,-0.019771,-0.087434
685.000000,-0.040199,-0.026858,-0.012188,-0.018360,-0.051204
686.000000,-0.036667,-0.023078,-0.012021,-0.017039,0.022018
687.000000,-0.040622,-0.026756,-0.022405,-0.019053,-0.061987
688.000000,-0.046968,-0.028695,-0.024890,-0.021205,-0.056232
689.000000,-0.024638,-0.025905,-0.022473,-0.019928,0.024214
690.000000,-0.014972,-0.027586,-0.021098,-0.019063,-0.002875
691.000000,-0.029412,-0.033040,-0.024973,-0.018048,-0.050183
692.000000,-0.004499,-0.022560,-0.020604,-0.015726,0.062582
693.000000,0.022771,-0.012099,-0.013790,-0.011024,0.080116
694.000000,0.024300,-0.000169,-0.011831,-0.008527,0.031858
695.000000,0.033012,0.009020,-0.008919,-0.005119,0.040686
696.000000,0.048348,0.009468,-0.006805,-0.004858,0.026497
697.000000,0.031991,0.013746,-0.006505,-0.010355,-0.019201
698.000000,0.004498,0.013635,-0.007530,-0.012048,-0.057348
699.000000,0.001183,0.012741,-0.006582,-0.010735,0.015280
700.000000,-0.001798,0.015607,-0.005989,-0.008863,0.025781
701.000000,-0.001431,0.023458,-0.004791,-0.008829,0.028331
702.000000,0.001609,0.016800,-0.002880,-0.008136,-0.003998
703.000000,0.006232,0.005365,-0.003367,-0.007405,-0.034233
704.000000,-0.008256,-0.003536,-0.001853,-0.009066,-0.057158
705.000000,-0.023126,-0.012462,-0.001721,-0.010100,-0.048571
706.000000,-0.020842,-0.011137,-0.000834,-0.008249,0.039752
707.000000,-0.012396,-0.005393,0.004176,-0.006134,0.038232
708.000000,-0.025243,-0.009505,0.002065,-0.008188,-0.098469
709.000000,-0.012312,-0.010284,0.001229,-0.007816,0.007498
710.000000,0.003109,-0.010008,0.002799,-0.007329,0.028534
711.000000,-0.000710,-0.010776,0.006341,-0.006786,0.020656
712.000000,-0.000854,-0.006625,0.005088,-0.004128,0.037510
713.000000,0.037465,0.006111,0.005738,-0.000207,0.093128
714.000000,0.037829,0.012759,0.004611,0.003018,0.009317
715.000000,0.000725,0.001917,-0.005273,-0.000508,-0.156988
716.000000,-0.015905,-0.008307,-0.009722,-0.003325,-0.062491
717.000000,-0.013640,-0.007247,-0.006320,0.000369,0.048836
718.000000,-0.039736,-0.001135,-0.005320,0.000998,-0.037353
719.000000,-0.035970,0.000929,-0.004677,0.001129,0.028144
720.000000,-0.017764,-0.008520,-0.009264,-0.000974,-0.065958
721.000000,-0.014156,-0.015031,-0.012903,-0.000783,-0.044452
722.000000,-0.022483,-0.018061,-0.012343,-0.002629,0.007205
723.000000,-0.013785,-0.026760,-0.010325,-0.005095,0.006135
724.000000,-0.026891,-0.031431,-0.009336,-0.007403,-0.037388
725.000000,-0.008478,-0.013121,-0.005602,-0.007889,0.026111
726.000000,-0.001036,-0.007596,-0.007952,-0.009013,-0.007243
727.000000,-0.022789,-0.022636,-0.014941,-0.011759,-0.101560
728.000000,-0.040792,-0.027289,-0.014212,-0.012643,-0.083881
729.000000,-0.030830,-0.028861,-0.013966,-0.012738,0.012423
730.000000,-0.032868,-0.020673,-0.014596,-0.013067,0.015922
731.000000,-0.035098,-0.018067,-0.016549,-0.014624,-0.018394
732.000000,-0.015034,-0.018911,-0.018486,-0.014532,-0.001238
733.000000,0.002237,-0.019277,-0.023019,-0.013309,0.002475
734.000000,-0.009092,-0.019961,-0.025696,-0.012878,-0.044227
735.000000,-0.011246,-0.022057,-0.017589,-0.011087,0.005155
736.000000,-0.007824,-0.021461,-0.014529,-0.012455,-0.001286
737.000000,-0.025894,-0.020464,-0.021550,-0.016782,-0.091585
738.000000,-0.026389,-0.012076,-0.019682,-0.013500,0.000000
739.000000,0.003585,-0.002754,-0.015807,-0.010228,0.105643
740.000000,0.025320,0.007037,-0.006818,-0.007385,0.113827
741.000000,0.011989,0.002082,-0.007992,-0.010338,-0.067942
742.000000,0.020366,-0.002764,-0.010838,-0.013245,-0.049700
743.000000,0.035805,0.004708,-0.007285,-0.013777,0.077197
744.000000,0.010626,0.007106,-0.006428,-0.014762,-0.020251
745.000000,-0.034526,-0.004603,-0.013330,-0.013260,-0.111934
746.000000,-0.005904,0.003042,-0.009210,-0.008672,0.075165
747.000000,0.014019,0.017192,-0.001636,-0.008636,0.049919
748.000000,0.014113,0.024959,0.006442,-0.004802,0.077665
749.000000,0.008251,0.009439,0.003343,-0.007392,-0.049560
750.000000,0.029944,-0.002291,0.002373,-0.005309,-0.003470
751.000000,0.007113,0.000604,0.001343,-0.005127,-0.038989
752.000000,-0.005295,0.004362,0.000799,-0.005771,-0.012121
753.000000,-0.022297,-0.004092,0.000308,-0.006220,-0.007344
754.000000,-0.016355,-0.004052,0.001527,-0.005636,-0.019852
755.000000,-0.011691,0.009126,0.002262,-0.005845,0.019852
756.000000,-0.001937,0.002588,0.002815,-0.005277,0.009780
757.000000,-0.006696,-0.005996,0.005598,-0.003089,-0.035917
758.000000,-0.021783,-0.022040,0.001459,-0.003052,-0.082779
759.000000,-0.025066,-0.020711,-0.005636,-0.004675,-0.036266
760.000000,-0.035386,-0.023539,-0.012915,-0.006264,-0.031749
761.000000,-0.035300,-0.018618,-0.009007,-0.005311,0.010212
762.000000,-0.032519,-0.019607,-0.007623,-0.006003,-0.022011
763.000000,0.000000,-0.010892,-0.007492,-0.003425,0.079814
764.000000,-0.004307,-0.014687,-0.009369,-0.003878,-0.057803
765.000000,0.011122,-0.012132,-0.001503,-0.002536,0.045398
766.000000,0.006005,-0.014648,-0.006030,-0.003006,-0.015374
767.000000,0.016510,-0.008004,-0.007000,0.001064,0.030516
768.000000,-0.001651,-0.000825,-0.011433,0.000698,-0.010989
769.000000,0.000869,-0.001719,-0.011215,-0.004330,-0.045205
770.000000,0.014960,0.013041,-0.005249,-0.004263,0.115854
771.000000,-0.012495,-0.003245,-0.010932,-0.007086,-0.152650
772.000000,-0.017999,-0.000745,-0.010176,-0.005330,0.002994
773.000000,-0.006742,-0.004196,-0.007544,-0.006393,0.045296
774.000000,0.009593,0.005231,-0.004728,-0.004503,0.036470
775.000000,-0.018317,-0.001678,-0.006905,-0.001561,-0.023694
776.000000,0.024255,0.005880,-0.004384,-0.002060,0.060210
777.000000,0.041677,0.011839,0.001917,-0.000720,0.090105
778.000000,0.025201,0.009229,0.004202,-0.004545,-0.037087
779.000000,0.013578,0.011585,0.004933,-0.003615,-0.021643
780.000000,0.006931,-0.005693,0.003674,-0.005397,-0.056931
781.000000,-0.012324,0.005965,0.001360,-0.005299,-0.036065
782.000000,-0.037535,0.002071,0.000663,-0.006094,-0.035949
783.000000,-0.014087,0.005557,0.000680,-0.003177,0.080155
784.000000,-0.007340,0.003119,0.004175,-0.002112,0.012089
785.000000,0.030752,0.018841,0.008582,0.001677,0.133531
786.000000,0.032278,0.009977,0.007928,0.000403,-0.028438
787.000000,0.034108,-0.001714,0.005063,0.000707,-0.026798
788.000000,0.027246,0.006580,0.007904,0.004995,0.045846
789.000000,0.014172,0.003416,0.007501,0.004427,-0.053281
790.000000,-0.020398,0.005177,-0.000258,0.004175,-0.039320
791.000000,-0.011375,0.010451,0.008208,0.004391,0.016678
792.000000,0.005119,0.019613,0.010842,0.006980,0.055673
793.000000,0.014552,0.020899,0.013228,0.007420,0.093010
794.000000,0.026737,0.020455,0.011787,0.009601,0.007646
795.000000,0.076822,0.028212,0.023527,0.015125,0.211102
796.000000,0.090374,0.039499,0.024738,0.018452,0.084438
797.000000,0.089190,0.047155,0.022720,0.019093,0.049754
798.000000,0.079478,0.047015,0.026797,0.020941,0.044452
799.000000,0.059108,0.042923,0.023169,0.019308,-0.094205
800.000000,0.019782,0.048302,0.026739,0.015929,0.014470
801.000000,0.030297,0.060336,0.035393,0.025584,0.137017
802.000000,0.022561,0.055876,0.037745,0.025853,0.011073
803.000000,0.014221,0.046849,0.033874,0.024435,0.002749
804.000000,0.029041,0.044074,0.032265,0.022549,-0.020105
805.000000,0.041897,0.030839,0.029525,0.025964,0.078749
806.000000,0.014105,0.022201,0.030850,0.023892,-0.001944
807.000000,0.016252,0.019407,0.033281,0.021616,0.021810
808.000000,0.007807,0.011014,0.029015,0.021536,-0.039475
809.000000,0.017554,0.023297,0.033110,0.023212,0.028629
810.000000,-0.008057,0.016920,0.032611,0.023466,-0.049303
811.000000,0.004616,0.009360,0.034848,0.026716,0.061417
812.000000,-0.002426,0.006913,0.031394,0.027467,-0.013397
813.000000,0.012412,0.010110,0.028480,0.025953,0.034715
814.000000,0.010861,0.014207,0.029141,0.026245,0.020872
815.000000,0.015677,0.003810,0.017325,0.020954,-0.025224
816.000000,0.009529,0.007072,0.014637,0.022924,0.030677
817.000000,0.007067,0.002321,0.010864,0.022961,-0.025705
818.000000,0.001483,0.006948,0.008981,0.021659,0.006796
819.000000,0.004089,0.007475,0.015386,0.024565,0.033902
820.000000,-0.000499,0.007589,0.012254,0.024270,-0.048165
821.000000,-0.000484,0.004522,0.006941,0.024739,0.030753
822.000000,0.014352,0.010709,0.008811,0.024499,0.048473
823.000000,0.016311,0.008897,0.009504,0.021952,0.016596
824.000000,0.024822,0.014456,0.014332,0.024246,0.076456
825.000000,0.032872,0.016186,0.009998,0.016945,-0.007918
826.000000,0.030605,0.015061,0.011066,0.014778,0.019418
827.000000,0.021844,0.018098,0.010209,0.013275,0.004667
828.000000,0.025739,0.021025,0.013986,0.012996,0.036072
829.000000,0.008341,0.016582,0.012028,0.015785,-0.010534
830.000000,0.008203,0.020537,0.014063,0.015015,-0.008610
831.000000,0.003299,0.016952,0.010737,0.010278,-0.005099
832.000000,-0.011499,0.005173,0.007941,0.007598,-0.069322
833.000000,-0.016100,0.004820,0.006858,0.007942,0.013065
834.000000,-0.013669,-0.002664,0.005896,0.008666,0.001621
835.000000,-0.013682,-0.002740,0.006723,0.005752,-0.008677
836.000000,-0.004655,-0.000678,0.007191,0.007152,0.040037
837.000000,0.021291,0.004896,0.011497,0.008438,0.060409
838.000000,0.004915,-0.005593,0.007716,0.007460,-0.068817
839.000000,0.004062,-0.004803,0.005889,0.006418,-0.002642
840.000000,0.006326,-0.003678,0.008430,0.008149,0.002642
841.000000,-0.002316,-0.003485,0.006733,0.005996,-0.003171
842.000000,-0.044752,-0.011730,-0.003279,0.001384,-0.151771
843.000000,-0.026360,-0.010723,-0.002951,0.000998,0.023144
844.000000,-0.026918,-0.011428,-0.007046,0.000121,-0.005433
845.000000,-0.049300,-0.021487,-0.012114,-0.002680,-0.109269
846.000000,-0.060201,-0.031258,-0.015968,-0.005625,-0.057675
847.000000,-0.027147,-0.035949,-0.015527,-0.004318,0.013499
848.000000,-0.032341,-0.029350,-0.017472,-0.004639,-0.002827
849.000000,-0.044115,-0.035516,-0.020160,-0.007913,-0.064303
850.000000,-0.019116,-0.034208,-0.018943,-0.005783,0.015725
851.000000,-0.009073,-0.034637,-0.019061,-0.007057,-0.007457
852.000000,-0.005002,-0.016074,-0.013902,-0.007544,0.033852
853.000000,-0.008383,-0.020362,-0.015542,-0.008755,-0.019730
854.000000,0.014972,-0.014571,-0.013000,-0.009554,0.052473
855.000000,0.018304,-0.000406,-0.010947,-0.008211,0.032383
856.000000,0.014715,0.002821,-0.014219,-0.009705,-0.025405
857.000000,0.009192,0.002095,-0.016927,-0.009653,0.006239
858.000000,0.007532,-0.000426,-0.014888,-0.011790,-0.028033
859.000000,0.008097,0.011535,-0.011991,-0.009595,0.055301
860.000000,0.007060,0.012682,-0.010763,-0.008401,0.027199
861.000000,0.021475,0.018095,-0.008271,-0.006676,0.046669
862.000000,0.019225,0.014209,-0.000933,-0.004532,-0.005009
863.000000,0.045904,0.026718,0.003178,-0.001456,0.105361
864.000000,0.031884,0.019991,0.002710,-0.002003,-0.014798
865.000000,0.024485,0.015773,0.007683,-0.002040,-0.009796
866.000000,0.013173,0.017324,0.010073,-0.003704,-0.009892
867.000000,0.005082,0.012154,0.007124,-0.007233,-0.045462
868.000000,-0.000679,0.022612,0.011093,-0.002388,0.076553
869.000000,0.004871,0.018378,0.014956,-0.001868,0.012954
870.000000,0.008058,0.016272,0.014477,-0.001751,0.006137
871.000000,0.013565,0.013369,0.015732,-0.001058,0.017641
872.000000,0.012571,0.008827,0.011518,0.002320,-0.050431
873.000000,-0.005984,-0.003332,0.011693,0.001008,-0.016223
874.000000,0.001894,0.003383,0.011687,0.002934,0.052344
875.000000,-0.023459,-0.007701,0.004036,0.002555,-0.120628
876.000000,-0.037780,-0.012108,0.002608,0.002679,-0.053963
877.000000,-0.019166,-0.003297,0.004428,0.003651,0.042642
878.000000,-0.013907,-0.009946,0.006333,0.004080,0.010069
879.000000,-0.013530,-0.005818,0.006280,0.008032,0.054232
880.000000,0.026659,0.001600,0.008936,0.010185,0.080316
881.000000,0.030434,-0.003673,0.004848,0.009263,-0.035091
882.000000,0.025389,0.003112,0.005969,0.008716,0.017421
883.000000,0.025040,0.005566,0.001117,0.009651,0.008322
884.000000,0.024215,0.005343,0.004363,0.009572,0.050105
885.000000,0.018194,0.022427,0.007363,0.010166,0.050215
886.000000,0.035916,0.033175,0.010533,0.012797,0.053515
887.000000,0.032526,0.028958,0.012830,0.012605,0.000474
888.000000,0.032371,0.028706,0.009380,0.013791,0.007547
889.000000,0.026075,0.025145,0.009663,0.012568,0.018623
890.000000,0.016400,0.017297,0.009449,0.011723,0.001843
891.000000,-0.001808,0.017054,0.006690,0.008916,-0.037528
892.000000,-0.007133,0.012696,0.007904,0.008212,-0.026152
893.000000,-0.007274,0.012549,0.009058,0.004928,0.006846
894.000000,-0.004856,0.010610,0.007976,0.006445,0.030713
895.000000,-0.003811,0.006294,0.014361,0.007007,0.007064
896.000000,0.018522,0.008357,0.020766,0.009808,0.074141
897.000000,0.044746,0.018807,0.023882,0.014822,0.104968
898.000000,0.054145,0.023436,0.026071,0.014065,0.053840
899.000000,0.052342,0.023743,0.024444,0.014357,0.021696
900.000000,0.044121,0.020155,0.018726,0.013017,-0.034040
901.000000,0.022557,0.020540,0.018797,0.011307,-0.033681
902.000000,0.005495,0.025121,0.018908,0.013643,0.019658
903.000000,-0.006883,0.023631,0.018090,0.013915,-0.008048
904.000000,-0.007411,0.022465,0.016538,0.012806,0.019055
905.000000,-0.005649,0.019236,0.012765,0.015986,-0.025231
906.000000,-0.011372,0.005592,0.006975,0.015708,-0.062296
907.000000,-0.024408,-0.009457,0.004675,0.012769,-0.045520
908.000000,-0.027246,-0.017064,0.003186,0.011692,-0.022238
909.000000,-0.045878,-0.026645,-0.001451,0.007414,-0.074108
910.000000,-0.029390,-0.017520,0.001318,0.006644,0.057211
911.000000,-0.023217,-0.017295,0.001623,0.006766,-0.031431
912.000000,-0.015227,-0.019817,0.002652,0.006000,-0.005568
913.000000,-0.007823,-0.017534,0.003048,0.006215,0.014781
914.000000,-0.006564,-0.026221,-0.001878,0.002285,-0.067815
915.000000,-0.012490,-0.020940,-0.000852,0.001530,0.027585
916.000000,-0.008508,-0.015862,-0.005135,-0.000638,-0.011522
917.000000,-0.015173,-0.015200,-0.012328,-0.001950,-0.038892
918.000000,-0.016628,-0.012226,-0.014645,-0.001951,0.007502
919.000000,-0.005875,-0.006220,-0.016432,-0.003040,-0.014049
920.000000,-0.006896,-0.009693,-0.013606,-0.002352,0.022484
921.000000,-0.011938,-0.010223,-0.013759,-0.002326,-0.036734
922.000000,-0.004878,-0.010025,-0.014921,-0.001574,-0.003594
923.000000,-0.007514,-0.012071,-0.014803,-0.001991,-0.005675
924.000000,-0.009203,-0.007539,-0.016880,-0.003765,-0.022496
925.000000,-0.007655,-0.007275,-0.014107,-0.002993,0.030226
926.000000,-0.003620,-0.007779,-0.011821,-0.006016,-0.016564
927.000000,-0.009265,-0.007072,-0.011136,-0.010576,-0.031816
928.000000,-0.025336,-0.016425,-0.014325,-0.015238,-0.086032
929.000000,-0.016194,-0.012698,-0.009459,-0.015188,0.023216
930.000000,-0.035032,-0.021343,-0.015518,-0.016185,-0.063965
931.000000,-0.032577,-0.018099,-0.014161,-0.015205,-0.004291
932.000000,-0.028935,-0.019100,-0.014563,-0.016314,-0.013606
933.000000,-0.013606,-0.019471,-0.015771,-0.016359,-0.009384
934.000000,-0.007244,-0.011719,-0.009629,-0.015160,0.055026
935.000000,0.003516,-0.015758,-0.011516,-0.014658,-0.010165
936.000000,0.018973,-0.006802,-0.007291,-0.010148,0.072991
937.000000,0.025018,-0.001959,-0.004515,-0.008077,0.016621
938.000000,0.034971,0.010683,-0.002871,-0.005989,0.040382
939.000000,0.030200,0.011478,-0.000610,-0.002480,0.031171
940.000000,0.028932,0.016224,-0.002559,-0.004937,-0.016504
941.000000,0.023482,0.021227,0.001564,-0.002365,0.045740
942.000000,0.008709,0.016863,-0.001118,-0.004087,-0.057246
943.000000,-0.000952,0.017010,-0.001231,-0.004844,-0.007922
944.000000,-0.008677,0.010762,-0.000478,-0.002832,-0.007451
945.000000,-0.018626,0.005153,-0.005302,-0.005960,-0.066249
946.000000,-0.026635,-0.001577,-0.004190,-0.005386,0.005692
947.000000,-0.011698,-0.001495,-0.001727,-0.003508,0.017441
948.000000,-0.012922,-0.006937,0.001873,-0.004226,-0.014041
949.000000,-0.008400,-0.008539,0.001470,-0.003253,0.015156
950.000000,-0.000457,-0.009541,0.003341,-0.004887,-0.026533
951.000000,-0.001367,-0.014001,0.003613,-0.003624,0.001144
952.000000,-0.017230,-0.014464,0.001200,-0.005567,-0.061875
953.000000,-0.014787,-0.013854,0.001578,-0.005439,-0.001825
954.000000,-0.011111,-0.009756,0.000503,-0.003571,0.033536
955.000000,-0.003579,-0.002018,0.001568,-0.004207,0.011127
956.000000,0.010898,0.004765,0.001594,-0.001205,0.073525
957.000000,0.033607,0.008189,0.003347,0.001578,0.051672
958.000000,0.037234,0.011224,0.002143,0.004990,0.016310
959.000000,0.028903,0.008896,0.000179,0.003945,-0.008122
960.000000,0.025142,0.010782,0.000620,0.005822,-0.007675
961.000000,0.016707,0.013802,-0.000099,0.007009,0.031347
962.000000,0.000616,0.017111,0.001324,0.006504,-0.028783
963.000000,-0.004810,0.016212,0.001179,0.006456,-0.010816
964.000000,-0.002875,0.013014,0.001629,0.004673,0.001552
965.000000,-0.007963,0.008589,0.003286,0.003908,-0.033117
966.000000,-0.023980,-0.003637,0.000564,-0.000149,-0.048737
967.000000,-0.003306,-0.001345,0.003422,0.001783,0.074589
968.000000,0.005617,0.000404,0.005814,0.001563,0.033797
969.000000,0.012914,0.005020,0.006958,0.001792,0.038039
970.000000,0.022712,0.007374,0.009078,0.002871,0.015870
971.000000,0.064160,0.020090,0.016946,0.006630,0.158503
972.000000,0.050054,0.023374,0.020243,0.008674,0.004063
973.000000,0.051634,0.028626,0.022419,0.010328,0.041698
974.000000,0.059514,0.036214,0.024614,0.013157,0.077436
975.000000,0.061668,0.042190,0.025390,0.016254,0.026640
976.000000,0.029546,0.046853,0.021608,0.015994,-0.002105
977.000000,0.033592,0.041823,0.020239,0.016222,0.024290
978.000000,0.021095,0.036365,0.018384,0.015997,-0.020784
979.000000,0.007073,0.033293,0.019157,0.015736,0.007323
980.000000,0.024264,0.042966,0.025170,0.020374,0.112596
981.000000,0.029895,0.029720,0.024905,0.021204,0.026047
982.000000,0.026062,0.029827,0.026601,0.023438,0.005129
983.000000,0.023735,0.022415,0.025521,0.022418,-0.032419
984.000000,0.015891,0.011482,0.023848,0.020237,-0.031899
985.000000,0.000806,0.012535,0.027362,0.021105,0.037170
986.000000,-0.006330,0.011782,0.029318,0.018333,-0.009632
987.000000,0.002274,0.014168,0.027996,0.018215,0.048151
988.000000,0.018059,0.020897,0.028631,0.019222,0.046506
989.000000,0.028599,0.022245,0.027769,0.020186,0.020799
990.000000,0.029554,0.015180,0.029073,0.021840,0.041945
991.000000,0.030839,0.012254,0.020987,0.020688,-0.003206
992.000000,0.014072,0.008173,0.019000,0.020458,-0.035684
993.000000,-0.002458,0.007801,0.015108,0.019614,-0.036142
994.000000,-0.005413,0.011593,0.011537,0.019763,0.006020
995.000000,-0.010739,0.009407,0.010971,0.021377,0.015315
996.000000,-0.008361,0.011239,0.011511,0.023291,0.008687
997.000000,-0.007689,0.003192,0.008680,0.019728,-0.032325
998.000000,-0.001733,-0.002095,0.009401,0.018389,-0.006360
999.000000,0.010141,0.002364,0.012304,0.019301,0.065390
1000.000000,0.005223,-0.002758,0.006211,0.018462,-0.009280
1001.000000,-0.000391,-0.004376,0.003939,0.012533,-0.019380
1002.000000,0.006130,-0.000780,0.003697,0.012407,0.000280
1003.000000,0.010122,0.004195,0.005998,0.011470,0.013602
1004.000000,-0.009628,0.000257,0.005925,0.007777,-0.033360
1005.000000,-0.008973,-0.001875,0.003766,0.006689,-0.006004
1006.000000,-0.016060,-0.008225,0.001507,0.004932,-0.054816
1007.000000,-0.006072,0.000029,0.001610,0.005796,0.050217
1008.000000,0.005761,0.007942,0.002923,0.008915,0.072769
1009.000000,0.005622,-0.002003,0.000180,0.007535,-0.034059
1010.000000,0.003017,-0.002978,-0.002868,0.003148,-0.019027
1011.000000,0.003603,-0.006229,-0.005302,0.000550,-0.051888
1012.000000,0.004501,-0.000786,-0.000783,0.002203,0.054709
1013.000000,-0.011750,-0.002994,0.000600,0.003000,-0.008487
1014.000000,-0.018940,-0.006659,-0.003201,0.001730,-0.070008
1015.000000,-0.015867,-0.006425,-0.004150,0.000369,-0.003663
1016.000000,-0.008323,-0.002360,-0.005293,0.000218,-0.014167
1017.000000,-0.003237,0.000632,0.000330,0.001284,0.080138
1018.000000,-0.011639,-0.011695,-0.001876,-0.001949,-0.050495
1019.000000,0.003384,-0.007778,-0.004891,-0.002472,0.005106
1020.000000,0.000611,-0.007628,-0.005303,-0.004455,-0.017528
1021.000000,0.005989,-0.001167,-0.003698,-0.003924,0.012724
1022.000000,-0.016587,-0.009912,-0.005349,-0.003826,-0.032740
1023.000000,0.001978,-0.004831,-0.003913,-0.001210,0.042326
1024.000000,0.002323,0.002853,-0.001903,-0.001183,0.006834
1025.000000,0.001216,0.000913,-0.002756,-0.002462,-0.023065
1026.000000,-0.003094,0.001447,-0.000456,-0.003046,-0.008827
1027.000000,-0.005167,-0.010877,-0.005123,-0.003405,-0.043105
1028.000000,0.007663,0.004820,-0.003437,0.000356,0.106477
1029.000000,0.000059,0.001191,-0.003293,-0.002863,-0.031184
1030.000000,0.007144,0.004180,-0.001724,-0.002142,0.012357
1031.000000,0.006556,0.001731,0.000282,-0.001888,-0.011765
1032.000000,0.019450,0.007142,-0.001385,-0.001185,0.021368
1033.000000,0.014017,0.010840,0.003004,0.001005,0.079307
1034.000000,0.021427,0.010743,0.006798,0.002312,0.005868
1035.000000,0.029875,0.018510,0.009711,0.004333,0.054599
1036.000000,0.030051,0.018303,0.009875,0.005797,-0.010888
1037.000000,0.026489,0.022970,0.006046,0.004242,0.003558
1038.000000,0.009048,0.011533,0.008176,0.001553,-0.007895
1039.000000,0.011373,0.016400,0.008795,0.003271,0.017489
1040.000000,0.009155,0.019515,0.011848,0.005356,0.043512
1041.000000,0.006068,0.018059,0.009895,0.006208,-0.026324
1042.000000,-0.011002,0.007743,0.007442,0.001658,-0.081794
1043.000000,-0.011038,-0.000995,0.004922,0.001671,-0.008073
1044.000000,-0.008259,0.001557,0.006150,0.005051,0.031386
1045.000000,-0.014204,-0.002525,0.007992,0.005633,0.013783
1046.000000,-0.004042,0.001013,0.009658,0.006921,0.024491
1047.000000,0.000428,-0.005287,0.008841,0.002269,-0.059444
1048.000000,0.003906,-0.003566,0.003983,0.004262,0.009317
1049.000000,-0.003753,-0.006006,0.005197,0.003862,-0.006913
1050.000000,-0.013625,-0.013915,0.002800,0.003260,-0.035577
1051.000000,-0.019688,-0.011865,0.003097,0.002642,-0.005823
1052.000000,-0.008635,-0.004103,0.001820,0.003594,-0.004180
1053.000000,-0.015761,-0.005927,-0.003461,0.001306,-0.026314
1054.000000,-0.009284,-0.006518,-0.002481,0.001927,0.025475
1055.000000,-0.002504,-0.008065,-0.005295,0.002640,-0.001678
1056.000000,0.009238,-0.005225,-0.002106,0.004697,0.052888
1057.000000,0.008100,-0.000268,-0.002777,0.005805,-0.009873
1058.000000,0.013362,-0.001200,-0.002383,0.002256,0.000000
1059.000000,0.007246,-0.001019,-0.003512,0.003125,-0.005108
1060.000000,-0.011287,-0.006895,-0.010405,-0.000432,-0.094340
1061.000000,-0.017180,-0.003971,-0.007918,0.000741,0.023420
1062.000000,-0.018355,-0.005128,-0.004616,-0.000496,-0.015748
1063.000000,-0.025537,-0.006088,-0.006008,-0.004337,-0.035911
1064.000000,-0.027834,-0.010294,-0.008406,-0.005085,-0.016590
1065.000000,-0.003526,-0.007406,-0.007736,-0.005999,0.027198
1066.000000,-0.010576,-0.013878,-0.009551,-0.006030,-0.011827
1067.000000,-0.000884,-0.009620,-0.004944,-0.005058,0.032711
1068.000000,0.005944,-0.009797,-0.005498,-0.004854,-0.001773
1069.000000,0.009675,-0.009079,-0.005049,-0.005368,0.002068
1070.000000,0.004236,0.000355,-0.003270,-0.006818,0.000000
1071.000000,-0.000856,-0.005716,-0.004843,-0.007184,-0.037286
1072.000000,-0.005811,-0.003348,-0.004238,-0.004193,0.007934
1073.000000,0.000532,0.003238,-0.001425,-0.002926,0.029942
1074.000000,-0.000710,0.004483,-0.002906,-0.004110,-0.004138
1075.000000,0.004898,0.004567,-0.001420,-0.003635,0.028039
1076.000000,-0.008640,-0.004748,-0.009313,-0.007950,-0.104977
1077.000000,-0.022360,-0.014085,-0.011853,-0.007991,-0.060665
1078.000000,-0.032053,-0.015761,-0.012779,-0.008919,-0.018525
1079.000000,-0.032267,-0.016488,-0.012784,-0.008862,-0.005207
1080.000000,-0.040045,-0.017573,-0.008609,-0.008038,-0.010849
1081.000000,-0.004857,-0.006748,-0.006232,-0.005478,0.070961
1082.000000,0.006685,-0.007837,-0.005592,-0.005438,-0.002954
1083.000000,0.015454,-0.008300,-0.002531,-0.003717,0.025318
1084.000000,0.015917,-0.008175,-0.001846,-0.004662,-0.002889
1085.000000,-0.044242,-0.042143,-0.018788,-0.014994,-0.311646
1086.000000,-0.054436,-0.029646,-0.017197,-0.016091,0.019992
1087.000000,-0.061923,-0.027619,-0.020852,-0.017108,-0.040392
1088.000000,-0.070421,-0.027484,-0.021622,-0.017680,-0.017172
1089.000000,-0.069570,-0.026826,-0.021657,-0.017465,0.001366
1090.000000,-0.012779,-0.028511,-0.023042,-0.015243,-0.027690
1091.000000,-0.017621,-0.036029,-0.021389,-0.016164,-0.004220
1092.000000,-0.007579,-0.034751,-0.021294,-0.015312,0.009820
1093.000000,-0.005733,-0.038077,-0.023188,-0.014380,-0.007942
1094.000000,-0.011041,-0.040306,-0.024240,-0.014666,-0.025173
1095.000000,-0.003779,-0.008279,-0.025211,-0.015285,0.008621
1096.000000,-0.008447,-0.013034,-0.021340,-0.015809,-0.027558
1097.000000,-0.013971,-0.010775,-0.019197,-0.017493,-0.017805
1098.000000,-0.011388,-0.008560,-0.018022,-0.017268,0.004978
1099.000000,-0.005758,-0.008400,-0.017613,-0.017238,0.002975
1100.000000,-0.017012,-0.010396,-0.019453,-0.018826,-0.047652
1101.000000,-0.012438,-0.010442,-0.023235,-0.017740,-0.004684
1102.000000,-0.004542,-0.009257,-0.022004,-0.017282,0.021673
1103.000000,-0.006767,-0.009077,-0.023577,-0.018485,-0.006144
1104.000000,0.001774,-0.001992,-0.021149,-0.016824,0.045679
1105.000000,0.012966,-0.002023,-0.005151,-0.017482,0.008307
1106.000000,0.010962,-0.000738,-0.006886,-0.014473,-0.014706
1107.000000,0.001526,-0.001508,-0.006142,-0.013301,-0.025508
1108.000000,0.012927,0.003080,-0.002740,-0.010988,0.050863
1109.000000,0.004560,0.003167,-0.002616,-0.010686,0.003844
1110.000000,-0.000487,0.006239,-0.002078,-0.010889,-0.016929
1111.000000,0.000099,0.005530,-0.002456,-0.013647,-0.011776
1112.000000,0.012470,0.006998,-0.001129,-0.012337,0.036350
1113.000000,-0.004676,0.004125,-0.002476,-0.014343,-0.034870
1114.000000,0.000192,0.002376,0.000192,-0.013307,0.028185
1115.000000,0.012755,0.006134,0.002055,-0.001389,0.045888
1116.000000,0.014836,0.007467,0.003365,-0.002102,-0.001374
1117.000000,0.008115,0.010293,0.004392,-0.000664,0.002746
1118.000000,0.015089,0.005206,0.004143,-0.000091,0.000000
1119.000000,-0.001829,-0.000819,0.001174,-0.002017,-0.056406
1120.000000,-0.014028,-0.000636,0.002802,-0.001597,-0.015104
1121.000000,-0.015825,-0.000495,0.002518,-0.001802,-0.010363
1122.000000,-0.010124,-0.001005,0.002997,-0.001088,0.031253
1123.000000,-0.007450,0.003820,0.003972,-0.000377,0.013372
1124.000000,0.003737,0.000954,0.001665,0.000446,-0.000474
1125.000000,0.006757,-0.003635,0.001249,0.000159,0.000000
1126.000000,0.019728,0.001952,0.004709,0.002894,0.054492
1127.000000,0.009391,-0.000366,0.004963,0.002806,-0.020432
1128.000000,0.004596,-0.001427,0.001890,0.002287,-0.010607
1129.000000,0.013754,0.008745,0.003963,0.003698,0.045318
1130.000000,0.013577,0.010167,0.004766,0.005257,-0.000887
1131.000000,-0.000991,0.009369,0.004437,0.004801,-0.018349
1132.000000,0.005430,0.007411,0.003203,0.004468,0.011675
1133.000000,0.006028,0.005312,0.004566,0.004419,-0.007618
1134.000000,-0.005207,0.004274,0.002614,0.002534,-0.010855
1135.000000,-0.010002,0.001787,-0.000924,0.001429,-0.024863
1136.000000,-0.002545,-0.001768,0.000092,0.002550,0.018934
1137.000000,-0.000805,0.002313,0.000973,0.004080,0.020377
1138.000000,0.005502,0.005765,0.002169,0.003181,0.023916
1139.000000,0.015062,0.004928,0.006836,0.004285,0.036946
1140.000000,0.015772,0.002885,0.006526,0.004139,-0.021314
1141.000000,0.013188,0.005321,0.007345,0.004732,0.006014
1142.000000,0.009027,0.004111,0.005761,0.003506,-0.000428
1143.000000,0.013699,0.009601,0.007456,0.006244,0.047279
1144.000000,0.003677,0.009370,0.006822,0.004866,-0.013163
1145.000000,0.004010,0.009891,0.005839,0.002681,-0.019654
1146.000000,0.003818,0.008503,0.003367,0.002895,0.005055
1147.000000,0.009211,0.009119,0.005716,0.003688,0.026536
1148.000000,0.013662,0.013681,0.009723,0.006006,0.069538
1149.000000,0.006918,0.005298,0.005113,0.006324,-0.046884
1150.000000,-0.006001,-0.000996,0.000944,0.004019,-0.084252
1151.000000,-0.002622,0.000598,0.002959,0.005096,0.021951
1152.000000,-0.014595,-0.002692,0.000709,0.002943,-0.033329
1153.000000,-0.027712,-0.007025,0.001288,0.002629,0.003953
1154.000000,-0.016937,-0.005010,0.002180,0.002878,0.006990
1155.000000,0.004900,-0.000550,0.004670,0.003709,0.024937
1156.000000,0.005873,0.001625,0.005064,0.002787,0.026814
1157.000000,0.012373,-0.001111,0.004004,0.003440,-0.000827
1158.000000,0.010837,-0.008438,0.002622,0.003669,-0.003731
1159.000000,0.007435,-0.004751,0.000273,0.001825,-0.010017
1160.000000,-0.003340,0.000780,-0.000108,0.000890,-0.028938
1161.000000,-0.007240,-0.000683,-0.000043,0.001745,0.007313
1162.000000,-0.003843,0.004265,0.000786,0.001895,0.016157
1163.000000,0.004517,0.007677,0.000326,0.003417,0.038068
1164.000000,-0.000756,0.003339,-0.000835,0.002566,-0.036383
1165.000000,0.004610,0.000635,0.000042,0.003325,-0.002107
1166.000000,-0.000086,-0.003663,-0.001019,0.002155,-0.016164
1167.000000,0.004504,0.000330,-0.000390,0.002779,0.039105
1168.000000,0.002100,0.003308,-0.002565,0.002850,0.026049
1169.000000,0.008733,0.003988,-0.000381,0.001512,-0.003219
1170.000000,0.010200,0.007405,0.004092,0.002396,0.005226
1171.000000,0.016299,0.008106,0.003711,0.002674,0.014331
1172.000000,0.013628,0.009066,0.006666,0.003546,0.025752
1173.000000,0.015160,0.008630,0.008153,0.003094,0.033709
1174.000000,0.014008,0.011370,0.007355,0.003233,-0.008979
1175.000000,0.015799,0.012999,0.006817,0.004361,0.014179
1176.000000,0.014703,0.015501,0.005919,0.004488,0.008853
1177.000000,0.011599,0.012613,0.006472,0.003944,0.010230
1178.000000,0.006089,0.010624,0.006966,0.001832,0.006161
1179.000000,0.002613,0.008311,0.006149,0.002516,-0.026356
1180.000000,-0.000966,0.007417,0.007411,0.005200,-0.003716
1181.000000,-0.004231,0.005236,0.006671,0.004220,-0.007474
1182.000000,-0.006277,0.002661,0.005863,0.005331,0.000000
1183.000000,-0.015545,-0.004728,0.001951,0.003859,-0.040181
1184.000000,-0.014377,-0.005882,0.002744,0.002943,-0.020514
1185.000000,-0.010157,-0.005561,0.003719,0.002691,0.017385
1186.000000,-0.007724,-0.005978,0.004762,0.001953,0.004689
1187.000000,-0.006635,-0.006456,0.003079,0.002162,0.005443
1188.000000,-0.007560,-0.011553,-0.000464,0.000793,-0.044804
1189.000000,-0.010305,-0.012341,-0.002015,-0.000014,-0.034237
1190.000000,-0.011944,-0.011050,-0.001817,0.001257,0.009190
1191.000000,-0.010320,-0.009022,-0.001893,0.001440,0.012807
1192.000000,-0.004708,-0.005672,-0.001505,0.002018,0.033505
1193.000000,0.006228,-0.000666,-0.002697,0.001079,0.009876
1194.000000,0.014798,0.002246,-0.001818,0.002578,0.008611
1195.000000,0.016590,0.002323,-0.001619,0.003254,0.018151
1196.000000,0.015477,0.002579,-0.001700,0.004034,0.007245
1197.000000,0.009837,0.002565,-0.001946,0.002907,0.005305
1198.000000,0.008466,0.007347,-0.002103,0.002140,0.003019
1199.000000,0.003017,0.008907,-0.001717,0.001626,-0.018635
1200.000000,-0.008682,0.003954,-0.003548,0.000107,-0.040342
1201.000000,-0.010451,0.002513,-0.003254,-0.000424,-0.001600
1202.000000,-0.012877,-0.001520,-0.003596,-0.001510,-0.006829
1203.000000,-0.007525,0.000471,-0.000098,-0.001641,0.029782
1204.000000,0.009813,0.006415,0.004331,0.000927,0.068053
1205.000000,0.012773,0.002046,0.002184,-0.000398,-0.025543
1206.000000,0.012793,0.001171,0.001875,-0.000743,-0.001501
1207.000000,0.018761,0.002942,0.002753,-0.000317,0.023015
1208.000000,0.015936,0.004206,0.005776,0.000000,0.015657
1209.000000,0.007673,0.008743,0.008825,0.001770,0.026735
1210.000000,0.009662,0.011217,0.007586,0.001374,-0.015598
1211.000000,0.014902,0.013847,0.008180,0.002446,0.024701
1212.000000,0.006214,0.012488,0.005484,0.001765,-0.020423
1213.000000,0.000072,0.008004,0.004237,0.002603,-0.015054
1214.000000,-0.009730,-0.001029,0.002693,0.002544,-0.022276
1215.000000,-0.011243,-0.000791,0.000628,0.001193,-0.023161
1216.000000,-0.024991,-0.005044,-0.001937,-0.000432,-0.044040
1217.000000,-0.005848,0.000183,0.001563,0.001897,0.075292
1218.000000,-0.000724,-0.000326,0.001940,0.003742,0.010567
1219.000000,-0.000296,-0.005013,0.001865,0.004212,-0.020136
1220.000000,0.007783,-0.001730,0.004744,0.004480,0.017232
1221.000000,0.012478,-0.006257,0.003795,0.003368,-0.020566
1222.000000,-0.000220,-0.003034,0.004727,0.002645,0.011804
1223.000000,-0.003584,-0.002154,0.002925,0.002107,-0.006253
1224.000000,0.003083,0.001393,0.000182,0.002260,0.013197
1225.000000,0.000798,0.004291,0.001750,0.001849,0.005810
1226.000000,-0.002089,0.005194,0.000075,0.000440,-0.035001
1227.000000,-0.001177,-0.000698,-0.000258,0.000809,0.016363
1228.000000,0.000221,-0.001681,-0.001004,0.000733,0.000737
1229.000000,-0.001315,0.000884,-0.002065,0.001538,0.005514
1230.000000,0.001659,0.001228,-0.000251,0.003572,0.020679
1231.000000,0.010873,0.004392,-0.000932,0.003994,0.011070
1232.000000,0.010070,0.004447,0.000706,0.004634,0.012352
1233.000000,0.014774,0.007498,0.002672,0.004449,0.024256
1234.000000,0.010844,0.004764,0.003079,0.001710,-0.014136
1235.000000,0.005385,0.003522,0.003906,0.002341,-0.006619
1236.000000,0.003311,0.007092,0.006143,0.002414,0.000699
1237.000000,0.002856,0.006463,0.002882,0.001983,0.010078
1238.000000,0.000615,0.007695,0.003007,0.001896,0.013054
1239.000000,0.007095,0.008970,0.004927,0.001613,0.018262
1240.000000,0.008352,0.006868,0.004048,0.002122,-0.000335
1241.000000,0.016615,0.009963,0.007177,0.002699,0.042015
1242.000000,0.019301,0.011078,0.007763,0.004164,0.023508
1243.000000,0.025173,0.012894,0.010196,0.006079,0.042416
