0.000000,0.005985,0.001947,0.002174,0.001964,0.011762
1.000000,0.005220,0.002291,0.001877,0.001776,-0.000498
2.000000,0.008307,0.001865,0.002232,0.001609,0.003355
3.000000,0.007899,0.003096,0.002334,0.001513,0.008891
4.000000,0.005218,0.003735,0.002560,0.001586,0.002578
5.000000,0.003184,0.004584,0.002164,0.001902,0.001593
6.000000,0.003479,0.004350,0.001964,0.001736,0.000979
7.000000,0.004125,0.006216,0.002383,0.002232,0.006583
8.000000,0.003316,0.005608,0.003105,0.002524,0.004848
9.000000,0.003525,0.004371,0.002641,0.002832,0.003621
10.000000,0.002869,0.003026,0.002487,0.002458,-0.001688
11.000000,0.005263,0.004371,0.003331,0.002708,0.012950
12.000000,0.003469,0.003797,0.002831,0.002754,-0.002385
13.000000,0.002356,0.002836,0.002966,0.002502,-0.000717
14.000000,0.001966,0.002746,0.003240,0.002622,0.001672
15.000000,0.004133,0.003501,0.004043,0.002610,0.009144
16.000000,0.000286,0.002774,0.003562,0.002234,-0.006285
17.000000,0.001286,0.002377,0.004297,0.002381,0.002614
18.000000,0.001049,0.001702,0.003655,0.002638,-0.001900
19.000000,0.000524,0.001245,0.002808,0.002176,-0.000951
20.000000,0.001320,0.002726,0.002876,0.002566,0.013122
21.000000,0.002600,0.001443,0.002907,0.002702,0.000117
22.000000,0.007887,0.004586,0.004192,0.003416,0.029048
23.000000,0.008746,0.004897,0.003867,0.003610,0.002392
24.000000,0.008981,0.004753,0.003749,0.003745,0.000228
25.000000,0.007152,0.004236,0.003868,0.004107,0.003974
26.000000,0.007264,0.004932,0.003853,0.004019,0.000680
27.000000,0.001998,0.004942,0.003660,0.004512,0.002714
28.000000,0.001338,0.005042,0.003372,0.004117,-0.000904
29.000000,0.001112,0.005047,0.003146,0.003554,-0.000905
30.000000,0.000543,0.003848,0.003287,0.003200,0.001131
31.000000,0.000588,0.003926,0.002685,0.003247,0.000904
32.000000,-0.002569,-0.000286,0.002150,0.002699,-0.013069
33.000000,-0.003742,-0.001202,0.001848,0.002177,-0.006772
34.000000,-0.001089,0.000011,0.002382,0.002503,0.012361
35.000000,-0.003741,-0.001599,0.001318,0.002046,-0.012131
36.000000,-0.003899,-0.001656,0.001638,0.002017,0.000115
37.000000,0.001709,-0.000430,0.002256,0.002297,0.014969
38.000000,0.002813,-0.000465,0.002289,0.002093,-0.001248
39.000000,0.001902,0.000406,0.002727,0.002233,0.007805
40.000000,0.004125,0.000192,0.002020,0.002255,-0.001015
41.000000,0.005294,0.000698,0.002312,0.002022,0.005960
42.000000,-0.000113,0.000798,0.000256,0.001699,-0.012069
43.000000,0.000408,0.001611,0.000204,0.001769,0.001361
44.000000,0.000203,0.001052,0.000532,0.001939,0.006777
45.000000,0.002132,0.003128,0.000765,0.001922,0.008630
46.000000,0.002119,0.003707,0.001026,0.002328,0.005897
47.000000,0.006586,0.003236,0.001403,0.002583,0.010264
48.000000,0.009430,0.004919,0.002227,0.003165,0.015580
49.000000,0.007641,0.003922,0.002164,0.003125,-0.002165
50.000000,0.004938,0.003535,0.001863,0.002525,-0.004887
51.000000,0.003519,0.002819,0.001758,0.002481,-0.001198
52.000000,0.004173,0.005379,0.003088,0.001964,0.013533
53.000000,-0.001236,0.004097,0.002854,0.001502,-0.011465
54.000000,0.000908,0.004275,0.002664,0.001779,0.008557
55.000000,0.001259,0.003098,0.003113,0.001543,-0.003133
56.000000,0.004676,0.004097,0.003902,0.002049,0.015885
57.000000,0.004614,0.004393,0.003815,0.002400,0.013223
58.000000,0.007850,0.003307,0.004113,0.002587,0.004718
59.000000,0.006348,0.003628,0.003775,0.002652,0.001045
60.000000,0.008784,0.005021,0.004278,0.002916,0.009049
61.000000,0.005255,0.004965,0.003892,0.002827,-0.001762
62.000000,0.002921,0.003767,0.004573,0.003315,0.001555
63.000000,0.001043,0.004447,0.004272,0.003385,-0.004671
64.000000,-0.000523,0.002912,0.003594,0.002746,-0.006786
65.000000,-0.001121,0.003831,0.003465,0.003353,0.006057
66.000000,0.000000,0.002627,0.003362,0.003477,0.003845
67.000000,0.000186,0.001554,0.002973,0.003061,0.002486
68.000000,0.000520,0.000781,0.002044,0.003002,-0.003005
69.000000,-0.001303,-0.000913,0.001357,0.002212,-0.015900
70.000000,-0.001295,-0.001208,0.001907,0.002449,0.006097
71.000000,-0.003896,-0.001948,0.001509,0.001945,-0.009159
72.000000,-0.006306,-0.003060,0.000354,0.002029,-0.009564
73.000000,-0.003771,-0.001626,0.001410,0.002306,0.009670
74.000000,0.000674,-0.000315,0.001299,0.002291,0.006325
75.000000,0.000878,-0.000208,0.001811,0.002240,0.007120
76.000000,0.000865,-0.001515,0.000556,0.001736,-0.009224
77.000000,0.005768,-0.000269,0.000642,0.001892,0.014947
78.000000,0.000127,-0.001822,-0.000520,0.000755,-0.018534
79.000000,-0.000737,-0.000032,-0.000472,0.000894,0.002006
80.000000,-0.003240,-0.001181,-0.001195,0.000877,-0.005394
81.000000,-0.002928,-0.001031,-0.001490,0.000662,-0.007665
82.000000,-0.000478,0.002645,-0.000208,0.001117,0.027197
83.000000,0.005853,0.002990,0.000682,0.001937,0.013121
84.000000,0.004382,0.001822,0.000754,0.001473,-0.005351
85.000000,0.006613,0.001686,0.000739,0.001770,0.005762
86.000000,0.008371,0.002722,0.000603,0.001278,0.001128
87.000000,0.003280,0.001401,0.000566,0.000895,0.001741
88.000000,0.004426,0.005139,0.001659,0.001366,0.018849
89.000000,0.006936,0.005659,0.002814,0.001571,0.007202
90.000000,0.008634,0.007623,0.003221,0.001745,0.014251
91.000000,0.007562,0.007966,0.003468,0.001662,-0.004234
92.000000,0.005549,0.004414,0.003530,0.001333,-0.008323
93.000000,0.004310,0.004368,0.003679,0.001911,0.012656
94.000000,0.001569,0.004253,0.003037,0.001920,-0.006506
95.000000,-0.001499,0.003567,0.002627,0.001682,-0.001088
96.000000,-0.002622,0.002470,0.002596,0.001225,-0.009849
97.000000,-0.000658,0.002446,0.001923,0.001192,0.001499
98.000000,-0.001876,0.001217,0.003178,0.001511,0.006567
99.000000,0.001576,0.001572,0.003616,0.002400,0.010752
100.000000,-0.000396,-0.000948,0.003338,0.001832,-0.010951
101.000000,0.001593,-0.000514,0.003726,0.002140,0.000099
102.000000,-0.003119,-0.001888,0.001263,0.001724,-0.022063
103.000000,-0.003260,-0.002568,0.000900,0.001597,0.005864
104.000000,-0.007090,-0.002757,0.000748,0.001106,-0.008402
105.000000,-0.007870,-0.004133,-0.000283,0.000374,-0.014850
106.000000,-0.006185,-0.002296,0.000087,0.000965,0.008527
107.000000,0.000142,-0.001489,0.000479,0.000786,0.009570
108.000000,-0.001376,-0.002318,-0.000550,0.001346,-0.001724
109.000000,-0.000122,-0.003606,-0.001017,0.001208,-0.002134
110.000000,0.001542,-0.003164,-0.002056,0.001170,-0.006531
111.000000,0.001732,-0.002227,-0.001370,0.001742,0.009477
112.000000,-0.000101,0.000020,-0.000934,0.000849,0.000406
113.000000,0.003322,0.000973,-0.000797,0.000924,0.015392
114.000000,0.004207,0.002043,-0.000357,0.001179,0.002293
115.000000,0.002280,0.001911,-0.001111,0.000448,-0.016166
116.000000,-0.004824,-0.001546,-0.001921,-0.000457,-0.026047
117.000000,-0.005363,-0.002732,-0.002110,-0.000592,-0.002288
118.000000,-0.005014,-0.000846,-0.001582,-0.000649,0.017139
119.000000,-0.004839,-0.000316,-0.001961,-0.000783,0.003168
120.000000,0.000748,0.001514,-0.000825,-0.000866,0.011767
121.000000,0.005128,0.000152,-0.001037,-0.000863,-0.004143
122.000000,0.005748,0.000192,0.000106,-0.000559,0.000810
123.000000,0.003169,-0.000923,0.000025,-0.000839,0.004241
124.000000,-0.001763,-0.003301,-0.000629,-0.001338,-0.021489
125.000000,-0.002762,-0.001007,0.000452,-0.001076,0.006771
126.000000,-0.000162,0.002483,0.000468,-0.000453,0.008856
127.000000,0.001070,0.003409,0.000338,-0.000271,0.006969
128.000000,-0.000990,0.001089,0.000122,-0.000691,-0.006057
129.000000,0.003995,0.001116,0.000400,-0.000935,0.003437
130.000000,0.004469,0.000854,0.001184,-0.000266,0.009141
131.000000,0.006658,0.003248,0.001700,0.000391,0.019801
132.000000,0.005578,0.003324,0.001758,0.001179,0.001567
133.000000,0.006260,0.002635,0.000856,0.000895,-0.002646
134.000000,0.005690,0.004843,0.000771,0.001195,0.000589
135.000000,0.005853,0.005161,0.002077,0.002022,0.009954
136.000000,0.003171,0.004914,0.003699,0.001950,0.006389
137.000000,0.004510,0.005044,0.004226,0.001907,0.008264
138.000000,0.004675,0.005467,0.003278,0.001904,-0.001820
139.000000,0.003442,0.004566,0.002841,0.001789,-0.005576
140.000000,0.001046,0.003449,0.002152,0.001939,-0.002027
141.000000,-0.000754,0.001208,0.002228,0.001536,-0.002612
142.000000,-0.002678,0.000916,0.002120,0.001477,-0.001357
143.000000,-0.002547,0.001064,0.001849,0.000925,-0.001164
144.000000,-0.000019,0.001711,0.003277,0.001084,0.007063
145.000000,-0.000794,0.000126,0.002644,0.001427,-0.005899
146.000000,-0.003399,-0.002077,0.001419,0.001774,-0.015639
147.000000,-0.004591,-0.003635,0.000705,0.001606,-0.007317
148.000000,-0.005553,-0.004050,0.000709,0.000836,-0.005972
149.000000,-0.007305,-0.003662,0.000452,0.000673,-0.001699
150.000000,-0.005506,-0.003150,0.000150,0.000384,0.003095
151.000000,-0.003117,-0.003258,-0.001025,0.000399,-0.003695
152.000000,-0.001534,-0.003063,-0.001073,0.000392,0.000600
153.000000,-0.000620,-0.003086,-0.001011,0.000204,-0.001401
154.000000,-0.000942,-0.004124,-0.001206,0.000810,-0.003310
155.000000,-0.005007,-0.005257,-0.002565,0.000010,-0.017228
156.000000,-0.005251,-0.004184,-0.003131,-0.000449,-0.004919
157.000000,-0.004613,-0.003073,-0.003354,-0.000555,0.003794
158.000000,-0.003393,-0.002007,-0.003028,-0.000196,0.004696
159.000000,-0.002629,-0.001786,-0.002724,-0.000294,0.000509
160.000000,0.002074,-0.001466,-0.002308,-0.000389,0.006292
161.000000,0.003402,-0.000925,-0.002092,-0.000992,0.001718
162.000000,0.002805,-0.000904,-0.001983,-0.001017,0.000808
163.000000,-0.001904,-0.002648,-0.002867,-0.001557,-0.018844
164.000000,-0.001307,-0.001968,-0.003046,-0.001460,0.003490
165.000000,-0.002586,-0.000256,-0.002756,-0.001795,-0.000102
166.000000,-0.003340,0.000031,-0.002077,-0.002077,-0.002052
167.000000,-0.003646,-0.000420,-0.001747,-0.002376,-0.000719
168.000000,0.003001,0.000549,-0.000729,-0.001836,0.014386
169.000000,0.002505,0.000599,-0.000594,-0.001616,0.001012
170.000000,0.003656,0.000535,-0.000466,-0.001360,0.005651
171.000000,0.004749,0.000704,-0.000110,-0.001160,0.003415
172.000000,0.004833,0.000594,-0.000155,-0.001124,-0.000301
173.000000,0.003295,0.003148,0.000250,-0.000862,0.006698
174.000000,0.001673,0.002089,0.000060,-0.001334,-0.007100
175.000000,0.001224,0.002440,0.001092,-0.001024,0.003406
176.000000,0.002015,0.003382,0.001707,-0.000257,0.007373
177.000000,0.002215,0.003524,0.001552,0.000010,0.000695
178.000000,0.003868,0.003582,0.002065,0.000708,0.014967
179.000000,0.006360,0.004017,0.002308,0.000943,0.005361
180.000000,0.004098,0.002661,0.001598,0.000577,-0.007905
181.000000,0.002270,0.002143,0.001424,0.000641,-0.001765
182.000000,0.000575,0.001395,0.000994,0.000361,-0.007784
183.000000,-0.004088,-0.000110,0.001519,0.000130,-0.008344
184.000000,-0.003828,0.001266,0.001678,0.000462,0.006661
185.000000,-0.004298,-0.000100,0.001170,0.000695,-0.010259
186.000000,-0.003685,-0.000707,0.001337,0.000902,0.001301
187.000000,-0.000337,0.000119,0.001821,0.001074,0.008958
188.000000,0.000796,-0.001646,0.000968,0.000828,-0.002679
189.000000,-0.002834,-0.003331,0.000343,0.000428,-0.011492
190.000000,0.001058,-0.001620,0.000521,0.000525,0.009204
191.000000,-0.001183,-0.002434,-0.000146,0.000138,-0.009908
192.000000,-0.005200,-0.002768,-0.000687,-0.000260,-0.011125
193.000000,-0.003104,-0.001154,-0.000632,0.000628,0.007800
194.000000,0.003309,0.000238,0.000752,0.001198,0.020574
195.000000,0.004704,0.002881,0.001391,0.001740,0.016179
196.000000,0.006588,0.002703,0.000998,0.001793,-0.000486
197.000000,0.005477,0.000139,0.000129,0.001260,-0.016682
198.000000,0.007487,0.002191,0.000273,0.001376,0.017849
199.000000,0.005710,0.004510,0.000589,0.001732,0.011693
200.000000,0.003853,0.004279,0.001329,0.001773,0.006893
201.000000,0.004351,0.005470,0.001518,0.001726,0.002002
202.000000,0.008486,0.006981,0.002107,0.001869,0.003991
203.000000,0.007048,0.007267,0.003057,0.002001,0.010660
204.000000,0.003656,0.004683,0.002460,0.002062,-0.005269
205.000000,0.001407,0.002630,0.002756,0.001804,-0.004349
206.000000,0.002517,0.003434,0.003068,0.001810,0.007551
207.000000,0.002001,0.005243,0.002691,0.001834,0.001409
208.000000,-0.001734,0.002657,0.002424,0.001068,-0.008013
209.000000,-0.001667,0.000994,0.002752,0.000724,-0.004934
210.000000,-0.000721,0.000343,0.002311,0.001001,0.000380
211.000000,0.000395,0.001456,0.003463,0.001497,0.013130
212.000000,0.000955,0.001478,0.004230,0.001897,0.004214
213.000000,0.002652,0.000459,0.003863,0.002191,0.000467
214.000000,0.002214,0.000273,0.002478,0.001731,-0.007124
215.000000,0.004773,0.002026,0.002328,0.002512,0.013177
216.000000,0.002685,0.001540,0.002487,0.002559,0.002689
217.000000,0.003538,0.002247,0.003745,0.002543,0.008482
218.000000,0.001804,0.002228,0.002442,0.002359,-0.008205
219.000000,0.004392,0.003303,0.002148,0.002936,0.005815
220.000000,0.002601,0.003687,0.002015,0.002770,0.004224
221.000000,0.000222,0.001453,0.001455,0.002793,-0.009206
222.000000,-0.000883,0.001327,0.001403,0.003262,0.002955
223.000000,0.001200,0.001502,0.000980,0.003076,0.002211
224.000000,0.000918,0.002655,0.001464,0.002537,0.004407
225.000000,-0.000018,0.001291,0.001659,0.001982,-0.000458
226.000000,0.002061,0.001142,0.001341,0.002038,0.001191
227.000000,0.000828,-0.000028,0.001110,0.002487,-0.003209
228.000000,0.000478,0.000839,0.001533,0.001908,0.000459
229.000000,-0.001047,-0.000064,0.001619,0.001411,-0.003218
230.000000,-0.001823,-0.000921,0.001383,0.001036,-0.004338
231.000000,-0.001525,0.000268,0.000861,0.001059,0.002679
232.000000,-0.002737,-0.000954,0.000187,0.000617,-0.009267
233.000000,-0.003594,-0.001558,-0.000028,0.000134,-0.003824
234.000000,-0.000443,-0.000745,0.000955,0.000728,0.012538
235.000000,0.000904,-0.000459,0.000416,0.000953,0.002397
236.000000,-0.002021,-0.001773,-0.000316,0.000303,-0.011948
237.000000,-0.003323,-0.003030,-0.001529,-0.000270,-0.015778
238.000000,-0.003774,-0.003684,-0.001422,-0.000206,-0.006077
239.000000,-0.005426,-0.002934,-0.001499,0.000101,0.004277
240.000000,-0.005091,-0.002094,-0.001507,0.000224,0.004069
241.000000,-0.002947,-0.002484,-0.001108,-0.000254,-0.001229
242.000000,0.005435,0.001056,0.000051,0.000476,0.026133
243.000000,0.005671,0.000949,-0.000305,0.000298,-0.004895
244.000000,0.006402,0.000488,-0.000128,0.000799,0.007930
245.000000,0.006596,0.000752,0.000146,0.000528,0.005039
246.000000,0.007298,0.002175,0.000201,0.000515,0.002282
247.000000,0.002836,0.004135,0.000553,0.000359,0.003822
248.000000,0.004268,0.004970,0.000643,0.000708,0.002268
249.000000,0.003135,0.004768,0.000917,0.000590,0.002263
250.000000,0.001928,0.004262,0.001084,0.000416,-0.000995
251.000000,-0.000987,0.003155,0.000336,0.000313,-0.012294
252.000000,-0.001330,0.000753,0.000904,0.000285,0.002105
253.000000,-0.001638,0.001315,0.001132,0.000235,0.000731
254.000000,0.000776,0.001955,0.001222,0.000566,0.014333
255.000000,0.001065,0.001497,0.001124,0.000596,0.000450
256.000000,0.005441,0.002227,0.002201,0.000876,0.009587
257.000000,0.005714,0.002192,0.003164,0.001099,0.003471
258.000000,0.002921,0.000641,0.002806,0.000642,-0.013238
259.000000,0.001203,0.000990,0.002879,0.000941,0.005746
260.000000,0.001328,0.001197,0.002729,0.001122,0.001074
261.000000,-0.000286,0.002578,0.002867,0.001083,0.001519
262.000000,-0.002198,0.001758,0.001255,0.001189,-0.006090
263.000000,0.000701,0.001811,0.001563,0.001358,0.001257
264.000000,-0.000251,0.000476,0.001216,0.000973,0.000987
265.000000,-0.002556,-0.000614,0.000441,0.000545,-0.010452
266.000000,-0.007719,-0.004002,-0.000888,0.000133,-0.024296
267.000000,-0.008085,-0.005141,-0.001475,0.000395,-0.007920
268.000000,-0.005900,-0.002600,-0.000979,0.001004,0.012180
269.000000,-0.006968,-0.003610,-0.001310,0.000716,-0.004353
270.000000,-0.004433,-0.003494,-0.001149,0.000655,0.002225
271.000000,0.000686,-0.003517,-0.000469,0.000739,0.001296
272.000000,-0.002826,-0.005456,-0.001849,-0.000982,-0.025479
273.000000,-0.004108,-0.005004,-0.001597,-0.000626,0.005771
274.000000,-0.000912,-0.003940,-0.001732,-0.000503,0.011629
275.000000,-0.001506,-0.002969,-0.001792,-0.000696,-0.000746
276.000000,0.003666,0.002176,-0.000913,0.000133,0.027154
277.000000,0.010245,0.003710,-0.000716,0.000253,0.007419
278.000000,0.012753,0.004323,0.000861,0.000788,0.018310
279.000000,0.010993,0.005041,0.000716,0.000807,0.002828
280.000000,0.012952,0.005723,0.001114,0.001142,0.009049
281.000000,0.007626,0.005646,0.001065,0.001569,0.000525
282.000000,0.007831,0.009038,0.001791,0.001780,0.008443
283.000000,0.001762,0.007258,0.001127,0.001355,-0.012034
284.000000,0.003863,0.007428,0.001744,0.001321,0.013333
285.000000,0.001116,0.007034,0.002032,0.001150,-0.004685
286.000000,0.001046,0.004336,0.003256,0.000836,0.000174
287.000000,-0.001462,0.003185,0.003447,0.000584,-0.004095
288.000000,0.001573,0.001668,0.002995,0.001130,0.003138
289.000000,-0.000728,0.001567,0.003304,0.000999,0.001826
290.000000,0.000417,0.000767,0.003245,0.000998,0.001042
291.000000,-0.000104,0.000471,0.003058,0.000867,-0.002433
292.000000,0.003754,0.001146,0.005092,0.001576,0.015196
293.000000,0.002405,0.001989,0.004623,0.001414,-0.003605
294.000000,0.000104,-0.000312,0.003558,0.001059,-0.009679
295.000000,0.000607,0.000512,0.003773,0.001526,0.003554
296.000000,0.001162,0.000529,0.002433,0.002347,0.000346
297.000000,-0.002344,0.000705,0.001945,0.002533,-0.002338
298.000000,-0.001398,0.000504,0.001086,0.002165,0.001126
299.000000,0.000052,0.000078,0.000823,0.002229,-0.002428
300.000000,-0.000381,0.000113,0.000440,0.002201,0.001388
301.000000,0.000017,0.000590,0.000530,0.002236,0.002338
302.000000,0.002533,0.000094,0.000620,0.003426,0.010240
303.000000,0.000329,-0.000535,0.000727,0.002904,-0.009894
304.000000,0.000814,0.000433,0.000061,0.002516,0.000000
305.000000,-0.001357,-0.000869,-0.000179,0.002226,-0.009469
306.000000,-0.003596,-0.001789,-0.000630,0.001025,-0.008855
307.000000,-0.004327,-0.000897,-0.000096,0.000997,0.006583
308.000000,-0.001964,-0.000817,-0.000157,0.000451,0.001923
309.000000,-0.000901,-0.000043,0.000017,0.000534,0.005312
310.000000,0.001686,0.000165,0.000139,0.000348,0.003468
311.000000,0.006105,0.001255,0.000922,0.000772,0.013241
312.000000,0.005096,0.000385,0.000239,0.000542,0.001536
313.000000,0.004541,0.001289,0.000377,0.000914,-0.000853
314.000000,0.003905,0.001502,0.000967,0.000541,0.002132
315.000000,0.001380,0.001533,0.000332,0.000392,-0.009155
316.000000,-0.002821,0.001642,-0.000074,0.000127,-0.007766
317.000000,-0.006078,-0.000491,-0.000694,-0.000228,-0.014748
318.000000,-0.002889,0.000826,0.000004,0.000171,0.015094
319.000000,-0.008295,-0.002195,-0.001119,-0.000720,-0.024900
320.000000,-0.009073,-0.003847,-0.001841,-0.001190,-0.013046
321.000000,-0.004751,-0.003786,-0.001266,-0.000647,0.013845
322.000000,0.000018,-0.003030,-0.001323,-0.000851,0.009095
323.000000,-0.004466,-0.003677,-0.001194,-0.000974,-0.007323
324.000000,0.000921,-0.003687,-0.001093,-0.000584,0.002035
325.000000,0.005238,-0.001918,-0.000192,-0.000418,0.008535
326.000000,0.002574,-0.001089,0.000277,-0.000412,0.000526
327.000000,-0.000106,-0.000044,-0.000268,-0.000477,-0.004300
328.000000,0.001956,-0.001255,-0.000214,-0.000415,0.002986
329.000000,-0.001063,-0.000071,-0.001133,-0.000770,-0.013063
330.000000,-0.002327,0.001455,-0.001196,-0.000742,0.002219
331.000000,-0.003552,-0.000489,-0.002138,-0.001007,-0.005600
332.000000,-0.001182,-0.000644,-0.001837,-0.001097,0.007549
333.000000,-0.004344,-0.001194,-0.002435,-0.001194,-0.012822
334.000000,0.000071,-0.000496,-0.002092,-0.000894,0.009010
335.000000,0.001202,-0.000562,-0.001240,-0.000316,0.007873
336.000000,0.003814,0.000131,-0.000479,0.000228,0.007462
337.000000,0.004046,0.001432,0.000694,0.000299,0.008708
338.000000,0.008612,0.002134,0.000440,0.000568,0.010007
339.000000,0.008298,0.004184,0.002057,0.000639,0.007440
340.000000,0.007794,0.004498,0.002977,0.000702,0.005353
341.000000,0.005623,0.004718,0.002115,0.000148,-0.003396
342.000000,0.003217,0.003631,0.001494,-0.000014,-0.003322
343.000000,-0.001240,0.003686,0.001246,-0.000395,-0.012275
344.000000,-0.001746,0.003276,0.001390,-0.000302,0.004911
345.000000,-0.003229,0.002282,0.000860,-0.000066,-0.002065
346.000000,-0.003794,0.000914,0.000523,-0.000014,-0.006220
347.000000,-0.002075,0.000571,0.001001,0.000653,0.005272
348.000000,-0.000415,-0.000827,0.000653,0.000017,-0.003973
349.000000,-0.001120,-0.001433,0.001376,0.000893,0.001384
350.000000,0.000774,-0.001228,0.001635,0.001575,0.007406
351.000000,0.002669,-0.000563,0.002078,0.001222,0.003255
352.000000,0.001717,-0.000179,0.001726,0.000936,0.000513
353.000000,0.003704,0.001645,0.002665,0.001379,0.005965
354.000000,0.004022,0.001451,0.002363,0.001410,0.002969
355.000000,0.002913,0.001843,0.002063,0.001188,0.001862
356.000000,0.003862,0.003265,0.002090,0.001437,0.008000
357.000000,0.003003,0.002360,0.001465,0.001454,-0.003782
358.000000,0.002633,0.003169,0.001171,0.001492,0.004117
359.000000,0.003826,0.003924,0.001245,0.002225,0.008932
360.000000,0.001986,0.002449,0.000611,0.001906,-0.007340
361.000000,-0.000269,0.001797,0.000617,0.001984,-0.003270
362.000000,-0.000962,0.001020,0.000421,0.001491,-0.007249
363.000000,-0.002735,-0.000051,0.000797,0.001760,-0.004749
364.000000,-0.003538,0.000144,0.000797,0.001624,0.004918
365.000000,-0.002901,-0.000458,0.000693,0.001223,-0.004153
366.000000,-0.000977,-0.000623,0.001321,0.001186,0.006350
367.000000,0.000169,-0.000397,0.000982,0.000845,-0.001520
368.000000,0.001389,-0.000673,0.001248,0.000556,0.001352
369.000000,0.000456,-0.001541,0.001191,0.000317,0.000253
370.000000,0.000289,-0.001306,0.000572,-0.000028,-0.004992
371.000000,0.001279,0.000151,0.000974,0.000462,0.011301
372.000000,0.002303,0.001236,0.001128,0.000692,0.003600
373.000000,0.001915,0.001652,0.000801,0.001082,-0.000585
374.000000,-0.000321,0.000068,0.000106,0.000554,-0.010929
375.000000,0.003164,0.001726,0.000634,0.001037,0.012433
376.000000,0.001054,0.001166,0.000272,0.001270,0.000751
377.000000,0.000751,0.001527,0.000565,0.001163,0.002083
378.000000,0.001017,0.001466,0.000397,0.001321,0.000749
379.000000,0.002487,0.001083,-0.000229,0.001155,-0.003583
380.000000,-0.000518,0.001323,0.000008,0.000822,-0.002591
381.000000,-0.001675,-0.000311,-0.000080,0.000546,-0.005035
382.000000,-0.001269,-0.000259,0.000488,0.000666,0.004114
383.000000,-0.001218,-0.000100,0.000776,0.000500,0.001005
384.000000,-0.001256,0.000615,0.000341,0.000276,-0.003773
385.000000,-0.000738,-0.000628,0.000549,0.000214,0.000000
386.000000,-0.002148,-0.001912,-0.000373,-0.000456,-0.012087
387.000000,-0.001261,-0.001265,0.000131,-0.000045,0.008552
388.000000,-0.002764,-0.001991,-0.000262,-0.000399,-0.006513
389.000000,-0.001332,-0.001294,-0.000106,-0.000584,0.003389
390.000000,-0.000707,-0.000722,0.000300,-0.000235,0.003124
391.000000,0.001508,-0.000320,-0.000315,-0.000160,-0.001012
392.000000,-0.000405,-0.000833,-0.000546,0.000048,-0.001013
393.000000,0.001656,-0.000554,-0.000327,0.000333,0.003794
394.000000,0.001046,-0.000143,0.000236,0.000180,0.000337
395.000000,0.001294,0.000294,-0.000167,0.000464,0.004365
396.000000,-0.003834,-0.001163,-0.001538,-0.000636,-0.026655
397.000000,-0.003907,-0.002156,-0.001711,-0.000631,-0.001377
398.000000,-0.003292,-0.000818,-0.001405,-0.000448,0.006868
399.000000,-0.005165,-0.002059,-0.001677,-0.000757,-0.009024
400.000000,-0.006055,-0.002380,-0.001551,-0.000593,-0.000086
401.000000,-0.002528,-0.003181,-0.001751,-0.001271,-0.009020
402.000000,0.000465,-0.001721,-0.001277,-0.000938,0.013586
403.000000,-0.000445,-0.001869,-0.001211,-0.000841,0.002318
404.000000,0.001617,-0.001774,-0.000958,-0.000434,0.001285
405.000000,0.003288,-0.001383,-0.000545,-0.000573,0.008273
406.000000,0.005635,0.001554,0.000195,-0.000507,0.002714
407.000000,0.001575,0.001020,-0.000568,-0.000800,-0.006714
408.000000,0.002183,0.000869,0.000025,-0.000647,0.005358
409.000000,0.002468,0.002042,-0.000008,-0.000437,0.002710
410.000000,-0.000170,0.001559,-0.000411,-0.000515,-0.004918
411.000000,-0.000900,0.002368,-0.000407,-0.000378,-0.000935
412.000000,-0.000512,0.000531,-0.000595,-0.000674,-0.004776
413.000000,-0.000748,0.000718,-0.000576,-0.000568,0.004180
414.000000,-0.000831,0.000819,-0.000478,-0.000366,0.002296
415.000000,-0.001365,-0.000767,-0.001075,-0.000619,-0.007588
416.000000,-0.001795,-0.001347,0.000103,-0.000319,-0.003086
417.000000,0.000342,-0.000085,0.000467,-0.000407,0.005906
418.000000,-0.001041,-0.000895,-0.000013,-0.000281,-0.002735
419.000000,-0.001124,-0.000978,0.000532,-0.000331,0.001881
420.000000,-0.000720,-0.001042,0.000258,-0.000621,-0.005568
421.000000,-0.000447,-0.001121,0.000623,-0.000645,-0.001719
422.000000,-0.003495,-0.001577,-0.000523,-0.000922,-0.009336
423.000000,-0.002238,-0.001639,-0.000461,-0.000930,0.003555
424.000000,-0.003516,-0.002320,-0.000751,-0.001092,-0.004510
425.000000,-0.002124,-0.001422,-0.001095,-0.001191,0.001390
426.000000,-0.004367,-0.002407,-0.001877,-0.000734,-0.012932
427.000000,-0.001885,-0.002690,-0.001388,-0.000585,0.003073
428.000000,-0.002193,-0.002215,-0.001555,-0.000747,0.002014
429.000000,-0.000889,-0.002202,-0.001590,-0.000379,0.002010
430.000000,-0.000313,-0.001219,-0.001131,-0.000234,0.004270
431.000000,-0.000018,-0.002192,-0.001657,-0.000315,-0.011456
432.000000,-0.002310,-0.002098,-0.001837,-0.001048,-0.008390
433.000000,-0.002926,-0.002560,-0.002099,-0.001160,-0.001065
434.000000,-0.001402,-0.001145,-0.001733,-0.000882,0.009631
435.000000,-0.002168,-0.001240,-0.001331,-0.001143,0.000440
436.000000,0.000737,0.000360,-0.001023,-0.001131,0.003072
437.000000,0.002818,0.000254,-0.001218,-0.000841,0.002013
438.000000,0.002084,-0.000421,-0.001318,-0.001177,-0.004734
439.000000,-0.000211,-0.000807,-0.001504,-0.001329,-0.001847
440.000000,0.000614,-0.000777,-0.000998,-0.001013,0.004567
441.000000,0.002992,0.001865,-0.000164,-0.000483,0.014959
442.000000,0.017778,0.010298,0.004100,0.002208,0.075944
443.000000,0.023500,0.012792,0.005116,0.002864,0.023877
444.000000,0.026816,0.013303,0.006079,0.003279,0.014735
445.000000,0.022862,0.011738,0.005249,0.003025,-0.015204
446.000000,0.019761,0.011376,0.005868,0.003110,-0.000547
447.000000,0.001356,0.009567,0.004910,0.002377,-0.016082
448.000000,-0.004631,0.009434,0.004507,0.002266,-0.006058
449.000000,-0.008444,0.009186,0.004190,0.002059,-0.004327
450.000000,-0.011518,0.005672,0.002448,0.001226,-0.030576
451.000000,-0.009842,0.004960,0.003412,0.001544,0.007835
452.000000,-0.005103,-0.001874,0.004212,0.002109,0.007611
453.000000,-0.002834,-0.003733,0.004530,0.002167,0.005285
454.000000,-0.001305,-0.004874,0.004214,0.002428,0.003319
455.000000,0.006869,-0.002325,0.004707,0.002724,0.010293
456.000000,0.006466,-0.001688,0.004844,0.003350,0.005823
457.000000,0.005055,-0.000024,0.004771,0.003266,0.000557
458.000000,0.005140,0.001153,0.005294,0.003389,0.005707
459.000000,0.004871,0.001783,0.005485,0.003387,0.001974
460.000000,0.003992,0.005430,0.005551,0.003442,0.005899
461.000000,0.004669,0.005568,0.005264,0.004131,0.009211
462.000000,0.002559,0.003807,0.000967,0.004077,-0.009995
463.000000,-0.000285,0.002428,-0.000653,0.003829,-0.008512
464.000000,0.000709,0.002790,-0.001042,0.003739,0.006941
465.000000,0.000642,0.002317,-0.000004,0.003910,0.005565
466.000000,-0.004972,-0.000151,-0.000919,0.003179,-0.018859
467.000000,0.001377,0.001968,0.000972,0.003837,0.021747
468.000000,0.003795,0.001755,0.001454,0.004114,0.003579
469.000000,0.003321,0.002015,0.001899,0.004328,0.004572
470.000000,0.002146,0.001394,0.003412,0.004165,-0.000309
471.000000,0.005747,0.000388,0.002978,0.003638,-0.000851
472.000000,0.001924,0.001650,0.002729,0.001195,0.002628
473.000000,0.003358,0.003576,0.003002,0.000757,0.010749
474.000000,0.001172,0.002246,0.002518,0.000054,-0.006359
475.000000,0.001679,0.001912,0.002115,0.000635,0.002226
476.000000,0.001818,0.003783,0.001816,0.000648,-0.000153
477.000000,0.002409,0.002167,0.002067,0.001370,0.005583
478.000000,0.005707,0.004532,0.003144,0.002480,0.027236
479.000000,0.016444,0.008808,0.005411,0.004202,0.047329
480.000000,0.014678,0.008178,0.004786,0.005001,-0.006605
481.000000,0.015874,0.008846,0.004617,0.004934,0.005826
482.000000,0.014573,0.008491,0.005071,0.004650,-0.000921
483.000000,0.008202,0.006954,0.005265,0.004319,-0.004620
484.000000,-0.000823,0.007811,0.005028,0.004282,0.002206
485.000000,-0.001689,0.006495,0.004203,0.003575,-0.010935
486.000000,-0.001951,0.006962,0.005372,0.003531,0.004517
487.000000,-0.002239,0.006167,0.004167,0.003434,-0.002364
488.000000,-0.005372,0.001415,0.002974,0.002567,-0.020283
489.000000,-0.003818,-0.002320,0.003244,0.002834,0.009976
490.000000,-0.003129,-0.002409,0.002885,0.002388,-0.007491
491.000000,-0.005851,-0.003901,0.002473,0.001778,-0.009093
492.000000,-0.007914,-0.005076,0.001707,0.001688,-0.012677
493.000000,0.000219,-0.002576,0.002189,0.002651,0.020382
494.000000,0.003462,-0.000178,0.003816,0.003293,0.026189
495.000000,0.004075,0.000473,0.003484,0.002960,-0.004425
496.000000,0.006165,0.000157,0.003559,0.003634,0.001358
497.000000,0.006489,-0.000712,0.002727,0.002540,-0.011061
498.000000,0.004482,0.002350,0.001883,0.002766,0.010346
499.000000,-0.001558,0.000952,-0.000684,0.002480,-0.004011
500.000000,-0.000286,0.001894,-0.000257,0.002555,0.001936
501.000000,-0.000100,0.003033,-0.000434,0.002659,0.002289
502.000000,0.001009,0.003749,-0.000664,0.002388,-0.005518
503.000000,-0.000057,0.002212,-0.000182,0.002197,0.005018
504.000000,0.001971,0.000206,0.000014,0.002613,0.006130
505.000000,0.001200,0.000457,0.000465,0.002475,-0.001921
506.000000,0.005373,0.002636,0.001397,0.003252,0.023155
507.000000,0.010089,0.005549,0.002418,0.003668,0.018063
508.000000,0.006707,0.003325,0.002838,0.002364,-0.011891
509.000000,0.003996,0.002984,0.001968,0.000538,-0.007426
510.000000,0.001800,0.001500,0.001697,0.000329,-0.012900
511.000000,-0.004119,0.000627,0.001830,-0.000080,-0.006442
512.000000,-0.007931,0.001079,0.002414,-0.000083,-0.000995
513.000000,-0.005965,0.000371,0.001292,0.000002,-0.002064
514.000000,-0.004623,-0.000313,-0.000053,-0.000095,-0.000713
515.000000,0.001588,0.001694,0.001076,0.000875,0.018155
516.000000,0.006099,0.000990,0.001813,0.001261,0.016110
517.000000,0.003844,-0.002043,0.001753,0.000931,-0.012268
518.000000,0.004382,-0.000791,0.001267,0.001628,0.000627
519.000000,0.002747,-0.000938,0.001023,0.000999,-0.008890
520.000000,-0.002863,-0.000637,0.000431,0.000919,-0.009893
521.000000,-0.006810,-0.000356,0.000136,0.001101,-0.003628
522.000000,-0.007561,-0.001858,-0.000390,0.000990,-0.016021
523.000000,-0.005611,-0.000615,-0.000122,0.000656,0.010375
524.000000,-0.001397,0.000675,0.000181,0.000189,0.012182
525.000000,-0.001282,-0.002072,-0.000189,0.000026,-0.009319
526.000000,0.006975,0.000083,0.000536,0.001236,0.037661
527.000000,0.007449,-0.000056,-0.001049,0.001150,-0.013652
528.000000,0.002039,-0.001786,-0.001289,0.000249,-0.016675
529.000000,0.000820,-0.000289,-0.000613,0.000586,0.006083
530.000000,0.002712,0.000715,0.000039,0.000526,0.000141
531.000000,-0.003191,0.001892,0.000768,0.000721,0.008146
532.000000,0.000543,0.003996,0.001069,0.001072,0.005023
533.000000,0.004031,0.003035,0.001210,0.000931,0.000765
534.000000,0.002912,0.001866,0.001270,0.000743,0.000487
535.000000,0.002188,0.002450,0.000189,0.000691,-0.003481
536.000000,0.003494,0.000151,0.000117,0.000408,0.014677
537.000000,0.004364,0.002454,0.001199,0.000118,0.009371
538.000000,0.006674,0.005353,0.001783,0.000925,0.012315
539.000000,0.005781,0.004347,0.002029,0.001040,-0.003976
540.000000,0.007057,0.004623,0.002669,0.001567,0.002899
541.000000,0.001656,0.002575,0.002234,0.001370,-0.012328
542.000000,0.001573,0.002969,0.003482,0.001702,0.008956
543.000000,-0.003309,0.001682,0.002359,0.001368,-0.012097
544.000000,0.000337,0.003059,0.002463,0.001867,0.014256
545.000000,0.001288,0.004173,0.003311,0.001517,0.007655
546.000000,-0.002524,-0.000434,-0.000141,-0.000067,-0.031391
547.000000,-0.003860,-0.001143,0.000655,0.000418,0.002275
548.000000,-0.005363,-0.004336,0.000508,-0.000257,-0.019611
549.000000,-0.010191,-0.004927,-0.000290,-0.000290,-0.009881
550.000000,-0.008834,-0.003773,0.000425,0.000521,0.014435
551.000000,-0.004227,-0.003376,-0.000400,0.000364,-0.008354
552.000000,-0.004063,-0.003962,-0.000497,0.001001,0.003097
553.000000,-0.001183,-0.003273,-0.000795,0.000482,-0.005214
554.000000,0.004932,-0.002629,0.000215,0.000765,0.020696
555.000000,0.002625,-0.003105,0.000534,0.001173,0.002902
556.000000,0.004006,-0.000110,-0.000272,-0.000131,-0.001450
557.000000,0.004462,0.000200,-0.000472,0.000503,0.005375
558.000000,0.003710,0.001263,-0.001536,0.000760,-0.008975
559.000000,-0.002647,0.001142,-0.001892,0.000188,-0.011088
560.000000,-0.002388,0.000119,-0.001827,0.000323,0.004198
561.000000,-0.000180,0.001913,-0.000731,0.000371,0.009590
562.000000,0.000192,0.002327,-0.000817,0.000445,0.007236
563.000000,-0.000848,0.001431,-0.000921,-0.000053,-0.014176
564.000000,-0.000928,-0.001787,-0.002208,-0.000452,-0.011487
565.000000,-0.002784,-0.002586,-0.002845,-0.000506,-0.005085
566.000000,-0.004377,-0.002278,-0.001194,-0.000941,0.001627
567.000000,-0.006887,-0.003348,-0.001574,-0.001430,-0.005316
568.000000,-0.003130,-0.001989,-0.000363,-0.001687,0.004609
569.000000,0.000787,-0.000070,0.000536,-0.001285,0.008102
570.000000,0.002784,0.000000,0.000059,-0.001218,0.004900
571.000000,0.001395,-0.001491,0.000211,-0.000984,-0.005321
572.000000,0.000851,-0.003018,-0.000346,-0.001551,-0.008035
573.000000,-0.000780,-0.001955,-0.000262,-0.001266,-0.003545
574.000000,-0.000168,0.000309,-0.000739,-0.001369,0.011158
575.000000,-0.002360,0.000212,-0.001187,-0.001826,-0.006058
576.000000,0.002470,0.001932,-0.000173,-0.000152,0.018828
577.000000,0.005940,0.003396,0.000024,0.000083,0.009317
578.000000,0.004938,0.002079,0.000045,0.000451,-0.008555
579.000000,0.002734,0.001283,0.000606,0.000785,0.000139
580.000000,0.003918,0.000779,0.000390,0.000299,-0.000139
581.000000,-0.003046,-0.000288,-0.000890,0.000045,-0.015994
582.000000,-0.003185,0.001377,-0.000820,0.000229,0.008622
583.000000,-0.003002,0.000968,-0.000493,0.000148,-0.007637
584.000000,-0.004881,-0.001073,-0.000382,-0.000850,-0.009256
585.000000,-0.002988,0.000465,0.000339,-0.000636,0.009327
586.000000,0.002658,-0.000194,0.000869,-0.000180,0.012232
587.000000,-0.001781,-0.002483,0.000456,-0.000812,-0.013569
588.000000,-0.001553,-0.002278,-0.000099,-0.000729,-0.006500
589.000000,0.002722,-0.001080,0.000102,0.000044,0.012118
590.000000,-0.000253,-0.001620,-0.000421,-0.000280,-0.005548
591.000000,-0.003306,-0.000324,-0.000306,-0.000701,-0.003033
592.000000,-0.004041,-0.002911,-0.000767,-0.001517,-0.017241
593.000000,-0.003172,-0.002363,-0.000697,-0.001117,-0.002158
594.000000,-0.002480,0.000121,-0.000476,-0.000214,0.015577
595.000000,-0.000748,-0.000501,-0.000018,0.000059,0.003115
596.000000,0.000042,-0.001632,-0.000913,0.000035,0.000918
597.000000,0.003222,-0.000409,-0.001446,0.000168,-0.001343
598.000000,0.003597,0.000212,-0.001033,0.000005,-0.000283
599.000000,0.001933,-0.000273,-0.000677,-0.000023,0.007259
600.000000,0.000649,-0.000049,-0.000835,-0.000297,-0.003306
601.000000,-0.001887,-0.000922,-0.000623,-0.000512,-0.011764
602.000000,0.000184,0.001703,-0.000604,0.000057,0.009013
603.000000,0.000071,0.001834,-0.000264,0.000146,-0.000848
604.000000,-0.002686,-0.000376,-0.000128,-0.000443,-0.006526
605.000000,-0.001584,-0.000468,-0.000484,-0.000168,0.002204
606.000000,0.000328,-0.000780,-0.001206,-0.000869,-0.002204
607.000000,-0.001375,-0.000596,-0.000503,-0.001163,0.000498
608.000000,-0.001761,-0.000845,-0.000316,-0.000970,-0.002778
609.000000,-0.000684,-0.001685,-0.000979,-0.001013,-0.001142
610.000000,-0.001783,-0.001684,-0.000867,-0.001118,-0.003290
611.000000,-0.003706,-0.001689,-0.001306,-0.000979,-0.011820
612.000000,-0.000755,-0.001065,0.000319,-0.000758,0.015253
613.000000,0.000954,-0.000404,0.000715,-0.000311,0.005767
614.000000,-0.000615,-0.000650,-0.000513,-0.000302,-0.008985
615.000000,-0.001424,-0.001603,-0.001036,-0.000857,-0.007333
616.000000,0.001891,-0.000908,-0.000844,-0.001107,0.004751
617.000000,-0.000415,-0.000585,-0.000590,-0.000530,0.003728
618.000000,-0.000071,0.000441,-0.000202,-0.000064,0.007485
619.000000,0.003170,0.001277,-0.000204,-0.000227,0.007218
620.000000,0.006237,0.002407,0.000362,0.000225,0.008006
621.000000,0.005567,0.003729,0.001020,0.000372,0.001398
622.000000,0.002757,0.001171,0.000053,0.000603,-0.010321
623.000000,0.001556,0.000743,0.000169,0.000724,0.001481
624.000000,0.000296,0.001733,0.000542,0.000236,0.000916
625.000000,-0.001672,0.002283,0.000340,0.000071,-0.001832
626.000000,-0.002135,0.001716,0.000404,0.000009,-0.000917
627.000000,0.002134,0.002446,0.000930,0.000422,0.011023
628.000000,0.001782,0.001669,0.001055,0.000422,-0.000279
629.000000,0.000857,0.000576,0.000927,0.000056,-0.003709
630.000000,0.002049,0.000189,0.001298,0.000304,0.004127
631.000000,-0.000721,-0.001428,0.001150,0.000204,-0.014769
632.000000,-0.001951,0.000092,0.000631,0.000066,0.004877
633.000000,0.001517,0.001649,0.001196,0.000663,0.017057
634.000000,0.004574,0.002716,0.002224,0.001266,0.011578
635.000000,0.005495,0.003772,0.003027,0.001484,0.008732
636.000000,0.007796,0.003537,0.002627,0.001448,-0.003266
637.000000,0.008517,0.003283,0.002864,0.001715,0.008482
638.000000,0.005173,0.003345,0.002507,0.001818,0.000338
639.000000,0.003006,0.003790,0.002183,0.001881,0.000743
640.000000,0.000380,0.002937,0.001563,0.001844,-0.004397
641.000000,0.001710,0.004753,0.001662,0.002351,0.003384
642.000000,0.000230,0.004373,0.002232,0.001879,0.001080
643.000000,-0.001016,0.002078,0.001864,0.001490,-0.005889
644.000000,-0.002486,0.000260,0.001488,0.001569,-0.006607
645.000000,0.003188,0.001784,0.002778,0.002613,0.023971
646.000000,0.005307,0.003508,0.003523,0.002921,0.013980
647.000000,0.005104,0.002667,0.002975,0.002798,0.000066
648.000000,0.006479,0.002732,0.003038,0.002582,0.000986
649.000000,0.008168,0.002841,0.003316,0.002403,0.001839
650.000000,0.003269,0.003228,0.003083,0.002118,-0.000525
651.000000,0.002446,0.003876,0.004315,0.002400,0.009863
652.000000,-0.002396,0.001354,0.002864,0.001940,-0.024142
653.000000,-0.004292,0.001094,0.001586,0.001607,-0.008492
654.000000,-0.002814,0.002677,0.001468,0.001884,0.009224
655.000000,-0.004984,-0.000858,0.000463,0.001566,-0.011375
656.000000,-0.007861,-0.002708,0.000400,0.001446,-0.004519
657.000000,-0.003479,-0.002937,-0.000135,0.001004,-0.002233
658.000000,-0.000875,-0.002583,0.000074,0.001164,0.004529
659.000000,-0.002275,-0.002545,0.000148,0.001362,0.002223
660.000000,-0.002056,-0.003520,-0.000146,0.000882,-0.010281
661.000000,-0.001929,-0.004895,-0.000509,0.001245,-0.003883
662.000000,-0.005523,-0.004501,-0.001573,0.000409,-0.020201
663.000000,-0.008754,-0.004815,-0.001860,-0.000547,-0.011629
664.000000,-0.014511,-0.008393,-0.002858,-0.001819,-0.026562
665.000000,-0.013296,-0.007676,-0.004267,-0.002250,-0.004206
666.000000,-0.009176,-0.005553,-0.004130,-0.001584,0.016717
667.000000,-0.000879,-0.003201,-0.003069,-0.001157,0.021281
668.000000,0.001278,-0.003738,-0.003161,-0.001196,-0.000840
669.000000,0.004040,-0.005236,-0.003890,-0.001646,-0.012753
670.000000,-0.004007,-0.008652,-0.006086,-0.002981,-0.044442
671.000000,-0.004656,-0.006916,-0.005905,-0.002645,0.013475
672.000000,-0.009190,-0.005035,-0.004768,-0.002727,-0.001391
673.000000,-0.012286,-0.005504,-0.005159,-0.003075,-0.016319
674.000000,-0.004301,-0.000130,-0.004262,-0.001949,0.027174
675.000000,0.001492,-0.001258,-0.004467,-0.003264,-0.015479
676.000000,-0.002236,-0.003446,-0.004499,-0.003902,-0.005164
677.000000,-0.000807,-0.004999,-0.004100,-0.003712,0.005753
678.000000,0.002868,-0.004709,-0.004224,-0.003677,0.002057
679.000000,-0.001221,-0.002761,-0.003998,-0.003514,0.006729
680.000000,0.004324,0.002908,-0.002872,-0.003088,0.012244
681.000000,0.006692,0.002228,-0.002344,-0.003194,0.006675
682.000000,0.003427,0.001310,-0.001863,-0.002742,-0.010571
683.000000,0.004140,0.003504,-0.001000,-0.002271,0.005623
684.000000,0.001568,0.000174,0.000022,-0.002783,-0.006129
685.000000,0.000590,0.002457,0.000600,-0.002159,0.007350
686.000000,-0.001378,0.002657,-0.000395,-0.002114,-0.003164
687.000000,-0.003177,0.000125,-0.002437,-0.002692,-0.019565
688.000000,-0.012932,-0.004396,-0.004552,-0.004281,-0.043151
689.000000,-0.010956,-0.004694,-0.003727,-0.004230,0.003751
690.000000,-0.009739,-0.004575,-0.000834,-0.003440,0.013432
691.000000,-0.009816,-0.005597,-0.001685,-0.003428,-0.003549
692.000000,-0.001149,-0.002163,-0.000427,-0.001963,0.023771
693.000000,0.009860,-0.001536,0.000984,-0.001179,0.011896
694.000000,0.005575,-0.002690,-0.001258,-0.000882,-0.017675
695.000000,0.006788,-0.001476,0.000491,-0.000092,0.019498
696.000000,0.007323,-0.001247,0.000705,-0.000679,-0.000875
697.000000,0.003500,0.001176,0.000650,-0.001233,0.004657
698.000000,0.002135,0.005997,0.000801,-0.001036,0.005068
699.000000,0.003418,0.004497,-0.000099,-0.000986,-0.011258
700.000000,-0.002169,0.002310,-0.001132,0.000214,-0.008435
701.000000,-0.000073,0.003625,-0.000986,0.000085,0.009603
702.000000,0.002596,0.003048,0.000443,0.000732,0.018003
703.000000,0.002141,0.002138,0.000301,0.001369,0.002791
704.000000,0.004121,0.003769,0.000540,0.000418,-0.001359
705.000000,0.005808,0.001820,0.000172,0.000934,0.000000
706.000000,0.002004,0.000965,-0.000141,0.000792,-0.009417
707.000000,0.000944,0.001770,0.001473,0.001023,0.012703
708.000000,-0.000071,0.001035,0.003516,0.000879,-0.002285
709.000000,0.001412,0.002766,0.003631,0.000856,0.006057
710.000000,0.003138,0.004473,0.003391,0.000736,0.008631
711.000000,0.006788,0.004396,0.004011,0.000808,0.008836
712.000000,0.003254,0.002099,0.002574,0.000995,-0.004969
713.000000,0.006899,0.003414,0.002776,0.001339,0.015940
714.000000,0.008185,0.004799,0.004284,0.001959,0.012490
715.000000,0.012346,0.007742,0.004781,0.002695,0.029434
716.000000,0.012201,0.009495,0.005230,0.003071,0.008112
717.000000,0.013536,0.008395,0.005083,0.003780,0.001706
718.000000,0.010230,0.008565,0.004800,0.005199,-0.000590
719.000000,0.007338,0.007762,0.005264,0.005008,-0.001970
720.000000,0.001254,0.006800,0.005636,0.004528,-0.000987
721.000000,-0.005069,0.003566,0.003981,0.003862,-0.023504
722.000000,-0.005074,0.004231,0.003165,0.003126,0.001683
723.000000,-0.002137,0.004047,0.003730,0.003199,0.014092
724.000000,-0.001518,0.002910,0.003854,0.003826,0.001127
725.000000,-0.000554,0.000350,0.004046,0.003304,0.003835
726.000000,0.002051,-0.001509,0.003993,0.002984,-0.010481
727.000000,0.003388,-0.000843,0.003776,0.003107,0.008367
728.000000,0.000172,-0.000982,0.003791,0.002872,-0.001986
729.000000,-0.000544,-0.001031,0.003365,0.003166,-0.002455
730.000000,-0.001883,-0.001218,0.002791,0.003352,-0.002860
731.000000,0.001766,0.001909,0.002737,0.003290,0.007764
732.000000,-0.001287,0.001050,0.002641,0.002460,-0.006898
733.000000,0.002306,0.001239,0.002643,0.002900,0.015978
734.000000,0.001627,0.000542,0.001726,0.002750,-0.005847
735.000000,-0.000253,-0.001068,-0.000359,0.002341,-0.012264
736.000000,0.004600,0.003183,0.000837,0.003723,0.032030
737.000000,0.004436,0.001575,0.000366,0.003042,-0.007717
738.000000,0.002642,0.002474,0.000746,0.003352,0.007006
739.000000,0.001431,0.001529,0.000249,0.002753,-0.011900
740.000000,0.005811,0.002779,0.000780,0.002787,0.009635
741.000000,-0.004085,0.000257,0.001083,0.001911,-0.017450
742.000000,-0.000561,0.001938,0.001494,0.002407,0.009906
743.000000,-0.001831,0.000405,0.000822,0.001897,0.000653
744.000000,0.003913,0.002672,0.001607,0.002041,0.016819
745.000000,0.002011,0.003911,0.001421,0.001064,0.000128
746.000000,0.001890,-0.001098,0.001043,0.000192,-0.018057
747.000000,0.000522,-0.000020,0.000778,0.000237,0.003065
748.000000,0.001404,-0.000214,0.001130,0.000426,0.005066
749.000000,-0.000026,0.001943,0.001736,0.000814,0.009670
750.000000,0.000000,0.001006,0.001892,0.000855,0.000257
751.000000,0.002917,0.002404,0.001331,0.001523,-0.003470
752.000000,0.003792,0.002157,0.002047,0.001715,0.007438
753.000000,0.001369,0.001386,0.000896,0.001010,-0.007052
754.000000,-0.002297,-0.001161,0.000755,0.000684,-0.008659
755.000000,-0.010481,-0.005240,-0.000665,-0.000799,-0.040662
756.000000,-0.009153,-0.003118,-0.002108,-0.000344,0.003172
757.000000,-0.012645,-0.004426,-0.002223,-0.000957,-0.010022
758.000000,-0.014542,-0.006587,-0.003400,-0.001442,-0.016537
759.000000,-0.015836,-0.009066,-0.003561,-0.001865,-0.015128
760.000000,-0.009410,-0.009946,-0.004470,-0.002054,-0.008536
761.000000,-0.008211,-0.008682,-0.003139,-0.002007,0.009168
762.000000,-0.007715,-0.010180,-0.004011,-0.002028,-0.007540
763.000000,0.001214,-0.006664,-0.002639,-0.001624,0.028106
764.000000,0.000098,-0.007869,-0.004515,-0.002119,-0.020707
765.000000,0.001904,-0.003753,-0.004497,-0.001694,0.000491
766.000000,-0.002245,-0.005228,-0.004173,-0.003148,-0.011576
767.000000,0.000382,-0.003667,-0.004046,-0.002704,0.005593
768.000000,-0.000896,0.000159,-0.003214,-0.002214,0.021718
769.000000,0.003439,0.001768,-0.003649,-0.001785,0.000967
770.000000,0.004181,0.003042,-0.003452,-0.001966,0.004201
771.000000,0.007223,0.002489,-0.003096,-0.001263,0.003636
772.000000,0.000888,0.000635,-0.004773,-0.002463,-0.026084
773.000000,0.000841,-0.000028,-0.003346,-0.001768,0.021485
774.000000,0.001540,0.002489,-0.002690,-0.002180,0.004461
775.000000,-0.000633,0.001774,-0.000990,-0.002407,-0.006665
776.000000,-0.006911,0.000156,-0.002536,-0.002730,-0.027751
777.000000,-0.006239,-0.002676,-0.003171,-0.003590,-0.022726
778.000000,-0.014431,-0.006795,-0.003318,-0.004408,-0.019476
779.000000,-0.018859,-0.008660,-0.003446,-0.005319,-0.017678
780.000000,-0.015341,-0.007987,-0.002472,-0.004964,0.010927
781.000000,-0.007129,-0.007020,-0.002265,-0.004404,0.013310
782.000000,-0.003777,-0.005008,-0.002187,-0.004851,-0.005968
783.000000,0.006632,-0.003900,-0.001964,-0.003530,0.032568
784.000000,0.013445,-0.002707,-0.000109,-0.002696,0.016387
785.000000,0.014041,-0.000650,0.000562,-0.000877,0.013905
786.000000,0.010084,0.001478,0.000817,-0.001198,-0.006474
787.000000,0.013666,0.004944,0.001134,-0.000466,0.011941
788.000000,0.008226,0.007429,0.000317,0.000264,0.005369
789.000000,0.006016,0.009731,0.000535,0.000946,0.005340
790.000000,0.004610,0.009325,0.000669,0.001460,0.006872
791.000000,0.007525,0.008805,0.000892,0.001425,0.008104
792.000000,0.006438,0.010052,0.002522,0.001893,0.006503
793.000000,0.002415,0.005320,0.000710,0.000464,-0.014743
794.000000,0.004937,0.005476,0.001385,0.001753,0.017946
795.000000,0.004360,0.004485,0.001917,0.001869,0.003989
796.000000,0.001113,0.004319,0.002898,0.001984,-0.008127
797.000000,-0.000656,0.002891,0.003918,0.001720,-0.002344
798.000000,0.001661,0.002038,0.004734,0.000891,-0.003156
799.000000,-0.003942,0.000497,0.005114,0.000523,-0.010072
800.000000,-0.004849,-0.000244,0.004540,0.000365,-0.000544
801.000000,-0.001329,-0.000108,0.004348,0.000559,0.009472
802.000000,0.000843,0.000094,0.005073,0.001712,0.008515
803.000000,0.002779,0.002220,0.003770,0.001214,0.006522
804.000000,0.002833,-0.000554,0.002461,0.000738,-0.009798
805.000000,0.003597,-0.000626,0.001930,0.001070,0.003277
806.000000,-0.001080,-0.001205,0.001557,0.001531,-0.013917
807.000000,0.000613,0.000728,0.001810,0.002854,0.016983
808.000000,-0.002121,0.000329,0.001184,0.003265,-0.007147
809.000000,0.000348,0.001591,0.001044,0.003939,0.002544
810.000000,-0.000722,0.001438,0.000597,0.003506,-0.002075
811.000000,0.001914,0.000417,0.000154,0.003038,-0.000737
812.000000,-0.001617,-0.000502,-0.000204,0.003214,-0.000671
813.000000,0.003126,0.000503,0.001361,0.002681,0.016570
814.000000,0.003959,0.002154,0.000800,0.002359,0.006709
815.000000,0.003428,0.001353,0.000364,0.001737,-0.004731
816.000000,0.005763,0.003838,0.001317,0.002318,0.010940
817.000000,0.007752,0.003067,0.001898,0.002229,0.009273
818.000000,0.001761,0.002444,0.001386,0.001604,-0.013386
819.000000,0.003741,0.003850,0.002720,0.001979,0.016609
820.000000,0.004185,0.003806,0.002622,0.001666,-0.002512
821.000000,0.001493,0.003628,0.002022,0.001312,-0.002519
822.000000,-0.001308,0.003222,0.001360,0.000938,-0.004732
823.000000,0.006196,0.003979,0.002241,0.002234,0.024136
824.000000,0.004529,0.004135,0.003144,0.001911,0.008274
825.000000,0.004036,0.004110,0.002731,0.001612,-0.004982
826.000000,0.005749,0.003621,0.003730,0.002085,0.006050
827.000000,0.007110,0.002901,0.002984,0.002232,0.002071
828.000000,0.000405,0.003301,0.002872,0.002025,-0.009387
829.000000,-0.000327,0.002101,0.002976,0.002514,0.004610
830.000000,0.000682,0.002359,0.003082,0.002534,0.000063
831.000000,0.000915,0.003332,0.003480,0.002459,0.007219
832.000000,0.000976,0.004043,0.003632,0.002254,0.002374
833.000000,0.001965,0.001185,0.002582,0.001889,-0.004440
834.000000,0.003411,0.001542,0.002838,0.002610,0.011838
835.000000,0.003992,0.002337,0.003223,0.002600,0.002969
836.000000,0.001719,0.001317,0.002469,0.002926,-0.004146
837.000000,0.000797,0.000886,0.001894,0.002285,-0.002235
838.000000,0.001100,0.001533,0.002417,0.002426,-0.002925
839.000000,0.000186,0.001798,0.001950,0.002583,0.007266
840.000000,0.004011,0.004001,0.003180,0.003389,0.022093
841.000000,0.004391,0.003055,0.003194,0.003339,-0.002242
842.000000,0.006217,0.003507,0.003775,0.003591,0.006892
843.000000,0.008792,0.004946,0.003066,0.003370,0.009952
844.000000,0.006634,0.003410,0.002476,0.003029,-0.003526
845.000000,0.002335,0.003173,0.002755,0.003207,0.000598
846.000000,0.001752,0.003072,0.002194,0.002670,-0.005158
847.000000,0.003097,0.004657,0.002772,0.002815,0.013618
848.000000,-0.002654,0.003069,0.002301,0.002634,-0.018803
849.000000,-0.001925,0.002354,0.002076,0.002085,0.000121
850.000000,-0.003878,-0.000772,0.001615,0.001863,-0.009169
851.000000,-0.001558,0.000097,0.001576,0.002162,0.006445
852.000000,-0.005314,-0.001109,0.001199,0.002147,-0.005165
853.000000,0.000772,-0.000941,0.002003,0.001730,0.011629
854.000000,0.001865,-0.000030,0.001690,0.001641,0.005584
855.000000,0.003926,0.000024,0.001598,0.001844,0.001137
856.000000,0.002398,0.000420,0.001746,0.001603,-0.001197
857.000000,0.002783,-0.001266,0.001696,0.001426,-0.003239
858.000000,0.001165,0.000969,0.002019,0.001857,0.003538
859.000000,0.002085,0.001975,0.002165,0.002043,0.010185
860.000000,0.002426,0.003176,0.001202,0.002135,0.002840
861.000000,0.003549,0.002974,0.001535,0.002042,0.004422
862.000000,0.002591,0.002687,0.000789,0.001695,-0.008033
863.000000,0.003678,0.002421,0.000740,0.002142,0.008974
864.000000,0.001746,0.001916,0.000943,0.001765,0.000529
865.000000,0.000071,0.001248,0.000636,0.001482,-0.005537
866.000000,-0.001927,0.000811,0.000616,0.001434,-0.005568
867.000000,0.000462,0.001526,0.000130,0.001639,0.003913
868.000000,-0.004013,-0.000168,0.000400,0.001290,-0.013402
869.000000,-0.003472,-0.000863,0.000556,0.001155,0.003233
870.000000,-0.004178,-0.002054,0.000561,0.000117,-0.009067
871.000000,-0.000381,-0.001154,0.000910,0.000639,0.013421
872.000000,0.001192,0.000827,0.001757,0.000802,0.011774
873.000000,0.003813,-0.000100,0.001161,0.000460,-0.000294
874.000000,0.005762,0.001145,0.001530,0.001010,0.012977
875.000000,0.001107,-0.001536,-0.000144,-0.000088,-0.032343
876.000000,-0.006066,-0.003223,-0.001206,-0.000664,-0.022444
877.000000,-0.007112,-0.002960,-0.000717,-0.000900,0.006543
878.000000,-0.002129,0.000842,0.000337,0.000548,0.024621
879.000000,-0.003043,0.001360,0.000248,0.000824,0.008408
880.000000,0.003485,0.002296,0.000121,0.001139,0.000295
881.000000,0.009816,0.001875,0.000361,0.001232,0.009212
882.000000,0.009509,0.001199,0.001013,0.001571,0.005010
883.000000,0.005860,0.001865,0.000883,0.001395,0.006372
884.000000,0.007011,0.001984,0.001564,0.001681,0.014163
885.000000,0.007758,0.005621,0.002043,0.001778,0.004034
886.000000,0.005177,0.007497,0.002137,0.001695,-0.003693
887.000000,0.004448,0.006979,0.002009,0.001848,0.001365
888.000000,0.003843,0.004852,0.002847,0.001842,0.003348
889.000000,-0.000639,0.003186,0.002273,0.001227,-0.008248
890.000000,-0.002224,0.002767,0.002531,0.001003,-0.003892
891.000000,-0.001348,0.001915,0.001895,0.000879,0.000688
892.000000,-0.000182,0.002133,0.001666,0.001386,0.007194
893.000000,-0.001901,0.000971,0.001418,0.000912,-0.005248
894.000000,-0.001617,-0.001128,0.000428,0.000667,-0.006829
895.000000,-0.001866,-0.002045,0.001788,0.000680,-0.005138
896.000000,0.000584,-0.000382,0.003557,0.001297,0.012938
897.000000,-0.001427,-0.000805,0.003087,0.001071,-0.002861
898.000000,0.001254,-0.000323,0.002264,0.001790,0.008160
899.000000,0.002665,0.000524,0.001855,0.001690,0.000227
900.000000,0.004577,0.001355,0.002061,0.002139,0.004422
901.000000,0.001593,0.001088,0.001502,0.001626,-0.001982
902.000000,0.001427,0.000000,0.001067,0.001111,-0.003691
903.000000,-0.005100,-0.001923,-0.000476,0.000305,-0.024475
904.000000,-0.002596,0.000035,-0.000547,0.000297,0.012744
905.000000,-0.003723,0.000427,-0.000809,0.001335,-0.001210
906.000000,-0.002601,-0.000504,-0.000443,0.002204,0.003624
907.000000,-0.000924,0.000252,-0.000276,0.002142,0.004698
908.000000,0.005950,0.000425,0.000051,0.001651,0.009895
909.000000,0.000288,-0.001154,-0.000315,0.000852,-0.015570
910.000000,0.000794,-0.001464,-0.000055,0.000886,0.001321
911.000000,-0.001580,-0.002091,-0.000501,0.000304,-0.008242
912.000000,-0.002137,-0.001531,-0.000765,0.000201,0.001908
913.000000,-0.003436,0.001257,-0.000333,0.000102,0.003402
914.000000,-0.000149,0.000069,0.000052,-0.000341,0.000863
915.000000,0.000287,0.000540,0.000484,-0.000359,0.003503
916.000000,0.002450,0.000435,-0.000034,-0.000150,0.002576
917.000000,0.000162,-0.000988,-0.000368,-0.000514,-0.009536
918.000000,0.000506,-0.001465,-0.000520,-0.000454,0.005124
919.000000,0.001855,0.000853,-0.000151,0.000074,0.007609
920.000000,0.003173,0.001730,0.000133,0.000540,0.010093
921.000000,0.003199,0.002825,0.000367,0.000608,0.002704
922.000000,0.004520,0.002341,0.000405,0.000270,-0.002930
923.000000,0.003281,0.001893,0.001575,0.000409,-0.001073
924.000000,0.002098,0.001976,0.001023,0.000693,0.001693
925.000000,0.000710,0.001941,0.001241,0.000970,0.003153
926.000000,0.000034,0.001616,0.001026,0.000516,-0.000675
927.000000,-0.000633,0.001943,0.000478,0.000402,-0.006264
928.000000,-0.006920,-0.001820,-0.001642,-0.000953,-0.032507
929.000000,-0.004598,-0.001250,-0.000199,-0.000517,0.013303
930.000000,-0.007772,-0.003531,-0.000901,-0.001089,-0.012718
931.000000,-0.005660,-0.002813,0.000006,-0.000693,0.009887
932.000000,-0.000715,-0.000674,0.000834,0.000045,0.018463
933.000000,0.004853,-0.001033,0.000430,0.000706,-0.004669
934.000000,0.002717,-0.000941,0.000518,0.000368,0.002622
935.000000,0.005522,-0.001125,0.000408,0.000452,0.001308
936.000000,0.007474,0.000907,0.001262,0.000986,0.019648
937.000000,0.006187,0.002736,0.002340,0.001231,0.012025
938.000000,0.004849,0.004851,0.001516,0.000522,-0.011356
939.000000,0.001531,0.002124,0.000437,0.000576,-0.013969
940.000000,0.003472,0.004497,0.000483,0.000899,0.011012
941.000000,-0.000234,0.003620,0.000403,0.001211,0.001117
942.000000,-0.005710,0.000238,-0.000218,0.000635,-0.015354
943.000000,0.000256,0.002553,0.000760,0.001138,0.018475
944.000000,0.001576,0.001553,0.000306,0.000863,-0.007371
945.000000,-0.003256,0.000108,-0.000509,0.000308,-0.013146
946.000000,-0.002833,-0.001534,-0.000313,0.000330,0.003232
947.000000,0.000758,-0.002476,0.000130,0.000735,0.002601
948.000000,-0.002610,-0.001177,0.001837,0.000618,0.001636
949.000000,0.000872,0.001224,0.001674,0.000699,0.010040
950.000000,-0.002411,-0.002834,0.000832,-0.000623,-0.029564
951.000000,-0.003633,-0.003233,0.000193,-0.000809,-0.002878
952.000000,-0.004858,-0.002050,-0.000906,-0.000828,-0.003523
953.000000,-0.006264,-0.004437,-0.000942,-0.000973,-0.005395
954.000000,-0.008726,-0.003927,-0.001187,-0.001105,-0.002271
955.000000,-0.001361,-0.001886,-0.000889,-0.000968,0.007261
956.000000,-0.001446,-0.002540,-0.002037,-0.001055,-0.003304
957.000000,0.000197,-0.002331,-0.002403,-0.000690,0.004692
958.000000,0.000453,-0.002905,-0.002041,0.000256,-0.004112
959.000000,0.000722,-0.004002,-0.001389,-0.000218,-0.000929
960.000000,-0.002106,-0.001734,-0.002284,-0.000023,-0.006878
961.000000,-0.005498,-0.003472,-0.003353,-0.001028,-0.020265
962.000000,-0.006795,-0.003299,-0.002675,-0.001704,-0.001792
963.000000,-0.005328,-0.002437,-0.003437,-0.001440,0.003223
964.000000,-0.004999,-0.002139,-0.003033,-0.001504,0.000715
965.000000,-0.005466,-0.003786,-0.002836,-0.001855,-0.009214
966.000000,-0.000813,-0.003156,-0.002848,-0.002410,0.003001
967.000000,0.006968,0.000087,-0.001122,-0.001573,0.037116
968.000000,0.008403,0.001538,-0.000684,-0.000848,0.010397
969.000000,0.011547,0.003274,-0.000364,0.000165,0.016437
970.000000,0.014310,0.004422,0.001344,-0.000048,0.004599
971.000000,0.009297,0.004242,0.000385,-0.000821,-0.022065
972.000000,0.002787,0.004878,0.000789,-0.000157,0.004566
973.000000,-0.005363,0.001520,-0.000459,-0.001785,-0.030352
974.000000,-0.017729,-0.003091,-0.002615,-0.003052,-0.045391
975.000000,-0.013818,0.000246,-0.001770,-0.001809,0.024153
976.000000,-0.006453,0.001422,-0.000867,-0.001424,0.014760
977.000000,-0.002510,0.000138,0.000113,-0.000702,0.024280
978.000000,0.001753,-0.001805,-0.000134,-0.001058,-0.009036
979.000000,0.011076,-0.003326,-0.000026,-0.001352,0.001221
980.000000,0.001064,-0.006377,-0.000977,-0.001230,-0.025904
981.000000,-0.000924,-0.003688,0.000277,-0.000973,0.004819
982.000000,-0.003173,-0.002842,0.001018,-0.000421,0.013032
983.000000,-0.001812,-0.000029,0.000745,-0.000316,-0.002229
984.000000,0.000766,0.005921,0.001415,0.000230,0.014109
985.000000,0.001698,0.001381,0.000814,-0.000720,-0.021239
986.000000,-0.004635,-0.002780,-0.000679,-0.001504,-0.026850
987.000000,-0.006139,-0.004656,-0.002259,-0.001477,0.005513
988.000000,-0.007051,-0.004432,-0.003118,-0.001566,-0.006789
989.000000,-0.009460,-0.004347,-0.003837,-0.001467,0.002066
990.000000,-0.006137,-0.002219,-0.004298,-0.001391,-0.004624
991.000000,-0.001194,-0.002915,-0.003302,-0.000787,-0.002137
992.000000,0.001181,-0.002479,-0.002661,-0.000148,0.017386
993.000000,0.005980,-0.000536,-0.000283,0.000318,0.017207
994.000000,0.004050,-0.002705,0.001608,0.000042,-0.007585
995.000000,0.004534,-0.000802,0.000290,0.000275,-0.002203
996.000000,0.006671,0.002738,-0.000021,0.000460,0.008548
997.000000,0.001484,0.001332,-0.001662,-0.001062,-0.008548
998.000000,-0.003165,0.001407,-0.001512,-0.001610,-0.006039
999.000000,-0.002357,0.000846,-0.001751,-0.002276,-0.003545
1000.000000,-0.002134,0.001200,-0.000510,-0.002465,-0.001084
1001.000000,-0.003915,0.001378,-0.000769,-0.001742,-0.000362
1002.000000,-0.001520,-0.000018,-0.001249,-0.001780,0.003430
1003.000000,0.000383,-0.001391,-0.000963,-0.000652,0.003478
1004.000000,-0.000337,-0.001347,-0.002026,0.000623,-0.007149
1005.000000,0.000217,-0.000958,-0.000880,-0.000126,0.001687
1006.000000,-0.000434,-0.002175,0.000282,-0.000739,-0.003618
1007.000000,-0.001604,-0.001562,-0.000115,-0.001629,-0.002419
1008.000000,-0.002554,-0.001085,0.000161,-0.001370,-0.001272
1009.000000,-0.001294,-0.000816,0.000015,-0.001439,-0.000849
1010.000000,0.002084,0.001150,0.001175,0.000044,0.018576
1011.000000,0.003971,0.001768,0.001573,0.000077,0.005820
1012.000000,0.006892,0.002644,0.001313,0.000049,0.012183
1013.000000,0.010361,0.003903,0.001256,0.000659,0.016075
1014.000000,0.010277,0.004492,0.001572,0.000146,-0.001267
1015.000000,0.006401,0.004242,0.001642,0.000827,-0.000807
1016.000000,0.005317,0.004644,0.001235,0.001736,0.000404
1017.000000,0.003526,0.005209,0.001823,0.001660,0.003224
1018.000000,-0.000219,0.005071,0.001993,0.001798,-0.002647
1019.000000,-0.001388,0.004445,0.001814,0.001492,-0.007114
1020.000000,-0.002870,0.001765,0.001458,0.001372,-0.008218
1021.000000,-0.003561,0.000878,0.001323,0.001341,-0.003048
1022.000000,-0.002790,0.000368,0.001506,0.000998,0.007078
1023.000000,-0.002821,-0.001520,0.001192,0.000331,-0.002802
1024.000000,0.003441,0.001026,0.002759,0.001390,0.024195
1025.000000,0.004559,0.000844,0.002543,0.001376,-0.002628
1026.000000,0.007975,0.002207,0.003426,0.001559,0.014030
1027.000000,0.008445,0.002828,0.004018,0.002158,0.009431
1028.000000,0.007885,0.002532,0.003802,0.002173,-0.005603
1029.000000,0.004613,0.004027,0.004236,0.002552,0.007836
1030.000000,0.004009,0.004284,0.003025,0.002400,-0.005647
1031.000000,0.001707,0.004841,0.002860,0.002496,0.002520
1032.000000,-0.001020,0.003713,0.002040,0.002242,-0.004203
1033.000000,-0.000180,0.003853,0.001166,0.002079,-0.001405
1034.000000,-0.001500,0.001557,0.001292,0.002358,0.001237
1035.000000,0.000213,0.002111,0.001478,0.002399,0.002917
1036.000000,-0.000045,0.000831,0.001519,0.002561,0.001231
1037.000000,0.002267,0.000624,0.001726,0.002887,0.007357
1038.000000,0.003136,0.001478,0.002005,0.003027,0.002939
1039.000000,0.003198,0.000849,0.002438,0.003107,0.001549
1040.000000,0.003850,0.002031,0.003158,0.002694,0.006172
1041.000000,0.003526,0.001741,0.003291,0.002487,-0.000385
1042.000000,0.002439,0.002353,0.003033,0.002145,0.001922
1043.000000,0.003077,0.003106,0.003479,0.001813,0.006125
1044.000000,0.002112,0.002655,0.002106,0.001746,-0.003277
1045.000000,0.001129,0.002489,0.002300,0.001815,0.001257
1046.000000,0.003692,0.003609,0.002220,0.002216,0.012433
1047.000000,0.002648,0.002544,0.001584,0.001998,-0.003297
1048.000000,0.001380,0.002228,0.001853,0.002080,-0.000217
1049.000000,0.001819,0.001965,0.001407,0.002281,-0.001083
1050.000000,0.000970,0.001049,0.001540,0.002455,-0.002986
1051.000000,-0.001386,0.001153,0.001447,0.002578,0.000652
1052.000000,0.000368,0.001508,0.001931,0.002525,0.005472
1053.000000,0.000670,0.001025,0.002066,0.002661,0.001296
1054.000000,0.000444,0.001131,0.001893,0.001781,-0.002215
1055.000000,-0.001047,-0.000038,0.001225,0.001521,-0.010438
1056.000000,0.000521,-0.000433,0.001588,0.001336,0.008489
1057.000000,-0.004039,-0.001836,0.000354,0.000444,-0.017327
1058.000000,-0.001647,-0.000488,0.000870,0.001073,0.013255
1059.000000,-0.002471,-0.001013,0.000476,0.000600,-0.006332
1060.000000,-0.001823,-0.001435,-0.000193,0.000549,-0.007199
1061.000000,-0.002070,-0.000774,0.000189,0.000706,0.007254
1062.000000,0.002564,-0.000738,0.000385,0.001041,0.005841
1063.000000,0.000087,-0.000780,0.000123,0.001117,0.000871
1064.000000,0.001234,-0.000618,0.000256,0.001056,-0.000598
1065.000000,0.002847,0.000512,0.000237,0.000988,0.000870
1066.000000,0.001342,-0.000364,-0.000398,0.000938,-0.000272
1067.000000,0.000000,0.001282,-0.000277,0.000663,-0.000871
1068.000000,-0.000468,-0.000191,-0.000340,0.000516,-0.001471
1069.000000,0.000565,0.000899,-0.000057,0.000617,0.004569
1070.000000,-0.000926,0.000961,-0.000237,0.000192,-0.006588
1071.000000,-0.000610,0.000366,-0.000204,0.000248,0.001310
1072.000000,-0.000338,-0.000169,-0.000453,0.000201,0.000491
1073.000000,0.000729,0.000130,-0.000325,0.000125,0.003864
1074.000000,-0.000261,0.000152,-0.000233,0.000222,-0.000380
1075.000000,0.000774,-0.000076,0.000218,0.000133,-0.001414
1076.000000,-0.000098,-0.000354,-0.000359,-0.000383,-0.003052
1077.000000,-0.000885,-0.000612,0.000335,-0.000388,-0.003444
1078.000000,-0.000163,0.000283,0.000046,-0.000132,0.007475
1079.000000,-0.000719,-0.000490,0.000205,-0.000201,-0.003158
1080.000000,0.000413,0.000594,0.000777,0.000040,0.004244
1081.000000,0.003066,0.001484,0.000925,0.000358,0.010211
1082.000000,0.002936,0.001025,0.000428,0.000040,-0.004093
1083.000000,-0.007635,-0.003899,-0.001884,-0.001516,-0.045377
1084.000000,-0.004757,-0.002738,-0.001293,-0.001068,0.011232
1085.000000,-0.004781,-0.002184,-0.001130,-0.000583,0.004124
1086.000000,-0.003798,-0.000366,-0.000360,-0.000361,0.015123
1087.000000,0.001805,0.002370,0.000879,0.001014,0.023924
1088.000000,0.010248,0.001307,0.000795,0.000466,-0.003161
1089.000000,0.006818,0.001031,0.000271,0.000480,-0.005919
1090.000000,0.004346,-0.000217,0.000188,0.000446,-0.008238
1091.000000,0.002515,-0.000642,0.000421,0.000403,0.005968
1092.000000,-0.001687,0.000059,0.000542,0.000305,0.002917
1093.000000,-0.004076,0.003086,-0.000406,-0.000227,-0.015108
1094.000000,-0.005050,0.000884,-0.000927,-0.000567,-0.010791
1095.000000,-0.004402,-0.000028,-0.001106,-0.000763,-0.004994
1096.000000,0.000000,0.001257,0.000446,0.000179,0.027976
1097.000000,-0.000843,-0.001265,0.000553,0.000165,-0.001299
1098.000000,0.002730,-0.000673,0.000317,0.000306,0.002759
1099.000000,0.002300,-0.001375,-0.000172,-0.000278,-0.012939
1100.000000,0.001905,-0.001249,-0.000733,-0.000291,-0.006974
1101.000000,-0.002449,-0.001225,-0.000933,-0.000128,0.006207
1102.000000,-0.000532,-0.000687,-0.000314,0.000132,0.008289
1103.000000,-0.000389,0.001170,0.002128,0.000119,0.003470
1104.000000,0.004191,0.003246,0.002065,0.000464,0.009963
1105.000000,0.005993,0.003949,0.001960,0.000579,0.002034
1106.000000,0.004505,0.001028,0.001143,0.000640,-0.001231
1107.000000,0.002536,0.001002,-0.000131,0.000703,-0.001554
1108.000000,0.003540,0.001576,0.000451,0.000737,0.008490
1109.000000,0.002778,0.003484,0.001055,0.001047,0.006149
1110.000000,0.006140,0.006066,0.002409,0.001533,0.018846
1111.000000,0.006625,0.005565,0.002170,0.001233,0.001192
1112.000000,0.006946,0.004741,0.002027,0.001371,0.000052
1113.000000,0.004032,0.003786,0.002478,0.002681,-0.006078
1114.000000,0.003520,0.003149,0.003197,0.002426,0.003589
1115.000000,-0.001040,0.002550,0.003249,0.002157,-0.003954
1116.000000,-0.001101,0.002762,0.001895,0.001682,0.000886
1117.000000,-0.002156,0.002395,0.001699,0.000711,-0.005222
1118.000000,0.000479,0.002255,0.001916,0.001053,0.007095
1119.000000,-0.000073,0.001724,0.002604,0.001278,0.000831
1120.000000,0.000021,-0.000510,0.002778,0.001436,-0.003486
1121.000000,-0.000741,-0.000921,0.002322,0.001140,-0.002923
1122.000000,0.002580,0.000212,0.002477,0.001422,0.011384
1123.000000,0.002172,0.001325,0.002556,0.002094,0.005052
1124.000000,0.001005,0.000466,0.001808,0.002287,-0.005001
1125.000000,0.003319,0.001670,0.002110,0.002723,0.008081
1126.000000,0.003996,0.001627,0.002195,0.001806,0.000461
1127.000000,0.001278,0.001929,0.002162,0.001775,-0.002206
1128.000000,0.000544,0.001358,0.001807,0.001730,0.001386
1129.000000,0.001462,0.001234,0.001479,0.002147,-0.000410
1130.000000,-0.001885,0.000717,0.000104,0.002091,-0.008657
1131.000000,-0.000041,0.001977,0.000528,0.002207,0.009682
1132.000000,-0.000092,0.000593,0.000402,0.001849,-0.002463
1133.000000,0.002031,0.001288,0.001306,0.002133,0.012002
1134.000000,0.000441,0.000952,0.000709,0.001522,-0.008361
1135.000000,0.004665,0.001390,0.001530,0.001870,0.012464
1136.000000,0.002435,0.001197,0.001412,0.001862,-0.001467
1137.000000,0.001790,0.000849,0.001389,0.001724,-0.005687
1138.000000,0.001184,0.001608,0.001483,0.001740,0.008973
1139.000000,0.002594,0.001517,0.001376,0.001492,-0.001313
1140.000000,0.002841,0.003753,0.002235,0.001320,0.013701
1141.000000,0.002506,0.002470,0.002224,0.001176,-0.003145
1142.000000,0.004661,0.003225,0.001909,0.001343,0.005087
1143.000000,0.003868,0.002526,0.001907,0.001713,0.005012
1144.000000,0.005424,0.004009,0.002480,0.001809,0.006464
1145.000000,0.004612,0.003727,0.002558,0.002262,0.009642
1146.000000,0.005562,0.004034,0.002615,0.002286,0.001606
1147.000000,0.003218,0.003939,0.002394,0.002239,-0.006636
1148.000000,0.000692,0.002280,0.001944,0.001749,-0.007617
1149.000000,-0.001640,0.001892,0.001705,0.001548,-0.005193
1150.000000,-0.003261,0.000676,0.002214,0.001715,0.001536
1151.000000,-0.004157,0.000703,0.001586,0.001717,-0.002876
1152.000000,-0.003029,0.000094,0.001660,0.001304,-0.000994
1153.000000,-0.001774,-0.000541,0.000993,0.001091,-0.001343
1154.000000,-0.002766,-0.002203,0.000903,0.000919,-0.010154
1155.000000,-0.004942,-0.004101,-0.000187,0.000338,-0.009345
1156.000000,-0.003567,-0.003862,0.000086,0.000456,0.004001
1157.000000,-0.004595,-0.003812,0.000064,0.000325,-0.006135
1158.000000,-0.003100,-0.002437,-0.000078,0.000484,0.006135
1159.000000,-0.000685,-0.001726,0.000083,0.000561,0.001919
1160.000000,0.003332,-0.000805,-0.000065,0.001208,0.010738
1161.000000,0.003934,0.000184,0.000443,0.001119,0.007013
1162.000000,0.004873,0.000139,0.000117,0.001153,-0.001438
1163.000000,0.003557,0.000229,-0.000156,0.000738,-0.000447
1164.000000,0.001097,0.000206,-0.000998,0.000671,-0.010382
1165.000000,-0.002683,0.000324,-0.001889,-0.000017,-0.008161
1166.000000,-0.002594,0.000670,-0.001596,0.000281,0.007459
1167.000000,-0.001115,0.001879,-0.000966,0.000669,0.005957
1168.000000,-0.003820,-0.000132,-0.001284,-0.000096,-0.013972
1169.000000,-0.001460,-0.000182,-0.000954,-0.000005,0.001416
1170.000000,0.000888,-0.000897,-0.000851,-0.000342,0.003582
1171.000000,-0.000121,-0.001357,-0.000587,-0.000157,0.002414
1172.000000,-0.001463,-0.001289,-0.000575,-0.000352,-0.000754
1173.000000,0.000324,-0.001748,-0.000760,-0.000687,-0.005040
1174.000000,0.001591,0.000065,0.000136,-0.000644,0.007752
1175.000000,0.000583,0.000736,0.000530,-0.001014,-0.001455
1176.000000,0.001022,0.000451,0.000560,-0.000914,0.004609
1177.000000,0.000332,-0.000566,0.000657,-0.000833,-0.004207
1178.000000,0.001681,0.001002,0.000435,-0.000522,0.001705
1179.000000,0.004227,0.002909,0.001364,0.000334,0.020483
1180.000000,0.004685,0.002634,0.000868,0.000310,0.000834
1181.000000,0.002118,0.001570,0.000106,0.000132,-0.008225
1182.000000,-0.002637,-0.001153,-0.001221,-0.000768,-0.027984
1183.000000,-0.001984,-0.000152,-0.000950,-0.000557,0.004972
1184.000000,-0.008381,-0.002077,-0.001006,-0.000602,-0.011503
1185.000000,-0.008272,-0.001794,-0.000529,-0.000244,0.001381
1186.000000,-0.009313,-0.003598,-0.001573,-0.000826,-0.013433
1187.000000,-0.002683,-0.002660,-0.001613,-0.000449,0.005168
1188.000000,-0.006209,-0.004096,-0.001547,-0.001075,-0.012657
1189.000000,-0.002348,-0.005365,-0.001228,-0.000879,0.007800
1190.000000,-0.002479,-0.005376,-0.001371,-0.001213,0.000725
1191.000000,0.001363,-0.003975,-0.001202,-0.001254,0.005780
1192.000000,0.000052,-0.001316,-0.001234,-0.001252,-0.001390
1193.000000,0.002119,-0.002045,-0.001098,-0.001315,-0.002322
1194.000000,0.002972,0.000312,-0.000883,-0.000567,0.012065
1195.000000,0.003173,0.000347,-0.000723,-0.000237,0.001734
1196.000000,-0.000608,0.000378,-0.001610,-0.000923,-0.013128
1197.000000,0.000977,0.000514,-0.001073,-0.000904,0.006534
1198.000000,0.003736,0.002927,-0.000585,-0.000056,0.011472
1199.000000,0.002162,0.002567,-0.001399,0.000037,0.004199
1200.000000,0.000864,0.002019,-0.001678,-0.000241,-0.004757
1201.000000,0.002626,0.001009,-0.001483,-0.000465,-0.004321
1202.000000,0.001990,0.001483,0.000084,-0.000328,0.003357
1203.000000,0.001596,0.002666,0.000310,0.000156,0.009500
1204.000000,0.003354,0.002758,0.001535,0.000331,0.012992
1205.000000,0.003699,0.002282,0.001314,0.000278,-0.003033
1206.000000,0.006792,0.004709,0.002543,0.000496,0.011142
1207.000000,0.010648,0.006319,0.003417,0.001391,0.022640
1208.000000,0.010321,0.005958,0.004443,0.001596,0.007864
1209.000000,0.010068,0.006711,0.004639,0.001305,0.011729
1210.000000,0.009918,0.006809,0.004414,0.001151,-0.003784
1211.000000,0.007633,0.007212,0.004110,0.001415,-0.000284
1212.000000,0.002554,0.006601,0.004042,0.002256,-0.002753
1213.000000,0.000458,0.005390,0.004028,0.002003,-0.002618
1214.000000,-0.001640,0.004214,0.003486,0.002428,0.001238
1215.000000,-0.002268,0.003825,0.003053,0.002151,-0.006925
1216.000000,-0.002192,0.002720,0.003714,0.002602,0.000096
1217.000000,-0.002227,0.000164,0.003241,0.002332,-0.002928
1218.000000,0.013078,0.006768,0.006363,0.005218,0.073909
1219.000000,0.013178,0.005769,0.006240,0.005016,0.001739
1220.000000,0.012584,0.005158,0.005983,0.004662,-0.009897
1221.000000,0.011726,0.004767,0.005990,0.004329,-0.004194
1222.000000,0.012456,0.005114,0.005858,0.004400,0.000723
1223.000000,0.000410,0.006744,0.006067,0.004933,0.013680
1224.000000,-0.004671,0.004254,0.004234,0.003742,-0.023665
1225.000000,-0.001990,0.005297,0.004561,0.003801,0.003506
1226.000000,-0.000733,0.005496,0.004108,0.004308,0.002089
1227.000000,-0.002116,0.005170,0.002667,0.003884,-0.006188
1228.000000,-0.002655,-0.001122,0.002823,0.003868,0.010985
1229.000000,0.000983,-0.001844,0.001963,0.003545,-0.005477
1230.000000,0.001359,-0.000316,0.002421,0.003884,0.005387
1231.000000,0.005697,0.002482,0.003624,0.004820,0.023778
1232.000000,0.004629,0.001257,0.003185,0.004324,-0.011529
1233.000000,0.004252,0.000799,0.003771,0.004311,0.009101
1234.000000,0.004568,0.002776,0.003515,0.003748,-0.003897
1235.000000,0.005038,0.003198,0.004248,0.004107,0.007734
1236.000000,0.000044,0.002870,0.004183,0.003696,-0.001189
1237.000000,0.003519,0.004074,0.004622,0.003136,0.005845
1238.000000,0.000044,0.002148,0.000513,0.002598,-0.008272
1239.000000,-0.005834,-0.000633,-0.001238,0.001097,-0.033288
1240.000000,-0.007244,-0.001103,-0.000709,0.001246,0.000685
1241.000000,-0.007143,-0.003549,-0.000534,0.001233,-0.000685
1242.000000,-0.009329,-0.002905,-0.000824,0.001155,-0.005083
1243.000000,-0.005964,-0.002960,-0.001081,0.001528,0.008549
