0.000000,0.004792,0.002202,0.000333,-0.000032,0.003795
1.000000,0.007912,0.002007,-0.000751,-0.000189,0.000947
2.000000,0.005988,0.001341,0.000048,-0.000472,-0.005693
3.000000,0.004642,0.000953,-0.000613,-0.000502,0.002850
4.000000,0.001137,0.002005,-0.000283,-0.000282,0.003788
5.000000,0.000567,0.002680,-0.000189,-0.000376,0.000945
6.000000,-0.001901,0.003006,-0.000143,-0.000662,-0.011396
7.000000,0.001705,0.003847,0.001436,-0.000623,0.012340
8.000000,-0.002098,0.001272,0.001410,-0.001100,-0.016168
9.000000,-0.002844,-0.000853,0.000776,-0.001067,0.000058
10.000000,-0.002662,-0.001047,0.000577,-0.000127,0.001858
11.000000,-0.001342,-0.001621,0.000193,-0.001041,-0.004796
12.000000,-0.004002,-0.001148,0.000096,-0.000351,-0.000962
13.000000,0.001338,-0.000380,0.000287,-0.000535,0.010531
14.000000,0.001136,-0.000854,0.000575,-0.000473,-0.000953
15.000000,0.000300,-0.001181,0.000749,-0.000519,-0.002319
16.000000,0.000192,-0.000575,0.001215,-0.000287,-0.005336
17.000000,-0.002323,-0.003163,0.000342,-0.000097,-0.013540
18.000000,-0.003071,-0.000867,0.000203,0.000651,0.006793
19.000000,-0.002108,-0.000486,-0.000670,0.000355,0.003861
20.000000,-0.002417,-0.001058,-0.001053,0.000032,-0.003861
21.000000,-0.001931,-0.000869,-0.001245,-0.000161,-0.002906
22.000000,0.001552,-0.000386,-0.000767,-0.000064,0.003872
23.000000,-0.000775,-0.001923,-0.001152,-0.000450,-0.004843
24.000000,-0.001159,-0.001634,-0.001244,-0.000161,0.001940
25.000000,-0.000581,-0.001499,-0.001340,0.000000,-0.000969
26.000000,-0.000583,-0.001257,-0.000916,0.000391,-0.002914
27.000000,-0.001163,0.000195,-0.001484,0.000293,0.000972
28.000000,-0.000587,-0.000681,-0.000774,-0.000092,-0.001965
29.000000,-0.001166,-0.001163,-0.000825,-0.000834,-0.000955
30.000000,-0.000972,-0.000777,-0.000917,-0.000961,0.000000
31.000000,-0.002152,-0.001367,-0.001118,-0.001286,-0.008811
32.000000,-0.002740,-0.001951,-0.001169,-0.001162,-0.001969
33.000000,-0.001364,-0.000976,-0.001449,-0.001093,0.004914
34.000000,-0.001566,-0.001366,-0.001500,-0.001285,-0.001963
35.000000,-0.002156,-0.001564,-0.001531,-0.001415,-0.002951
36.000000,-0.000197,-0.001174,-0.001215,-0.001002,0.000985
37.000000,0.001570,-0.000585,-0.000195,-0.001184,0.006866
38.000000,0.000196,-0.000584,-0.000633,-0.000711,-0.001957
39.000000,0.000000,-0.000783,-0.000973,-0.000811,-0.002943
40.000000,0.001179,-0.000489,-0.000633,-0.000774,0.002943
41.000000,0.001569,0.000686,-0.000341,-0.000517,0.002934
42.000000,0.000195,0.000883,-0.000534,-0.000485,0.000000
43.000000,-0.000589,-0.000196,-0.000586,-0.001032,-0.005877
44.000000,0.000196,0.000098,-0.000634,-0.000967,0.000982
45.000000,-0.003957,-0.001389,-0.001476,-0.001484,-0.017822
46.000000,-0.004144,-0.001288,-0.001231,-0.001240,0.001996
47.000000,-0.004144,-0.001974,-0.001280,-0.000788,0.000000
48.000000,-0.003968,-0.002278,-0.001431,-0.001181,-0.004998
49.000000,-0.005977,-0.002890,-0.001836,-0.001612,-0.009059
50.000000,-0.000400,-0.002178,-0.001333,-0.001148,0.010060
51.000000,-0.000399,-0.002272,-0.000793,-0.000984,0.002000
52.000000,0.001589,-0.001278,-0.000197,-0.000782,0.009940
53.000000,0.002588,-0.000690,-0.000443,-0.000621,0.000000
54.000000,0.004400,-0.000788,-0.000345,-0.000685,0.000000
55.000000,-0.000401,-0.000400,-0.000895,-0.001118,-0.013944
56.000000,-0.000330,-0.000365,-0.000826,-0.000942,0.002354
57.000000,-0.001390,0.000100,-0.000937,-0.000820,0.004642
58.000000,0.000198,0.001393,-0.000443,-0.000490,0.007937
59.000000,-0.000198,0.002101,-0.000394,-0.000524,-0.001978
60.000000,0.001996,0.000798,-0.000690,-0.000623,-0.002975
61.000000,0.001128,0.000399,-0.000936,-0.000396,-0.001988
62.000000,0.000000,-0.000695,-0.000986,-0.000363,-0.000996
63.000000,-0.000594,-0.000198,-0.000444,-0.000361,0.004968
64.000000,-0.000991,-0.000594,-0.000691,-0.000428,-0.003962
65.000000,-0.000796,0.000600,0.000100,-0.000396,-0.002002
66.000000,-0.001198,-0.000035,-0.000200,-0.000562,-0.003996
67.000000,-0.000599,-0.000299,-0.000100,-0.000725,0.002000
68.000000,-0.000596,-0.000595,0.000399,-0.000493,0.004983
69.000000,-0.000600,-0.000795,0.000653,-0.000528,-0.003984
70.000000,-0.000599,-0.000698,0.000050,-0.000693,-0.001998
71.000000,0.000600,-0.000299,0.000050,-0.000724,0.001998
72.000000,0.001592,0.000497,-0.000099,-0.000492,0.006962
73.000000,0.000596,0.000000,-0.000099,-0.000296,0.000000
74.000000,0.001392,0.000396,-0.000099,-0.000329,0.000000
75.000000,0.002386,0.000893,0.000747,0.000364,0.002969
76.000000,0.001392,0.000996,0.000480,0.000199,-0.002969
77.000000,0.000989,0.001290,0.000496,0.000364,0.004943
78.000000,0.002169,0.001382,0.000394,0.000727,0.005900
79.000000,0.001972,0.001682,0.000444,0.000996,-0.000981
80.000000,0.002748,0.002567,0.000935,0.000889,0.006846
81.000000,0.003342,0.002367,0.001034,0.000822,0.000000
82.000000,0.002158,0.001573,0.001035,0.000458,-0.000975
83.000000,0.000392,0.001280,0.000640,0.000361,-0.002931
84.000000,0.000979,0.001476,0.000936,0.000426,0.001955
85.000000,0.000584,0.001666,0.001280,0.001053,0.004871
86.000000,0.001166,0.002254,0.001625,0.001072,0.002911
87.000000,-0.000586,0.000786,0.001038,0.000592,-0.009737
88.000000,0.000196,0.000294,0.000838,0.000360,0.000978
89.000000,0.000429,0.000704,0.001193,0.000530,0.003123
90.000000,0.001163,0.000873,0.001720,0.000914,0.008539
91.000000,-0.003125,-0.000979,0.000694,0.000363,-0.018528
92.000000,-0.001107,-0.000846,0.000363,0.000408,0.000354
93.000000,-0.003153,-0.001479,-0.000099,-0.000066,-0.009252
94.000000,-0.003182,-0.001377,0.000050,0.000165,0.002975
95.000000,-0.004495,-0.001666,0.000000,0.000298,0.001978
96.000000,-0.001581,-0.002353,-0.000050,0.000299,-0.003960
97.000000,-0.001652,-0.001379,-0.000297,0.000232,0.000000
98.000000,-0.000398,-0.001775,-0.000741,-0.000033,-0.002981
99.000000,-0.002190,-0.002686,-0.000991,-0.000100,-0.005988
100.000000,-0.002987,-0.003741,-0.001434,-0.000100,-0.002004
101.000000,-0.002999,-0.002290,-0.001635,-0.000301,-0.004020
102.000000,-0.005634,-0.003643,-0.002245,-0.000972,-0.013178
103.000000,-0.010206,-0.005302,-0.003390,-0.001833,-0.025841
104.000000,-0.005892,-0.004041,-0.002709,-0.001314,0.015585
105.000000,-0.004258,-0.003622,-0.002644,-0.001207,0.006167
106.000000,-0.002840,-0.002919,-0.002636,-0.001006,0.003069
107.000000,-0.001639,-0.003637,-0.002508,-0.001410,-0.007176
108.000000,0.000209,-0.004998,-0.003387,-0.002160,-0.016598
109.000000,-0.004167,-0.005029,-0.003858,-0.002337,-0.006296
110.000000,-0.006667,-0.005462,-0.004602,-0.002777,-0.006336
111.000000,-0.004964,-0.003902,-0.003096,-0.002390,0.011585
112.000000,-0.003948,-0.002794,-0.003218,-0.002428,-0.002096
113.000000,-0.002929,-0.001360,-0.003331,-0.002714,-0.011503
114.000000,-0.002969,-0.003568,-0.003805,-0.002995,-0.006496
115.000000,0.000711,-0.002978,-0.003300,-0.002755,0.012064
116.000000,-0.004661,-0.004813,-0.003866,-0.003362,-0.015274
117.000000,-0.005317,-0.004632,-0.004135,-0.003216,-0.005373
118.000000,-0.001941,-0.002435,-0.003717,-0.003070,0.005373
119.000000,-0.000214,-0.001592,-0.003310,-0.003102,0.002141
120.000000,0.000977,0.000844,-0.002309,-0.002786,0.018019
121.000000,0.007363,0.001351,-0.001275,-0.001614,0.016657
122.000000,0.006780,0.000732,-0.001031,-0.001902,-0.008288
123.000000,0.006328,0.002193,0.000417,-0.001490,0.003110
124.000000,0.003183,0.001485,-0.001042,-0.002041,-0.013581
125.000000,-0.002014,-0.000519,-0.001748,-0.002373,-0.007969
126.000000,-0.008870,-0.000753,-0.002783,-0.002828,-0.017619
127.000000,-0.006350,0.000215,-0.002209,-0.002685,0.004310
128.000000,-0.007834,-0.000753,-0.001594,-0.002729,-0.004310
129.000000,-0.004902,-0.000859,-0.001225,-0.002493,0.001079
130.000000,0.000327,-0.000844,0.000000,-0.001821,0.018173
131.000000,0.000862,-0.004004,-0.001326,-0.002185,-0.014942
132.000000,0.000000,-0.003175,-0.001222,-0.001746,0.000000
133.000000,0.001720,-0.003057,-0.000432,-0.000741,0.004292
134.000000,0.003846,-0.000528,0.000478,-0.000870,0.011708
135.000000,-0.001064,-0.000369,-0.000444,-0.001289,-0.006380
136.000000,-0.000862,0.000000,-0.000377,-0.001855,-0.013931
137.000000,-0.003252,-0.001626,-0.000705,-0.002014,-0.011950
138.000000,-0.001505,0.000108,-0.000323,-0.001027,0.013030
139.000000,-0.006234,-0.001194,-0.001027,-0.001215,-0.011937
140.000000,-0.007374,-0.004219,-0.002532,-0.001406,-0.012081
141.000000,-0.003706,-0.002284,-0.003144,-0.001646,0.004410
142.000000,-0.001096,-0.002174,-0.002674,-0.001539,0.001100
143.000000,-0.002606,-0.002055,-0.002556,-0.000973,0.005479
144.000000,-0.001185,-0.003709,-0.002118,-0.000917,-0.004831
145.000000,-0.001330,-0.004352,-0.002361,-0.001747,-0.012810
146.000000,-0.000441,-0.002073,-0.001037,-0.000942,0.008859
147.000000,-0.002655,-0.001875,-0.001751,-0.001095,-0.009972
148.000000,-0.003974,-0.003290,-0.001591,-0.001312,-0.001114
149.000000,-0.003230,-0.002208,-0.001701,-0.001420,-0.001115
150.000000,-0.000223,-0.000776,-0.002498,-0.001946,0.002230
151.000000,-0.002664,-0.001552,-0.001918,-0.002613,-0.003346
152.000000,0.000889,-0.000883,-0.001529,-0.002077,0.007791
153.000000,-0.000446,-0.002210,-0.002133,-0.002441,-0.007791
154.000000,-0.000447,-0.001839,-0.002774,-0.002025,-0.001118
155.000000,-0.003143,-0.001683,-0.003017,-0.002135,-0.011249
156.000000,-0.000447,-0.001556,-0.001814,-0.001210,0.010130
157.000000,-0.001558,-0.000335,-0.001105,-0.001279,0.002237
158.000000,0.002001,0.000777,-0.001256,-0.000801,0.010006
159.000000,-0.000672,-0.000560,-0.001384,-0.001320,-0.014485
160.000000,0.003143,0.000000,-0.000388,-0.001665,0.007826
161.000000,0.001339,0.000446,-0.000553,-0.001130,0.001113
162.000000,0.000223,-0.000667,-0.000775,-0.001241,-0.003343
163.000000,-0.000887,0.000557,-0.000826,-0.001236,0.004454
164.000000,-0.000225,-0.000448,-0.001144,-0.001999,-0.011173
165.000000,-0.001790,0.000676,-0.000503,-0.001786,0.000000
166.000000,-0.002237,-0.000449,-0.001002,-0.001359,-0.001124
167.000000,-0.003150,-0.001463,-0.000899,-0.001224,-0.007905
168.000000,-0.003814,-0.002350,-0.000787,-0.001621,0.001133
169.000000,-0.001579,-0.000902,-0.000731,-0.001223,0.000000
170.000000,0.004884,0.001547,0.000773,0.000257,0.032315
171.000000,0.003125,0.000444,0.000445,-0.000221,-0.009917
172.000000,0.004263,0.000556,-0.000055,-0.000331,-0.002217
173.000000,0.000678,-0.001568,-0.000505,-0.001074,-0.016788
174.000000,0.000859,-0.000360,-0.000404,-0.000882,0.000903
175.000000,-0.004435,0.000224,0.000450,-0.000261,0.005847
176.000000,-0.000666,0.001230,0.000390,-0.000258,0.008929
177.000000,0.000665,0.002464,0.000500,0.000222,0.004435
178.000000,0.005346,0.003012,0.000331,0.000480,0.006615
179.000000,0.005604,0.003231,0.001165,0.000590,0.002195
180.000000,0.003335,-0.000550,0.000499,0.000332,-0.005498
181.000000,0.000000,-0.000333,0.000056,0.000186,-0.007748
182.000000,0.000663,0.000664,0.000610,0.000184,0.007748
183.000000,-0.002210,0.001568,0.000000,0.000186,-0.007748
184.000000,-0.002205,0.001700,0.000670,0.000297,0.002220
185.000000,-0.001994,0.000670,0.000447,0.000524,-0.004444
186.000000,-0.000668,-0.000334,0.000448,0.000149,-0.001114
187.000000,-0.002440,-0.000889,0.000787,0.000037,-0.001115
188.000000,-0.000891,-0.001550,0.000731,-0.000296,0.000000
189.000000,-0.002006,-0.002105,0.000563,0.000075,-0.003354
190.000000,-0.001238,-0.001616,-0.001083,-0.000206,-0.000605
191.000000,-0.002242,-0.001455,-0.000894,-0.000448,-0.006137
192.000000,-0.002019,-0.002230,-0.000783,-0.000337,0.000000
193.000000,-0.002245,-0.001568,0.000000,-0.000523,-0.001128
194.000000,-0.003160,-0.002583,-0.000442,-0.000415,-0.007932
195.000000,-0.002131,-0.001684,-0.000507,-0.000263,0.004540
196.000000,-0.002040,-0.002141,-0.001237,-0.000415,-0.005679
197.000000,-0.001585,-0.001802,-0.001345,-0.000076,0.002275
198.000000,-0.001132,-0.001688,-0.001619,-0.000076,0.001136
199.000000,0.002262,-0.000449,-0.001277,0.000226,0.009040
200.000000,0.002923,0.000396,-0.000610,-0.000590,0.007843
201.000000,0.002265,0.000113,-0.000671,-0.000558,-0.008969
202.000000,0.002709,0.000562,-0.000834,-0.000335,0.004494
203.000000,0.002482,0.000675,-0.000446,0.000225,0.000000
204.000000,0.000674,0.001468,-0.000557,0.000195,0.000000
205.000000,-0.001119,0.000902,-0.000391,-0.000037,-0.001122
206.000000,0.000675,0.001470,-0.000336,-0.000335,0.000000
207.000000,0.000000,0.001354,-0.000224,-0.000445,0.001122
208.000000,-0.001576,0.000453,-0.000618,-0.000929,-0.007878
209.000000,-0.001576,-0.000451,-0.000450,-0.001002,0.000000
210.000000,-0.002257,-0.001688,-0.000646,-0.000969,-0.004530
211.000000,-0.002485,-0.000905,-0.000396,-0.000749,-0.001136
212.000000,-0.003392,-0.001696,-0.000567,-0.001121,-0.003415
213.000000,-0.002273,-0.001924,-0.000625,-0.000939,-0.002283
214.000000,-0.001816,-0.001696,-0.000114,-0.000937,0.002283
215.000000,-0.002973,-0.002615,-0.000857,-0.001133,-0.010315
216.000000,-0.002977,-0.002731,-0.000630,-0.001134,-0.001153
217.000000,-0.001373,-0.002382,-0.000514,-0.000943,0.004603
218.000000,-0.002762,-0.002517,-0.001032,-0.001251,-0.009227
219.000000,-0.004148,-0.002982,-0.001716,-0.001294,-0.004646
220.000000,-0.000692,-0.001833,-0.001761,-0.001042,0.006961
221.000000,-0.000693,-0.001835,-0.001370,-0.000876,-0.001157
222.000000,-0.000958,-0.001165,-0.001431,-0.000766,0.003282
223.000000,0.000879,-0.000942,-0.001433,-0.000730,-0.000046
224.000000,0.000697,-0.001725,-0.001711,-0.000651,-0.005553
225.000000,-0.000695,-0.000694,-0.001654,-0.000802,0.000000
226.000000,-0.001394,-0.001043,-0.001887,-0.000768,-0.004651
227.000000,-0.000888,-0.000923,-0.001653,-0.000650,0.005811
228.000000,-0.000185,0.000347,-0.001085,-0.000572,0.003470
229.000000,-0.000465,0.000116,-0.001433,-0.001105,-0.006953
230.000000,-0.000697,-0.000696,-0.001264,-0.001406,-0.001163
231.000000,0.000000,-0.000697,-0.001266,-0.001146,-0.001165
232.000000,-0.000464,-0.000676,-0.000921,-0.001179,0.003490
233.000000,-0.001158,-0.000671,-0.000806,-0.001179,0.000000
234.000000,0.002312,0.000924,-0.000401,-0.000832,0.010399
235.000000,0.003691,0.001497,0.000402,-0.000604,0.005731
236.000000,0.004381,0.002190,0.000573,-0.000528,0.002283
237.000000,0.000927,0.000231,-0.000346,-0.001025,-0.013777
238.000000,-0.000232,-0.000695,-0.000174,-0.000955,-0.005797
239.000000,-0.003478,-0.000583,-0.000233,-0.001150,-0.005831
240.000000,-0.004859,-0.000584,-0.000640,-0.001038,-0.001170
241.000000,-0.001626,0.001377,0.000340,-0.000385,0.018447
242.000000,0.006371,0.003649,0.001487,0.000603,0.026208
243.000000,0.007755,0.003761,0.001545,0.000716,0.001119
244.000000,0.008921,0.002721,0.001823,0.000640,0.000000
245.000000,0.008707,0.001924,0.001711,0.000909,-0.002240
246.000000,0.004569,0.001471,0.001831,0.000873,-0.002245
247.000000,-0.003388,0.001492,0.000862,0.000267,-0.013575
248.000000,-0.000897,0.003429,0.001367,0.001027,0.013575
249.000000,-0.003384,0.002768,0.001093,0.000767,-0.012437
250.000000,-0.003620,0.002543,0.000980,0.000421,-0.003419
251.000000,-0.000675,0.001947,0.001662,0.000876,0.012479
252.000000,0.003388,0.000000,0.001825,0.000991,0.006742
253.000000,0.000897,0.000000,0.001881,0.001030,0.001119
254.000000,0.006932,0.001774,0.002248,0.001806,0.017739
255.000000,0.005628,0.001004,0.001464,0.001475,-0.009939
256.000000,0.004239,0.001782,0.001627,0.001815,0.005534
257.000000,0.003552,0.003470,0.002481,0.001731,0.003306
258.000000,0.002003,0.001450,0.002440,0.001395,-0.006623
259.000000,-0.002210,0.002361,0.002565,0.001515,-0.003328
260.000000,-0.001784,0.001922,0.002233,0.001294,-0.007808
261.000000,-0.001329,0.001455,0.001701,0.001593,0.007808
262.000000,-0.001546,0.001003,0.000501,0.001551,0.002220
263.000000,-0.000888,0.000558,0.000279,0.001440,-0.003331
264.000000,0.000444,-0.000883,0.000445,0.001204,0.003331
265.000000,-0.000224,-0.001004,0.000000,0.000641,-0.011148
266.000000,-0.001338,-0.001333,0.000224,0.000640,0.002240
267.000000,-0.000889,-0.001218,0.001126,0.001248,0.004464
268.000000,0.001772,0.000442,0.000946,0.001774,0.009972
269.000000,0.002205,0.001325,0.001843,0.002151,0.005498
270.000000,0.004654,0.002215,0.002068,0.002227,0.001096
271.000000,0.004425,0.001544,0.001499,0.001648,0.001095
272.000000,0.003751,0.001431,0.001217,0.000811,0.001093
273.000000,0.001538,0.001655,0.001106,0.000737,-0.001093
274.000000,0.000221,0.001213,0.000165,0.000701,-0.001084
275.000000,0.000000,0.002327,0.000662,0.000776,-0.000011
276.000000,0.000655,0.002540,0.000603,0.000996,0.004372
277.000000,0.001524,0.002638,0.000710,0.001630,0.005438
278.000000,0.001960,0.001749,0.001095,0.001214,0.001084
279.000000,0.001525,0.000873,0.001099,0.001520,-0.003256
280.000000,0.003690,0.001845,0.002030,0.001994,0.010811
281.000000,0.004954,0.002805,0.002174,0.001934,0.010695
282.000000,0.004504,0.003014,0.002223,0.001816,0.003186
283.000000,0.003650,0.002805,0.002230,0.001672,-0.003186
284.000000,0.003662,0.002594,0.001903,0.000975,-0.003197
285.000000,0.001500,0.002595,0.002461,0.001306,0.000000
286.000000,-0.000639,0.002158,0.002349,0.001121,0.000000
287.000000,-0.000850,0.001827,0.002232,0.001082,0.002132
288.000000,0.000637,0.002144,0.001946,0.001445,0.004251
289.000000,0.002334,0.002998,0.001936,0.001732,0.005288
290.000000,0.001700,0.001600,0.001722,0.001887,-0.003170
291.000000,0.001912,0.000636,0.001721,0.001662,0.001058
292.000000,0.001908,0.000529,0.001772,0.001658,0.002112
293.000000,0.001058,0.000847,0.001826,0.001769,0.000000
294.000000,-0.001695,0.000320,0.001457,0.001376,-0.008475
295.000000,-0.002128,-0.000214,0.001191,0.001569,-0.005333
296.000000,-0.000847,0.000532,0.001345,0.001743,0.007459
297.000000,-0.002334,-0.000213,0.000807,0.001417,-0.005322
298.000000,-0.001482,-0.000212,0.000966,0.001227,0.004260
299.000000,0.001061,-0.000317,0.001341,0.001185,0.004242
300.000000,0.000427,-0.000850,0.000375,0.000865,-0.008502
301.000000,-0.001706,-0.001277,-0.000320,0.000722,-0.003207
302.000000,-0.001285,-0.001810,-0.000640,0.000578,-0.003217
303.000000,-0.002998,-0.002240,-0.000696,0.000471,-0.004306
304.000000,-0.005145,-0.002042,-0.000861,0.000290,-0.006494
305.000000,-0.000641,-0.000107,-0.000160,0.000758,0.014016
306.000000,0.000641,-0.000532,0.000000,0.000719,0.003207
307.000000,0.000429,-0.000428,-0.000321,0.000395,-0.004278
308.000000,0.003423,0.000212,0.000000,0.000715,0.010661
309.000000,0.004721,-0.000212,-0.000264,0.000823,0.000000
310.000000,0.002130,0.000744,-0.000053,0.000498,0.001060
311.000000,0.001489,0.001065,-0.000106,0.000142,0.000000
312.000000,0.002767,0.001598,-0.000106,0.000106,0.002116
313.000000,0.000000,0.001711,-0.000264,0.000106,-0.003176
314.000000,0.001058,0.002889,0.000424,0.000389,0.005288
315.000000,0.001478,0.001804,0.000848,0.000494,0.003160
316.000000,0.001267,0.001378,0.000423,0.000459,-0.001052
317.000000,-0.000421,0.001173,0.000373,0.000177,-0.006325
318.000000,0.001269,0.000634,0.000423,0.000211,0.005272
319.000000,0.000000,0.000529,0.000158,0.000000,-0.001054
320.000000,-0.000843,0.000317,0.000531,0.000070,-0.001055
321.000000,0.000210,0.000739,0.000902,0.000176,0.004215
322.000000,0.004398,0.001989,0.001793,0.000592,0.014614
323.000000,0.000421,0.000845,0.001278,0.000105,-0.014614
324.000000,0.000421,0.000211,0.001550,0.000353,-0.001052
325.000000,0.003766,0.001461,0.001633,0.001053,0.015666
326.000000,0.003750,0.001980,0.001679,0.000942,0.004137
327.000000,0.001034,0.002716,0.001945,0.001154,0.001031
328.000000,0.003130,0.001776,0.001205,0.000874,-0.004132
329.000000,0.004167,0.002294,0.001411,0.000870,0.004132
330.000000,0.002676,0.003221,0.001769,0.001428,0.008214
331.000000,0.000206,0.001978,0.001358,0.001261,-0.008214
332.000000,0.000823,0.000928,0.001458,0.001505,0.004115
333.000000,0.001855,0.002492,0.001669,0.001683,0.001026
334.000000,0.001438,0.002802,0.001507,0.001968,0.002049
335.000000,0.000000,0.001338,0.001400,0.001534,0.001023
336.000000,0.001028,0.000617,0.001299,0.001325,-0.003072
337.000000,0.000615,0.000719,0.001717,0.001536,0.002049
338.000000,0.000614,0.001235,0.001505,0.001215,0.001023
339.000000,0.000409,0.000924,0.001609,0.001249,0.001022
340.000000,0.005248,0.002624,0.002922,0.002054,0.025216
341.000000,0.002649,0.001839,0.001908,0.001519,-0.016065
342.000000,0.002037,0.001326,0.001127,0.001414,-0.001013
343.000000,-0.000820,-0.000103,0.001195,0.001078,-0.013259
344.000000,0.000815,0.000612,0.001707,0.001208,0.009198
345.000000,-0.004635,0.000306,0.000822,0.001035,-0.002037
346.000000,0.000202,0.001426,0.001021,0.001341,0.008122
347.000000,0.002217,0.002127,0.001423,0.001854,0.009059
348.000000,0.004668,0.001924,0.001579,0.001645,-0.001003
349.000000,0.003429,0.002122,0.001523,0.001780,0.003005
350.000000,0.003155,-0.000740,0.000942,0.001702,-0.003406
351.000000,0.001812,0.001007,0.001423,0.001608,0.001404
352.000000,-0.000401,0.000908,0.001117,0.001054,-0.002006
353.000000,-0.000804,0.001932,0.000915,0.001441,-0.003017
354.000000,-0.001405,0.001012,0.000812,0.001476,0.000000
355.000000,-0.001531,0.000812,0.000559,0.000819,-0.004036
356.000000,-0.003029,-0.000609,0.000409,0.000478,-0.006085
357.000000,-0.002424,-0.001413,0.000357,0.000478,0.001017
358.000000,0.001605,0.000400,0.001162,0.001186,0.017129
359.000000,-0.002840,-0.002122,0.000000,0.000308,-0.022223
360.000000,-0.002237,-0.001884,-0.001312,0.000000,-0.001022
361.000000,-0.002251,-0.002640,-0.000816,0.000069,-0.006154
362.000000,-0.001223,-0.001824,-0.000458,0.000137,0.006154
363.000000,-0.006086,-0.002240,-0.000154,-0.000137,-0.007183
364.000000,-0.001641,-0.002240,-0.000614,-0.000205,0.000000
365.000000,-0.002056,-0.002146,-0.000667,-0.000343,-0.003094
366.000000,-0.000412,-0.001331,-0.000970,-0.000171,0.002064
367.000000,-0.001437,-0.001330,-0.001371,-0.000205,0.001030
368.000000,0.000000,-0.003043,-0.001321,-0.000239,0.000000
369.000000,0.000822,-0.000409,-0.001266,-0.000136,0.004111
370.000000,0.002464,0.000204,-0.000840,-0.000806,0.005115
371.000000,0.002255,0.000922,-0.000859,-0.000237,0.001020
372.000000,0.002253,0.000408,-0.000708,-0.000169,0.001019
373.000000,0.002660,0.001330,-0.000455,0.000340,0.002035
374.000000,0.002447,0.001634,-0.000303,0.000135,0.003044
375.000000,0.001423,0.001944,-0.000101,0.000203,0.000000
376.000000,-0.000408,0.000924,-0.000204,-0.000339,-0.008138
377.000000,-0.002665,-0.000206,-0.000768,-0.000983,-0.010267
378.000000,-0.001019,0.000821,-0.001111,-0.000607,0.010267
379.000000,-0.003681,-0.000617,-0.000513,-0.001050,-0.010267
380.000000,-0.003681,-0.001129,-0.000462,-0.000936,0.000000
381.000000,-0.001024,-0.000716,0.000103,-0.000811,0.005147
382.000000,0.002462,-0.000102,0.000153,-0.000506,0.007161
383.000000,-0.002260,-0.001639,-0.000155,-0.000850,-0.013340
384.000000,-0.001242,-0.002462,-0.000414,-0.001023,-0.005179
385.000000,-0.000827,-0.002254,-0.000155,-0.000819,0.002075
386.000000,-0.001857,-0.001440,-0.000258,-0.000616,0.000000
387.000000,-0.002049,0.000206,0.000000,-0.000443,0.006198
388.000000,0.003075,0.000408,0.000614,-0.000605,0.012283
389.000000,0.002887,0.000822,0.000102,-0.000068,-0.006122
390.000000,0.003900,0.001536,0.000204,0.000204,0.007139
391.000000,0.004306,0.001225,0.000254,0.000477,0.002030
392.000000,0.004078,0.001014,0.000456,0.000440,0.005058
393.000000,0.001823,0.002449,0.000405,0.000713,0.001009
394.000000,0.002846,0.002866,0.000202,0.000680,-0.001009
395.000000,-0.000611,0.001644,-0.000305,0.000445,-0.010142
396.000000,0.000810,0.002558,0.000559,0.000680,0.009132
397.000000,-0.000202,0.001938,0.001072,0.000646,0.000000
398.000000,-0.001823,0.000000,0.000204,0.000409,-0.007096
399.000000,-0.003050,-0.000102,0.000360,0.000034,-0.007147
400.000000,-0.000408,-0.000509,0.000513,-0.000034,0.003069
401.000000,-0.002644,-0.000917,0.000154,-0.000136,-0.002045
402.000000,-0.000607,-0.000404,0.000305,0.000169,0.010183
403.000000,0.000000,-0.000911,0.000769,-0.000034,-0.004061
404.000000,0.000205,-0.001423,0.000722,-0.000339,-0.006122
405.000000,-0.001435,-0.000922,0.000361,-0.000510,-0.005131
406.000000,0.000205,-0.001220,0.000669,-0.000034,0.006154
407.000000,-0.002241,-0.001424,0.000257,0.000240,-0.002047
408.000000,0.000203,0.000102,0.000051,0.000170,0.008163
409.000000,0.003450,0.001827,0.000863,0.000849,0.010111
410.000000,0.004073,0.001319,0.000405,0.000782,-0.002014
411.000000,0.001832,0.001018,0.000051,0.000442,-0.005053
412.000000,0.002848,0.000303,-0.000050,0.000304,0.003035
413.000000,0.001619,0.000911,0.000000,0.000816,0.002018
414.000000,-0.000403,0.001524,0.000050,0.000989,0.000000
415.000000,0.001406,0.002740,0.000909,0.001154,0.007032
416.000000,0.000809,0.001320,0.000050,0.000886,-0.008040
417.000000,0.001208,0.002028,0.000302,0.000847,0.005033
418.000000,-0.000404,0.000608,0.000355,0.000237,-0.006042
419.000000,0.000403,0.000000,0.000914,0.000575,0.004032
420.000000,-0.001406,0.000000,0.000660,0.000270,-0.002014
421.000000,-0.000404,0.000202,0.000610,0.000101,-0.003029
422.000000,-0.001206,0.000001,0.000152,-0.000033,0.001021
423.000000,0.000404,0.000000,0.000456,0.000000,0.002008
424.000000,0.000000,0.000201,0.000863,0.000101,0.002014
425.000000,-0.001619,-0.001513,0.000614,0.000102,-0.010111
426.000000,-0.002237,-0.001320,0.000000,-0.000407,-0.006116
427.000000,-0.004290,-0.002748,-0.000360,-0.000715,-0.009245
428.000000,-0.004485,-0.002041,-0.000716,-0.000444,0.001031
429.000000,-0.004065,-0.002033,-0.001016,-0.000068,0.004115
430.000000,-0.003485,-0.002552,-0.001276,-0.000411,-0.007213
431.000000,-0.001231,-0.001734,-0.000766,-0.000171,0.005157
432.000000,-0.000620,-0.002455,-0.001227,-0.000717,-0.006192
433.000000,-0.000620,-0.002552,-0.001276,-0.000547,0.001035
434.000000,-0.002272,-0.003168,-0.001483,-0.000481,-0.004145
435.000000,0.000207,-0.001639,-0.001576,-0.000137,0.005179
436.000000,-0.002068,-0.001650,-0.001485,-0.000550,-0.006218
437.000000,-0.000415,-0.000517,-0.001633,-0.000412,0.002077
438.000000,0.000826,0.000103,-0.000969,-0.000443,0.007235
439.000000,0.002887,0.000308,-0.000863,-0.000575,0.006160
440.000000,0.002056,0.001131,-0.000711,-0.000474,0.001023
441.000000,0.003299,0.000615,-0.000559,-0.000305,0.000000
442.000000,0.001859,0.000722,-0.000867,-0.000577,-0.005126
443.000000,0.001375,0.001100,-0.000726,-0.000484,0.004819
444.000000,0.001021,0.001954,-0.000607,-0.000338,0.004388
445.000000,-0.000614,0.000721,-0.000459,-0.000811,-0.007154
446.000000,-0.001025,0.001137,-0.000256,-0.000611,-0.002053
447.000000,0.000411,0.001135,0.000309,-0.000710,0.002053
448.000000,-0.001581,-0.000103,0.000000,-0.000680,-0.005141
449.000000,-0.001021,0.000000,0.000154,-0.000575,0.007191
450.000000,0.000614,0.000000,0.000566,-0.000474,0.001023
451.000000,0.001025,0.000000,0.000308,-0.000373,0.000000
452.000000,-0.000205,0.000103,0.000412,-0.000543,-0.004098
453.000000,0.000412,-0.000585,0.000258,-0.000679,-0.002055
454.000000,-0.001438,-0.001230,0.000362,-0.000815,-0.002060
455.000000,-0.001849,-0.000617,0.000052,-0.000512,-0.001031
456.000000,-0.001437,-0.000206,0.000466,-0.000239,0.002062
457.000000,-0.001443,-0.000824,0.000155,-0.000069,-0.004128
458.000000,0.000821,0.000617,0.000257,0.000206,0.009264
459.000000,0.001847,0.000204,0.000102,0.000171,0.003069
460.000000,0.001849,0.000000,0.000000,0.000377,-0.001022
461.000000,0.001437,0.000000,0.000000,0.000205,0.000000
462.000000,0.000413,-0.000515,-0.000206,0.000103,-0.009245
463.000000,-0.000616,0.000103,-0.000241,0.000206,0.004119
464.000000,-0.000204,0.000821,-0.000204,0.000515,0.005126
465.000000,-0.001025,0.000412,-0.000103,0.000172,-0.005126
466.000000,-0.001025,0.000206,0.000000,0.000379,0.000000
467.000000,0.000000,0.000207,-0.000309,0.000172,-0.004119
468.000000,-0.000824,-0.000720,-0.000052,-0.000069,0.000000
469.000000,-0.002884,-0.001544,-0.000670,-0.000447,-0.005173
470.000000,-0.002066,-0.001546,-0.000773,-0.000515,-0.001038
471.000000,-0.001859,-0.001442,-0.000721,-0.000481,0.001038
472.000000,-0.001035,-0.000517,-0.000516,-0.000310,0.000000
473.000000,-0.001866,-0.001345,-0.000621,-0.000609,-0.004158
474.000000,0.000207,-0.001338,-0.000258,-0.000582,0.005195
475.000000,0.000827,-0.000620,-0.000104,-0.000275,0.002060
476.000000,-0.000208,-0.001033,-0.000414,-0.000344,-0.004135
477.000000,-0.001249,-0.001142,-0.000468,-0.000586,-0.005206
478.000000,0.000624,-0.000621,-0.000670,-0.000241,0.005206
479.000000,-0.000831,-0.000312,-0.000928,-0.000550,-0.002079
480.000000,-0.001243,-0.000208,-0.000877,-0.000585,0.000000
481.000000,0.000415,0.000104,-0.000669,-0.000446,0.004154
482.000000,0.000625,-0.000312,-0.000415,-0.000448,-0.004154
483.000000,0.000415,0.000519,-0.000413,-0.000241,0.004154
484.000000,0.001245,0.000207,-0.000566,-0.000103,0.002070
485.000000,-0.000417,-0.000830,-0.000725,-0.000346,-0.008307
486.000000,-0.001247,-0.000416,-0.000725,-0.000415,0.000000
487.000000,0.001864,0.001245,0.000052,0.000103,0.011405
488.000000,0.001857,0.001136,0.000257,-0.000068,0.004115
489.000000,0.000620,0.000932,0.000310,-0.000308,-0.004115
490.000000,0.002693,0.001138,0.000465,-0.000205,0.002060
491.000000,0.003104,0.000928,0.000516,-0.000137,0.002055
492.000000,0.000000,0.000932,0.000310,0.000034,-0.004115
493.000000,0.000410,0.001133,0.000826,0.000103,0.006167
494.000000,0.001028,0.000824,0.000515,-0.000102,-0.001025
495.000000,0.001231,0.001962,0.000566,0.000171,0.003072
496.000000,0.001840,0.002472,0.001028,0.000341,0.005099
497.000000,0.000206,0.000103,0.000674,0.000069,-0.012283
498.000000,0.001022,0.000716,0.000926,0.000410,0.010246
499.000000,0.000410,0.000719,0.000826,0.000447,-0.004086
500.000000,-0.000820,0.000206,0.000672,0.000379,-0.003075
501.000000,-0.001840,0.000000,0.000464,0.000344,0.000000
502.000000,0.001641,0.000924,0.000928,0.000515,0.005120
503.000000,-0.000408,0.000307,0.000720,0.000653,0.000000
504.000000,0.001347,0.000878,0.000851,0.000636,0.004688
505.000000,0.003461,0.001320,0.001641,0.000818,0.007495
506.000000,0.004266,0.001213,0.001843,0.001090,0.004028
507.000000,0.001628,0.001634,0.000869,0.000994,-0.008073
508.000000,0.004245,0.001918,0.001317,0.001257,0.013085
509.000000,0.003307,0.002327,0.001523,0.001326,0.000000
510.000000,0.001608,0.002534,0.001370,0.001293,-0.001001
511.000000,0.000802,0.002534,0.001267,0.001154,0.000000
512.000000,0.002417,0.002022,0.001473,0.001293,0.000000
513.000000,0.000200,0.002222,0.001265,0.001221,0.002000
514.000000,-0.001003,0.001152,0.001015,0.000951,-0.006012
515.000000,-0.001004,0.000302,0.000811,0.001195,-0.001006
516.000000,0.000200,0.000501,0.000857,0.001395,0.006018
517.000000,0.000799,0.001608,0.001621,0.001115,0.002996
518.000000,-0.001404,-0.000602,0.000658,0.000678,-0.009014
519.000000,0.000602,-0.000200,0.001063,0.000949,0.004016
520.000000,0.002996,0.000996,0.001765,0.001245,0.010962
521.000000,0.001990,0.001095,0.001815,0.001210,0.000991
522.000000,0.002379,0.001589,0.001806,0.001512,0.004938
523.000000,0.004181,0.001389,0.001806,0.001306,0.000000
524.000000,0.002588,0.001595,0.001374,0.001209,-0.003949
525.000000,-0.000198,0.001399,0.000850,0.001007,-0.002972
526.000000,-0.001990,0.000000,0.000251,0.000572,-0.007968
527.000000,-0.003158,-0.000390,0.000609,0.000951,-0.000900
528.000000,-0.003980,0.000101,-0.000251,0.000472,-0.004112
529.000000,-0.002990,-0.000201,-0.000200,0.000642,0.001005
530.000000,-0.003402,-0.001800,-0.000402,0.000577,-0.005033
531.000000,-0.002034,-0.002012,-0.000459,0.000539,-0.001131
532.000000,-0.002234,-0.002696,-0.000554,0.000305,-0.001901
533.000000,-0.003038,-0.003509,-0.001060,0.000034,-0.008130
534.000000,-0.002221,-0.002605,-0.000505,0.000047,0.005089
535.000000,-0.001093,-0.002247,-0.000424,-0.000182,0.000609
536.000000,-0.000988,-0.001511,-0.000756,-0.000337,-0.000609
537.000000,0.002114,-0.000060,-0.000225,0.000386,0.013613
538.000000,0.004041,0.000501,0.000301,0.000000,0.001501
539.000000,0.002823,0.000301,0.000050,-0.000033,-0.001001
540.000000,0.001295,0.000101,-0.000850,-0.000234,-0.007032
541.000000,0.002622,0.000817,-0.000598,-0.000033,0.006030
542.000000,-0.002926,-0.000406,-0.001551,-0.000504,-0.014127
543.000000,-0.003429,0.000306,-0.001602,-0.000605,-0.001017
544.000000,-0.001810,0.000506,-0.001050,-0.000168,0.007096
545.000000,-0.001213,0.000041,-0.001103,-0.000269,-0.004049
546.000000,-0.002622,0.000000,-0.000756,-0.000504,-0.001015
547.000000,0.000811,-0.001057,-0.000559,-0.000502,0.003041
548.000000,0.001217,-0.001106,-0.000302,-0.000168,0.001012
549.000000,-0.001419,-0.001615,-0.000657,-0.000505,-0.006085
550.000000,-0.001221,-0.001217,-0.000558,-0.000972,-0.003057
551.000000,-0.002246,-0.002434,-0.000809,-0.001210,-0.006141
552.000000,-0.003265,-0.001227,-0.000816,-0.001443,-0.002055
553.000000,-0.004292,-0.001538,-0.000616,-0.001580,-0.004124
554.000000,-0.000407,-0.000913,-0.000203,-0.001004,0.013340
555.000000,-0.001639,-0.001430,-0.000695,-0.001212,-0.009217
556.000000,0.001024,-0.000611,-0.000305,-0.000707,0.007176
557.000000,0.002454,-0.000406,-0.000731,-0.000508,0.005094
558.000000,0.003075,-0.000609,-0.000857,-0.000404,-0.001017
559.000000,-0.001638,-0.001023,-0.001319,-0.000779,-0.010225
560.000000,-0.000825,-0.001232,-0.001225,-0.000783,-0.005152
561.000000,-0.001641,-0.000308,-0.001371,-0.000642,0.003094
562.000000,-0.002043,0.000206,-0.000511,-0.000476,0.003085
563.000000,-0.001840,0.000618,-0.000460,-0.000205,0.000000
564.000000,0.001434,-0.000102,-0.000508,-0.000170,0.006141
565.000000,0.001236,0.000206,-0.000612,-0.000395,-0.006141
566.000000,0.000206,-0.000718,-0.000664,-0.000443,-0.002055
567.000000,0.001228,-0.000407,-0.000407,-0.000623,0.008197
568.000000,0.001228,-0.000306,-0.000457,-0.000673,0.000000
569.000000,0.001018,0.001226,0.000102,-0.000470,0.005089
570.000000,0.000615,0.000925,-0.000153,-0.000508,-0.008155
571.000000,0.001435,0.000821,0.000256,-0.000641,0.002045
572.000000,0.000204,0.000716,0.000461,-0.000102,0.002041
573.000000,0.000408,0.000818,0.000718,-0.000034,0.001019
574.000000,-0.001018,0.000000,-0.000051,-0.000338,-0.002039
575.000000,0.000817,0.000716,0.000461,-0.000169,0.001020
576.000000,0.000408,0.000922,0.000102,-0.000136,0.000000
577.000000,0.000407,0.000306,-0.000051,-0.000169,0.002037
578.000000,0.001218,0.000813,0.000254,-0.000034,0.005074
579.000000,0.001626,0.000304,0.000765,0.000169,0.000000
580.000000,0.001220,0.001018,0.000972,0.000237,-0.001013
581.000000,0.000407,0.000408,0.000614,0.000307,-0.004061
582.000000,0.001823,0.001115,0.000916,0.000679,0.009114
583.000000,-0.000608,0.000305,0.000562,0.000580,-0.007081
584.000000,-0.000608,0.000509,0.000254,0.000136,0.000000
585.000000,-0.001016,0.000102,0.000409,0.000341,-0.003050
586.000000,-0.001020,-0.000306,0.000308,-0.000034,-0.004082
587.000000,-0.004279,-0.001228,-0.000461,-0.000443,-0.007183
588.000000,-0.004103,-0.002355,-0.000771,-0.000616,-0.006198
589.000000,-0.003896,-0.002252,-0.000974,-0.000241,0.001036
590.000000,-0.002459,-0.001737,-0.000360,0.000069,0.004132
591.000000,-0.003299,-0.002159,-0.000876,-0.000310,-0.008282
592.000000,0.000617,-0.001831,-0.000358,0.000000,0.012397
593.000000,-0.001039,-0.002571,-0.001133,-0.000483,-0.014478
594.000000,0.000620,-0.001638,-0.000564,-0.000376,0.009331
595.000000,0.001643,-0.000408,-0.000153,0.000137,0.009245
596.000000,0.002068,-0.000615,-0.000461,0.000000,-0.006154
597.000000,0.000205,0.000411,-0.000409,-0.000171,0.003082
598.000000,0.003511,0.001236,-0.000560,-0.000102,0.002049
599.000000,0.002053,0.001337,-0.000458,-0.000204,0.002045
600.000000,-0.001231,0.000206,-0.000766,-0.000171,-0.007176
601.000000,-0.001031,0.000518,-0.000821,-0.000411,-0.005157
602.000000,0.000614,0.000410,-0.000711,-0.000102,0.011311
603.000000,-0.001438,0.001036,-0.000767,-0.000410,-0.008214
604.000000,-0.001230,0.000412,-0.000613,-0.000239,0.003088
605.000000,0.000000,-0.000615,-0.000512,-0.000307,-0.001028
606.000000,-0.000414,-0.000723,-0.000669,-0.000548,-0.007228
607.000000,-0.002262,-0.000824,-0.000206,-0.000547,0.002070
608.000000,-0.001034,-0.001236,0.000000,-0.000785,-0.002070
609.000000,-0.001237,-0.001233,0.000052,-0.000716,0.002070
610.000000,-0.001446,-0.000723,-0.000258,-0.000751,-0.002070
611.000000,-0.001874,-0.001144,-0.000313,-0.000928,-0.009370
612.000000,-0.000414,-0.001338,-0.000464,-0.000920,0.009370
613.000000,-0.000415,-0.000724,0.000156,-0.000753,-0.002075
614.000000,0.000000,-0.000619,-0.000103,-0.000615,0.004145
615.000000,0.000207,-0.000619,-0.000617,-0.000548,-0.001035
616.000000,0.002495,0.000310,-0.000206,-0.000343,0.002068
617.000000,0.003900,0.001743,0.000459,0.000443,0.016394
618.000000,0.003091,0.001338,0.000051,0.000446,-0.006116
619.000000,0.002467,0.001233,0.000000,0.000446,0.001022
620.000000,0.001649,0.000928,0.000103,0.000137,-0.005120
621.000000,0.001236,0.001865,0.000361,0.000413,0.000000
622.000000,-0.002043,0.000928,-0.000205,0.000000,0.000000
623.000000,-0.000820,0.001136,0.000206,0.000483,0.000000
624.000000,-0.001230,0.000619,0.000000,0.000137,-0.001027
625.000000,-0.000823,0.000413,-0.000103,-0.000274,-0.003088
626.000000,-0.000823,0.000206,0.000258,-0.000069,0.000000
627.000000,-0.000411,-0.001227,0.000258,-0.000103,0.002060
628.000000,-0.001443,-0.001131,0.000104,-0.000343,-0.005157
629.000000,0.001434,0.000102,0.000668,0.000034,0.013354
630.000000,0.001643,0.000410,0.000669,0.000205,-0.002043
631.000000,0.002051,0.000614,0.001240,0.000445,0.002043
632.000000,0.001435,0.000512,0.000720,0.000034,-0.001021
633.000000,0.003485,0.001021,0.001079,0.000478,0.005094
634.000000,-0.002258,-0.000412,0.000103,-0.000137,-0.015361
635.000000,-0.002262,-0.000310,0.000052,-0.000172,-0.002066
636.000000,-0.002878,-0.000413,-0.000103,0.000035,-0.001035
637.000000,-0.003296,-0.000930,-0.001079,-0.000138,-0.003110
638.000000,-0.003900,-0.000207,-0.000669,0.000000,0.002075
639.000000,-0.001450,-0.001854,-0.000876,-0.000173,-0.003114
640.000000,-0.000621,-0.001442,-0.000516,-0.000035,0.002077
641.000000,0.000207,-0.001335,-0.000361,0.000381,0.003107
642.000000,0.002066,-0.000615,-0.000051,0.000275,0.006186
643.000000,0.001653,-0.001123,-0.000051,0.000345,0.000010
644.000000,0.002253,0.000402,-0.000005,0.000203,-0.000113
645.000000,0.001859,0.000619,0.000154,0.000241,0.000103
646.000000,0.001853,0.001030,0.000308,0.000274,0.003079
647.000000,0.001230,0.001648,0.000359,-0.000170,0.003069
648.000000,0.002652,0.002153,0.000973,0.000272,0.007125
649.000000,0.001454,0.001854,0.000000,0.000034,-0.006104
650.000000,0.001230,0.001544,0.000051,0.000171,-0.001021
651.000000,0.002037,0.001945,0.000305,0.000408,0.007115
652.000000,0.001830,0.001530,0.000458,0.000476,0.002036
653.000000,0.000608,0.001630,0.000253,0.000509,0.001012
654.000000,-0.000613,0.000421,0.000411,0.000137,-0.012208
655.000000,0.000612,0.000921,0.000770,0.000410,0.005105
656.000000,-0.001832,0.000102,0.000566,0.000240,-0.005105
657.000000,-0.002947,-0.000558,0.000545,0.000053,-0.003537
658.000000,-0.004086,-0.001739,0.000207,0.000069,-0.004685
659.000000,-0.001851,-0.001232,0.000311,-0.000411,-0.001033
660.000000,-0.002667,-0.001028,0.000258,-0.000309,0.001022
661.000000,-0.001026,-0.001429,0.000258,-0.000273,0.003102
662.000000,-0.001557,-0.002252,-0.000361,-0.000446,-0.006192
663.000000,-0.000196,-0.002141,-0.000256,-0.000545,0.002120
664.000000,-0.001368,-0.001610,-0.000595,-0.000262,-0.006893
665.000000,-0.002490,-0.002579,-0.000829,-0.000347,-0.004587
666.000000,-0.002693,-0.001860,-0.000879,-0.000242,0.002088
667.000000,-0.001872,-0.001715,-0.001136,-0.000208,-0.002088
668.000000,-0.003134,-0.001665,-0.001702,-0.000417,-0.004188
669.000000,0.000125,-0.000622,-0.000927,0.000000,0.009400
670.000000,0.002286,-0.000102,-0.000565,0.000138,0.006218
671.000000,-0.000209,-0.001451,-0.001440,-0.000312,-0.010384
672.000000,-0.000418,-0.001145,-0.001699,-0.000622,-0.003136
673.000000,0.002088,-0.000523,-0.001332,-0.000345,0.008342
674.000000,-0.000416,-0.000146,-0.000878,-0.000445,-0.003120
675.000000,-0.001244,0.000521,-0.001029,-0.000379,0.002081
676.000000,0.000000,-0.000104,-0.000982,-0.000620,-0.004167
677.000000,0.000209,-0.000105,-0.000910,-0.000792,-0.002090
678.000000,-0.002298,-0.000105,-0.000885,-0.001170,-0.004193
679.000000,-0.002305,-0.001361,-0.000991,-0.001071,-0.003156
680.000000,-0.002262,-0.001753,-0.000928,-0.000961,0.002295
681.000000,0.000833,0.000417,-0.000517,-0.000821,0.011311
682.000000,0.001667,0.000938,-0.000104,-0.000820,0.002077
683.000000,0.002505,0.000104,-0.000210,-0.000853,0.000000
684.000000,0.003136,0.000416,0.000135,-0.000447,0.000000
685.000000,0.003919,0.000828,0.000675,-0.000410,0.006205
686.000000,0.001450,0.001142,0.000519,-0.000274,-0.001031
687.000000,0.001241,0.001454,0.000675,-0.000122,0.001031
688.000000,0.001451,0.001978,0.000937,0.000069,0.001051
689.000000,0.001241,0.002189,0.000414,0.000069,-0.001051
690.000000,0.000206,0.002062,0.000155,0.000069,0.001030
691.000000,0.000412,0.000931,0.000674,-0.000034,0.000000
692.000000,0.000206,0.000724,0.000831,0.000172,0.000000
693.000000,-0.000210,0.000620,0.000362,0.000067,-0.001030
694.000000,-0.000698,0.000271,0.000344,0.000180,-0.003491
695.000000,-0.000619,-0.000206,0.000311,0.000381,0.001427
696.000000,-0.000206,0.000103,0.000622,0.000380,0.002064
697.000000,0.001845,0.001026,0.001240,0.000792,0.010257
698.000000,0.001438,0.000614,0.001296,0.000829,-0.003066
699.000000,0.001110,0.000206,0.001197,0.000345,-0.005131
700.000000,0.002872,0.001126,0.001594,0.000479,0.010236
701.000000,0.000206,0.000000,0.000466,0.000449,-0.011265
702.000000,-0.001434,0.000206,0.000465,0.000622,0.002058
703.000000,-0.001438,0.000000,0.000310,0.000241,-0.003088
704.000000,-0.001031,0.000039,0.000155,0.000242,-0.003098
705.000000,-0.002253,0.000309,0.000052,0.000310,0.004128
706.000000,0.001232,0.000719,0.000411,0.000655,0.006160
707.000000,-0.000206,-0.000820,0.000103,0.000553,-0.005131
708.000000,0.001643,0.000102,0.000358,0.000898,0.006154
709.000000,0.002262,0.000615,0.000411,0.001003,0.000000
710.000000,0.003471,0.000609,0.000868,0.001266,0.010173
711.000000,-0.000205,0.000514,0.000257,0.000482,-0.012220
712.000000,0.001639,0.000717,0.000461,0.000549,0.004090
713.000000,0.003044,0.002343,0.001172,0.000988,0.013178
714.000000,0.001020,0.001641,0.000840,0.000651,-0.010122
715.000000,0.001211,0.002341,0.001325,0.000815,0.011128
716.000000,0.002444,0.001120,0.000919,0.000647,-0.006055
717.000000,0.001626,0.001633,0.000407,0.000613,0.000000
718.000000,0.000201,0.001623,0.000863,0.000780,0.006055
719.000000,0.002628,0.001824,0.001220,0.000882,0.002010
720.000000,-0.000201,0.000505,0.000557,0.000747,-0.003017
721.000000,0.001010,0.001727,0.001120,0.000747,0.000000
722.000000,0.000404,0.001015,0.000866,0.000646,-0.003026
723.000000,-0.000806,-0.000303,0.001020,0.000680,0.000000
724.000000,-0.003852,-0.000612,0.000514,0.000356,-0.013218
725.000000,-0.002636,-0.001418,0.000461,0.000411,0.003066
726.000000,-0.002840,-0.000915,0.000102,0.000308,-0.001021
727.000000,-0.001419,-0.000507,0.000563,0.000102,0.004077
728.000000,-0.000984,-0.000895,0.000364,0.000277,0.002175
729.000000,0.001092,-0.001380,0.000222,0.000353,-0.002836
730.000000,0.000611,-0.001012,-0.000254,0.000034,0.000661
731.000000,0.000000,-0.001420,0.000153,0.000274,-0.004077
732.000000,-0.000611,-0.001015,0.000000,0.000239,0.001021
733.000000,-0.001455,-0.001220,-0.000761,0.000274,-0.002043
734.000000,-0.001502,-0.000205,-0.000409,0.000275,-0.003072
735.000000,-0.002251,-0.000820,-0.001119,0.000034,-0.003082
736.000000,0.000204,0.000102,-0.000407,0.000102,0.008197
737.000000,-0.000204,-0.000408,-0.000458,0.000239,-0.001021
738.000000,-0.000205,-0.000830,-0.000863,-0.000034,-0.002045
739.000000,0.001227,-0.000138,-0.000759,0.000102,0.004086
740.000000,0.003468,0.000609,-0.000202,0.000034,0.008122
741.000000,0.003038,0.001621,0.000101,0.000643,0.006048
742.000000,0.001222,0.000509,-0.000253,0.000170,-0.010101
743.000000,0.001428,0.000612,-0.000304,-0.000303,-0.001016
744.000000,0.001017,0.001122,0.000458,0.000102,0.002030
745.000000,0.001009,0.002238,0.000709,0.000000,0.008081
746.000000,-0.001252,0.000893,0.000498,0.000027,-0.005255
747.000000,0.002422,0.001822,0.000707,0.000302,0.008269
748.000000,0.001418,0.001423,0.000297,-0.000101,-0.006036
749.000000,0.001616,0.001316,0.000589,-0.000067,0.003023
750.000000,0.002002,0.001505,0.001057,0.000367,0.010010
751.000000,0.001053,-0.000100,0.000761,0.000034,-0.010000
752.000000,-0.000402,0.001010,0.000760,0.000168,0.000995
753.000000,0.002607,0.002012,0.001312,0.000468,0.009005
754.000000,0.002002,0.001809,0.001465,0.000909,0.000000
755.000000,0.000199,0.001101,0.001669,0.000840,0.000996
756.000000,0.002795,0.001924,0.001409,0.000973,0.002981
757.000000,0.003783,0.001691,0.001756,0.001035,0.005935
758.000000,-0.000179,0.001214,0.001318,0.000602,-0.010808
759.000000,0.001390,0.001696,0.001506,0.000958,0.007845
760.000000,0.002769,0.001484,0.001495,0.001199,0.007892
761.000000,0.000594,0.001695,0.000798,0.001072,-0.007892
762.000000,-0.004387,-0.000302,0.000354,0.000406,-0.018972
763.000000,-0.002427,-0.001303,0.000354,0.000440,-0.001009
764.000000,-0.003996,-0.001303,0.000253,0.000543,0.000000
765.000000,-0.006789,-0.002010,-0.000455,0.000443,-0.006073
766.000000,-0.006433,-0.002919,-0.000498,-0.000034,-0.006110
767.000000,0.000000,-0.002194,-0.000251,0.000440,0.013191
768.000000,-0.001012,-0.001719,-0.000253,0.000306,-0.006067
769.000000,-0.001621,-0.002809,-0.000556,0.000068,-0.003047
770.000000,0.000406,-0.003192,-0.000854,-0.000067,0.004061
771.000000,0.002437,-0.001998,-0.000152,-0.000134,0.004044
772.000000,0.000202,0.000101,-0.000101,0.000270,0.002016
773.000000,0.001616,0.000302,-0.000501,0.000337,0.001007
774.000000,0.002226,0.000302,-0.000501,0.000269,0.000000
775.000000,0.002016,0.001211,-0.000400,0.000100,0.003014
776.000000,0.002407,0.002422,-0.000249,0.000476,0.006000
777.000000,0.001405,0.000803,-0.000695,0.000100,-0.002996
778.000000,0.002599,0.002107,0.000194,0.000534,0.006976
779.000000,0.003194,0.002710,-0.000049,0.000532,0.002975
780.000000,0.001598,0.001807,-0.000692,0.000033,-0.004963
781.000000,-0.001200,0.000604,-0.000697,0.000100,-0.007992
782.000000,-0.000200,0.000602,0.000352,0.000134,0.002004
783.000000,-0.002197,0.000201,0.000252,-0.000267,-0.003008
784.000000,-0.002993,0.000101,0.000201,-0.000300,-0.001005
785.000000,-0.001598,0.000000,0.000605,-0.000266,0.002008
786.000000,0.000201,-0.000500,0.000961,-0.000332,0.001003
787.000000,0.001595,0.000698,0.000750,-0.000231,0.008978
788.000000,0.000802,-0.000698,0.000705,-0.000103,-0.006976
789.000000,0.003783,0.000395,0.001552,0.000099,0.013903
790.000000,0.004267,0.001334,0.001571,-0.000017,0.004428
791.000000,0.004948,0.002574,0.001589,0.000393,0.004409
792.000000,0.000595,0.001095,0.000849,0.000599,-0.012789
793.000000,0.000200,0.000501,0.000351,0.000335,-0.008951
794.000000,-0.002381,0.000701,0.000401,0.000368,0.000999
795.000000,-0.003067,0.000600,0.000300,0.000604,0.000998
796.000000,-0.003550,0.000699,0.000100,0.000874,0.001992
797.000000,-0.001192,-0.000298,0.000200,0.000401,-0.000996
798.000000,0.001592,0.000896,0.000099,0.000769,0.004968
799.000000,0.002381,0.000000,0.000198,0.001035,0.004943
800.000000,0.000000,-0.001534,-0.000100,0.000536,-0.010907
801.000000,0.000398,-0.001576,0.000499,0.000534,0.003980
802.000000,-0.000199,-0.000695,0.000200,0.000334,-0.003980
803.000000,-0.000994,0.000299,0.000400,0.000334,0.000997
804.000000,-0.002381,0.000000,0.000351,0.000267,-0.001994
805.000000,0.000398,0.000199,0.000400,0.000266,0.002990
806.000000,0.000000,0.000199,0.000449,0.000133,0.001988
807.000000,0.000995,0.000398,0.000050,0.000266,0.000993
808.000000,-0.000399,-0.000696,0.000100,-0.000166,-0.005970
809.000000,-0.000200,-0.001290,-0.000645,-0.000298,-0.000999
810.000000,-0.000598,-0.000100,-0.000817,-0.000100,0.000999
811.000000,-0.000796,-0.000398,-0.000987,0.000200,0.000998
812.000000,-0.001194,-0.000100,-0.000398,0.000100,-0.000998
813.000000,0.000000,-0.000199,0.000050,0.000200,0.000000
814.000000,-0.000200,-0.000200,-0.000100,0.000167,-0.001998
815.000000,0.001590,0.000496,0.000348,0.000432,0.009950
816.000000,0.000796,0.000000,0.000099,0.000299,-0.002975
817.000000,0.002578,0.000692,0.000545,0.000264,0.007913
818.000000,0.003757,0.001878,0.000591,0.000693,0.005894
819.000000,0.004548,0.002174,0.000442,0.000295,0.001957
820.000000,0.002558,0.002074,0.000987,0.000147,0.000000
821.000000,0.003543,0.002170,0.000886,0.000065,0.001953
822.000000,0.001375,0.001976,0.000938,0.000394,-0.002931
823.000000,0.001367,0.002562,0.001181,0.000887,0.005854
824.000000,0.000975,0.002762,0.001281,0.000854,0.000000
825.000000,-0.000980,0.000789,0.000643,0.000495,-0.009775
826.000000,-0.002158,0.000693,0.000346,0.000297,-0.003937
827.000000,0.000000,0.000687,0.000690,0.000592,0.007859
828.000000,-0.001367,0.000000,0.000939,0.000394,-0.000979
829.000000,-0.000585,0.000195,0.001185,0.000360,0.003910
830.000000,0.000589,-0.000196,0.000939,0.000593,-0.003910
831.000000,-0.000197,-0.001178,0.000496,0.000198,-0.007866
832.000000,-0.001769,-0.000885,0.000546,0.000331,0.000000
833.000000,-0.000785,-0.001076,0.000743,0.000429,0.003941
834.000000,-0.001174,-0.000879,0.000941,0.000561,0.001965
835.000000,-0.000392,0.000098,0.000444,0.000461,0.000000
836.000000,0.000788,0.000295,0.000494,0.000329,-0.001965
837.000000,0.000591,-0.000589,0.000049,0.000264,-0.000984
838.000000,0.000393,-0.000196,-0.000098,0.000561,0.002948
839.000000,-0.000002,-0.000588,-0.000196,0.000594,-0.000010
840.000000,-0.000196,-0.000294,-0.000245,0.000528,-0.000972
841.000000,0.000873,0.000831,-0.000173,0.000608,0.003383
842.000000,0.000982,0.000787,-0.000049,0.000626,-0.000441
843.000000,-0.000590,-0.000098,-0.000587,0.000463,-0.004909
844.000000,-0.000982,-0.000492,-0.000686,0.000463,-0.001970
845.000000,0.000196,0.000000,0.000049,0.000296,0.004919
846.000000,-0.000677,0.000098,0.000197,0.000362,-0.000982
847.000000,-0.000589,0.000197,-0.000196,0.000098,0.000000
848.000000,0.000393,-0.000098,-0.000147,-0.000098,0.000000
849.000000,-0.000593,-0.000787,-0.000688,-0.000393,-0.006900
850.000000,-0.003365,-0.001584,-0.000939,-0.000691,-0.008942
851.000000,-0.001974,-0.001326,-0.000247,-0.000557,0.005970
852.000000,-0.001182,-0.000885,-0.000049,-0.000328,0.003960
853.000000,-0.001976,-0.000792,-0.000445,-0.000655,-0.003970
854.000000,0.001576,0.000492,0.000000,-0.000293,0.010864
855.000000,0.003365,0.000000,0.000000,0.000033,0.000000
856.000000,0.001384,-0.000295,-0.000098,0.000033,-0.003933
857.000000,-0.001388,-0.001285,-0.000544,-0.000559,-0.009901
858.000000,0.000398,-0.000789,-0.000444,-0.000361,0.004963
859.000000,-0.001181,0.000198,-0.000295,-0.000393,0.002966
860.000000,-0.000196,0.001584,0.000000,-0.000098,0.004924
861.000000,-0.000592,0.000396,-0.000465,-0.000033,-0.005911
862.000000,0.002570,0.000591,-0.000147,0.000164,0.005911
863.000000,0.002558,0.001478,0.000343,0.000196,0.004900
864.000000,0.001769,0.000294,0.000393,0.000098,-0.000978
865.000000,0.001566,0.000685,0.000342,0.000228,0.003906
866.000000,0.003137,0.001273,0.000489,0.000359,0.001947
867.000000,0.002344,0.002457,0.000586,0.000456,0.001944
868.000000,0.000780,0.001669,0.000440,0.000261,-0.002917
869.000000,0.003222,0.002496,0.001347,0.000635,0.011232
870.000000,0.001360,0.001463,0.001523,0.000488,-0.005406
871.000000,-0.000389,0.001374,0.000885,0.000148,-0.006799
872.000000,0.000196,0.001270,0.000931,0.000325,0.004871
873.000000,0.001165,0.000973,0.001225,0.000553,0.001928
874.000000,-0.000694,0.001264,0.000779,0.000683,0.001934
875.000000,0.000580,0.000970,0.000827,0.000552,0.000966
876.000000,0.002133,0.000872,0.001072,0.000616,0.000965
877.000000,0.001736,0.000966,0.001712,0.000713,0.002889
878.000000,0.001351,0.001258,0.001464,0.000713,0.000000
879.000000,0.001348,0.000327,0.001411,0.001007,0.001921
880.000000,0.001155,0.000867,0.001165,0.001305,0.000000
881.000000,0.004953,0.003543,0.002458,0.001771,0.019953
882.000000,0.004187,0.002962,0.002116,0.001608,-0.000941
883.000000,0.002485,0.001918,0.001445,0.001456,-0.008511
884.000000,0.003048,0.002198,0.001731,0.001252,0.004737
885.000000,0.002100,0.001628,0.001299,0.001094,-0.004737
886.000000,-0.002080,0.001436,0.001154,0.001193,-0.000950
887.000000,-0.002845,0.000671,0.000819,0.001365,-0.004764
888.000000,-0.003062,-0.000289,0.000484,0.000879,-0.009597
889.000000,-0.002473,0.000287,0.000307,0.001037,0.007685
890.000000,0.000758,0.001429,0.001148,0.001253,0.011418
891.000000,0.000380,-0.000850,0.001346,0.001355,-0.002842
892.000000,0.001143,-0.000851,0.001055,0.001127,-0.000949
893.000000,0.003631,0.000284,0.001101,0.001058,0.002845
894.000000,0.002094,-0.000189,0.001004,0.001091,0.000000
895.000000,-0.000567,0.000096,0.000862,0.000898,-0.001886
896.000000,-0.000570,-0.000095,0.000671,0.000738,-0.002860
897.000000,0.000569,0.000856,0.000763,0.000831,0.004746
898.000000,-0.000379,0.001626,0.000669,0.000865,-0.001896
899.000000,-0.000379,0.000858,0.000573,0.000491,0.000000
900.000000,-0.000382,-0.000474,0.000478,0.000608,-0.001899
901.000000,-0.001337,-0.000953,-0.000902,0.000580,-0.007634
902.000000,-0.000189,0.000190,-0.000331,0.000767,0.010481
903.000000,0.001512,0.000567,0.000426,0.000923,0.006613
904.000000,0.001135,0.000378,0.000094,0.000796,-0.001885
905.000000,0.002127,0.000873,0.000484,0.000865,0.003061
906.000000,0.001337,0.000000,-0.000048,0.000447,-0.011588
907.000000,-0.001331,-0.000760,0.000048,0.000255,-0.002859
908.000000,-0.002845,-0.000666,0.000480,0.000224,-0.000955
909.000000,-0.002850,-0.000858,0.000000,0.000096,-0.001912
910.000000,-0.004038,-0.000955,-0.000715,0.000000,-0.002875
911.000000,-0.003068,-0.000866,-0.000910,-0.000890,-0.006741
912.000000,-0.001943,-0.001637,-0.000724,-0.000766,0.002769
913.000000,-0.001534,-0.002190,-0.000811,-0.000446,0.001088
914.000000,-0.000602,-0.001726,-0.000674,-0.000512,0.002749
915.000000,-0.000192,-0.002115,-0.000621,-0.000382,-0.000826
916.000000,0.001540,-0.000764,-0.000382,-0.000286,0.001919
917.000000,0.000410,-0.000766,-0.000763,-0.000224,-0.002880
918.000000,-0.001934,-0.001734,-0.001200,-0.000258,-0.010633
919.000000,-0.003458,-0.002030,-0.001444,-0.000677,-0.004871
920.000000,-0.002513,-0.001353,-0.001154,-0.000927,0.003899
921.000000,-0.002703,-0.000581,-0.000724,-0.000800,0.000972
922.000000,-0.000578,-0.000084,-0.000860,-0.000510,0.007744
923.000000,0.002319,0.000192,-0.000999,-0.000477,0.003850
924.000000,0.002330,-0.000564,-0.001145,-0.000637,-0.004815
925.000000,0.001743,-0.000385,-0.001250,-0.000542,0.000965
926.000000,0.003086,0.000192,-0.000286,-0.000191,0.007685
927.000000,0.001154,0.000288,-0.000239,-0.000413,-0.001916
928.000000,-0.000385,0.000967,-0.000384,-0.000478,-0.003842
929.000000,0.000193,0.001262,-0.000384,-0.000542,-0.001927
930.000000,0.000962,0.001353,0.000000,-0.000318,0.004810
931.000000,-0.000959,0.001063,0.000241,-0.000128,-0.001921
932.000000,-0.000576,0.000289,0.000103,-0.000477,0.000000
933.000000,-0.002713,-0.001549,-0.000678,-0.001182,-0.014528
934.000000,-0.000386,-0.000097,-0.000330,-0.000796,0.009709
935.000000,-0.003680,-0.001359,-0.000872,-0.001286,-0.011662
936.000000,-0.002127,-0.001543,-0.000676,-0.000705,0.005848
937.000000,0.000000,-0.000288,0.000000,-0.000255,0.010633
938.000000,0.005390,0.001338,0.001153,0.000190,0.012423
939.000000,0.002878,0.001246,0.001254,0.000159,-0.002853
940.000000,0.004447,0.000383,0.000868,0.000128,-0.003817
941.000000,0.004801,0.001337,0.001200,0.000606,0.007619
942.000000,0.000384,0.000192,0.000241,0.000132,-0.011451
943.000000,-0.003835,0.000777,-0.000386,-0.000193,-0.008675
944.000000,-0.003458,-0.000290,-0.000193,-0.000317,-0.000969
945.000000,-0.003666,0.000390,-0.000484,-0.000451,-0.004857
946.000000,-0.005580,-0.000389,-0.000966,-0.000580,-0.001949
947.000000,-0.005054,-0.002335,-0.001311,-0.000778,-0.008819
948.000000,-0.001946,-0.002890,-0.000776,-0.000195,0.006866
949.000000,-0.002339,-0.002899,-0.000826,-0.000130,-0.002937
950.000000,-0.001368,-0.002517,-0.001067,-0.000260,0.000000
951.000000,-0.002751,-0.004165,-0.001414,-0.000588,-0.008863
952.000000,-0.003375,-0.004214,-0.002011,-0.001244,-0.011940
953.000000,-0.007366,-0.004656,-0.001939,-0.001809,-0.013088
954.000000,-0.008612,-0.005476,-0.002883,-0.001954,-0.009170
955.000000,-0.005971,-0.003669,-0.001639,-0.001546,0.013208
956.000000,0.000000,-0.001375,-0.000882,-0.001103,0.020990
957.000000,0.002586,-0.000394,-0.001365,-0.001006,0.000989
958.000000,0.006386,-0.000490,-0.001690,-0.000681,0.005911
959.000000,0.007037,-0.000787,-0.001843,-0.000813,-0.005911
960.000000,0.004791,-0.000590,-0.001554,-0.000908,0.001974
961.000000,-0.000396,-0.000198,-0.002182,-0.001009,-0.004943
962.000000,-0.001189,0.000698,-0.001758,-0.001108,-0.002978
963.000000,-0.003968,0.001209,-0.001723,-0.000890,-0.007984
964.000000,-0.001587,0.002725,-0.001375,-0.001014,0.005994
965.000000,-0.003381,0.000705,-0.001482,-0.000858,-0.006997
966.000000,-0.000617,-0.000507,-0.000941,-0.000757,0.008877
967.000000,-0.000621,-0.000905,-0.000650,-0.001211,-0.002997
968.000000,0.000934,-0.001517,-0.001004,-0.001633,-0.000209
969.000000,-0.000798,-0.001193,-0.000990,-0.001626,-0.002666
970.000000,0.000801,-0.001290,-0.000940,-0.001466,0.001000
971.000000,-0.001976,-0.001297,-0.000747,-0.001887,-0.005008
972.000000,-0.006255,-0.003438,-0.001370,-0.002318,-0.024391
973.000000,-0.007452,-0.003259,-0.001025,-0.002235,-0.006192
974.000000,-0.012895,-0.006847,-0.002061,-0.003199,-0.029883
975.000000,-0.010880,-0.005040,-0.002168,-0.002668,0.011074
976.000000,-0.008826,-0.005401,-0.002954,-0.002428,0.005260
977.000000,-0.005634,-0.005945,-0.003425,-0.002415,-0.008430
978.000000,-0.005032,-0.006242,-0.003879,-0.002750,-0.003180
979.000000,0.003895,-0.004500,-0.002846,-0.002160,0.014753
980.000000,0.003555,-0.003663,-0.002477,-0.001848,0.009370
981.000000,0.000210,-0.004308,-0.002803,-0.001934,-0.011464
982.000000,-0.001914,-0.003774,-0.003606,-0.002171,-0.019048
983.000000,0.001270,-0.001881,-0.002570,-0.001310,0.012739
984.000000,-0.001259,0.001318,-0.002764,-0.000934,0.002107
985.000000,-0.002083,0.000736,-0.002152,-0.001200,0.005249
986.000000,-0.002532,-0.001161,-0.003281,-0.002356,-0.013706
987.000000,0.001702,-0.000106,-0.003025,-0.002319,0.002121
988.000000,-0.001058,0.000106,-0.003068,-0.002551,-0.001060
989.000000,0.000000,-0.000630,-0.002565,-0.002107,0.007396
990.000000,-0.000839,-0.001461,-0.002562,-0.002138,0.001052
991.000000,-0.000212,-0.001372,-0.002840,-0.002326,-0.010571
992.000000,0.000212,0.000957,-0.001409,-0.002085,0.004242
993.000000,-0.001490,-0.001274,-0.001577,-0.002138,-0.009569
994.000000,-0.001691,-0.000846,0.000236,-0.002125,0.006390
995.000000,-0.002753,-0.001796,-0.000530,-0.002033,-0.004255
996.000000,-0.001708,-0.000960,-0.001060,-0.002507,-0.005345
997.000000,-0.002342,-0.001065,-0.000585,-0.002372,0.001071
998.000000,-0.000857,-0.001173,-0.000534,-0.002436,-0.002144
999.000000,-0.000638,-0.001165,-0.000897,-0.002098,0.007483
1000.000000,0.001699,-0.000527,-0.000994,-0.001884,0.007427
1001.000000,0.005497,0.001895,0.000261,-0.001262,0.013649
1002.000000,0.004865,0.001262,0.001109,-0.000518,-0.002088
1003.000000,0.003404,0.001274,0.000000,-0.000627,-0.009449
1004.000000,0.003379,0.001371,0.000262,0.000614,0.007357
1005.000000,-0.000635,0.000532,-0.000632,-0.000176,-0.012645
1006.000000,-0.002307,0.001595,0.000317,-0.000175,0.005288
1007.000000,-0.000628,0.002119,0.000527,0.000316,0.006309
1008.000000,0.000000,0.001702,0.000264,0.000212,-0.006309
1009.000000,-0.001894,0.000743,-0.000211,-0.000351,-0.002112
1010.000000,0.000212,-0.000212,-0.000369,-0.000733,-0.002116
1011.000000,0.001262,-0.000523,0.000686,0.000000,0.010538
1012.000000,0.000000,-0.000314,0.000474,0.000635,0.000000
1013.000000,0.001052,0.000526,0.000900,0.000175,-0.001049
1014.000000,0.001917,0.000012,0.000691,0.000179,0.002212
1015.000000,0.001267,0.000740,0.000636,-0.000175,-0.005365
1016.000000,-0.000210,0.000526,0.001060,0.000387,0.003153
1017.000000,0.001462,0.000731,0.001425,0.000595,0.008360
1018.000000,0.001047,0.001049,0.001376,0.000526,-0.003127
1019.000000,0.001645,0.001781,0.001262,0.000453,0.005206
1020.000000,0.002718,0.001993,0.000891,0.000418,0.000000
1021.000000,0.000210,0.000000,-0.000261,0.000457,-0.009390
1022.000000,-0.002513,-0.000525,-0.000420,0.000141,-0.005255
1023.000000,-0.002627,-0.000790,-0.000132,0.000337,-0.003695
1024.000000,-0.003140,-0.000747,-0.000368,0.000212,0.002641
1025.000000,-0.002718,0.000000,0.000370,0.000424,0.002107
1026.000000,0.001670,0.000940,0.000733,0.001020,0.012552
1027.000000,0.003344,0.000415,0.000573,0.001088,0.003114
1028.000000,0.004704,0.001038,0.001044,0.001263,0.003104
1029.000000,0.003140,0.000000,0.000891,0.000841,-0.005179
1030.000000,0.003547,0.000415,0.001204,0.000732,0.004145
1031.000000,0.001656,0.001663,0.000832,0.000380,0.003098
1032.000000,0.001446,0.002395,0.000935,0.000518,0.002060
1033.000000,0.000000,0.002352,0.000781,0.000696,-0.004124
1034.000000,0.001242,0.002191,0.000722,0.000485,0.001033
1035.000000,-0.001661,0.000943,0.000471,0.000561,-0.010374
1036.000000,-0.003431,-0.000888,0.000026,0.000193,-0.005752
1037.000000,-0.004789,-0.001672,-0.000628,-0.000175,-0.004731
1038.000000,-0.003544,-0.001772,-0.000367,0.000105,0.002105
1039.000000,-0.003330,-0.001044,-0.000522,0.000246,0.002101
1040.000000,0.000625,-0.000518,-0.000052,0.000630,0.009400
1041.000000,0.002605,-0.000413,0.000625,0.000417,0.004149
1042.000000,0.003758,-0.000516,0.000939,0.000451,0.001035
1043.000000,0.003130,-0.000207,0.001072,0.000452,-0.001035
1044.000000,0.002088,-0.000621,0.000785,0.000274,-0.003110
1045.000000,0.001656,0.001140,0.001042,0.000694,0.007243
1046.000000,0.001238,0.001922,0.000517,0.000658,0.002060
1047.000000,0.001237,0.002498,0.000413,0.000414,0.001028
1048.000000,0.000826,0.001978,0.000103,0.000415,-0.003088
1049.000000,0.001449,0.001768,0.000362,0.000241,0.000000
1050.000000,-0.000826,0.000415,-0.000052,0.000104,-0.004132
1051.000000,-0.002485,-0.000623,-0.000518,0.000209,-0.006231
1052.000000,-0.002274,-0.000518,-0.000517,0.000454,0.002081
1053.000000,-0.001449,-0.000311,-0.000259,0.000611,0.001039
1054.000000,-0.002073,-0.000312,-0.000467,0.000419,-0.003120
1055.000000,-0.002710,-0.001768,-0.000314,0.000105,-0.007318
1056.000000,0.001039,-0.000723,0.000599,0.000104,0.012513
1057.000000,-0.001461,-0.001867,0.000315,-0.000347,-0.010417
1058.000000,-0.000849,-0.001149,0.000415,-0.000314,0.004096
1059.000000,0.002279,0.000103,0.000936,0.000276,0.012519
1060.000000,0.002295,-0.000207,0.000104,-0.000104,-0.007235
1061.000000,0.002062,0.001550,0.000464,0.000171,0.011346
1062.000000,0.002083,0.000311,-0.000104,-0.000241,-0.010309
1063.000000,0.002710,0.000930,0.000310,0.000137,0.007228
1064.000000,0.000206,0.001242,0.000465,0.000103,0.000000
1065.000000,0.000621,0.001458,-0.000155,0.000277,-0.005157
1066.000000,-0.001235,0.000414,-0.000155,0.000538,0.002066
1067.000000,0.000414,0.001249,-0.000309,0.000626,-0.002066
1068.000000,-0.000206,0.001252,0.000052,0.000694,0.004128
1069.000000,-0.001446,-0.000620,-0.000258,0.000417,-0.006198
1070.000000,0.000826,0.000724,0.000258,0.000310,0.006198
1071.000000,-0.000827,-0.001031,0.000260,-0.000035,-0.006198
1072.000000,0.001648,0.001031,0.000671,0.000275,0.010309
1073.000000,0.001027,0.000411,0.000670,0.000343,0.001025
1074.000000,0.007125,0.002840,0.002041,0.001257,0.024293
1075.000000,0.004682,0.002754,0.002106,0.000815,-0.006018
1076.000000,0.005519,0.002346,0.001380,0.000679,-0.002014
1077.000000,0.002649,0.002148,0.001699,0.000510,-0.004040
1078.000000,0.000614,0.000821,0.001036,0.000308,-0.009151
1079.000000,-0.004449,0.001338,0.000359,0.000274,-0.001022
1080.000000,-0.003860,0.000411,0.000567,0.000309,-0.003072
1081.000000,-0.002843,0.001338,0.000154,0.000619,0.003072
1082.000000,0.001412,0.002031,0.001531,0.001124,0.017233
1083.000000,0.001019,0.000816,0.000614,0.000719,-0.011117
1084.000000,0.001020,-0.001715,0.000563,0.000789,-0.001017
1085.000000,0.003053,-0.000403,0.001175,0.001270,0.007096
1086.000000,0.002643,-0.000100,0.001123,0.000887,0.001020
1087.000000,-0.001817,-0.000203,0.000973,0.001065,-0.005068
1088.000000,0.001216,0.001117,0.000969,0.001063,0.004049
1089.000000,0.000609,0.000815,0.001076,0.000511,-0.004049
1090.000000,-0.000202,0.001426,0.000918,0.000853,0.003038
1091.000000,-0.000204,0.001220,0.001279,0.000509,0.001011
1092.000000,0.000608,-0.000605,0.000713,0.000819,-0.001011
1093.000000,-0.001013,0.000102,0.000459,0.000443,-0.004053
1094.000000,-0.000813,-0.000102,-0.000908,0.000341,-0.003050
1095.000000,-0.002851,-0.001527,-0.000965,0.000275,-0.007154
1096.000000,-0.001623,-0.000913,-0.000507,0.000444,0.007154
1097.000000,0.000606,0.000607,0.000202,0.000851,0.010132
1098.000000,0.001618,0.000303,0.000710,0.000747,0.001008
1099.000000,0.001825,0.000506,0.000660,0.000886,-0.002016
1100.000000,0.003673,0.000411,0.000918,0.000749,0.002087
1101.000000,0.000610,-0.000506,0.000357,0.000684,-0.008160
1102.000000,-0.000606,0.000000,-0.000302,0.000475,0.004053
1103.000000,-0.000403,0.000607,0.000354,0.000508,0.002020
1104.000000,-0.000091,0.000867,0.000383,-0.000316,-0.000454
1105.000000,0.001191,0.002432,0.000452,0.000167,0.008494
1106.000000,0.002221,0.001416,0.000251,0.000134,-0.003008
1107.000000,0.000404,-0.000101,0.000253,0.000101,-0.005033
1108.000000,0.001808,0.000702,0.000503,0.000707,0.009041
1109.000000,0.006055,0.002982,0.001744,0.001434,0.020783
1110.000000,0.002190,0.001690,0.001051,0.001176,-0.010832
1111.000000,0.006907,0.004564,0.002029,0.001759,0.020579
1112.000000,0.005572,0.002988,0.001494,0.000794,-0.011707
1113.000000,0.007638,0.004723,0.002665,0.001811,0.019370
1114.000000,0.000587,0.003321,0.002094,0.001362,-0.014475
1115.000000,0.002362,0.002276,0.002354,0.001060,-0.001955
1116.000000,-0.001314,0.002797,0.002106,0.001100,0.002199
1117.000000,0.001174,0.003373,0.001636,0.001293,0.000732
1118.000000,-0.003286,0.002176,0.001439,0.001060,-0.002931
1119.000000,-0.000783,-0.000098,0.001442,0.001130,-0.001959
1120.000000,0.001754,0.002058,0.001874,0.001386,0.010727
1121.000000,0.000925,-0.000194,0.002185,0.001288,-0.001942
1122.000000,-0.000195,0.000489,0.001739,0.001159,-0.004871
1123.000000,0.000000,-0.001643,0.001540,0.001229,-0.001955
1124.000000,0.000000,-0.000391,0.001465,0.001266,-0.001959
1125.000000,-0.002145,-0.000196,0.001040,0.001504,0.000000
1126.000000,-0.001953,-0.000514,0.001141,0.001233,-0.000981
1127.000000,-0.001963,-0.001079,0.001147,0.000731,-0.004919
1128.000000,-0.000788,-0.000394,0.000891,0.000828,0.003917
1129.000000,-0.001575,-0.000787,-0.000443,0.000699,-0.005892
1130.000000,-0.003577,-0.002861,-0.000402,0.000296,-0.010010
1131.000000,-0.000787,-0.001370,-0.000782,0.001000,0.012970
1132.000000,0.005064,0.001550,0.001020,0.001676,0.024332
1133.000000,0.000396,-0.000196,-0.000919,0.000961,-0.019418
1134.000000,-0.000991,-0.001283,-0.000837,0.000549,-0.012827
1135.000000,0.003773,0.000098,-0.000049,0.000726,0.013807
1136.000000,-0.001384,-0.001085,-0.000800,0.000399,-0.012814
1137.000000,-0.005854,-0.000395,-0.000737,0.000633,0.001982
1138.000000,-0.001970,-0.000787,-0.000591,0.000332,0.000000
1139.000000,0.000397,-0.000297,-0.000542,-0.000394,-0.000991
1140.000000,-0.001969,0.000902,-0.000979,0.000033,0.001980
1141.000000,0.000198,-0.000593,-0.000981,-0.000719,-0.001980
1142.000000,0.000988,-0.002433,-0.000441,-0.000131,0.005929
1143.000000,0.001578,-0.000196,-0.000196,-0.000678,0.002951
1144.000000,0.001579,0.000988,-0.000147,-0.000229,-0.000983
1145.000000,0.001380,-0.000294,-0.000098,-0.000131,0.000983
1146.000000,0.001383,0.000791,-0.000147,-0.000270,-0.001967
1147.000000,0.000197,0.000592,0.000099,-0.000294,0.000000
1148.000000,-0.001578,0.000000,-0.000393,-0.000394,-0.005923
1149.000000,0.000393,0.000986,0.000345,-0.000033,0.008871
1150.000000,0.001175,0.001278,0.001090,-0.000227,0.004895
1151.000000,0.001569,0.001476,0.000441,-0.000162,0.000000
1152.000000,0.001373,0.000785,-0.000824,-0.000033,-0.000977
1153.000000,0.005276,0.001849,0.000826,0.000486,0.013592
1154.000000,0.002535,0.001464,0.001226,0.000390,-0.004833
1155.000000,-0.000195,0.000490,0.000098,0.000098,-0.008759
1156.000000,0.001363,0.001466,0.001128,0.000390,0.007790
1157.000000,-0.000391,0.000491,0.000542,0.000229,-0.009747
1158.000000,-0.004289,0.000494,0.000247,-0.000098,-0.005894
1159.000000,-0.005103,-0.001284,-0.000149,-0.000198,-0.008907
1160.000000,-0.003749,-0.001972,-0.000347,0.000069,-0.001990
1161.000000,-0.005906,-0.002272,-0.000398,-0.000463,-0.002993
1162.000000,-0.004757,-0.002574,-0.000895,-0.001408,-0.004004
1163.000000,-0.001980,-0.003134,-0.000643,-0.000494,0.007992
1164.000000,0.000397,-0.002353,-0.000444,0.000033,0.002981
1165.000000,0.005113,0.000682,0.000586,0.000293,0.021591
1166.000000,0.006100,0.000097,0.000781,0.000784,0.001940
1167.000000,0.005149,0.000196,0.000343,0.000426,-0.008759
1168.000000,0.001783,-0.000099,0.000198,0.000132,-0.008837
1169.000000,-0.000397,0.000000,-0.000642,-0.000099,-0.007921
1170.000000,-0.001953,0.001580,-0.000196,0.000295,0.013811
1171.000000,-0.001556,0.002272,0.000000,0.000492,0.003924
1172.000000,-0.000196,0.002477,-0.000049,0.000229,-0.001955
1173.000000,0.001180,0.001482,-0.000826,0.000065,-0.001959
1174.000000,0.001978,0.000791,-0.000781,-0.000033,-0.003929
1175.000000,-0.003160,-0.002557,-0.000937,-0.000462,-0.011881
1176.000000,-0.003150,-0.002353,-0.001128,-0.000264,0.003976
1177.000000,-0.002560,-0.001378,-0.000591,-0.000230,0.000992
1178.000000,-0.000983,0.000099,0.000000,0.000165,0.005929
1179.000000,0.000393,0.001186,0.000593,-0.000033,0.002951
1180.000000,0.002376,-0.000392,0.000594,-0.000261,-0.001967
1181.000000,0.001187,-0.000981,0.000645,-0.000327,-0.001970
1182.000000,0.002169,-0.000196,0.001140,-0.000098,0.005900
1183.000000,0.001766,0.000391,0.000936,-0.000421,0.003914
1184.000000,0.000784,0.000589,0.000690,-0.000325,-0.001955
1185.000000,0.000197,0.001287,-0.000635,-0.000196,-0.004904
1186.000000,0.001376,0.001281,-0.000536,-0.000325,0.003925
1187.000000,0.000000,0.001084,-0.000147,-0.000033,-0.000980
1188.000000,0.000000,0.000883,0.000491,0.000294,0.003914
1189.000000,-0.000196,0.000294,0.000740,0.000493,-0.002934
1190.000000,0.002080,0.001138,0.000373,0.000775,0.006473
1191.000000,0.000391,0.000884,-0.000049,0.000725,-0.004516
1192.000000,-0.000983,-0.000491,-0.000344,0.000596,-0.007851
1193.000000,-0.000783,-0.000391,0.000000,0.000494,0.004914
1194.000000,-0.000196,-0.000196,0.000196,0.000394,0.000000
1195.000000,-0.000708,0.000686,0.000986,-0.000195,0.003914
1196.000000,0.000000,0.000196,0.000739,-0.000292,-0.000977
1197.000000,0.002740,0.000878,0.000981,0.000195,0.005848
1198.000000,0.001757,0.000487,0.000685,0.000489,0.000000
1199.000000,0.001173,0.000489,0.000391,0.000656,-0.002920
1200.000000,0.000974,0.000133,0.000636,0.000293,0.002920
1201.000000,0.002158,0.001079,0.000981,0.000327,0.004944
1202.000000,0.000776,0.001758,0.000633,0.000357,-0.001064
1203.000000,0.003086,0.002421,0.001015,0.000807,0.011550
1204.000000,0.002903,0.002038,0.000921,0.000810,-0.003835
1205.000000,0.003086,0.002030,0.001358,0.001334,0.003835
1206.000000,0.000367,0.001263,0.000729,0.000913,-0.008650
1207.000000,-0.000388,0.000194,0.000536,0.000719,-0.004838
1208.000000,-0.003670,-0.000292,0.000098,0.000359,-0.004861
1209.000000,-0.002125,0.000389,0.000439,0.000391,0.003891
1210.000000,-0.005039,-0.000977,-0.000422,0.000098,-0.010737
1211.000000,-0.003702,-0.001667,-0.000294,0.000098,-0.001965
1212.000000,-0.005906,-0.003147,-0.000694,-0.000627,-0.015858
1213.000000,-0.005734,-0.004702,-0.001140,-0.000891,-0.004004
1214.000000,-0.006914,-0.004519,-0.001241,-0.000892,-0.002008
1215.000000,-0.004968,-0.005003,-0.001487,-0.000763,-0.001006
1216.000000,-0.001976,-0.002839,-0.000788,-0.000460,0.012994
1217.000000,-0.000801,-0.003353,-0.001580,-0.000760,-0.009980
1218.000000,0.000801,-0.002467,-0.001379,-0.000757,0.004004
1219.000000,-0.000201,-0.003558,-0.001584,-0.000893,-0.007018
1220.000000,-0.002429,-0.003699,-0.002338,-0.001514,-0.012146
1221.000000,-0.005028,-0.003502,-0.002585,-0.001363,0.000000
1222.000000,-0.001611,-0.001206,-0.002176,-0.000865,0.007103
1223.000000,-0.002817,-0.001008,-0.002855,-0.001096,-0.002024
1224.000000,-0.002837,-0.001519,-0.003019,-0.001334,-0.007117
1225.000000,0.000204,-0.001113,-0.003058,-0.001362,0.003057
1226.000000,0.000610,-0.002209,-0.002524,-0.001262,0.002033
1227.000000,-0.000811,-0.001211,-0.002282,-0.001457,0.000000
1228.000000,0.000000,-0.001408,-0.001938,-0.001389,0.002028
1229.000000,0.001626,-0.000605,-0.002082,-0.001258,0.001013
1230.000000,-0.000815,-0.000306,-0.002002,-0.001660,-0.009151
1231.000000,-0.001426,-0.000408,-0.001955,-0.001859,-0.001022
1232.000000,-0.002041,-0.001426,-0.001316,-0.001926,-0.003072
1233.000000,-0.002447,-0.001223,-0.001116,-0.002311,0.000000
1234.000000,-0.003471,-0.000923,-0.001221,-0.002320,-0.004111
1235.000000,-0.000409,-0.000612,-0.000863,-0.002243,0.006160
1236.000000,0.001223,-0.000102,-0.001155,-0.001717,0.007139
1237.000000,0.001838,-0.000102,-0.000656,-0.001555,0.000000
1238.000000,0.000819,-0.000814,-0.001111,-0.001563,-0.005094
1239.000000,0.001027,-0.001222,-0.000914,-0.001795,-0.003069
1240.000000,0.000409,0.000000,-0.000153,-0.001335,0.003069
1241.000000,0.000203,0.000713,0.000153,-0.001066,0.006110
1242.000000,0.001767,0.001802,0.000188,-0.000277,0.007817
1243.000000,0.001628,0.001223,0.000000,-0.000336,-0.005789
