0.000000,0.004046,0.003067,0.001466,0.000887,0.003618
1.000000,0.006818,0.003040,0.002229,0.001260,0.008825
2.000000,0.007792,0.002046,0.001525,0.001039,-0.003586
3.000000,0.004326,0.002432,0.001031,0.000143,-0.007869
4.000000,-0.001389,0.001034,0.000870,-0.000066,-0.007931
5.000000,-0.002910,0.000568,0.000891,-0.000122,-0.003989
6.000000,-0.003281,0.001769,0.001205,0.000155,0.006971
7.000000,-0.001179,0.003306,0.001450,0.000253,0.006923
8.000000,0.001181,0.002754,0.002276,0.000539,0.003934
9.000000,0.002506,0.000559,0.001750,0.000829,-0.001310
10.000000,0.005714,0.001402,0.002234,0.001444,0.012050
11.000000,0.006188,0.001454,0.002247,0.001971,0.009344
12.000000,0.005124,0.001973,0.002009,0.001674,0.001602
13.000000,0.004401,0.002791,0.002612,0.001618,0.000320
14.000000,0.003121,0.002813,0.001924,0.001518,-0.007712
15.000000,0.000646,0.003180,0.001874,0.001654,-0.000323
16.000000,-0.000064,0.003062,0.002415,0.001824,0.005792
17.000000,0.000192,0.002658,0.002982,0.001853,0.002883
18.000000,-0.001478,0.001462,0.002108,0.002005,-0.008030
19.000000,-0.000065,0.001528,0.001043,0.001676,-0.000645
20.000000,0.002565,0.001606,0.001504,0.002025,0.012825
21.000000,0.000128,0.000032,0.000743,0.001508,-0.006392
22.000000,0.000703,0.000447,0.001210,0.001488,0.005754
23.000000,0.003389,0.000956,0.001874,0.002060,0.005405
24.000000,0.003138,0.001537,0.002175,0.001795,-0.001904
25.000000,0.002281,0.002423,0.002801,0.002057,0.008540
26.000000,0.003874,0.002001,0.002532,0.002277,0.001574
27.000000,0.002597,0.001650,0.002154,0.002538,-0.000629
28.000000,0.003083,0.003236,0.002349,0.002484,0.007836
29.000000,0.003277,0.003207,0.002368,0.001765,-0.000937
30.000000,0.003868,0.003074,0.002340,0.002027,0.011496
31.000000,0.002562,0.003218,0.001625,0.001568,-0.004955
32.000000,-0.000946,0.000825,0.000636,0.001082,-0.018171
33.000000,-0.002703,0.000190,0.000573,0.001312,-0.000949
34.000000,-0.000563,0.001357,0.001447,0.001902,0.009762
35.000000,-0.007619,-0.001876,0.000274,0.001242,-0.023784
36.000000,-0.004521,-0.000980,0.000511,0.001361,0.010535
37.000000,0.001261,0.000157,0.000903,0.001488,0.010739
38.000000,0.001073,-0.000815,0.001211,0.001294,-0.001887
39.000000,-0.000879,-0.000721,0.001243,0.001338,0.000000
40.000000,0.005570,-0.001025,0.001025,0.001218,0.008463
41.000000,0.005821,0.000650,0.001934,0.001300,0.011790
42.000000,0.004658,0.002959,0.001892,0.001411,0.004923
43.000000,0.005954,0.003513,0.001852,0.001553,0.004593
44.000000,0.009227,0.004174,0.002765,0.002356,0.016364
45.000000,0.008613,0.007092,0.002608,0.002546,0.005396
46.000000,0.006673,0.006247,0.002634,0.002423,0.002090
47.000000,0.006997,0.005827,0.002992,0.002545,0.006542
48.000000,0.006788,0.006371,0.002778,0.002931,0.003550
49.000000,0.004458,0.006843,0.003061,0.003109,0.004714
50.000000,0.002791,0.005702,0.002339,0.002584,-0.002944
51.000000,0.003314,0.004994,0.002822,0.002954,0.004706
52.000000,0.002474,0.004736,0.003847,0.002840,0.002345
53.000000,0.000884,0.003836,0.003675,0.002513,-0.004401
54.000000,0.001289,0.002874,0.003524,0.002801,0.006740
55.000000,0.001761,0.002276,0.004684,0.002497,-0.000584
56.000000,0.004009,0.003661,0.004954,0.002976,0.015945
57.000000,0.003252,0.002863,0.004345,0.002949,-0.001439
58.000000,0.005682,0.003283,0.004827,0.002946,0.007746
59.000000,0.002034,0.001662,0.004252,0.002594,-0.011498
60.000000,0.002266,0.002014,0.003858,0.002230,0.000578
61.000000,-0.003657,0.000176,0.002585,0.001940,-0.013673
62.000000,-0.003604,-0.000176,0.002280,0.002506,-0.001172
63.000000,-0.004392,0.000645,0.002241,0.002665,0.003805
64.000000,0.000577,0.001306,0.002090,0.002784,0.013349
65.000000,-0.001275,0.000496,0.001386,0.003288,-0.008686
66.000000,0.005888,0.001115,0.002388,0.003675,0.022143
67.000000,0.006804,0.001600,0.002232,0.003430,0.003407
68.000000,0.005702,0.000655,0.001969,0.003436,-0.001702
69.000000,-0.001563,-0.000493,0.000584,0.002671,-0.022976
70.000000,0.004713,0.001719,0.001866,0.003145,0.022692
71.000000,-0.003211,0.001338,0.000757,0.002169,-0.017476
72.000000,-0.007215,-0.000205,-0.000191,0.001451,-0.016611
73.000000,-0.007404,-0.000851,-0.000103,0.001210,-0.002648
74.000000,-0.001341,-0.001452,-0.000073,0.000909,0.007339
75.000000,-0.004074,0.000319,0.000407,0.001030,0.009026
76.000000,0.000808,-0.001202,-0.000043,0.001192,0.006932
77.000000,0.002917,-0.002149,-0.000274,0.000771,-0.006063
78.000000,0.002518,-0.002443,-0.000894,0.000498,-0.004644
79.000000,0.003077,0.000868,0.000188,0.000679,0.010132
80.000000,0.003106,-0.000484,0.000617,0.001083,0.009174
81.000000,-0.000808,0.000000,0.000669,0.000505,-0.012637
82.000000,0.001558,0.002237,0.001016,0.000619,0.005764
83.000000,0.005056,0.003787,0.001468,0.001194,0.012848
84.000000,0.003427,0.003252,0.000900,0.001035,0.001984
85.000000,0.001988,0.002547,0.001433,0.001121,0.001980
86.000000,0.005530,0.002361,0.000580,0.000758,0.005073
87.000000,0.003475,0.002517,0.000184,0.000656,-0.004508
88.000000,0.001301,0.003179,0.000368,0.000464,0.001975
89.000000,0.000904,0.002165,0.001517,0.000847,0.000000
90.000000,0.001408,0.001698,0.000607,0.000978,0.004499
91.000000,0.000000,0.002765,0.001382,0.001368,-0.001966
92.000000,-0.000679,0.001398,0.001818,0.001143,-0.007903
93.000000,0.000900,0.001100,0.002444,0.001346,0.009869
94.000000,0.000675,0.000790,0.002021,0.000863,-0.001123
95.000000,-0.000056,0.000676,0.001611,0.001181,0.000842
96.000000,-0.001241,-0.000620,0.000870,0.000180,-0.007890
97.000000,0.000509,-0.000085,0.001216,0.000094,0.000848
98.000000,-0.002371,-0.000736,0.001222,0.000000,-0.004533
99.000000,-0.000901,-0.000113,0.001026,0.000973,0.006227
100.000000,-0.003739,-0.001898,-0.000100,-0.000228,-0.013351
101.000000,-0.000283,-0.000762,0.001001,0.000668,0.009392
102.000000,-0.002045,-0.000768,0.000315,0.000956,-0.007964
103.000000,-0.001253,-0.001812,-0.000356,0.001025,-0.000571
104.000000,-0.003875,-0.002388,-0.000799,0.000551,-0.006881
105.000000,-0.004102,-0.003921,-0.001623,-0.000233,-0.014489
106.000000,-0.003890,-0.002087,-0.001354,-0.000115,0.010453
107.000000,-0.000114,-0.001080,-0.000582,0.000451,0.010917
108.000000,0.000114,-0.000569,-0.000652,0.000625,0.000571
109.000000,-0.000230,-0.002053,-0.001083,0.000000,-0.008603
110.000000,0.001975,-0.001064,-0.001481,-0.000421,-0.003462
111.000000,0.003834,-0.000028,-0.000395,0.000658,0.019746
112.000000,0.001140,0.000513,-0.000128,0.000381,-0.002554
113.000000,0.002497,0.001306,-0.000253,0.000198,0.007359
114.000000,0.005118,0.002444,0.000028,0.000282,0.004502
115.000000,0.002584,0.002280,-0.000821,-0.000322,-0.016132
116.000000,-0.006509,-0.001338,-0.001712,-0.001348,-0.025720
117.000000,-0.006526,-0.002693,-0.001886,-0.001286,-0.002638
118.000000,-0.008939,-0.003221,-0.001895,-0.001509,-0.004707
119.000000,-0.009074,-0.001978,-0.002015,-0.001381,0.003826
120.000000,-0.005086,-0.001251,-0.001157,-0.001404,0.003812
121.000000,0.001923,-0.002293,-0.001161,-0.001028,0.009321
122.000000,0.002914,-0.001806,-0.000647,-0.000687,0.002317
123.000000,0.007012,-0.000963,0.000171,-0.000490,0.015785
124.000000,0.005562,-0.001756,0.000344,-0.000567,-0.003423
125.000000,0.004285,-0.000400,0.000940,-0.000680,-0.002575
126.000000,0.005039,0.003481,0.001072,0.000019,0.013091
127.000000,0.005703,0.004309,0.000808,0.000179,0.005639
128.000000,0.004170,0.005591,0.001185,0.000600,0.008120
129.000000,0.005189,0.005376,0.001699,0.000448,0.001672
130.000000,0.008908,0.006596,0.002673,0.001427,0.016018
131.000000,0.006782,0.005911,0.001809,0.001196,0.002463
132.000000,0.005818,0.005761,0.001977,0.001489,0.000820
133.000000,0.002219,0.003194,0.001115,0.001179,-0.009879
134.000000,0.001994,0.003592,0.000918,0.001427,0.000551
135.000000,-0.000219,0.004344,0.001972,0.002075,0.004949
136.000000,0.002768,0.004775,0.004128,0.002306,0.017401
137.000000,0.008343,0.007081,0.005695,0.002899,0.028695
138.000000,0.010215,0.006217,0.005904,0.002862,-0.000524
139.000000,0.010261,0.006128,0.005752,0.003175,0.000786
140.000000,0.010733,0.005257,0.005927,0.003534,0.007305
141.000000,0.006523,0.004646,0.005278,0.002754,-0.003646
142.000000,0.000471,0.004407,0.005084,0.002787,-0.001567
143.000000,0.001098,0.005656,0.004425,0.002629,0.002610
144.000000,0.001565,0.005913,0.004753,0.002583,0.003123
145.000000,0.005335,0.008034,0.006189,0.003993,0.026155
146.000000,0.005557,0.006040,0.005408,0.004765,-0.002534
147.000000,0.006175,0.003323,0.005202,0.004904,0.001521
148.000000,0.003462,0.002280,0.004248,0.004696,-0.010954
149.000000,0.003298,0.002432,0.004280,0.004645,0.002303
150.000000,-0.003318,0.001009,0.003133,0.004287,-0.006924
151.000000,-0.001273,0.002142,0.003394,0.004233,0.007690
152.000000,-0.001118,0.002529,0.003468,0.004232,0.002296
153.000000,0.001022,0.002242,0.003949,0.003698,-0.000255
154.000000,-0.000666,0.001316,0.003615,0.003607,-0.006135
155.000000,-0.004371,-0.003844,0.002095,0.002845,-0.025449
156.000000,-0.005383,-0.003328,0.001356,0.002496,0.002627
157.000000,-0.006631,-0.003874,-0.000276,0.002176,-0.003943
158.000000,-0.005529,-0.002254,0.000013,0.002081,0.005253
159.000000,-0.005986,-0.003326,-0.000447,0.001745,-0.008419
160.000000,0.000788,-0.001792,-0.000391,0.001491,0.008419
161.000000,0.001516,-0.001934,0.000104,0.001618,0.006268
162.000000,0.003498,-0.001566,0.000481,0.001790,0.005970
163.000000,-0.001948,-0.003739,-0.000748,0.001386,-0.021979
164.000000,0.000528,-0.002729,-0.000706,0.001500,0.003960
165.000000,-0.002160,-0.000686,-0.002265,0.001168,-0.005019
166.000000,-0.006241,-0.002362,-0.002845,0.000117,-0.014135
167.000000,-0.007542,-0.002022,-0.002948,-0.000858,-0.000537
168.000000,-0.000636,-0.001292,-0.001773,-0.000422,0.012552
169.000000,-0.002706,-0.001089,-0.002207,-0.000661,-0.006390
170.000000,-0.000956,-0.001558,-0.001675,-0.000780,0.003732
171.000000,0.007538,0.000649,-0.000643,0.000286,0.028333
172.000000,0.008162,0.000310,-0.000628,0.000424,0.002583
173.000000,0.005342,0.002353,-0.000693,0.000285,-0.001549
174.000000,0.005116,0.001205,-0.000762,-0.000069,-0.007522
175.000000,0.006904,0.002974,0.001144,-0.000519,0.012676
176.000000,0.003843,0.005690,0.001664,0.000000,0.013025
177.000000,0.001029,0.004596,0.001287,-0.000434,-0.011484
178.000000,0.002975,0.004159,0.001433,0.000204,0.008180
179.000000,0.004785,0.004950,0.001931,0.000178,0.001526
180.000000,0.000154,0.003529,0.000986,0.000060,-0.010477
181.000000,-0.000865,0.001489,0.001069,0.000068,0.007931
182.000000,0.001228,0.001129,0.000719,-0.000042,-0.001020
183.000000,-0.002459,0.000258,0.001306,-0.000376,-0.010257
184.000000,0.002325,0.003555,0.002380,0.000677,0.025447
185.000000,0.001586,0.000870,0.001922,0.001053,-0.014170
186.000000,-0.001535,-0.001200,0.002245,0.000709,-0.007675
187.000000,0.000916,0.001072,0.002834,0.001215,0.011236
188.000000,0.001233,-0.000613,0.001773,0.000751,-0.008671
189.000000,-0.005399,-0.001537,0.001707,0.000775,-0.007714
190.000000,-0.000561,0.000512,0.002021,0.000828,0.010017
191.000000,0.000103,-0.000716,0.000387,0.000474,-0.004354
192.000000,-0.003432,-0.001258,-0.000065,0.000060,-0.006438
193.000000,-0.000102,0.000565,0.000412,0.001059,0.007976
194.000000,0.004290,-0.000554,0.001500,0.001402,0.014250
195.000000,-0.001385,-0.000973,-0.000051,0.000957,-0.018358
196.000000,0.000257,0.000180,-0.000510,0.001557,0.003853
197.000000,-0.000466,-0.001949,-0.000438,0.001240,-0.010048
198.000000,-0.000513,-0.000308,-0.000460,0.001079,0.007738
199.000000,0.002011,0.003151,0.000807,0.002188,0.026871
200.000000,0.006731,0.002673,0.001593,0.002238,0.005239
201.000000,0.005860,0.003058,0.001171,0.001277,-0.000498
202.000000,0.011423,0.005479,0.002110,0.001783,0.017765
203.000000,0.007563,0.003525,0.002045,0.001450,-0.011561
204.000000,0.003570,0.002790,0.001118,0.001930,0.006903
205.000000,0.004137,0.005434,0.002230,0.001777,0.008075
206.000000,0.002818,0.004339,0.002259,0.001106,-0.007093
207.000000,0.000244,0.005834,0.001942,0.001652,0.004897
208.000000,0.000593,0.004078,0.001885,0.001052,-0.009818
209.000000,-0.000295,0.001637,0.002394,0.001084,0.002464
210.000000,-0.001812,0.001163,0.001918,0.001449,0.000492
211.000000,0.000833,0.001825,0.002442,0.001389,0.006130
212.000000,-0.003598,-0.001677,0.001901,0.000848,-0.017259
213.000000,-0.001336,-0.000372,0.001577,0.001240,0.001491
214.000000,-0.005488,-0.002892,-0.000051,-0.000218,-0.018294
215.000000,-0.003924,-0.002868,0.001283,0.000531,0.008311
216.000000,-0.004649,-0.001908,0.001216,0.000870,0.002505
217.000000,-0.001548,-0.002573,0.001630,0.000437,-0.001753
218.000000,-0.001997,-0.001666,0.001206,0.000701,-0.000752
219.000000,0.003062,-0.001213,0.000212,0.001192,0.006998
220.000000,0.003580,-0.000172,0.000495,0.001221,0.010899
221.000000,0.002832,-0.000909,0.000458,0.001325,-0.001233
222.000000,0.003281,0.000867,-0.000405,0.001556,0.000493
223.000000,0.002592,0.000298,-0.000037,0.001150,-0.004200
224.000000,0.003359,0.003210,0.000159,0.001036,0.010835
225.000000,0.000934,0.002257,-0.000306,0.001608,-0.001225
226.000000,0.000788,0.001810,-0.000049,0.001414,-0.001964
227.000000,-0.000692,0.001295,-0.000639,0.001518,-0.006903
228.000000,-0.000844,0.000874,-0.000396,0.001095,-0.004960
229.000000,-0.003808,-0.000224,-0.000719,0.000067,-0.003986
230.000000,-0.002467,-0.000767,-0.000469,0.000075,0.005477
231.000000,-0.004472,-0.001842,-0.001375,-0.000308,-0.011988
232.000000,-0.004200,-0.002446,-0.000790,-0.001085,-0.005543
233.000000,-0.001097,-0.000970,-0.000336,-0.000348,0.010556
234.000000,0.003710,-0.000049,0.001581,0.000090,0.020048
235.000000,0.001139,-0.000664,0.000796,-0.000425,-0.007378
236.000000,0.004374,-0.000049,0.000880,-0.000049,0.004188
237.000000,0.003407,-0.000397,0.000449,-0.000558,-0.010378
238.000000,0.000848,-0.000124,0.000375,-0.000306,-0.002238
239.000000,-0.001130,0.001290,0.000533,-0.000049,0.010155
240.000000,0.002014,0.001576,0.000405,0.000212,0.008344
241.000000,0.001225,0.002800,0.000479,0.000016,0.000244
242.000000,0.004616,0.004011,0.000783,0.000811,0.006575
243.000000,0.003014,0.001931,0.000480,0.000419,-0.010246
244.000000,0.001179,0.000025,-0.000012,0.001062,0.000980
245.000000,-0.000147,0.000934,0.000135,0.000842,0.001713
246.000000,0.001266,0.001246,0.000598,0.001002,0.007310
247.000000,0.000194,0.002405,0.001004,0.001101,0.001213
248.000000,0.002340,0.002677,0.001276,0.001142,0.000485
249.000000,0.003786,0.002482,0.001886,0.001183,0.008207
250.000000,0.004019,0.001936,0.001756,0.000915,0.002880
251.000000,0.002125,0.001696,0.002248,0.000884,-0.002160
252.000000,-0.000972,-0.000389,0.001811,0.000392,-0.014274
253.000000,-0.001411,0.000465,0.001198,0.000475,-0.001707
254.000000,-0.000144,0.001821,0.000923,0.000599,0.014539
255.000000,0.004409,0.004214,0.002574,0.001495,0.025649
256.000000,0.003240,0.002683,0.001964,0.001293,-0.008004
257.000000,0.010490,0.004759,0.003582,0.002256,0.021974
258.000000,0.007192,0.002890,0.002784,0.001814,-0.018199
259.000000,0.005645,0.002750,0.002616,0.002174,0.006805
260.000000,-0.000047,0.002181,0.002059,0.001898,-0.002810
261.000000,0.001788,0.002514,0.002105,0.002337,0.001172
262.000000,-0.002372,0.004059,0.001835,0.002560,0.001171
263.000000,0.001688,0.004440,0.002452,0.002279,0.002104
264.000000,0.001212,0.003429,0.002625,0.001758,0.004426
265.000000,0.000843,0.000398,0.002306,0.001849,-0.004660
266.000000,-0.004885,-0.001548,0.000567,0.000793,-0.027464
267.000000,-0.005359,-0.003866,0.000447,0.001099,-0.001201
268.000000,-0.005972,-0.002142,0.000374,0.001142,-0.000962
269.000000,-0.009180,-0.003984,-0.000617,0.000416,-0.011614
270.000000,-0.005781,-0.002469,-0.000144,0.000549,0.012335
271.000000,-0.001349,-0.003117,-0.000301,0.000364,-0.005302
272.000000,-0.008393,-0.006876,-0.001409,-0.001069,-0.036421
273.000000,-0.007400,-0.006686,-0.001123,-0.000594,0.004002
274.000000,-0.004081,-0.006631,-0.001601,-0.000460,0.004980
275.000000,-0.005064,-0.005422,-0.002512,-0.000270,0.007424
276.000000,-0.000387,-0.000868,-0.001208,0.000089,0.018080
277.000000,0.007815,-0.000289,-0.002077,0.000201,0.004590
278.000000,0.008025,0.000312,-0.000915,0.000354,0.005049
279.000000,0.006452,0.001185,-0.001399,-0.000016,-0.002882
280.000000,0.006166,0.000551,-0.000959,0.000088,0.005995
281.000000,0.003599,0.001606,-0.000755,0.000335,0.005246
282.000000,0.002681,0.005248,-0.000814,0.000810,0.000000
283.000000,-0.001203,0.003411,-0.001638,0.000388,-0.014372
284.000000,-0.000964,0.002744,-0.001943,-0.000153,-0.001690
285.000000,-0.000623,0.002772,-0.001325,-0.000751,0.007703
286.000000,-0.003987,-0.000194,-0.000531,-0.000870,-0.011578
287.000000,-0.003551,-0.000435,-0.000362,-0.001530,0.002181
288.000000,-0.001258,-0.001231,-0.000459,-0.001020,-0.002909
289.000000,0.000868,-0.000048,0.000569,-0.000949,0.008943
290.000000,0.001338,0.000358,0.000455,-0.000520,0.010055
291.000000,0.002555,-0.000716,0.000445,-0.000742,-0.005494
292.000000,0.003313,-0.000119,0.002565,-0.000582,0.005970
293.000000,0.003514,0.001128,0.002269,-0.000716,-0.001907
294.000000,0.001391,0.001129,0.001937,-0.000919,-0.001671
295.000000,-0.000143,0.000598,0.001685,-0.000684,0.002387
296.000000,-0.000336,0.001110,0.000458,0.000016,-0.006457
297.000000,-0.002251,0.000531,0.000048,-0.000064,-0.003605
298.000000,-0.002400,0.000557,-0.000337,-0.000120,-0.002652
299.000000,-0.004397,-0.001503,-0.000776,-0.000122,-0.011656
300.000000,-0.005412,-0.002778,-0.001210,-0.000623,-0.002690
301.000000,-0.002123,-0.001229,-0.000973,-0.000113,0.009992
302.000000,-0.000289,-0.001270,-0.000694,0.001286,0.005562
303.000000,-0.002429,-0.002414,-0.000643,0.000708,-0.013351
304.000000,0.000293,-0.002052,-0.000461,0.000607,0.001953
305.000000,0.001513,-0.001950,-0.000676,0.000473,0.003409
306.000000,-0.002685,-0.002404,-0.000647,-0.000496,-0.010999
307.000000,-0.004438,-0.002363,-0.000916,-0.000756,-0.003200
308.000000,-0.004398,-0.003413,-0.001428,-0.001362,-0.013153
309.000000,-0.004190,-0.001949,-0.001726,-0.001167,0.002993
310.000000,-0.003977,-0.001232,-0.002005,-0.001217,0.004473
311.000000,0.001615,-0.000535,-0.000882,-0.000827,0.016964
312.000000,0.005783,0.000673,-0.000299,-0.000239,0.017640
313.000000,0.009274,0.002438,0.000012,0.000384,0.004302
314.000000,0.009009,0.002410,0.000179,0.000496,0.001668
315.000000,0.006201,0.001112,-0.000419,-0.000080,-0.009569
316.000000,0.002134,0.001875,-0.000265,0.000194,-0.003371
317.000000,-0.001829,0.001977,-0.000193,0.000048,-0.002173
318.000000,-0.000430,0.004422,0.000504,0.000522,0.011297
319.000000,-0.003749,0.002630,0.000341,-0.000274,-0.014929
320.000000,-0.004522,0.000840,-0.000196,-0.001057,-0.013433
321.000000,-0.002280,-0.000073,-0.000304,-0.000612,0.007837
322.000000,0.001349,-0.000240,0.000217,-0.000279,0.015973
323.000000,0.000287,-0.000072,0.001183,-0.000016,0.005984
324.000000,0.004177,0.000214,0.001312,0.000191,0.004524
325.000000,0.007386,0.001432,0.001272,0.000198,0.002610
326.000000,0.008408,0.003064,0.002469,0.000845,0.012949
327.000000,0.002576,0.001963,0.001970,0.000526,-0.013186
328.000000,0.001900,0.001093,0.002758,0.000701,0.002604
329.000000,0.000000,0.002089,0.002359,0.000923,-0.004977
330.000000,-0.000807,0.003289,0.002064,0.000966,-0.001427
331.000000,-0.002637,0.002886,0.001406,0.000759,0.003800
332.000000,-0.000522,0.001027,0.000394,0.000487,-0.002611
333.000000,-0.001471,0.000215,0.000071,0.000860,-0.002141
334.000000,-0.002294,-0.001147,-0.000466,0.000492,-0.009091
335.000000,-0.001816,-0.001312,0.000060,0.000411,0.000961
336.000000,-0.003780,-0.003209,-0.000072,0.000577,-0.006020
337.000000,-0.000762,-0.000642,0.000660,0.001099,0.012482
338.000000,0.000143,-0.000664,0.000215,0.001617,0.002383
339.000000,0.002484,0.000095,0.001092,0.001605,0.002614
340.000000,0.004135,0.001159,0.002224,0.001763,0.009214
341.000000,0.005480,0.000850,0.001868,0.001221,0.000705
342.000000,0.001474,0.000356,0.000691,0.000381,-0.007549
343.000000,-0.001865,-0.000861,-0.000323,-0.000239,-0.014310
344.000000,-0.002676,-0.000096,-0.000622,-0.000343,-0.001442
345.000000,-0.003751,0.000192,-0.000560,0.000104,0.003842
346.000000,-0.006157,-0.000339,-0.001774,-0.000161,-0.011327
347.000000,-0.003825,-0.001176,-0.000909,0.000048,0.004112
348.000000,-0.001301,-0.001583,-0.001124,-0.000385,-0.001691
349.000000,-0.000433,-0.001555,-0.000730,0.000210,0.002897
350.000000,-0.000384,-0.002067,-0.000454,0.000794,0.004090
351.000000,0.002983,-0.001587,-0.000369,0.000716,0.005507
352.000000,0.003493,-0.000166,0.000095,0.000406,0.006664
353.000000,0.004211,0.001455,0.000297,0.000269,0.001896
354.000000,0.004151,0.001859,0.000881,0.000205,0.002601
355.000000,0.002955,0.001286,0.000739,0.000055,-0.001891
356.000000,0.002138,0.002560,0.001111,-0.000329,0.001418
357.000000,0.002076,0.002785,0.000805,0.000322,0.006358
358.000000,0.002634,0.003422,0.000920,0.000392,0.004684
359.000000,0.002907,0.003529,0.000987,0.000690,0.003964
360.000000,0.002492,0.002724,0.000328,0.000605,-0.003964
361.000000,0.001975,0.002056,0.000234,0.000440,-0.001169
362.000000,-0.001083,0.000497,0.000165,0.000229,-0.008929
363.000000,0.002323,0.002478,0.001967,0.001024,0.021712
364.000000,0.000975,0.001941,0.001900,0.001235,-0.002775
365.000000,0.003199,0.002845,0.002066,0.001441,0.007154
366.000000,0.003754,0.002864,0.002712,0.001695,0.001608
367.000000,0.006502,0.002709,0.002747,0.001440,0.004809
368.000000,0.001518,0.001921,0.002672,0.001253,-0.003204
369.000000,0.002257,0.001616,0.002572,0.001197,0.000916
370.000000,-0.001014,0.001092,0.001908,0.000583,-0.009202
371.000000,-0.000736,0.001509,0.001783,0.000659,0.003000
372.000000,-0.002205,0.002148,0.001322,0.000826,-0.002538
373.000000,0.000046,0.000782,0.001630,0.001572,0.008052
374.000000,0.001187,0.001722,0.001831,0.001841,0.006623
375.000000,0.004479,0.001732,0.002289,0.001955,0.007258
376.000000,0.000138,-0.000299,0.001283,0.001709,-0.018705
377.000000,0.001198,-0.000504,0.001103,0.001663,0.002759
378.000000,-0.002490,-0.001222,0.000349,0.001374,-0.010387
379.000000,-0.003351,-0.001082,0.000267,0.001354,0.002317
380.000000,-0.008211,-0.001866,-0.000387,0.000650,-0.017043
381.000000,-0.005131,-0.002496,-0.000494,0.000356,-0.003302
382.000000,-0.004270,-0.001536,0.000306,0.000370,0.007062
383.000000,-0.000604,-0.001547,-0.000383,0.000571,0.007944
384.000000,-0.001068,-0.002210,-0.000244,0.000484,0.000000
385.000000,0.001267,-0.003472,-0.000870,0.000369,-0.005367
386.000000,-0.003431,-0.004281,-0.002290,-0.000572,-0.026795
387.000000,-0.003073,-0.003672,-0.002088,-0.000489,0.008853
388.000000,-0.006962,-0.003783,-0.002503,-0.001028,-0.011500
389.000000,-0.008802,-0.004935,-0.003008,-0.001467,-0.009199
390.000000,-0.009291,-0.004012,-0.002939,-0.001595,-0.007813
391.000000,-0.002515,-0.002973,-0.002735,-0.001320,0.007083
392.000000,-0.006095,-0.004584,-0.003060,-0.001324,-0.009045
393.000000,-0.002278,-0.004620,-0.003084,-0.001795,0.007584
394.000000,-0.004476,-0.006639,-0.004424,-0.002375,-0.020188
395.000000,-0.003661,-0.006476,-0.004974,-0.002738,-0.003737
396.000000,-0.009724,-0.006120,-0.005200,-0.003566,-0.023233
397.000000,-0.007915,-0.007005,-0.005338,-0.003727,0.000000
398.000000,-0.006994,-0.004636,-0.004209,-0.003214,0.012189
399.000000,-0.004884,-0.004680,-0.004807,-0.003565,-0.009637
400.000000,-0.003018,-0.003339,-0.003676,-0.003072,0.005591
401.000000,0.000816,-0.004454,-0.003714,-0.003308,-0.004063
402.000000,0.003395,-0.002260,-0.003422,-0.002793,0.012894
403.000000,-0.000151,-0.003573,-0.004096,-0.003247,-0.005542
404.000000,0.001725,-0.001579,-0.004109,-0.003476,-0.000253
405.000000,-0.000101,-0.001560,-0.004018,-0.003836,-0.003543
406.000000,0.001066,0.000941,-0.002589,-0.003153,0.001773
407.000000,-0.000755,0.001320,-0.002843,-0.003119,0.003789
408.000000,0.001359,0.000604,-0.002016,-0.002605,0.005030
409.000000,0.002860,0.002293,-0.001194,-0.002441,0.007249
410.000000,0.002720,0.001309,-0.001015,-0.002014,-0.004243
411.000000,0.004307,0.002686,-0.000884,-0.001580,0.009708
412.000000,0.003202,0.001223,-0.000518,-0.001874,-0.001735
413.000000,0.003038,0.002198,-0.000687,-0.001998,0.004209
414.000000,0.001736,0.002298,0.000359,-0.001973,0.000741
415.000000,0.004794,0.003757,0.001099,-0.001426,0.011050
416.000000,0.002413,0.003360,0.002150,-0.000606,-0.002200
417.000000,0.004223,0.003712,0.002516,-0.000658,0.007315
418.000000,0.003818,0.003428,0.002016,-0.000201,0.002184
419.000000,0.004106,0.002921,0.002607,0.000178,0.002179
420.000000,0.001023,0.002909,0.002109,0.000293,-0.004364
421.000000,0.002481,0.002447,0.002567,0.000226,0.005089
422.000000,-0.000730,0.001746,0.001485,0.000237,-0.008740
423.000000,0.001353,0.002586,0.002392,0.000404,0.012600
424.000000,-0.002042,0.001032,0.001665,0.000583,-0.014797
425.000000,0.001211,0.001117,0.002437,0.001105,0.011903
426.000000,-0.002775,-0.000147,0.001606,0.001385,-0.014840
427.000000,0.000584,-0.000073,0.001820,0.001653,0.008056
428.000000,-0.002228,-0.000437,0.001495,0.001198,-0.001460
429.000000,-0.002063,-0.002053,0.000434,0.001054,-0.013976
430.000000,-0.005236,-0.002012,0.000448,0.000735,-0.003958
431.000000,-0.003013,-0.002894,-0.000223,0.000746,-0.003725
432.000000,-0.006725,-0.003070,-0.000662,-0.000034,-0.010505
433.000000,-0.009014,-0.005621,-0.001518,-0.000279,-0.012907
434.000000,-0.005965,-0.004014,-0.001491,-0.000228,0.001273
435.000000,-0.006500,-0.005868,-0.002375,-0.000331,-0.006636
436.000000,-0.003970,-0.003492,-0.001819,-0.000093,0.008923
437.000000,-0.001514,-0.004120,-0.002096,-0.000160,0.001775
438.000000,0.000153,-0.004431,-0.002434,-0.000480,-0.004571
439.000000,-0.003335,-0.004650,-0.003351,-0.001261,-0.016165
440.000000,-0.002163,-0.004331,-0.003172,-0.001145,-0.000776
441.000000,0.000051,-0.001960,-0.002427,-0.000802,0.019990
442.000000,0.000405,-0.000555,-0.001813,-0.000626,0.003546
443.000000,-0.002510,-0.001179,-0.003400,-0.001405,-0.019145
444.000000,0.004855,0.000760,-0.001627,-0.000741,0.020661
445.000000,0.002163,0.000000,-0.002934,-0.001584,-0.014239
446.000000,-0.005766,-0.002858,-0.003175,-0.002165,-0.019654
447.000000,-0.010378,-0.004987,-0.004553,-0.003060,-0.019515
448.000000,-0.006336,-0.004423,-0.004427,-0.003097,0.001065
449.000000,-0.009725,-0.002435,-0.003542,-0.003046,0.003717
450.000000,-0.003149,-0.000493,-0.002412,-0.002279,0.018643
451.000000,0.003726,-0.001020,-0.001490,-0.001958,0.014719
452.000000,0.011940,0.000781,0.000113,-0.000948,0.021555
453.000000,0.016438,0.005051,0.001936,-0.000583,0.023554
454.000000,0.012384,0.001329,0.001045,-0.000642,-0.016554
455.000000,0.010786,0.003819,0.001909,-0.000683,0.010656
456.000000,0.008875,0.006300,0.001721,-0.000016,0.005163
457.000000,0.000751,0.006346,0.000679,-0.000920,-0.019062
458.000000,-0.002317,0.007061,0.001319,-0.000598,0.008214
459.000000,0.000348,0.006366,0.001966,-0.000240,-0.003228
460.000000,-0.001286,0.004750,0.002129,-0.000025,0.002484
461.000000,0.000441,0.004658,0.001819,0.000559,0.013797
462.000000,0.002829,0.001790,0.001285,0.000672,-0.007121
463.000000,0.000643,-0.000837,0.002107,0.001012,-0.002714
464.000000,0.003305,0.001827,0.001578,0.001305,0.010080
465.000000,0.003394,0.001054,0.002436,0.001624,0.002931
466.000000,0.001948,0.001194,0.003747,0.001546,0.006564
467.000000,0.005876,0.004353,0.005349,0.001904,0.012521
468.000000,0.004834,0.002739,0.004900,0.001792,-0.007928
469.000000,0.000976,0.002141,0.004253,0.002024,-0.009208
470.000000,-0.000244,0.001575,0.003163,0.001944,-0.003170
471.000000,-0.002929,-0.000491,0.002084,0.001049,-0.006861
472.000000,-0.004697,0.000590,0.001190,0.001054,0.003681
473.000000,-0.002524,0.001155,0.000159,0.001790,0.002935
474.000000,0.000632,0.000804,0.001315,0.001320,0.006573
475.000000,0.001751,0.000753,0.000904,0.001875,0.002424
476.000000,0.002977,0.000024,0.000609,0.002506,-0.000726
477.000000,0.004122,-0.000288,0.002033,0.003470,0.009403
478.000000,0.004636,0.001056,0.001897,0.003618,0.005504
479.000000,0.002939,0.001785,0.001963,0.003431,-0.001911
480.000000,0.003408,0.002579,0.002077,0.002968,0.004771
481.000000,0.004076,0.003527,0.001518,0.002565,0.002614
482.000000,0.003096,0.003609,0.002099,0.001996,0.004500
483.000000,0.006018,0.005327,0.003241,0.001882,0.020118
484.000000,0.006817,0.004878,0.002841,0.002503,0.002082
485.000000,0.006140,0.004774,0.002764,0.002194,0.001386
486.000000,0.004877,0.004477,0.002250,0.001898,-0.003699
487.000000,0.005040,0.004068,0.001890,0.002711,0.005314
488.000000,0.000924,0.003471,0.002263,0.002422,-0.000461
489.000000,0.001336,0.004076,0.002931,0.002667,0.004141
490.000000,-0.001901,0.002119,0.002349,0.002091,-0.014801
491.000000,-0.003458,0.000710,0.002118,0.001249,-0.011482
492.000000,-0.004003,0.000519,0.002064,0.001572,0.002589
493.000000,-0.000832,0.000046,0.002687,0.002176,0.015396
494.000000,0.000733,0.001035,0.002956,0.002239,0.011965
495.000000,0.006058,0.002078,0.003426,0.002535,0.011824
496.000000,0.008851,0.002697,0.003587,0.002399,0.002483
497.000000,0.008784,0.002391,0.003229,0.002057,0.002252
498.000000,0.005074,0.002121,0.002796,0.002216,-0.003155
499.000000,0.002906,0.001820,0.002948,0.002561,0.001128
500.000000,0.001172,0.003615,0.002867,0.002771,0.003151
501.000000,0.000585,0.004718,0.002714,0.002985,-0.000450
502.000000,-0.003403,0.002690,0.001604,0.002273,-0.017692
503.000000,-0.003828,0.000623,0.000335,0.001999,-0.005277
504.000000,-0.006880,-0.001987,-0.000476,0.001309,-0.014132
505.000000,-0.009009,-0.003918,-0.000920,0.000978,-0.007494
506.000000,-0.008731,-0.004073,-0.000688,0.001034,0.000940
507.000000,0.002321,-0.000541,0.000925,0.001972,0.037566
508.000000,0.002651,-0.000589,0.000766,0.001668,-0.003626
509.000000,0.007645,0.000382,0.001101,0.002093,0.010838
510.000000,0.009368,0.000180,0.001897,0.001971,0.001122
511.000000,0.008191,-0.000270,0.002224,0.001719,-0.004947
512.000000,-0.002321,0.000000,0.001345,0.001070,-0.014990
513.000000,0.000000,0.001325,0.000974,0.000665,0.007977
514.000000,-0.002258,0.002693,0.000353,0.000580,-0.000454
515.000000,-0.000449,0.004459,0.000271,0.000873,0.010168
516.000000,0.004326,0.006258,0.001093,0.001627,0.018929
517.000000,0.003313,0.000496,-0.000023,0.000782,-0.020054
518.000000,0.003689,0.001844,0.000628,0.001126,0.009855
519.000000,0.001268,-0.000495,-0.000056,0.000569,-0.012559
520.000000,-0.001897,-0.001173,-0.000497,0.000874,-0.005658
521.000000,-0.002978,0.000674,0.000202,0.001707,0.013526
522.000000,-0.001038,0.001138,0.000569,0.001276,-0.010353
523.000000,-0.001971,0.000859,0.001092,0.000936,0.005190
524.000000,0.004287,0.002777,0.002735,0.001161,0.018730
525.000000,0.006036,0.002069,0.003264,0.000870,0.003088
526.000000,0.004735,0.000879,0.003568,0.001021,0.007022
527.000000,0.007199,0.003081,0.001788,0.001012,0.001966
528.000000,0.005724,0.001877,0.001861,0.001044,-0.002185
529.000000,0.005319,0.004803,0.002154,0.001563,0.016701
530.000000,0.003276,0.004656,0.001741,0.001221,-0.007124
531.000000,0.007342,0.006039,0.003356,0.002148,0.027352
532.000000,0.003590,0.005395,0.003266,0.002177,-0.016793
533.000000,0.005309,0.005517,0.003188,0.002567,0.006410
534.000000,0.003328,0.004323,0.003550,0.003265,0.006793
535.000000,0.003437,0.003356,0.002713,0.003295,-0.006580
536.000000,-0.000803,0.003270,0.002074,0.003469,0.006156
537.000000,0.001708,0.002649,0.002865,0.002075,-0.004242
538.000000,0.000808,0.003059,0.002468,0.002260,0.001911
539.000000,-0.001188,0.001070,0.002936,0.001792,-0.003187
540.000000,0.000977,0.002207,0.003431,0.001897,0.004247
541.000000,-0.001786,-0.001294,0.002372,0.001806,-0.007658
542.000000,-0.000085,0.000811,0.003103,0.002448,0.004262
543.000000,-0.002176,-0.000684,0.002416,0.001897,-0.008542
544.000000,-0.003218,-0.002203,0.001060,0.001632,-0.008399
545.000000,-0.005021,-0.002022,0.000667,0.001135,-0.004769
546.000000,-0.006467,-0.004126,-0.000428,0.000007,-0.014886
547.000000,-0.008780,-0.004433,-0.000892,0.000432,-0.007305
548.000000,-0.008947,-0.005561,-0.001251,-0.000209,-0.009375
549.000000,-0.008979,-0.006098,-0.002514,-0.000075,-0.008559
550.000000,-0.006179,-0.005600,-0.001697,0.000421,0.009231
551.000000,-0.003875,-0.005171,-0.003233,-0.000142,-0.003367
552.000000,-0.001114,-0.004947,-0.002068,0.000420,0.006500
553.000000,0.001207,-0.003870,-0.002277,0.000321,0.002232
554.000000,0.005796,-0.001591,-0.001897,0.000176,0.014386
555.000000,0.002760,-0.001709,-0.001866,-0.000125,-0.005950
556.000000,0.003963,0.000044,-0.002041,-0.000271,0.002649
557.000000,0.002354,0.000620,-0.001906,-0.000388,-0.001544
558.000000,0.002877,0.002042,-0.001759,-0.000153,0.004846
559.000000,0.000964,0.003380,-0.001359,-0.000549,0.004822
560.000000,0.000133,0.001446,-0.002077,-0.000649,-0.010110
561.000000,-0.000221,0.001871,-0.001650,-0.001531,0.000883
562.000000,0.003545,0.002950,-0.000999,-0.000395,0.017285
563.000000,-0.000220,0.001329,-0.001271,-0.001075,-0.013980
564.000000,-0.000438,0.000263,-0.000664,-0.001177,0.003733
565.000000,0.001365,0.000749,-0.000480,-0.000994,-0.001096
566.000000,0.003370,0.001575,0.000809,-0.000836,0.010910
567.000000,-0.001306,0.001120,0.000870,-0.000898,-0.006095
568.000000,0.003964,0.001872,0.001957,-0.000549,0.012369
569.000000,0.001919,0.000741,0.002061,-0.000659,-0.006491
570.000000,0.002356,0.001860,0.001653,-0.000765,0.001085
571.000000,-0.001787,0.000791,0.001331,-0.000836,-0.009805
572.000000,-0.001710,-0.001508,0.000721,-0.001168,-0.005709
573.000000,-0.004008,-0.000022,0.000653,-0.000854,0.000880
574.000000,-0.005993,-0.002037,-0.000887,-0.001122,-0.016416
575.000000,-0.008052,-0.002848,-0.001050,-0.001270,-0.009213
576.000000,-0.005731,-0.003759,-0.001092,-0.000713,0.001804
577.000000,-0.004950,-0.003330,-0.001105,-0.000530,-0.001804
578.000000,-0.002524,-0.003266,-0.000697,0.000216,0.013008
579.000000,-0.000852,-0.003422,-0.001341,0.000233,-0.008054
580.000000,0.002200,-0.002926,-0.000533,0.000127,0.006046
581.000000,0.000585,-0.002573,-0.000891,0.000030,-0.006271
582.000000,0.001932,-0.001509,-0.001508,-0.000022,0.004931
583.000000,-0.000759,-0.001642,-0.000832,-0.000112,-0.000447
584.000000,0.000762,-0.000045,-0.001041,-0.000606,-0.000447
585.000000,0.001158,0.001679,-0.000585,-0.000140,0.008023
586.000000,0.002811,0.001698,-0.001031,-0.000162,0.001996
587.000000,-0.001346,0.000293,-0.001518,-0.000639,-0.015854
588.000000,-0.000852,-0.000805,-0.002036,-0.000733,0.002024
589.000000,-0.001077,-0.000157,-0.001790,-0.000946,-0.001574
590.000000,-0.001247,-0.000045,-0.001485,-0.000370,0.007173
591.000000,-0.001022,0.000895,-0.000839,-0.000296,0.003122
592.000000,0.003525,0.001090,-0.000210,-0.000642,0.006879
593.000000,0.003650,0.001399,-0.000121,-0.000088,0.002650
594.000000,0.005940,0.002432,0.001193,0.000117,0.009876
595.000000,0.004549,0.001651,0.001665,0.000161,0.000218
596.000000,0.005100,0.002039,0.001869,-0.000007,0.005878
597.000000,0.004677,0.004101,0.002197,0.000355,0.004764
598.000000,0.003974,0.003812,0.001503,-0.000086,-0.000864
599.000000,0.002776,0.004358,0.002100,0.000259,0.003884
600.000000,0.001739,0.003144,0.001550,0.000058,-0.004966
601.000000,-0.001919,0.001590,0.001243,-0.000029,-0.012414
602.000000,-0.001692,0.001493,0.001291,0.000358,0.005900
603.000000,-0.002261,0.000856,0.001128,0.000205,-0.003711
604.000000,-0.006168,-0.001696,0.000368,0.000230,-0.015648
605.000000,-0.006422,-0.002342,-0.000345,0.000329,-0.006239
606.000000,-0.004074,-0.002996,-0.000479,0.000247,-0.000671
607.000000,-0.005075,-0.003383,0.000359,0.000337,0.000894
608.000000,-0.007032,-0.004647,-0.000417,-0.000547,-0.013499
609.000000,-0.002909,-0.004538,-0.000090,-0.000112,0.004971
610.000000,-0.001796,-0.004109,-0.000483,-0.000337,-0.000676
611.000000,-0.000897,-0.002485,-0.000447,0.000000,0.003827
612.000000,0.000313,-0.002381,-0.000444,0.000067,0.006941
613.000000,0.005408,-0.000812,0.000022,0.000481,0.011976
614.000000,0.003928,0.000510,-0.000593,0.000415,-0.002428
615.000000,0.001080,-0.000358,-0.001350,-0.000350,-0.014917
616.000000,0.000807,-0.000045,-0.001521,-0.000334,0.002464
617.000000,-0.000805,-0.000246,-0.001815,0.000157,-0.001119
618.000000,-0.002440,0.001484,-0.001582,0.000216,0.003801
619.000000,-0.000975,0.001477,-0.001531,0.000432,0.004898
620.000000,0.001920,0.001500,-0.001305,0.000178,-0.000444
621.000000,0.000581,0.000694,-0.000896,-0.000067,-0.004230
622.000000,-0.002162,-0.001484,-0.001932,-0.000791,-0.014835
623.000000,-0.003376,-0.002908,-0.001860,-0.000955,-0.002267
624.000000,-0.003721,-0.002348,-0.000919,-0.001178,0.003172
625.000000,-0.008348,-0.003214,-0.001786,-0.001971,-0.023579
626.000000,-0.008943,-0.004181,-0.002113,-0.002407,-0.007207
627.000000,-0.003795,-0.002979,-0.001612,-0.002203,0.010906
628.000000,-0.003249,-0.003312,-0.000914,-0.002158,0.000461
629.000000,-0.004901,-0.004311,-0.001417,-0.002458,-0.005088
630.000000,0.000971,-0.003689,-0.001094,-0.002099,0.005780
631.000000,0.000326,-0.004308,-0.001807,-0.002033,-0.010428
632.000000,-0.003398,-0.003597,-0.002540,-0.002487,-0.007717
633.000000,-0.000369,-0.001809,-0.002359,-0.001843,0.015605
634.000000,0.003311,-0.000795,-0.001571,-0.000878,0.013315
635.000000,0.002656,0.001813,-0.000700,-0.000586,0.002505
636.000000,0.003967,0.002147,-0.001017,-0.000693,-0.003875
637.000000,0.001683,-0.000858,-0.001918,-0.001361,-0.019136
638.000000,-0.007440,-0.003905,-0.003609,-0.001911,-0.030008
639.000000,-0.011161,-0.003925,-0.004118,-0.002253,-0.005291
640.000000,-0.013260,-0.005302,-0.004495,-0.002497,-0.007989
641.000000,-0.012193,-0.004113,-0.004211,-0.002576,0.001457
642.000000,-0.010416,-0.004366,-0.003981,-0.003149,-0.010246
643.000000,-0.006237,-0.006838,-0.004324,-0.003852,-0.009114
644.000000,-0.004882,-0.008021,-0.004408,-0.003721,0.001484
645.000000,-0.001219,-0.007239,-0.002713,-0.002880,0.010325
646.000000,0.000824,-0.005685,-0.001769,-0.002573,0.011670
647.000000,0.002679,-0.003868,-0.002363,-0.002568,-0.000967
648.000000,0.004260,-0.000988,-0.002446,-0.002735,-0.001211
649.000000,0.002943,-0.000969,-0.002447,-0.003068,-0.005100
650.000000,0.000781,-0.000219,-0.002760,-0.003070,-0.000487
651.000000,0.000193,0.000508,-0.001802,-0.002638,0.008732
652.000000,-0.000048,0.001315,-0.001525,-0.002216,-0.002176
653.000000,0.000967,0.002613,-0.002112,-0.002011,0.003865
654.000000,0.003811,0.003377,-0.002322,-0.001813,0.009119
655.000000,0.002950,0.001866,-0.002687,-0.001187,-0.004789
656.000000,-0.000580,-0.000194,-0.002939,-0.001244,-0.008921
657.000000,-0.001214,-0.000631,-0.002250,-0.001786,-0.005342
658.000000,0.001441,0.001204,0.000108,-0.001230,0.017140
659.000000,0.000811,0.002311,0.000671,-0.000861,0.005966
660.000000,0.000240,0.001595,0.000688,-0.001309,-0.007643
661.000000,0.000532,-0.000024,0.000242,-0.001210,-0.007460
662.000000,-0.002203,-0.001709,-0.000197,-0.001586,-0.019020
663.000000,-0.007114,-0.002836,-0.000111,-0.002354,-0.007413
664.000000,-0.017026,-0.008108,-0.002365,-0.004251,-0.043595
665.000000,-0.018631,-0.009196,-0.003665,-0.004856,-0.015666
666.000000,-0.014161,-0.006815,-0.003504,-0.004231,0.014889
667.000000,-0.006404,-0.004304,-0.002467,-0.002934,0.019767
668.000000,-0.005023,-0.006068,-0.002432,-0.001951,-0.000509
669.000000,0.003696,-0.006665,-0.002177,-0.001775,0.000000
670.000000,0.001886,-0.008373,-0.003389,-0.002332,-0.024718
671.000000,-0.000052,-0.007107,-0.003565,-0.002207,0.005200
672.000000,-0.003074,-0.004739,-0.003224,-0.001711,0.004657
673.000000,-0.001481,-0.003252,-0.003044,-0.001158,0.007458
674.000000,0.002828,0.003262,-0.002423,-0.000490,0.021544
675.000000,0.008423,0.005154,-0.002021,-0.000725,0.003254
676.000000,0.007483,0.003715,-0.001550,-0.001098,0.000500
677.000000,0.005298,0.001112,-0.001596,-0.001274,-0.006265
678.000000,0.003454,0.000987,-0.002541,-0.001293,-0.001761
679.000000,-0.000653,0.001088,-0.002789,-0.001089,0.001007
680.000000,0.001146,0.004785,-0.001794,-0.000664,0.012252
681.000000,0.000748,0.004115,-0.001496,-0.001005,-0.001492
682.000000,-0.001210,0.002044,-0.001347,-0.001468,-0.016057
683.000000,0.000302,0.001878,-0.000687,-0.001403,0.005800
684.000000,-0.004735,-0.002694,0.000284,-0.002513,-0.024177
685.000000,-0.007495,-0.003174,0.000990,-0.002405,-0.001547
686.000000,-0.011473,-0.005362,-0.000823,-0.002820,-0.021383
687.000000,-0.008578,-0.004894,-0.001891,-0.002695,-0.001583
688.000000,-0.013038,-0.006368,-0.002691,-0.003817,-0.016503
689.000000,-0.007613,-0.006174,-0.002543,-0.003917,0.002948
690.000000,-0.005334,-0.006414,-0.000815,-0.003334,0.009852
691.000000,0.001366,-0.005053,-0.000469,-0.002682,0.012115
692.000000,0.007869,-0.000355,0.000845,-0.001016,0.030930
693.000000,0.015686,0.001324,0.001601,-0.000017,0.022586
694.000000,0.012348,0.002367,-0.000163,0.000979,-0.013742
695.000000,0.013770,0.004218,0.000522,0.002066,0.016962
696.000000,0.014780,0.008073,0.001355,0.002142,0.017166
697.000000,0.010096,0.008982,0.002044,0.001733,0.007509
698.000000,0.006734,0.011210,0.002421,0.001943,0.005775
699.000000,0.006631,0.009490,0.001658,0.001468,-0.014257
700.000000,0.002849,0.008310,0.000948,0.002227,-0.001949
701.000000,0.000194,0.007487,0.001217,0.002183,0.003894
702.000000,-0.001162,0.004467,0.002056,0.002052,0.000728
703.000000,-0.002365,0.002184,0.001754,0.001795,-0.000243
704.000000,0.004143,0.005387,0.003877,0.001687,0.018283
705.000000,0.003864,0.003356,0.003787,0.001467,-0.003343
706.000000,0.004942,0.002568,0.005321,0.001760,0.009285
707.000000,0.000775,-0.000193,0.004395,0.001298,-0.020106
708.000000,0.001017,-0.000674,0.005268,0.001389,0.000967
709.000000,-0.002833,0.000655,0.005072,0.001323,-0.000967
710.000000,0.001477,0.002671,0.005490,0.001522,0.018208
711.000000,0.001887,0.003414,0.005451,0.001949,0.011332
712.000000,0.006330,0.003553,0.004010,0.002555,0.002110
713.000000,0.008604,0.004811,0.003498,0.002773,0.012339
714.000000,0.005155,0.001161,0.003274,0.002972,-0.018212
715.000000,0.000095,0.000786,0.002071,0.002787,-0.007094
716.000000,-0.001413,0.000237,0.001402,0.003626,0.003790
717.000000,-0.001599,0.002365,0.001086,0.003718,0.001181
718.000000,-0.005917,0.001344,0.000335,0.003960,-0.009252
719.000000,-0.003087,0.001034,0.000845,0.003726,-0.004060
720.000000,-0.001190,-0.000548,0.001062,0.003478,0.002390
721.000000,-0.008056,-0.004735,-0.000660,0.002056,-0.030540
722.000000,-0.007212,-0.004406,-0.000427,0.001205,0.005400
723.000000,-0.006935,-0.006426,-0.000808,0.000190,-0.007864
724.000000,-0.007460,-0.005273,-0.002056,0.000425,-0.006684
725.000000,-0.002692,-0.001941,-0.000577,0.000734,0.026230
726.000000,0.006585,-0.000736,-0.000249,0.000690,0.015843
727.000000,0.008108,0.000448,0.001407,0.000873,0.013013
728.000000,0.013960,0.003512,0.002428,0.001394,0.021396
729.000000,0.016535,0.004538,0.002786,0.002076,0.006193
730.000000,0.011015,0.004161,0.001807,0.002095,-0.001373
731.000000,0.009033,0.007809,0.001537,0.002163,0.005936
732.000000,0.005929,0.007018,0.001306,0.002055,-0.002507
733.000000,0.003603,0.008781,0.001178,0.002389,0.009765
734.000000,-0.005847,0.005344,0.000035,0.000411,-0.041057
735.000000,-0.004727,0.003144,0.000601,0.000663,0.004229
736.000000,-0.004605,0.002214,0.000739,0.000572,0.006544
737.000000,-0.010254,-0.002162,-0.000857,0.000217,-0.030750
738.000000,-0.013218,-0.004808,-0.000648,0.000016,-0.005057
739.000000,-0.004814,-0.005331,-0.000396,0.000080,0.000965
740.000000,-0.004361,-0.004544,-0.000191,-0.000310,0.006491
741.000000,-0.005862,-0.005234,0.001288,-0.000720,-0.000959
742.000000,-0.002222,-0.006238,0.000390,-0.001208,-0.012551
743.000000,0.001635,-0.005792,0.001495,-0.001145,0.014229
744.000000,0.001490,-0.001662,0.001841,-0.000530,0.000239
745.000000,-0.005343,-0.004852,-0.000854,-0.001216,-0.027672
746.000000,-0.011198,-0.008530,-0.003158,-0.002350,-0.030233
747.000000,-0.005916,-0.004069,-0.003116,-0.001928,0.013856
748.000000,-0.006770,-0.002568,-0.003688,-0.001288,0.009958
749.000000,-0.001828,-0.000169,-0.002750,-0.000321,0.024952
750.000000,0.004863,-0.000240,-0.002392,-0.000208,0.005782
751.000000,0.010573,-0.000312,-0.002773,0.000754,-0.001683
752.000000,0.009049,0.001566,-0.002336,0.000782,0.006237
753.000000,0.006195,-0.000288,-0.003040,0.000901,-0.004313
754.000000,-0.002529,-0.002178,-0.001920,0.000501,-0.018665
755.000000,-0.006742,-0.000940,-0.002896,-0.000883,-0.015286
756.000000,-0.006804,0.001885,-0.003323,-0.001477,-0.001990
757.000000,-0.010254,-0.000602,-0.002336,-0.002278,-0.011014
758.000000,-0.012844,-0.003324,-0.002946,-0.003567,-0.017264
759.000000,-0.010963,-0.006746,-0.003457,-0.004082,-0.009262
760.000000,-0.007235,-0.006989,-0.003614,-0.003924,0.003354
761.000000,-0.006785,-0.006795,-0.003553,-0.004113,0.000258
762.000000,-0.008694,-0.009474,-0.003954,-0.004715,-0.020555
763.000000,-0.004088,-0.008466,-0.004377,-0.004848,0.005767
764.000000,-0.002654,-0.006808,-0.004493,-0.003550,-0.002093
765.000000,-0.003587,-0.005411,-0.003175,-0.003734,-0.001310
766.000000,-0.005907,-0.006346,-0.002231,-0.004330,-0.011341
767.000000,-0.004843,-0.006768,-0.003685,-0.003813,-0.015235
768.000000,0.001406,-0.001341,-0.002332,-0.002411,0.037012
769.000000,-0.006225,-0.004439,-0.005593,-0.003785,-0.040249
770.000000,-0.000999,-0.002293,-0.004641,-0.003174,0.024818
771.000000,0.000953,-0.002477,-0.004636,-0.003195,-0.001583
772.000000,0.003947,-0.000448,-0.004961,-0.002785,-0.000264
773.000000,0.005023,0.003215,-0.002625,-0.001846,0.042395
774.000000,0.011753,0.002764,-0.002022,-0.002074,-0.006602
775.000000,0.005460,0.002230,-0.001590,-0.001373,-0.006646
776.000000,0.009939,0.005446,-0.000450,0.000328,0.020813
777.000000,0.012389,0.008168,0.000700,0.000266,0.011985
778.000000,0.003512,0.004268,0.001464,-0.000132,-0.001988
779.000000,0.004185,0.007969,0.001765,-0.001072,-0.003238
780.000000,0.006361,0.005910,0.001809,-0.001124,0.004233
781.000000,0.002992,0.006465,0.001994,-0.000935,0.003967
782.000000,0.000198,0.006294,0.002923,-0.001209,-0.001982
783.000000,0.003011,0.003262,0.003238,-0.000663,0.012077
784.000000,0.006529,0.005357,0.004061,0.000438,0.014350
785.000000,0.010077,0.008219,0.005225,0.001680,0.021974
786.000000,0.008858,0.005925,0.005685,0.001675,-0.002128
787.000000,0.010764,0.005481,0.006824,0.002294,0.007547
788.000000,0.007501,0.005256,0.004762,0.002728,-0.004238
789.000000,0.004536,0.005533,0.006751,0.003021,-0.000472
790.000000,0.002489,0.006283,0.006097,0.003300,0.011734
791.000000,0.004541,0.006699,0.006582,0.003563,0.008133
792.000000,0.004231,0.007498,0.006896,0.004448,0.005999
793.000000,0.006134,0.006818,0.005040,0.004431,0.005277
794.000000,0.008368,0.006452,0.005905,0.004858,0.010698
795.000000,0.007465,0.004977,0.006598,0.005142,0.007219
796.000000,0.007940,0.006241,0.006083,0.005870,0.010509
797.000000,0.009699,0.006965,0.006223,0.006871,0.014792
798.000000,0.008731,0.007433,0.006344,0.005652,0.000438
799.000000,0.005317,0.006843,0.006188,0.006781,-0.006373
800.000000,0.006501,0.006983,0.006633,0.006392,0.013141
801.000000,0.004834,0.006387,0.006543,0.006517,0.002173
802.000000,0.005362,0.007531,0.007514,0.007107,0.017433
803.000000,0.004420,0.006575,0.006696,0.005552,-0.004276
804.000000,0.007018,0.006168,0.006310,0.005992,0.006620
805.000000,0.008728,0.007614,0.006296,0.006937,0.021687
806.000000,0.011926,0.008380,0.007310,0.006848,0.018164
807.000000,0.005638,0.005500,0.006233,0.005982,-0.014006
808.000000,0.008515,0.006468,0.006950,0.006385,0.010113
809.000000,0.005749,0.006384,0.006613,0.006253,-0.007213
810.000000,0.000499,0.004613,0.005798,0.005960,-0.004561
811.000000,-0.004050,0.003938,0.005163,0.005675,-0.004581
812.000000,-0.000498,0.002570,0.005050,0.005866,0.003750
813.000000,0.000697,0.004606,0.005591,0.006000,0.016089
814.000000,0.001443,0.003596,0.004882,0.005405,-0.003485
815.000000,0.001820,0.001160,0.004387,0.004584,-0.002673
816.000000,0.002200,-0.000925,0.003728,0.004565,-0.002680
817.000000,0.000664,0.000083,0.002792,0.004183,-0.003930
818.000000,-0.005350,-0.002327,0.002070,0.003858,-0.013983
819.000000,-0.003229,-0.000893,0.002745,0.004111,0.007120
820.000000,-0.003867,-0.001023,0.001795,0.003524,-0.005860
821.000000,-0.002033,0.000083,0.002011,0.003470,0.006486
822.000000,-0.004485,-0.001910,0.000330,0.002730,-0.016189
823.000000,0.000210,-0.002570,0.001018,0.002870,0.009493
824.000000,0.000042,-0.001594,0.001001,0.002723,0.006279
825.000000,0.000629,-0.001619,-0.000230,0.002385,-0.002925
826.000000,0.001372,-0.000331,-0.000628,0.002375,0.010201
827.000000,0.005560,0.000537,0.000310,0.002040,0.004753
828.000000,0.004853,0.002532,0.000103,0.002224,0.005960
829.000000,0.004783,0.002412,0.000759,0.002634,0.005925
830.000000,-0.005645,-0.002508,-0.001766,0.000361,-0.055064
831.000000,-0.003384,-0.001006,-0.000461,0.001005,0.021506
832.000000,-0.005814,-0.000127,-0.001019,0.000177,-0.007400
833.000000,-0.003848,0.000503,-0.001034,0.000846,0.015791
834.000000,-0.003825,0.000479,-0.000558,0.000827,0.006040
835.000000,0.003922,-0.000862,-0.001240,-0.000440,-0.016329
836.000000,-0.002459,-0.002921,-0.001626,-0.001392,-0.010396
837.000000,0.002949,-0.001433,-0.000448,-0.000271,0.019640
838.000000,-0.003286,-0.003567,-0.000518,-0.001121,-0.015383
839.000000,-0.005644,-0.004734,-0.001161,-0.001072,-0.005750
840.000000,-0.002506,0.000708,-0.000900,-0.000941,-0.000641
841.000000,0.000000,-0.001229,-0.001118,-0.000717,0.002135
842.000000,-0.003459,-0.000255,-0.000191,-0.000764,0.002343
843.000000,0.001439,-0.000923,-0.000210,-0.000997,0.009107
844.000000,-0.000128,-0.002886,-0.001204,-0.001334,-0.013585
845.000000,0.002084,-0.000211,-0.000536,-0.000897,0.010418
846.000000,-0.002619,-0.001309,-0.002115,-0.001521,-0.021377
847.000000,-0.000597,-0.002028,-0.001730,-0.000974,0.012455
848.000000,-0.006123,-0.002342,-0.002954,-0.001126,-0.018523
849.000000,-0.005328,-0.002728,-0.003731,-0.001683,-0.009611
850.000000,-0.005707,-0.001812,-0.000552,-0.001204,0.008524
851.000000,0.000173,-0.001223,-0.001226,-0.001153,0.008020
852.000000,-0.002924,-0.001760,-0.001008,-0.000714,-0.003027
853.000000,0.003406,-0.001359,-0.001141,-0.000593,0.013123
854.000000,0.006903,0.000788,-0.001049,-0.000540,0.007877
855.000000,0.005749,0.000021,-0.000095,-0.000351,0.002753
856.000000,0.006458,0.003315,0.001003,-0.000305,0.011563
857.000000,0.006351,0.001714,-0.000157,-0.000582,-0.003560
858.000000,0.003643,0.003524,0.000591,-0.000795,-0.000420
859.000000,0.002361,0.004632,0.000952,-0.000943,0.001468
860.000000,0.001894,0.003822,0.001005,0.000906,0.000419
861.000000,0.000125,0.003292,0.001034,0.000280,0.002719
862.000000,0.002584,0.004468,0.001354,0.000818,0.008735
863.000000,0.003825,0.003734,0.001188,0.000484,0.005782
864.000000,0.002706,0.002533,0.001661,0.000145,-0.004126
865.000000,0.000794,0.001344,0.000683,0.000385,-0.009138
866.000000,-0.003881,-0.001878,0.000719,0.000043,-0.020658
867.000000,-0.005075,-0.001245,0.000234,-0.000520,0.002765
868.000000,-0.006359,-0.001267,0.001128,-0.000028,-0.000637
869.000000,-0.003672,-0.000483,0.002074,0.000474,0.009308
870.000000,-0.001466,-0.000336,0.001743,0.000558,0.001893
871.000000,0.005297,0.000708,0.002000,0.000925,0.013154
872.000000,0.003203,-0.000936,0.001766,0.000590,-0.007704
873.000000,0.003831,-0.001264,0.001235,0.000370,0.002505
874.000000,0.005442,0.000885,0.001709,0.001402,0.017363
875.000000,-0.003135,-0.002300,-0.000478,-0.000312,-0.040993
876.000000,-0.009559,-0.002131,-0.002005,-0.000231,-0.018966
877.000000,-0.004097,-0.000447,-0.000846,0.000007,0.019606
878.000000,-0.000878,0.001477,0.000105,0.001245,0.018601
879.000000,0.003494,0.004468,0.001992,0.002872,0.039221
880.000000,0.013537,0.005201,0.002433,0.002896,0.009220
881.000000,0.014517,0.002479,0.001593,0.002159,-0.014065
882.000000,0.012609,0.004256,0.001660,0.002596,0.010067
883.000000,0.009129,0.004126,0.001431,0.002198,0.001201
884.000000,0.004657,0.004076,0.002480,0.002498,0.016864
885.000000,0.003834,0.008685,0.003192,0.002576,0.005102
886.000000,0.008595,0.011556,0.004712,0.002516,0.009739
887.000000,0.006271,0.009440,0.004496,0.002582,-0.001552
888.000000,0.005836,0.007483,0.004480,0.002564,-0.000971
889.000000,0.002425,0.003541,0.004005,0.002509,-0.000194
890.000000,0.000352,0.002093,0.003647,0.002319,-0.005262
891.000000,-0.002457,0.003069,0.002774,0.002085,-0.004308
892.000000,-0.002225,0.002023,0.003139,0.001781,-0.000393
893.000000,-0.000311,0.002763,0.003444,0.001875,0.008601
894.000000,0.000000,0.001212,0.002644,0.002058,0.001361
895.000000,0.000273,0.000313,0.004499,0.002232,-0.003895
896.000000,0.003424,0.000483,0.006020,0.003303,0.011446
897.000000,0.001681,-0.000272,0.004584,0.002907,-0.009108
898.000000,-0.001289,-0.000800,0.003341,0.002720,-0.006249
899.000000,-0.002032,-0.001016,0.001263,0.002331,-0.002353
900.000000,-0.002040,-0.000883,0.000605,0.002137,-0.003935
901.000000,-0.004803,-0.000689,0.001190,0.001619,-0.002368
902.000000,-0.002350,-0.000334,0.000844,0.001981,0.003156
903.000000,-0.000274,-0.000782,0.000991,0.002036,0.004128
904.000000,0.001720,-0.000156,0.000528,0.001711,0.007621
905.000000,0.002001,-0.000020,0.000147,0.002993,-0.002534
906.000000,0.003564,-0.000619,-0.000068,0.003807,0.005450
907.000000,0.003127,0.000389,0.000058,0.003185,0.000970
908.000000,0.001602,0.000664,-0.000068,0.002449,-0.003497
909.000000,-0.001681,0.000020,-0.000498,0.000848,-0.008795
910.000000,-0.001489,0.000256,-0.000314,0.000489,-0.001572
911.000000,-0.003564,0.000000,-0.000345,0.000793,-0.004928
912.000000,-0.001362,0.000882,0.000274,0.000857,0.011981
913.000000,0.001551,0.001576,0.000397,0.001186,0.011067
914.000000,0.003618,0.000969,0.000407,0.000675,0.001544
915.000000,0.002656,0.000584,0.000282,0.000292,-0.006382
916.000000,0.004262,0.000349,-0.000135,0.000071,0.003100
917.000000,0.000468,-0.000447,-0.000029,-0.000110,-0.006988
918.000000,-0.000116,0.000717,0.000691,0.000194,0.008147
919.000000,-0.001548,0.001035,0.000527,0.000013,-0.005619
920.000000,0.000426,0.001541,0.000899,0.000305,0.003491
921.000000,0.000000,0.002131,0.001065,0.000481,0.000968
922.000000,0.000778,0.000623,0.000753,0.000390,-0.003100
923.000000,0.000154,0.000019,0.000798,0.000271,0.005032
924.000000,0.004381,0.001417,0.001193,0.000743,0.015516
925.000000,0.005085,0.002756,0.001670,0.001107,0.007008
926.000000,0.004476,0.002238,0.001293,0.000656,-0.002078
927.000000,0.003233,0.002005,0.000779,0.000649,-0.009311
928.000000,-0.002721,-0.001283,-0.000283,0.000033,-0.024740
929.000000,-0.003296,0.000543,0.000789,0.000532,0.012640
930.000000,-0.006718,-0.000816,0.000362,0.000327,-0.010099
931.000000,-0.006693,-0.001109,0.000511,0.000341,-0.001954
932.000000,-0.000650,0.001292,0.000957,0.000932,0.020903
933.000000,0.003030,0.000154,0.000087,0.000583,-0.006341
934.000000,0.001923,-0.000687,0.000365,0.000566,0.007107
935.000000,0.004019,-0.001349,0.000703,0.000663,0.000383
936.000000,0.007335,0.000321,0.001279,0.000969,0.014624
937.000000,0.004882,0.002116,0.002061,0.001225,0.008635
938.000000,0.003856,0.003443,0.001080,0.000959,-0.011467
939.000000,0.001031,0.001477,0.001010,0.001018,-0.007020
940.000000,0.002056,0.003038,0.001111,0.001254,0.005507
941.000000,0.000903,0.004119,0.001505,0.001714,0.008860
942.000000,-0.003812,0.000535,0.000913,0.000816,-0.014938
943.000000,-0.000227,0.001815,0.000984,0.000663,0.006457
944.000000,-0.006384,-0.002677,-0.001682,-0.000649,-0.037806
945.000000,-0.008945,-0.003445,-0.002397,-0.000679,-0.007300
946.000000,-0.009022,-0.004059,-0.001869,-0.000500,0.008479
947.000000,-0.004508,-0.004160,-0.001022,-0.000013,0.007628
948.000000,-0.008152,-0.004189,-0.000373,-0.000677,-0.011760
949.000000,-0.000867,-0.003625,-0.001074,-0.000535,-0.001381
950.000000,-0.002350,-0.005648,-0.001305,-0.001142,-0.014718
951.000000,-0.002092,-0.005557,-0.000719,-0.000849,0.009770
952.000000,-0.004852,-0.004680,-0.002073,-0.000951,-0.006170
953.000000,-0.001147,-0.004649,-0.001417,-0.000893,0.006765
954.000000,-0.000316,-0.000591,-0.001634,-0.001318,0.002772
955.000000,0.002746,0.000198,-0.001624,-0.001532,0.000593
956.000000,0.002680,0.000294,-0.001883,-0.001148,0.009441
957.000000,0.003797,-0.000527,-0.002344,-0.000857,-0.000587
958.000000,0.001855,0.000354,-0.001918,-0.000131,-0.002943
959.000000,0.000000,-0.000158,-0.001892,-0.000769,-0.006504
960.000000,-0.002586,0.000080,-0.002784,-0.000843,-0.012336
961.000000,-0.004274,-0.000797,-0.003177,-0.000745,0.001001
962.000000,-0.003478,0.000160,-0.002260,-0.001329,0.003394
963.000000,-0.004289,-0.001217,-0.002933,-0.001351,-0.007001
964.000000,-0.001110,-0.000555,-0.000573,-0.001274,0.009390
965.000000,-0.000762,-0.001674,-0.000738,-0.001640,-0.010595
966.000000,-0.000561,-0.002417,-0.001062,-0.002061,0.002008
967.000000,-0.000759,-0.002118,-0.001323,-0.002269,0.002404
968.000000,0.000401,-0.001944,-0.000795,-0.001926,-0.001201
969.000000,0.001031,-0.000040,-0.000099,-0.001274,0.012541
970.000000,0.004137,0.001687,0.000884,-0.001293,0.004933
971.000000,0.005304,0.002372,0.000787,-0.001327,0.007843
972.000000,0.004980,0.002110,0.001135,-0.000803,0.000781
973.000000,0.007085,0.003743,0.001263,-0.000708,0.009324
974.000000,0.008899,0.004965,0.002205,0.001273,0.021613
975.000000,0.009157,0.006647,0.002487,0.001724,0.006225
976.000000,0.006759,0.006032,0.001807,0.001303,-0.004145
977.000000,0.008296,0.006638,0.002260,0.001331,0.008461
978.000000,0.007588,0.007336,0.002696,0.001916,0.005787
979.000000,0.004897,0.006898,0.003429,0.002233,0.008157
980.000000,0.004279,0.006718,0.004203,0.002829,0.003134
981.000000,0.006099,0.006429,0.004401,0.002668,0.004957
982.000000,0.004261,0.006278,0.004194,0.002849,-0.000733
983.000000,0.003140,0.005364,0.004553,0.002630,0.000183
984.000000,0.003985,0.004441,0.004703,0.002950,0.012384
985.000000,-0.000738,0.001771,0.004209,0.002248,-0.020480
986.000000,-0.003064,0.001518,0.003775,0.001711,-0.006673
987.000000,-0.006369,-0.001054,0.002792,0.001155,-0.017258
988.000000,-0.005989,-0.001425,0.002956,0.001322,0.002079
989.000000,-0.008655,-0.002335,0.002281,0.001508,-0.000945
990.000000,-0.002117,-0.001427,0.002645,0.002326,0.012210
991.000000,0.003685,0.000311,0.003370,0.003037,0.022340
992.000000,0.004342,-0.001013,0.002632,0.002458,-0.013973
993.000000,0.003370,-0.001310,0.002027,0.002599,-0.002781
994.000000,0.002031,-0.003312,0.000564,0.002031,-0.007641
995.000000,-0.001763,-0.001940,-0.000085,0.002159,-0.006758
996.000000,-0.005179,-0.000747,0.000386,0.002268,0.005260
997.000000,-0.000185,0.002079,0.000512,0.002554,0.010994
998.000000,0.000852,0.002111,0.000343,0.002674,0.002406
999.000000,0.001603,0.001817,-0.000259,0.002127,-0.003890
1000.000000,0.001426,-0.000168,-0.000798,0.001707,-0.007639
1001.000000,-0.000488,-0.002833,-0.001261,0.001302,-0.004311
1002.000000,-0.001488,-0.000837,-0.000925,0.001476,0.005993
1003.000000,-0.001038,-0.000093,-0.000701,0.001320,0.004657
1004.000000,-0.002052,-0.000225,-0.001768,0.000301,-0.008960
1005.000000,-0.000449,0.000489,-0.000726,0.000106,0.000375
1006.000000,-0.002039,-0.001263,-0.001005,-0.000164,-0.012259
1007.000000,-0.000861,-0.001174,0.000452,-0.000050,0.011884
1008.000000,0.001481,0.000222,0.001166,0.000303,0.016366
1009.000000,0.001494,-0.000279,0.000769,-0.000266,-0.008894
1010.000000,0.002422,0.000986,0.000409,-0.000203,0.005013
1011.000000,0.004392,0.001176,-0.000828,-0.000449,-0.002410
1012.000000,0.003126,0.001132,0.000148,-0.000239,0.005554
1013.000000,0.001653,0.001567,0.000737,0.000055,0.009005
1014.000000,0.002552,0.002023,0.000899,-0.000505,-0.004400
1015.000000,0.001953,0.002188,0.001338,0.000245,0.002019
1016.000000,0.000519,0.002455,0.000596,0.000148,-0.009582
1017.000000,-0.001259,0.000933,-0.000121,0.000612,-0.003338
1018.000000,-0.004365,-0.001356,-0.000567,0.000326,-0.006523
1019.000000,-0.002701,-0.000074,-0.000177,0.000488,0.003919
1020.000000,-0.002398,-0.000222,0.000382,0.000199,0.003533
1021.000000,0.002100,0.001309,0.001243,-0.000116,0.012908
1022.000000,0.005026,0.001884,0.001508,0.000726,0.011295
1023.000000,0.005350,0.000493,0.001030,0.000656,-0.004903
1024.000000,0.004785,0.001042,0.001533,0.000947,0.001092
1025.000000,0.003423,0.000512,0.001350,0.001063,-0.003279
1026.000000,0.001351,0.001725,0.002090,0.000972,0.002551
1027.000000,-0.000617,0.002205,0.001569,0.000655,0.001455
1028.000000,-0.000073,0.002639,0.000642,0.000502,-0.002183
1029.000000,0.000145,0.002465,0.001195,0.000704,0.002183
1030.000000,0.000182,0.001803,0.000790,0.000855,-0.003094
1031.000000,-0.001095,0.000128,0.000719,0.000871,-0.003835
1032.000000,-0.002082,-0.001350,0.000267,0.000555,-0.003483
1033.000000,-0.007648,-0.003860,-0.001684,-0.000600,-0.030009
1034.000000,-0.008653,-0.004254,-0.001606,-0.000396,-0.002842
1035.000000,-0.006145,-0.002981,-0.001235,-0.000094,0.009443
1036.000000,-0.005040,-0.003067,-0.000671,0.000371,0.001690
1037.000000,-0.003557,-0.002820,-0.000307,0.000106,0.003933
1038.000000,0.003117,-0.002265,0.000187,-0.000327,0.003359
1039.000000,0.000606,-0.004023,-0.000779,-0.000544,-0.015394
1040.000000,0.001274,-0.002436,-0.000317,-0.000285,0.012782
1041.000000,0.000075,-0.002483,-0.001177,-0.000348,-0.004305
1042.000000,0.000037,-0.001760,-0.001555,-0.000409,0.003745
1043.000000,-0.000373,0.001372,-0.001244,-0.000665,0.001307
1044.000000,0.002407,0.001507,-0.001373,-0.000568,-0.001494
1045.000000,-0.000824,0.000225,-0.001378,-0.000748,-0.003370
1046.000000,0.004011,0.002043,-0.000512,0.000234,0.019869
1047.000000,0.001786,0.000912,-0.000954,0.000099,-0.007381
1048.000000,0.001042,0.000335,-0.000965,0.000236,-0.002411
1049.000000,-0.001200,0.000604,-0.001710,-0.000318,-0.012706
1050.000000,-0.001884,-0.001354,-0.001895,-0.000662,-0.006792
1051.000000,-0.005631,-0.000810,-0.001646,-0.001055,0.001135
1052.000000,-0.004420,-0.001317,-0.001538,-0.001475,-0.001325
1053.000000,-0.001978,-0.000468,0.000452,-0.000985,0.009798
1054.000000,0.000413,-0.000393,0.000557,-0.001047,-0.000750
1055.000000,0.000340,-0.000772,-0.000273,-0.001176,-0.007156
1056.000000,0.002817,-0.001407,0.000318,-0.000811,0.013516
1057.000000,0.002932,-0.000744,0.000084,-0.000884,-0.000746
1058.000000,-0.000526,-0.001252,-0.000459,-0.001061,-0.007492
1059.000000,0.005406,0.002909,0.001757,-0.000170,0.028907
1060.000000,0.001544,0.000942,-0.000206,-0.000949,-0.026466
1061.000000,0.000112,0.001464,0.000327,-0.000609,0.006356
1062.000000,0.000373,0.001653,0.000168,-0.000475,0.000559
1063.000000,0.000488,-0.000019,-0.000243,0.000295,-0.006915
1064.000000,-0.005781,-0.000188,-0.000291,0.000308,-0.002441
1065.000000,0.000898,0.001221,0.000225,0.000225,0.006932
1066.000000,-0.001496,-0.000692,-0.001050,-0.000019,-0.005617
1067.000000,-0.001158,-0.000393,-0.000568,-0.000075,0.002251
1068.000000,-0.001506,-0.000509,-0.000880,-0.000475,-0.008655
1069.000000,-0.002764,-0.004273,-0.000682,-0.000253,-0.008730
1070.000000,-0.004799,-0.001951,-0.000504,-0.000787,-0.003246
1071.000000,-0.004904,-0.003200,-0.000868,-0.000849,-0.006139
1072.000000,-0.004203,-0.002680,-0.000514,-0.000782,0.005756
1073.000000,-0.004162,-0.002834,-0.001426,-0.001107,-0.008453
1074.000000,-0.001339,-0.002051,-0.001120,-0.000877,0.005388
1075.000000,-0.000268,-0.002534,-0.000656,-0.000695,0.002109
1076.000000,-0.000347,-0.002625,-0.001659,-0.001575,-0.006532
1077.000000,-0.005705,-0.004954,-0.002673,-0.002030,-0.021037
1078.000000,-0.000773,-0.002468,-0.001488,-0.001410,0.016207
1079.000000,-0.002549,-0.001944,-0.003108,-0.001102,-0.003492
1080.000000,-0.002544,-0.001406,-0.001678,-0.000805,0.002136
1081.000000,0.003591,0.001622,-0.000789,-0.000038,0.024144
1082.000000,0.009270,0.001782,-0.000449,0.000252,0.007356
1083.000000,0.004671,0.001949,-0.000443,-0.000301,-0.006789
1084.000000,0.006125,0.001788,-0.000132,-0.000150,0.003777
1085.000000,0.004904,0.001180,-0.000677,-0.000044,-0.003966
1086.000000,-0.001253,0.001169,-0.000728,-0.000716,-0.006646
1087.000000,-0.003412,0.002929,-0.001012,-0.000806,-0.003435
1088.000000,-0.001939,0.001366,-0.000551,-0.000537,0.000573
1089.000000,-0.002237,0.001944,0.000000,-0.001424,0.002290
1090.000000,-0.002093,0.001406,0.000000,-0.000650,-0.003246
1091.000000,0.001896,0.000321,0.000972,-0.000419,0.013298
1092.000000,0.001865,-0.000774,0.000504,-0.000557,-0.003592
1093.000000,-0.001188,-0.001564,0.000193,-0.000816,-0.014691
1094.000000,-0.004277,-0.003257,-0.000735,-0.001174,-0.013156
1095.000000,-0.002773,-0.002433,-0.000626,-0.001262,0.004275
1096.000000,-0.006521,-0.002313,-0.000572,-0.001256,-0.005444
1097.000000,-0.008157,-0.003146,-0.000108,-0.001724,-0.011767
1098.000000,-0.004156,-0.002672,-0.000653,-0.001258,0.005312
1099.000000,-0.002193,-0.003235,-0.000646,-0.001078,-0.003342
1100.000000,-0.005067,-0.003920,-0.001257,-0.001307,-0.010092
1101.000000,-0.004655,-0.005588,-0.002633,-0.001215,-0.003387
1102.000000,-0.001386,-0.004771,-0.002772,-0.001254,0.004579
1103.000000,-0.002448,-0.003302,-0.002433,-0.000972,0.000000
1104.000000,-0.001542,-0.001867,-0.002562,-0.001112,0.001191
1105.000000,0.000318,-0.002374,-0.002404,-0.001209,-0.000794
1106.000000,0.001907,-0.001374,-0.001843,-0.000839,0.004557
1107.000000,0.002605,0.000610,-0.001268,0.000131,0.008072
1108.000000,0.002487,0.000020,-0.001326,-0.000429,-0.000588
1109.000000,0.001226,-0.000158,-0.001696,-0.000483,-0.005114
1110.000000,0.004981,0.002650,-0.000635,0.000045,0.017980
1111.000000,0.002904,0.002405,-0.001591,-0.000954,-0.005828
1112.000000,-0.001022,0.000791,-0.001990,-0.001584,-0.011561
1113.000000,-0.001181,0.000653,-0.001324,-0.001404,-0.001381
1114.000000,-0.000592,0.000317,-0.000775,-0.001602,-0.002173
1115.000000,-0.005061,-0.000040,-0.001207,-0.001616,-0.004361
1116.000000,-0.002470,0.000217,-0.000578,-0.001157,0.007126
1117.000000,0.000748,-0.000137,0.000236,-0.000891,0.004526
1118.000000,0.002783,0.000801,0.000410,-0.000617,0.008797
1119.000000,0.002046,0.000727,0.000285,-0.000889,-0.005856
1120.000000,0.001070,-0.001995,0.000327,-0.001089,-0.009244
1121.000000,0.002704,0.000117,0.001261,-0.001022,0.015294
1122.000000,0.003581,0.002164,0.001478,-0.000605,0.008911
1123.000000,-0.000976,0.000904,0.000779,-0.000582,-0.013984
1124.000000,0.000508,0.001277,0.000797,-0.000091,0.001563
1125.000000,0.001300,0.001185,0.000573,-0.000410,-0.005286
1126.000000,-0.001445,0.000629,0.000423,-0.000176,0.001569
1127.000000,-0.002718,0.000431,0.000147,0.000301,0.002545
1128.000000,-0.000588,-0.000782,0.000010,0.000013,-0.003329
1129.000000,0.001246,0.000877,0.000802,0.000482,0.010731
1130.000000,0.000039,0.000670,-0.000663,0.000441,-0.011319
1131.000000,0.001562,0.000058,0.000088,0.000860,0.009182
1132.000000,0.001636,-0.000541,0.000811,0.000805,0.002913
1133.000000,0.002379,0.000896,0.000900,0.000818,0.000388
1134.000000,-0.000895,0.000176,0.000727,0.000590,-0.005637
1135.000000,0.002419,0.001229,0.001207,0.000791,0.005249
1136.000000,0.000311,0.000936,0.000783,0.000594,-0.001358
1137.000000,-0.002694,-0.000529,-0.000049,-0.000079,-0.012112
1138.000000,-0.000194,0.001092,0.000155,0.000371,0.012888
1139.000000,0.001553,0.000329,0.000603,0.000644,0.003100
1140.000000,0.000581,0.001500,0.001085,0.000058,0.000387
1141.000000,0.001084,0.000698,0.000378,0.000291,0.001159
1142.000000,0.002578,-0.000058,-0.000300,0.000521,-0.004646
1143.000000,0.005926,0.002866,0.001881,0.001555,0.029630
1144.000000,0.000232,0.000893,0.000534,0.000782,-0.025371
1145.000000,-0.009017,-0.004218,-0.001494,-0.000601,-0.045858
1146.000000,-0.011773,-0.005344,-0.002204,-0.001260,-0.012620
1147.000000,-0.007916,-0.002669,-0.001599,-0.000922,0.014640
1148.000000,-0.015097,-0.004586,-0.001747,-0.001425,-0.006277
1149.000000,-0.010919,-0.005343,-0.002507,-0.001379,-0.004479
1150.000000,-0.003468,-0.006243,-0.002371,-0.001358,-0.008607
1151.000000,-0.001398,-0.006585,-0.002944,-0.001943,-0.002266
1152.000000,-0.003585,-0.005750,-0.002904,-0.002117,0.003706
1153.000000,-0.000814,-0.007956,-0.002545,-0.001398,0.007575
1154.000000,-0.000122,-0.005521,-0.002314,-0.001484,-0.001020
1155.000000,0.003104,-0.000182,-0.002200,-0.001057,0.007526
1156.000000,0.003233,0.000918,-0.002213,-0.001163,-0.001622
1157.000000,0.002085,-0.000750,-0.001709,-0.001316,-0.002032
1158.000000,-0.001679,-0.001247,-0.002916,-0.001580,-0.011249
1159.000000,-0.004167,-0.002145,-0.003744,-0.002386,-0.013459
1160.000000,-0.005464,-0.001180,-0.003711,-0.001974,0.001042
1161.000000,-0.002697,0.000268,-0.003159,-0.001873,0.012212
1162.000000,-0.002620,-0.000268,-0.003009,-0.002025,-0.001647
1163.000000,0.002372,0.000346,-0.003805,-0.001581,0.013711
1164.000000,0.002774,-0.000697,-0.003109,-0.001775,-0.011447
1165.000000,0.001742,-0.001861,-0.001022,-0.002087,-0.004120
1166.000000,-0.004115,-0.003406,-0.001244,-0.002611,-0.017073
1167.000000,-0.002613,-0.002617,-0.001683,-0.002012,0.005863
1168.000000,-0.006696,-0.002162,-0.001705,-0.002665,-0.006703
1169.000000,-0.006222,-0.001724,-0.001935,-0.003071,-0.009078
1170.000000,-0.002702,-0.000480,-0.000830,-0.002634,0.013482
1171.000000,0.000629,-0.001743,-0.000738,-0.002687,-0.000419
1172.000000,-0.001047,-0.001830,-0.001049,-0.002616,-0.002515
1173.000000,0.001424,-0.002636,-0.001145,-0.003415,0.005650
1174.000000,0.004654,-0.000784,-0.000740,-0.002334,0.007070
1175.000000,0.004306,0.000802,-0.000530,-0.000414,0.011742
1176.000000,0.001958,0.001294,-0.001056,-0.000398,-0.012156
1177.000000,0.004359,0.001656,-0.000480,-0.000570,0.009490
1178.000000,0.003188,0.002306,0.000072,-0.000368,-0.000205
1179.000000,0.001815,0.003235,0.000755,-0.000212,0.000205
1180.000000,-0.000205,0.002050,0.000785,0.000130,0.001641
1181.000000,0.001939,0.001949,0.000103,0.000158,-0.001436
1182.000000,-0.000741,0.001809,-0.000010,-0.000096,-0.003908
1183.000000,-0.000123,0.001532,-0.000552,-0.000253,0.002881
1184.000000,-0.000576,0.000620,-0.000082,-0.000287,-0.002057
1185.000000,0.000859,0.000327,0.000565,-0.000244,0.008816
1186.000000,-0.001484,0.000228,0.000761,-0.000628,-0.013150
1187.000000,0.001642,0.000451,0.001054,-0.000170,0.011720
1188.000000,0.001841,0.000859,0.001583,0.000334,0.003876
1189.000000,0.000247,-0.000164,0.001535,0.000449,-0.010028
1190.000000,-0.001640,-0.000390,0.000830,0.000393,-0.000617
1191.000000,0.002344,0.000430,0.001189,0.000212,0.006769
1192.000000,0.001831,0.001737,0.001773,0.000572,0.009157
1193.000000,0.004629,0.003235,0.002384,0.000711,0.017867
1194.000000,0.007390,0.003818,0.002219,0.001218,0.003773
1195.000000,0.009603,0.003982,0.002154,0.001704,0.010451
1196.000000,0.010667,0.006506,0.003367,0.002676,0.012088
1197.000000,0.007396,0.004614,0.002532,0.002240,-0.007196
1198.000000,0.002884,0.003757,0.002308,0.002307,-0.004696
1199.000000,0.003575,0.005482,0.002659,0.002851,0.007230
1200.000000,0.000900,0.005252,0.002431,0.002304,-0.002925
1201.000000,-0.001400,0.004633,0.002532,0.002337,0.000586
1202.000000,0.000351,0.003874,0.002805,0.002473,0.001560
1203.000000,0.002920,0.002902,0.003069,0.002557,0.008151
1204.000000,0.001087,0.002331,0.003075,0.002256,-0.001935
1205.000000,0.001207,0.001054,0.002518,0.001788,-0.002326
1206.000000,0.000624,-0.000388,0.003059,0.002115,-0.002332
1207.000000,-0.000977,-0.000313,0.002151,0.001584,-0.006441
1208.000000,0.001118,0.002019,0.002888,0.002212,0.018623
1209.000000,0.005614,0.003351,0.004417,0.002890,0.020545
1210.000000,0.003311,0.002259,0.003755,0.002373,-0.013840
1211.000000,0.003472,0.002048,0.003341,0.002370,-0.001528
1212.000000,0.004339,0.001681,0.002777,0.002430,-0.002105
1213.000000,0.000882,0.001000,0.001951,0.002379,0.001340
1214.000000,-0.004340,0.000637,0.001484,0.002262,-0.005565
1215.000000,-0.003311,0.000000,0.000527,0.001678,-0.008697
1216.000000,-0.001960,0.000756,0.000184,0.002291,0.005227
1217.000000,-0.001153,0.001593,0.000640,0.001965,0.001929
1218.000000,-0.002348,-0.000733,0.000643,0.001681,-0.004636
1219.000000,-0.000231,-0.002285,0.000533,0.002183,0.005021
1220.000000,0.000659,-0.001326,0.000466,0.002062,-0.004247
1221.000000,-0.001278,-0.001619,0.000214,0.001687,-0.004460
1222.000000,-0.001431,-0.001292,0.000194,0.001421,0.001165
1223.000000,-0.002847,-0.002598,-0.000799,0.000435,-0.011714
1224.000000,-0.004559,-0.002395,-0.000879,0.000191,-0.003541
1225.000000,-0.003041,-0.001191,-0.000596,-0.000046,0.003345
1226.000000,-0.001208,-0.001243,-0.000244,-0.000292,0.004703
1227.000000,-0.002657,-0.002044,-0.000226,-0.000255,-0.006079
1228.000000,0.001409,-0.000719,-0.000726,0.000189,0.008617
1229.000000,0.002896,-0.000832,-0.001559,0.000078,0.003893
1230.000000,0.001097,-0.000972,-0.001149,-0.000013,-0.005649
1231.000000,0.000430,-0.000389,-0.001004,0.000013,0.001367
1232.000000,0.001372,-0.000643,-0.000967,-0.000085,-0.001367
1233.000000,0.000545,0.000977,-0.000810,-0.000207,0.004483
1234.000000,0.002049,0.002472,0.000038,0.000238,0.011409
1235.000000,0.003831,0.002464,0.000636,0.000424,0.003263
1236.000000,0.006865,0.003647,0.001202,0.001053,0.016536
1237.000000,0.008865,0.005119,0.001537,0.001556,0.008634
1238.000000,0.009049,0.004797,0.002039,0.001115,0.005405
1239.000000,0.012809,0.007429,0.003299,0.001437,0.030208
1240.000000,0.011216,0.007524,0.003276,0.001742,-0.004700
1241.000000,0.006089,0.006477,0.003044,0.001489,-0.009101
1242.000000,0.004582,0.006723,0.003040,0.001596,0.001096
1243.000000,0.003208,0.006129,0.003553,0.001503,-0.001462
