0.000000,0.001289,0.000080,-0.000120,0.000567,-0.004008
1.000000,0.002581,0.000160,0.000080,0.000566,0.002407
2.000000,0.003551,0.000401,0.000040,0.000483,0.001601
3.000000,0.004021,0.001363,0.000400,0.000400,0.004789
4.000000,0.002228,0.002078,0.000637,0.000693,0.006349
5.000000,0.003503,0.002396,0.001037,0.000691,0.002371
6.000000,0.003180,0.002880,0.000875,0.000583,0.000789
7.000000,0.002069,0.002810,0.000758,0.000398,-0.003951
8.000000,0.001112,0.002566,0.000959,0.000372,0.000000
9.000000,0.000158,0.001193,0.000998,0.000451,0.001582
10.000000,0.000473,0.001988,0.001034,0.000582,0.003945
11.000000,0.001101,0.002140,0.001150,0.000767,0.003929
12.000000,0.001734,0.001902,0.001151,0.000661,-0.000785
13.000000,0.002518,0.001815,0.001589,0.000871,0.003917
14.000000,0.002045,0.001102,0.001590,0.000792,-0.000782
15.000000,0.001411,0.000942,0.001669,0.001005,0.000774
16.000000,0.000470,0.000786,0.001833,0.000845,-0.000774
17.000000,0.000314,0.001024,0.001917,0.000847,-0.001566
18.000000,-0.000470,0.001024,0.001795,0.000981,0.000000
19.000000,0.000313,0.001179,0.001186,0.001058,0.003130
20.000000,0.001249,0.001330,0.001659,0.001133,0.005454
21.000000,0.000469,0.000469,0.001305,0.000923,-0.004673
22.000000,0.001717,0.001015,0.001459,0.001106,0.004673
23.000000,0.001717,0.000624,0.001219,0.001267,0.000000
24.000000,-0.000156,0.000078,0.000590,0.001086,-0.006235
25.000000,-0.000935,0.000157,0.000549,0.001165,0.001563
26.000000,0.000156,0.000313,0.000549,0.001326,0.000780
27.000000,-0.000779,0.000469,0.000747,0.001434,0.000000
28.000000,-0.000779,0.000469,0.000747,0.001353,0.000000
29.000000,0.000625,0.000234,0.000706,0.000869,0.000780
30.000000,0.000156,-0.000389,0.000470,0.000976,-0.000780
31.000000,0.000934,0.000545,0.000507,0.001052,0.004669
32.000000,-0.000156,-0.000467,0.000274,0.000817,-0.005450
33.000000,-0.001095,-0.000937,-0.000157,0.000500,-0.004695
34.000000,-0.000312,0.000156,0.000117,0.000445,0.004695
35.000000,-0.001252,-0.000548,-0.000195,0.000184,-0.005479
36.000000,-0.003288,-0.001177,-0.000432,-0.000026,-0.005510
37.000000,-0.001253,-0.000705,-0.000118,0.000263,0.004724
38.000000,0.001095,0.000000,0.000235,0.000498,0.007045
39.000000,0.000156,-0.000078,0.000078,0.000445,0.000000
40.000000,0.001096,-0.000078,-0.000234,0.000287,-0.000780
41.000000,0.003288,0.000000,0.000272,0.000338,0.005450
42.000000,0.002498,0.000623,0.000078,0.000390,0.000776
43.000000,0.000000,0.000548,-0.000195,0.000078,-0.005445
44.000000,0.000312,0.000234,0.000195,0.000156,0.001559
45.000000,0.000624,0.000860,0.000156,0.000156,0.000779
46.000000,-0.000622,0.001333,0.000078,0.000156,-0.000779
47.000000,-0.000777,0.000860,0.000078,0.000208,0.000000
48.000000,0.000623,0.000312,0.000156,0.000260,0.001556
49.000000,0.000000,0.000156,0.000039,0.000104,-0.001556
50.000000,0.000000,0.000312,0.000117,-0.000052,0.000779
51.000000,0.000311,-0.000155,-0.000078,0.000130,0.000778
52.000000,0.000622,-0.000078,0.000272,0.000026,0.001554
53.000000,-0.000156,0.000234,0.000391,-0.000052,-0.002332
54.000000,0.000156,0.000078,0.000156,0.000156,0.000000
55.000000,0.000932,0.000466,0.000663,0.000259,0.004658
56.000000,0.001703,0.001007,0.001170,0.000388,0.004637
57.000000,0.001547,0.001084,0.000972,0.000413,0.000771
58.000000,0.002782,0.001313,0.000812,0.000542,0.003845
59.000000,0.002013,0.001084,0.000620,0.000387,-0.003845
60.000000,0.001543,0.001237,0.000775,0.000490,0.002309
61.000000,0.000308,0.001006,0.000425,0.000283,-0.001538
62.000000,-0.000772,0.000387,0.000155,0.000311,-0.004630
63.000000,-0.001850,0.000466,0.000350,0.000416,-0.001548
64.000000,-0.001082,0.000466,0.000272,0.000259,0.000000
65.000000,-0.002133,-0.000295,0.000086,0.000344,-0.002948
66.000000,-0.000771,-0.000232,0.000388,0.000703,0.005269
67.000000,0.001234,0.000231,0.000658,0.000725,0.005395
68.000000,0.001697,-0.000077,0.000618,0.000516,0.000768
69.000000,-0.000776,-0.000929,0.000078,0.000104,-0.012365
70.000000,-0.000187,-0.001160,0.000039,0.000130,0.000000
71.000000,-0.003272,-0.002022,-0.000508,-0.000390,-0.010160
72.000000,-0.005138,-0.001952,-0.000782,-0.000548,-0.003935
73.000000,-0.004348,-0.001326,-0.000430,-0.000209,0.004721
74.000000,0.000155,-0.000310,0.000078,0.000078,0.010152
75.000000,0.000776,0.000295,0.000000,0.000155,0.003103
76.000000,0.002808,-0.000232,-0.000232,0.000181,0.000000
77.000000,0.004059,-0.000540,-0.000154,0.000259,0.002321
78.000000,0.003455,-0.000446,-0.000262,0.000263,0.001699
79.000000,0.002318,0.001236,0.000154,0.000464,0.004465
80.000000,0.002004,0.001390,0.000115,0.000489,0.001535
81.000000,0.001389,0.002099,0.000038,0.000361,-0.003072
82.000000,0.001386,0.002723,0.000385,0.000386,0.002305
83.000000,0.001965,0.002710,0.000692,0.000617,0.004594
84.000000,0.002139,0.002228,0.000959,0.000795,0.005333
85.000000,0.001846,0.001925,0.001110,0.000642,0.000068
86.000000,0.003961,0.002675,0.001221,0.000737,0.007502
87.000000,0.002289,0.001838,0.000649,0.000510,-0.006051
88.000000,0.001522,0.001744,0.000649,0.000407,0.000758
89.000000,0.001212,0.001676,0.001456,0.000661,0.003784
90.000000,0.002553,0.002200,0.001795,0.000810,0.006775
91.000000,0.001053,0.002507,0.002303,0.000861,0.000000
92.000000,0.003162,0.002725,0.002724,0.001165,0.004491
93.000000,0.003159,0.002341,0.002525,0.001242,0.000747
94.000000,0.002253,0.001733,0.001980,0.001217,-0.000747
95.000000,0.000898,0.001726,0.001825,0.001315,0.000000
96.000000,0.000000,0.000527,0.001601,0.000990,-0.004491
97.000000,-0.001800,0.000681,0.001259,0.000660,-0.004511
98.000000,-0.002402,0.000378,0.001061,0.000559,-0.002263
99.000000,-0.002555,-0.000151,0.000762,0.000920,-0.001512
100.000000,-0.003922,-0.001512,0.000344,0.000693,-0.006831
101.000000,-0.002415,-0.001208,0.000650,0.001133,0.003042
102.000000,-0.002121,-0.001961,0.000382,0.001162,-0.003042
103.000000,-0.004275,-0.003339,-0.000499,0.000571,-0.013032
104.000000,-0.002967,-0.002761,-0.000514,0.000400,0.005026
105.000000,-0.000916,-0.002419,-0.000347,0.000411,0.003426
106.000000,0.000000,-0.001208,-0.000341,0.000665,0.007622
107.000000,0.001970,-0.000075,0.000303,0.000814,0.006810
108.000000,0.004577,0.000151,0.000265,0.000758,0.000000
109.000000,-0.000697,-0.001832,-0.000992,-0.000103,-0.021342
110.000000,-0.000460,-0.000688,-0.001100,0.000000,0.004612
111.000000,-0.000761,-0.000380,-0.000794,0.000306,0.006116
112.000000,-0.003346,-0.000688,-0.001324,0.000026,-0.006116
113.000000,0.000151,0.002364,-0.000487,0.000455,0.017484
114.000000,0.003967,0.001635,-0.000563,0.000202,-0.002263
115.000000,0.001223,0.000382,-0.001019,-0.000104,-0.009105
116.000000,-0.004003,-0.002382,-0.001795,-0.001021,-0.020016
117.000000,-0.003403,-0.003375,-0.001725,-0.000923,-0.003115
118.000000,-0.012276,-0.006062,-0.002956,-0.001844,-0.026879
119.000000,-0.010386,-0.003210,-0.002521,-0.001731,0.007186
120.000000,-0.006350,-0.002563,-0.001626,-0.001588,0.011076
121.000000,-0.001718,-0.002861,-0.001621,-0.001483,0.003142
122.000000,0.000623,-0.001390,-0.001039,-0.001346,0.008590
123.000000,0.005999,-0.003138,-0.000387,-0.001371,0.000000
124.000000,0.004406,-0.002990,-0.000677,-0.001372,-0.000778
125.000000,0.002657,-0.001846,-0.000732,-0.001294,0.002332
126.000000,0.002184,0.000233,-0.001074,-0.001119,0.000776
127.000000,0.001858,0.001240,-0.001067,-0.000737,0.006958
128.000000,0.002473,0.004236,-0.000913,-0.000559,0.003077
129.000000,0.002475,0.003441,0.000115,-0.000534,-0.000768
130.000000,0.003540,0.003099,0.000268,-0.000051,0.007657
131.000000,0.002314,0.002249,-0.000306,-0.000331,-0.005354
132.000000,0.000922,0.001390,0.000000,-0.000229,0.000000
133.000000,-0.000461,0.001006,-0.001066,0.000077,-0.003842
134.000000,0.001379,0.001927,-0.000532,0.000191,0.008432
135.000000,0.001217,0.002378,0.000266,0.000305,0.006847
136.000000,0.002742,0.002528,0.001380,0.000126,0.002272
137.000000,0.001680,0.001301,0.001271,-0.000278,-0.005309
138.000000,0.003661,0.001600,0.002918,-0.000076,0.006065
139.000000,0.001218,0.001298,0.002369,0.000510,-0.003786
140.000000,-0.000303,0.000457,0.001778,0.000331,-0.000759
141.000000,-0.001366,0.000688,0.001468,0.000025,-0.003042
142.000000,0.000607,0.001144,0.001267,0.000381,0.004559
143.000000,-0.000757,0.001452,0.001229,-0.000227,-0.000758
144.000000,0.000455,0.000836,0.001382,-0.000076,0.002274
145.000000,0.001060,0.000378,0.001378,0.000303,0.002268
146.000000,0.001366,0.000000,0.001264,0.000920,-0.001512
147.000000,0.001059,0.000833,0.001067,0.001125,0.003021
148.000000,0.000470,-0.000144,0.000728,0.001897,-0.003702
149.000000,-0.000303,0.000076,0.000687,0.001605,-0.001591
150.000000,-0.001821,-0.000380,0.000038,0.001058,-0.005321
151.000000,-0.002129,-0.000382,0.000153,0.000852,-0.003053
152.000000,-0.003500,-0.001220,-0.000038,0.000438,-0.003830
153.000000,-0.001535,-0.000533,0.000460,0.000642,0.006121
154.000000,-0.001981,-0.001142,-0.000153,0.000540,-0.003821
155.000000,-0.002454,-0.002137,-0.000880,0.000206,-0.007686
156.000000,-0.002462,-0.002295,-0.001148,0.000077,-0.003091
157.000000,-0.002627,-0.003063,-0.001115,-0.000310,-0.004655
158.000000,-0.003230,-0.002382,-0.001263,-0.000309,0.003106
159.000000,-0.003242,-0.002612,-0.001268,-0.000412,-0.003884
160.000000,-0.001860,-0.002157,-0.001269,-0.000694,-0.000779
161.000000,-0.000310,-0.001386,-0.000884,-0.000360,0.004662
162.000000,0.000466,-0.001080,-0.001150,-0.000386,-0.000775
163.000000,0.000000,-0.001615,-0.001074,-0.000232,0.000775
164.000000,-0.000312,-0.001777,-0.001459,-0.000694,-0.005441
165.000000,-0.000468,-0.001164,-0.001651,-0.000974,-0.001560
166.000000,-0.001244,-0.000777,-0.001536,-0.001024,0.000780
167.000000,-0.001089,-0.000312,-0.001687,-0.000847,0.000000
168.000000,-0.000777,-0.000388,-0.001385,-0.000971,0.002337
169.000000,-0.000156,-0.000234,-0.001423,-0.000923,-0.002337
170.000000,0.000935,0.000233,-0.000962,-0.000768,0.003893
171.000000,0.001709,0.000232,-0.000577,-0.000512,0.004651
172.000000,0.003096,0.001003,-0.000038,-0.000432,0.006936
173.000000,0.000777,0.000000,-0.000807,-0.000716,-0.009259
174.000000,0.000312,0.000078,-0.000849,-0.000947,-0.004662
175.000000,0.001394,0.001164,0.000000,-0.000712,0.009302
176.000000,0.001848,0.001778,0.000501,-0.000431,0.006920
177.000000,0.001072,0.002084,0.000886,-0.000430,0.003060
178.000000,0.004446,0.002612,0.001112,-0.000053,0.007610
179.000000,0.005379,0.002845,0.001306,0.000000,0.000000
180.000000,0.003063,0.002228,0.001231,0.000101,-0.002277
181.000000,0.000765,0.001306,0.000769,0.000051,-0.004570
182.000000,0.000915,0.000994,0.000998,0.000306,0.003810
183.000000,0.000000,0.002223,0.001112,0.000203,0.003037
184.000000,0.000012,0.002695,0.001387,0.000332,0.000061
185.000000,-0.000152,0.001455,0.001310,0.000485,-0.003098
186.000000,0.000000,0.000382,0.001080,0.000461,-0.003810
187.000000,-0.000304,0.000305,0.001195,0.000693,0.002287
188.000000,-0.000760,-0.000380,0.001116,0.000614,0.000761
189.000000,-0.001840,-0.000914,0.000966,0.000566,-0.005341
190.000000,-0.000762,-0.000457,0.000886,0.000668,0.002293
191.000000,-0.000612,-0.000306,0.000500,0.000411,-0.003058
192.000000,-0.001990,-0.001147,-0.000077,0.000283,-0.004605
193.000000,-0.002142,-0.001451,0.000386,0.000257,0.000000
194.000000,0.001220,-0.000310,0.001193,0.000821,0.011472
195.000000,0.000914,0.000076,0.000766,0.000899,0.000760
196.000000,0.000917,0.000153,0.000267,0.000771,-0.003044
197.000000,0.001990,0.000000,0.000153,0.000796,0.000762
198.000000,0.002750,0.000304,-0.000038,0.000845,0.003801
199.000000,0.001817,0.001519,0.000302,0.001150,0.006805
200.000000,0.002116,0.001515,0.000529,0.001096,0.002258
201.000000,0.003324,0.002121,0.000907,0.001040,0.002996
202.000000,0.004071,0.003031,0.000942,0.000959,0.004495
203.000000,0.003758,0.003254,0.000902,0.001342,0.002236
204.000000,0.001950,0.001883,0.000787,0.001423,-0.002236
205.000000,0.001945,0.002031,0.001053,0.001187,0.002236
206.000000,0.001645,0.002485,0.001319,0.001007,0.001496
207.000000,0.001635,0.002853,0.001427,0.001053,0.004444
208.000000,0.000446,0.002102,0.001203,0.000675,-0.003708
209.000000,0.000894,0.001422,0.001470,0.000675,0.000000
210.000000,0.000892,0.001418,0.001467,0.000826,0.002226
211.000000,0.001185,0.001415,0.001768,0.001077,0.002961
212.000000,0.000000,0.000818,0.001924,0.000900,-0.001479
213.000000,0.000297,0.000372,0.001813,0.000725,-0.002223
214.000000,-0.001791,-0.000449,0.000717,0.000375,-0.010440
215.000000,-0.001190,-0.000149,0.000941,0.000653,0.005234
216.000000,-0.001037,0.000074,0.001279,0.000904,0.003722
217.000000,-0.001486,-0.000743,0.001055,0.000703,-0.003722
218.000000,-0.000446,-0.000074,0.001014,0.000777,0.002978
219.000000,0.002681,0.000445,0.000933,0.001128,0.005191
220.000000,0.002814,0.000812,0.001115,0.001249,0.005900
221.000000,0.001185,0.000074,0.000744,0.001203,-0.004422
222.000000,0.002372,0.000443,0.000630,0.001430,0.002213
223.000000,0.002218,0.000886,0.000629,0.001504,0.002208
224.000000,0.001767,0.002224,0.000888,0.001219,0.002937
225.000000,0.001027,0.001920,0.000886,0.001267,0.002197
226.000000,0.000443,0.000814,0.000444,0.001124,-0.007342
227.000000,0.001761,0.002066,0.000662,0.001392,0.008804
228.000000,0.002775,0.002496,0.001211,0.001508,0.007278
229.000000,0.004495,0.003131,0.001788,0.001666,0.011536
230.000000,0.002327,0.001677,0.001245,0.001303,-0.008639
231.000000,0.002662,0.001552,0.000813,0.001014,-0.005670
232.000000,0.000729,0.001245,0.000844,0.000835,-0.000858
233.000000,-0.001310,0.000733,0.000809,0.000663,-0.002915
234.000000,-0.002162,0.001166,0.001695,0.000980,0.007273
235.000000,0.000578,0.001452,0.001686,0.001075,0.005060
236.000000,0.000265,0.001463,0.001138,0.000784,-0.007236
237.000000,-0.001168,-0.000219,0.000924,0.000368,-0.008020
238.000000,-0.001025,-0.001167,0.000665,0.000418,-0.002199
239.000000,-0.003509,-0.002836,0.000148,0.000247,-0.005149
240.000000,-0.003638,-0.001530,0.000073,0.000320,0.004415
241.000000,-0.000873,-0.000304,0.000624,0.000441,0.006586
242.000000,0.002329,0.000581,0.000913,0.000756,0.007991
243.000000,0.001316,0.000146,0.000439,0.000588,-0.007262
244.000000,0.003364,-0.000072,0.000547,0.001106,0.005089
245.000000,0.004931,0.000647,0.001050,0.001340,0.012252
246.000000,0.001453,0.000290,0.000877,0.000856,-0.010803
247.000000,0.001586,0.001957,0.000869,0.001268,0.008652
248.000000,0.003038,0.002177,0.000505,0.001169,0.000000
249.000000,0.001301,0.002332,-0.000252,0.000876,-0.003596
250.000000,-0.000287,0.002322,0.000396,0.000823,0.004313
251.000000,0.000724,0.001089,0.000392,0.000779,-0.005748
252.000000,-0.001441,0.000072,0.000326,0.000633,-0.002174
253.000000,-0.002165,0.000436,0.000291,0.000438,-0.003622
254.000000,0.000432,0.000866,0.000397,0.000653,0.009390
255.000000,-0.001151,-0.000719,-0.000036,0.000460,-0.003601
256.000000,-0.000435,0.000145,0.000217,0.000633,-0.002167
257.000000,0.001010,-0.000216,0.000871,0.000507,0.005049
258.000000,0.001013,-0.000576,0.000801,0.000145,-0.003604
259.000000,0.000144,0.000288,0.001310,-0.000072,0.005041
260.000000,0.001295,0.000072,0.001197,0.000288,0.002153
261.000000,0.001871,0.000718,0.000904,0.000501,0.000717
262.000000,-0.000432,0.000289,0.000181,0.000314,-0.006468
263.000000,0.001152,0.001083,0.000760,0.000555,0.004317
264.000000,-0.000288,-0.000072,0.000397,0.000241,-0.002156
265.000000,-0.002162,-0.000434,-0.000576,-0.000169,-0.007220
266.000000,-0.004638,-0.001383,-0.000619,-0.000316,-0.011662
267.000000,-0.004668,-0.002550,-0.001383,-0.000270,-0.006620
268.000000,-0.004648,-0.001748,-0.001162,-0.000049,0.004418
269.000000,-0.005041,-0.002664,-0.001188,-0.000015,-0.004123
270.000000,-0.002773,-0.002467,-0.001198,-0.000024,0.004123
271.000000,-0.000147,-0.002392,-0.000837,-0.000195,0.001468
272.000000,-0.001184,-0.002926,-0.001319,-0.000855,-0.011808
273.000000,-0.002663,-0.003655,-0.001286,-0.000712,-0.002974
274.000000,-0.001689,-0.003365,-0.001719,-0.000857,0.000744
275.000000,-0.000589,-0.001681,-0.001057,-0.000944,0.009626
276.000000,0.000586,0.000220,-0.000582,-0.000340,0.007342
277.000000,0.001921,0.000368,-0.001091,-0.000799,-0.005134
278.000000,0.002369,-0.000147,-0.000948,-0.000824,-0.000736
279.000000,0.002514,0.000412,-0.001126,-0.000655,0.001471
280.000000,0.001322,0.000367,-0.001050,-0.000676,0.003667
281.000000,0.000438,0.000512,-0.000940,-0.000387,0.002924
282.000000,0.001903,0.001912,-0.000507,-0.000242,0.002187
283.000000,0.002344,0.002356,-0.000650,-0.000072,0.001470
284.000000,0.002192,0.002353,-0.000506,-0.000361,0.000712
285.000000,0.001749,0.001536,-0.000073,-0.000193,0.001452
286.000000,0.002033,0.001236,0.000728,0.000024,0.004345
287.000000,0.001885,0.001894,0.001131,-0.000096,0.001444
288.000000,0.002455,0.002399,0.001126,0.000168,0.004320
289.000000,0.002599,0.002396,0.001404,0.000048,0.001436
290.000000,0.002882,0.002316,0.001341,0.000072,0.002865
291.000000,0.001583,0.001808,0.001160,-0.000024,-0.002148
292.000000,0.002438,0.002161,0.002037,0.000382,0.005718
293.000000,0.001432,0.001943,0.002150,0.000215,-0.000713
294.000000,0.001714,0.002157,0.002255,0.000382,0.002849
295.000000,0.001426,0.002154,0.001845,0.000670,0.001421
296.000000,0.001144,0.001363,0.001300,0.000940,-0.003557
297.000000,-0.001000,0.000719,0.001306,0.000994,-0.005002
298.000000,-0.001144,0.000144,0.001271,0.000799,-0.001434
299.000000,-0.002433,-0.000359,0.001018,0.000816,-0.003593
300.000000,-0.002717,-0.000646,0.000835,0.000679,0.000000
301.000000,-0.001862,-0.000359,0.000725,0.000654,0.000720
302.000000,0.000143,-0.000429,0.000866,0.001215,0.005023
303.000000,0.000716,-0.000214,0.000864,0.001362,0.001431
304.000000,0.001149,-0.000642,0.000757,0.001289,-0.001431
305.000000,0.002006,-0.000356,0.000899,0.001111,0.004286
306.000000,0.002004,0.000071,0.000717,0.000890,0.000713
307.000000,0.000286,0.000215,0.000467,0.000942,-0.003568
308.000000,0.000286,0.000501,0.000322,0.001015,0.001429
309.000000,0.000143,0.000646,0.000143,0.000894,-0.002144
310.000000,-0.000428,0.000789,0.000071,0.000820,0.001430
311.000000,0.000285,0.001145,0.000393,0.000865,0.004277
312.000000,0.001283,0.000784,0.000178,0.000839,0.001421
313.000000,0.000997,0.000641,0.000214,0.000790,0.000000
314.000000,0.001283,0.000713,0.000036,0.000743,-0.000710
315.000000,0.000855,0.000214,-0.000071,0.000671,-0.000711
316.000000,-0.000713,-0.000214,-0.000071,0.000407,-0.003563
317.000000,-0.000997,0.000143,0.000179,0.000359,0.000000
318.000000,-0.001426,-0.000214,0.000143,0.000143,-0.002144
319.000000,-0.002863,-0.000790,-0.000072,-0.000168,-0.007900
320.000000,-0.004023,-0.001584,-0.000398,-0.000480,-0.006510
321.000000,-0.003747,-0.002230,-0.000543,-0.000481,-0.002179
322.000000,-0.002876,-0.001936,-0.000576,-0.000527,0.004354
323.000000,-0.000286,-0.000856,-0.000107,-0.000143,0.010803
324.000000,0.002436,-0.000213,0.000250,-0.000047,0.005714
325.000000,0.003025,-0.000499,-0.000143,-0.000214,-0.003568
326.000000,0.004743,0.000498,0.000142,0.000119,0.006413
327.000000,0.003446,0.000285,0.000214,0.000214,-0.002133
328.000000,0.001428,0.000571,0.000178,0.000286,0.000711
329.000000,-0.000356,0.001040,0.000125,0.000299,-0.003206
330.000000,-0.000143,0.001441,-0.000071,0.000215,-0.002500
331.000000,-0.001426,0.001659,-0.000285,0.000191,0.000000
332.000000,-0.000142,0.001652,-0.000142,0.000167,0.004283
333.000000,-0.000285,0.000571,-0.000142,0.000119,0.000000
334.000000,-0.000214,-0.000285,-0.000249,0.000072,-0.002853
335.000000,0.000999,0.000428,-0.000036,0.000047,0.003565
336.000000,0.000000,-0.000713,-0.000107,-0.000143,-0.004995
337.000000,-0.000714,-0.000428,-0.000071,0.000000,0.000715
338.000000,-0.000857,-0.000571,0.000000,-0.000071,-0.000715
339.000000,-0.000287,-0.000251,0.000395,-0.000000,-0.000007
340.000000,-0.001142,-0.000072,0.000685,-0.000072,-0.000708
341.000000,0.000571,0.000286,0.000972,-0.000095,0.003573
342.000000,0.000000,-0.000357,0.000647,-0.000214,-0.002142
343.000000,-0.000430,-0.000643,-0.000036,-0.000309,-0.002863
344.000000,0.000144,-0.000071,-0.000178,-0.000190,0.002863
345.000000,0.001284,0.000071,0.000250,0.000000,0.004991
346.000000,-0.000571,0.000000,-0.000356,-0.000071,-0.005706
347.000000,0.001283,0.000641,0.000107,0.000166,0.007128
348.000000,0.001997,0.000784,0.000107,0.000261,0.000710
349.000000,0.001425,0.000784,0.000267,0.000525,0.000000
350.000000,0.000993,0.001139,0.000534,0.000836,0.002835
351.000000,0.001865,0.000647,0.000466,0.000864,-0.001346
352.000000,0.000992,0.001137,0.000390,0.000811,0.002760
353.000000,0.001273,0.001635,0.000496,0.000521,0.002118
354.000000,0.000708,0.001066,0.000498,0.000237,-0.002825
355.000000,0.000706,0.000850,0.000461,0.000450,0.002825
356.000000,0.001680,0.001772,0.000886,0.000353,0.003520
357.000000,0.001689,0.001340,0.000991,0.000518,0.002807
358.000000,0.003772,0.002523,0.001653,0.000912,0.012535
359.000000,0.003088,0.001898,0.001341,0.000811,-0.006248
360.000000,0.001405,0.001056,0.001097,0.000708,-0.005587
361.000000,0.000561,0.001120,0.000884,0.000684,-0.000701
362.000000,-0.000561,0.000564,0.000850,0.000448,-0.002807
363.000000,-0.003209,0.000282,0.000958,0.000425,-0.000703
364.000000,-0.002382,0.000353,0.000710,0.000449,-0.002112
365.000000,-0.000983,0.000211,0.000531,0.000377,0.001408
366.000000,-0.000071,0.000245,0.001009,0.000672,0.003856
367.000000,0.000561,0.000000,0.000670,0.000661,0.000357
368.000000,0.002099,-0.000555,0.000984,0.000917,0.006983
369.000000,0.002242,-0.000070,0.000914,0.000871,-0.001393
370.000000,0.002239,0.000628,0.000842,0.000941,0.001393
371.000000,0.001329,0.000629,0.000875,0.000799,-0.000696
372.000000,0.000839,0.000700,0.000632,0.000800,-0.002091
373.000000,0.000139,0.001119,0.000700,0.001012,0.003483
374.000000,0.000557,0.001400,0.000876,0.000940,0.000695
375.000000,0.001109,0.001674,0.000943,0.000912,0.004154
376.000000,0.000695,0.001012,0.000628,0.001010,-0.002765
377.000000,0.002083,0.001461,0.000730,0.000934,0.004846
378.000000,0.000971,0.000555,0.000000,0.000841,-0.002074
379.000000,0.000117,0.000337,0.000134,0.000722,-0.003577
380.000000,-0.001666,-0.000279,0.000175,0.000469,-0.004762
381.000000,-0.001953,-0.000629,0.000000,0.000373,-0.004196
382.000000,-0.002976,-0.000447,0.000127,0.000272,-0.000273
383.000000,-0.001947,-0.000488,0.000315,0.000304,0.003073
384.000000,-0.001232,-0.000557,0.000421,0.000398,0.000000
385.000000,0.000140,-0.000763,0.000455,0.000374,0.002094
386.000000,0.000977,-0.000488,0.000262,0.000256,-0.000007
387.000000,0.001868,-0.000554,0.000453,0.000302,0.004182
388.000000,0.001254,-0.000347,0.000104,-0.000116,0.000000
389.000000,0.001947,0.000358,0.000347,0.000208,0.003466
390.000000,0.001390,0.000765,0.000243,0.000371,-0.000692
391.000000,0.000558,0.000768,0.000070,0.000256,-0.004164
392.000000,-0.000278,0.000795,0.000174,0.000350,0.000000
393.000000,-0.000278,0.000488,0.000000,0.000373,0.000000
394.000000,-0.000693,0.000627,0.000035,0.000490,0.001390
395.000000,-0.001949,-0.000279,-0.000521,0.000210,-0.006969
396.000000,-0.004217,-0.001829,-0.001158,-0.000435,-0.015504
397.000000,-0.004642,-0.002460,-0.001507,-0.000518,-0.002126
398.000000,-0.004217,-0.002247,-0.001297,-0.000680,0.002126
399.000000,-0.005777,-0.003235,-0.001439,-0.000847,-0.006413
400.000000,-0.003812,-0.002880,-0.001058,-0.000798,0.002855
401.000000,-0.002573,-0.003395,-0.001314,-0.001085,-0.009309
402.000000,-0.001573,-0.003108,-0.001156,-0.000920,0.002874
403.000000,-0.001283,-0.002750,-0.001131,-0.000917,0.003580
404.000000,-0.000860,-0.003318,-0.001346,-0.001083,-0.004298
405.000000,-0.000143,-0.001977,-0.001128,-0.001007,0.006440
406.000000,0.002147,-0.000213,-0.001021,-0.000843,0.002138
407.000000,0.001430,-0.000072,-0.001266,-0.001029,-0.000712
408.000000,0.002133,0.000425,-0.000911,-0.000723,0.007097
409.000000,0.003589,0.001364,-0.000935,-0.000504,0.002980
410.000000,0.002551,0.001204,-0.000838,-0.000304,0.001254
411.000000,0.003388,0.002767,-0.000314,0.000047,0.006318
412.000000,0.002125,0.001778,-0.000665,-0.000178,-0.007023
413.000000,0.001550,0.001841,-0.000454,-0.000140,0.004219
414.000000,0.001374,0.002482,-0.000418,-0.000070,0.002103
415.000000,0.000422,0.001487,-0.000245,-0.000257,-0.003508
416.000000,-0.001123,0.001132,0.000460,-0.000303,-0.001406
417.000000,0.000844,0.001485,0.000706,-0.000349,0.002811
418.000000,-0.000703,0.000423,0.000424,-0.000466,-0.003515
419.000000,-0.001011,0.000182,0.000773,-0.000563,0.000563
420.000000,-0.000141,0.000141,0.000673,-0.000512,0.000844
421.000000,0.000843,-0.000140,0.001314,-0.000256,0.003510
422.000000,-0.000421,0.000211,0.000994,-0.000373,-0.003510
423.000000,-0.000564,-0.000634,0.000604,-0.000514,-0.004228
424.000000,-0.001772,-0.001391,0.000545,-0.000743,-0.005474
425.000000,-0.002548,-0.001344,0.000071,-0.000612,-0.003037
426.000000,-0.003678,-0.001417,-0.000143,-0.000166,-0.002139
427.000000,-0.002976,-0.001699,-0.000107,-0.000095,0.000000
428.000000,-0.001275,-0.000920,-0.000248,-0.000024,0.004274
429.000000,0.000246,-0.000763,-0.000291,0.000261,0.002130
430.000000,0.001419,-0.000564,-0.000212,0.000260,0.002833
431.000000,0.001706,-0.000986,-0.000563,0.000547,-0.000707
432.000000,0.000428,-0.001274,-0.000531,0.000238,-0.006390
433.000000,-0.000856,-0.001066,-0.000850,0.000047,-0.002146
434.000000,-0.001423,-0.000589,-0.000990,0.000167,-0.000707
435.000000,-0.004015,-0.001298,-0.001321,-0.000385,-0.010122
436.000000,-0.003714,-0.001004,-0.001211,-0.000430,0.000793
437.000000,-0.002148,-0.000860,-0.001279,-0.000358,0.001441
438.000000,-0.002296,-0.001576,-0.001248,-0.000691,-0.002884
439.000000,-0.003458,-0.002441,-0.001602,-0.001007,-0.006519
440.000000,-0.001870,-0.002942,-0.001753,-0.001122,-0.002183
441.000000,-0.000433,-0.002074,-0.001530,-0.001067,0.007980
442.000000,-0.000866,-0.001507,-0.001390,-0.000857,-0.000723
443.000000,-0.002134,-0.002215,-0.001640,-0.001305,-0.009225
444.000000,-0.000268,-0.001863,-0.001226,-0.001281,0.002813
445.000000,-0.001315,-0.001593,-0.001445,-0.001412,-0.007421
446.000000,-0.006462,-0.003447,-0.002226,-0.001956,-0.017752
447.000000,-0.007814,-0.004340,-0.002600,-0.002300,-0.007483
448.000000,-0.008543,-0.005339,-0.003457,-0.002611,-0.012872
449.000000,-0.011712,-0.005990,-0.004215,-0.003065,-0.013032
450.000000,-0.009074,-0.005195,-0.004068,-0.002900,0.005770
451.000000,-0.003311,-0.004886,-0.003480,-0.002649,0.011062
452.000000,-0.000453,-0.004133,-0.002820,-0.002305,0.006805
453.000000,0.005261,-0.001641,-0.001928,-0.001640,0.015701
454.000000,0.008756,-0.001478,-0.001670,-0.001310,0.004441
455.000000,0.008239,-0.000417,-0.001005,-0.001103,0.003185
456.000000,0.006861,0.001775,-0.000836,-0.000892,0.004173
457.000000,0.005205,0.002376,-0.000982,-0.000941,-0.001475
458.000000,0.003675,0.004468,-0.000435,-0.000815,0.008051
459.000000,0.003078,0.005917,-0.000036,-0.000838,0.001456
460.000000,0.002732,0.005485,0.000145,-0.000884,0.001453
461.000000,0.003200,0.005031,0.000072,-0.000643,0.006515
462.000000,0.003783,0.004494,0.000180,-0.000382,0.001442
463.000000,0.002461,0.003068,0.000714,-0.000263,0.001440
464.000000,0.002295,0.002687,0.000604,-0.000218,0.000626
465.000000,0.002023,0.002377,0.000980,0.000122,0.000093
466.000000,0.000432,0.001816,0.001796,0.000048,-0.001439
467.000000,-0.000722,0.001531,0.001953,-0.000144,-0.004329
468.000000,-0.000432,0.001015,0.002741,0.000048,0.002888
469.000000,-0.001424,0.000435,0.003176,0.000121,-0.004335
470.000000,-0.000865,0.000579,0.003032,0.000290,0.002892
471.000000,-0.001010,-0.000289,0.002371,-0.000048,-0.002168
472.000000,0.000000,-0.000361,0.002067,0.000000,0.000723
473.000000,0.000720,0.000144,0.001606,0.000524,0.006487
474.000000,0.001299,-0.000063,0.001312,0.000382,-0.001438
475.000000,0.001267,0.000201,0.001289,0.000720,0.002730
476.000000,0.002588,0.000789,0.001303,0.001460,0.004438
477.000000,0.002586,0.001293,0.001412,0.001733,0.000714
478.000000,0.002144,0.001432,0.001223,0.002305,0.004274
479.000000,0.002431,0.001865,0.001150,0.002739,0.000000
480.000000,0.001743,0.001505,0.001042,0.002523,-0.000711
481.000000,-0.000143,0.001223,0.000467,0.001988,-0.004991
482.000000,-0.000429,0.001079,0.000359,0.001737,-0.000715
483.000000,-0.000712,0.000716,0.000430,0.001309,0.002857
484.000000,0.000142,0.001287,0.000612,0.001304,0.004270
485.000000,-0.000083,0.000830,0.000516,0.001136,-0.001834
486.000000,-0.000286,-0.000215,0.000287,0.000797,-0.006009
487.000000,-0.001007,-0.000718,0.000288,0.000702,-0.004319
488.000000,-0.002586,-0.001649,-0.000109,0.000266,-0.005038
489.000000,-0.003583,-0.001720,0.000072,0.000193,-0.000716
490.000000,-0.003506,-0.001794,-0.000145,0.000097,-0.001447
491.000000,-0.003903,-0.002095,-0.000436,-0.000387,-0.007997
492.000000,-0.004064,-0.002535,-0.000728,-0.000606,-0.005123
493.000000,-0.004086,-0.003336,-0.001310,-0.000825,-0.005149
494.000000,-0.000579,-0.002081,-0.000397,-0.000286,0.016819
495.000000,0.001572,-0.000967,-0.000068,0.000022,0.009311
496.000000,0.003903,0.000000,-0.000107,0.000191,0.003657
497.000000,0.005642,0.000789,0.000036,0.000455,0.003573
498.000000,0.006672,0.001293,-0.000178,0.000359,0.000000
499.000000,0.004020,0.001720,0.000000,0.000622,0.003560
500.000000,0.002016,0.001794,0.000000,0.000502,-0.000711
501.000000,0.001000,0.002451,0.000178,0.000526,-0.001423
502.000000,-0.000143,0.002750,0.000107,0.000431,-0.002139
503.000000,-0.001575,0.002548,-0.000394,-0.000024,-0.007163
504.000000,-0.003008,0.000506,-0.000787,-0.000096,-0.003601
505.000000,-0.004314,-0.001149,-0.001058,-0.000428,-0.007241
506.000000,-0.003448,-0.001224,-0.000612,-0.000480,0.002903
507.000000,-0.000572,-0.000357,0.000216,-0.000095,0.012244
508.000000,0.000121,-0.000727,0.000283,-0.000361,-0.003700
509.000000,-0.000312,-0.001660,0.000030,-0.000553,-0.005764
510.000000,0.000436,-0.001939,-0.000072,-0.000646,-0.003504
511.000000,-0.001017,-0.002233,0.000109,-0.000625,-0.004360
512.000000,-0.003903,-0.002238,0.000256,-0.000674,-0.002187
513.000000,-0.003748,-0.001814,0.000367,-0.000867,-0.002924
514.000000,-0.002449,-0.001380,-0.000437,-0.000985,0.000732
515.000000,-0.001602,-0.000583,-0.000866,-0.000900,0.000731
516.000000,0.000872,-0.000072,-0.000648,-0.000432,0.008009
517.000000,0.001744,-0.001080,-0.000718,-0.000216,0.002173
518.000000,0.002329,-0.000709,-0.000718,-0.000048,0.000000
519.000000,0.001167,-0.000641,-0.001150,-0.000193,-0.005078
520.000000,-0.000291,-0.000946,-0.001443,-0.000364,-0.006560
521.000000,-0.000436,0.000218,-0.001007,0.000146,0.007287
522.000000,-0.001016,0.000364,-0.000937,0.000292,-0.000727
523.000000,-0.000580,0.000875,-0.000469,0.000536,0.002179
524.000000,0.002026,0.001597,0.000108,0.000241,0.007951
525.000000,0.003050,0.001379,0.000398,-0.000118,-0.001441
526.000000,0.003029,0.001297,0.000612,0.000000,0.007184
527.000000,0.002745,0.000865,-0.000107,-0.000191,-0.002150
528.000000,0.001013,0.000217,-0.000246,-0.000407,-0.006477
529.000000,-0.000577,0.000725,0.000042,-0.000525,0.000000
530.000000,0.000167,0.001609,0.000331,-0.000426,0.002279
531.000000,-0.000287,0.001371,0.000795,-0.000214,0.004915
532.000000,0.000143,0.001444,0.000904,-0.000143,0.000000
533.000000,0.001586,0.001300,0.001087,0.000120,0.000738
534.000000,0.001439,0.000431,0.001014,0.000216,-0.000738
535.000000,0.000552,0.000360,0.000870,0.000385,-0.002153
536.000000,-0.000431,-0.000359,0.000469,0.000289,0.000000
537.000000,-0.000143,0.000000,0.000432,-0.000072,0.001436
538.000000,0.000711,0.001149,0.000683,0.000219,0.005009
539.000000,0.001429,0.001434,0.001079,0.000506,0.002851
540.000000,0.001289,0.000921,0.001265,0.000528,-0.002851
541.000000,0.000860,0.000215,0.000793,0.000601,-0.002144
542.000000,0.001002,0.000429,0.000937,0.000746,0.002144
543.000000,-0.000426,0.000142,0.000721,0.000772,-0.002129
544.000000,-0.001572,-0.000072,0.000180,0.000652,-0.002880
545.000000,-0.000770,0.000260,0.000310,0.000666,0.001161
546.000000,-0.001148,-0.000144,-0.000251,0.000265,-0.004035
547.000000,-0.001864,-0.000431,-0.000216,0.000144,-0.001440
548.000000,-0.004634,-0.002530,-0.000691,-0.000388,-0.015977
549.000000,-0.004483,-0.003028,-0.000797,-0.000290,-0.002125
550.000000,-0.003560,-0.002165,-0.000622,0.000122,0.005779
551.000000,-0.003630,-0.002389,-0.001087,-0.000268,-0.004386
552.000000,-0.001591,-0.001728,-0.000649,0.000048,0.008753
553.000000,0.000293,-0.002171,-0.001014,-0.000243,-0.006557
554.000000,0.002609,-0.000937,-0.000504,-0.000193,0.009458
555.000000,0.001164,-0.001198,-0.000469,-0.000193,-0.001449
556.000000,0.002620,-0.000505,-0.000324,-0.000336,0.002896
557.000000,0.001447,-0.000072,-0.000252,-0.000168,0.002888
558.000000,0.001602,0.000947,-0.000791,-0.000145,-0.005785
559.000000,-0.001308,0.000651,-0.001188,-0.000314,-0.005089
560.000000,-0.002628,-0.000732,-0.001448,-0.000659,-0.008050
561.000000,-0.002869,-0.000125,-0.001257,-0.000766,0.001689
562.000000,-0.002321,-0.000437,-0.001082,-0.000578,0.005632
563.000000,-0.001602,0.000000,-0.001085,-0.000676,-0.002191
564.000000,-0.001463,-0.001385,-0.001161,-0.000798,-0.004396
565.000000,0.000733,-0.000947,-0.001073,-0.000628,0.002933
566.000000,0.001126,-0.000871,-0.000688,-0.000507,0.003654
567.000000,0.000000,-0.001160,-0.000616,-0.000555,0.000000
568.000000,0.001166,-0.000218,0.000365,-0.000600,0.003640
569.000000,0.000440,-0.000512,0.000070,-0.000963,-0.008026
570.000000,0.000293,0.000513,-0.000110,-0.000795,0.002195
571.000000,-0.000415,0.000356,0.000116,-0.000719,0.000117
572.000000,-0.000292,-0.000146,-0.000291,-0.000770,0.000614
573.000000,-0.000291,0.000438,0.000219,-0.000578,0.003646
574.000000,0.001000,0.000720,-0.000333,-0.000534,-0.001573
575.000000,-0.000879,-0.000293,-0.000620,-0.000813,-0.007199
576.000000,0.000123,-0.000146,-0.000509,-0.000507,0.005126
577.000000,0.000438,0.000073,-0.000544,-0.000386,0.002189
578.000000,-0.000437,-0.000364,-0.000291,0.000122,-0.000729
579.000000,0.000023,0.000512,0.000000,0.000217,0.000729
580.000000,0.001465,0.000293,0.000403,0.000025,0.000007
581.000000,0.000000,0.000061,0.000209,0.000098,-0.002196
582.000000,-0.000292,0.000073,-0.000036,-0.000170,0.000730
583.000000,-0.001034,-0.000736,-0.000149,-0.000099,-0.004441
584.000000,-0.002051,-0.001014,-0.000147,-0.000560,-0.004357
585.000000,-0.001611,-0.000073,-0.000183,-0.000438,0.002207
586.000000,-0.000732,-0.000366,-0.000256,-0.000461,0.002202
587.000000,-0.001318,-0.000805,-0.000366,-0.000631,-0.002202
588.000000,-0.002201,-0.001618,-0.000991,-0.000733,-0.008856
589.000000,-0.002370,-0.002211,-0.000850,-0.000737,-0.005203
590.000000,-0.002216,-0.001914,-0.000811,-0.000369,0.002976
591.000000,-0.002361,-0.001547,-0.000743,-0.000376,0.001477
592.000000,-0.001920,-0.001619,-0.000773,-0.000564,0.000007
593.000000,-0.000148,-0.001175,-0.000955,-0.000491,0.000000
594.000000,0.001780,-0.000295,-0.000654,-0.000196,0.004441
595.000000,0.001480,-0.000368,-0.000221,-0.000245,0.001476
596.000000,0.001627,-0.000367,-0.000367,-0.000293,0.002210
597.000000,0.002066,0.000073,-0.000366,-0.000220,0.002205
598.000000,0.002799,0.001325,-0.000146,-0.000219,0.003664
599.000000,0.001325,0.001553,-0.000329,-0.000049,-0.002930
600.000000,-0.000295,0.000593,-0.000661,-0.000343,-0.006625
601.000000,-0.002220,-0.000296,-0.000922,-0.000594,-0.007413
602.000000,-0.001622,0.000222,-0.000698,-0.000441,0.005195
603.000000,-0.002207,0.000296,-0.000439,-0.000538,0.000740
604.000000,-0.002956,-0.000816,-0.000555,-0.000708,-0.006679
605.000000,-0.001483,-0.000889,-0.000628,-0.000443,0.000744
606.000000,-0.000447,-0.001333,-0.000850,-0.000689,-0.002235
607.000000,-0.001188,-0.001405,-0.000666,-0.000712,0.001490
608.000000,-0.001783,-0.001995,-0.000335,-0.000762,-0.002236
609.000000,-0.000896,-0.001926,-0.000187,-0.000861,-0.002241
610.000000,-0.001494,-0.001488,-0.000448,-0.000936,-0.002246
611.000000,-0.003612,-0.002029,-0.001163,-0.001291,-0.012826
612.000000,-0.002397,-0.001792,-0.000785,-0.001063,0.007564
613.000000,-0.001348,-0.001565,-0.000635,-0.000815,0.003010
614.000000,-0.001803,-0.001349,-0.001083,-0.000820,-0.004518
615.000000,-0.003937,-0.002715,-0.001802,-0.001324,-0.012913
616.000000,0.000607,-0.001503,-0.001418,-0.001068,0.009890
617.000000,-0.000906,-0.001652,-0.001528,-0.000994,0.000000
618.000000,-0.001357,-0.001352,-0.001674,-0.000674,0.000757
619.000000,-0.000605,-0.001204,-0.001565,-0.000526,-0.000757
620.000000,0.002281,-0.000828,-0.001158,-0.000575,0.001513
621.000000,0.000151,0.000379,-0.000825,-0.000649,-0.000756
622.000000,0.000151,-0.000378,-0.001085,-0.000649,0.000000
623.000000,-0.000608,-0.000982,-0.001274,-0.000750,-0.003038
624.000000,-0.001367,-0.000986,-0.001168,-0.001050,-0.004555
625.000000,-0.005829,-0.001774,-0.002245,-0.001793,-0.020794
626.000000,-0.004282,-0.002065,-0.001784,-0.001634,0.006979
627.000000,-0.004436,-0.002142,-0.001897,-0.001733,-0.000773
628.000000,-0.003519,-0.002064,-0.001708,-0.001804,0.001546
629.000000,-0.003464,-0.002416,-0.001810,-0.001849,-0.004279
630.000000,-0.000312,-0.003070,-0.001949,-0.001795,-0.005030
631.000000,-0.003902,-0.004092,-0.001856,-0.001914,-0.010972
632.000000,-0.005171,-0.004803,-0.002590,-0.002324,-0.007117
633.000000,-0.004056,-0.003788,-0.002385,-0.002112,0.007117
634.000000,-0.001787,-0.002626,-0.001806,-0.001654,0.007067
635.000000,0.000000,-0.000156,-0.000965,-0.001548,0.003905
636.000000,0.002506,-0.000698,-0.001382,-0.001422,0.001558
637.000000,0.004706,-0.000232,-0.001187,-0.001342,0.003884
638.000000,0.003438,-0.000309,-0.001186,-0.001242,0.000775
639.000000,0.001404,-0.000192,-0.001304,-0.001270,-0.003103
640.000000,0.000000,0.000000,-0.001535,-0.001299,-0.003113
641.000000,0.000311,0.001408,-0.001342,-0.000768,0.003113
642.000000,-0.000932,0.001887,-0.001458,-0.001098,-0.002334
643.000000,-0.003753,-0.000158,-0.001973,-0.001643,-0.013328
644.000000,-0.006636,-0.002616,-0.002621,-0.002076,-0.017516
645.000000,-0.003936,-0.001968,-0.001062,-0.001299,0.010388
646.000000,-0.003132,-0.001411,-0.001054,-0.001391,0.007129
647.000000,-0.001878,-0.001405,-0.000819,-0.001260,0.003939
648.000000,0.000945,-0.001404,-0.000857,-0.001259,0.000786
649.000000,0.003345,-0.001645,-0.000918,-0.001418,-0.005514
650.000000,0.001110,-0.001413,-0.000706,-0.001494,-0.000790
651.000000,0.000315,-0.001408,0.000000,-0.001364,0.003157
652.000000,-0.000630,-0.001254,0.000316,-0.001390,-0.000788
653.000000,-0.001261,-0.000158,-0.000158,-0.001368,-0.002369
654.000000,0.000946,0.002145,-0.000235,-0.001032,0.005518
655.000000,-0.001747,-0.000318,-0.001143,-0.000814,-0.014252
656.000000,-0.003177,-0.001431,-0.001421,-0.001180,-0.003995
657.000000,-0.001902,-0.001266,-0.001336,-0.000968,0.005589
658.000000,-0.001745,-0.001503,-0.001454,-0.001072,-0.001586
659.000000,-0.002373,-0.000713,-0.001179,-0.000850,0.002382
660.000000,0.000796,-0.000475,-0.000944,-0.000629,0.001590
661.000000,0.000639,-0.001269,-0.001339,-0.000423,-0.004777
662.000000,-0.003210,-0.002556,-0.001905,-0.000641,-0.013660
663.000000,-0.009473,-0.005609,-0.002883,-0.001975,-0.032898
664.000000,-0.016926,-0.009649,-0.003752,-0.003373,-0.034882
665.000000,-0.018285,-0.008745,-0.004532,-0.003677,-0.005208
666.000000,-0.014050,-0.006705,-0.004068,-0.003182,0.016401
667.000000,-0.007922,-0.005566,-0.003416,-0.002746,0.016978
668.000000,-0.000335,-0.004904,-0.003203,-0.002604,0.005038
669.000000,0.006139,-0.005393,-0.003053,-0.002584,-0.002516
670.000000,0.003622,-0.007331,-0.003903,-0.003073,-0.017790
671.000000,0.002383,-0.005833,-0.003551,-0.002837,0.010204
672.000000,-0.000337,-0.004129,-0.003343,-0.002646,0.003378
673.000000,-0.001513,-0.000924,-0.003266,-0.002230,-0.000844
674.000000,-0.000168,0.002985,-0.003332,-0.001506,0.004211
675.000000,0.000512,0.002067,-0.003339,-0.002332,-0.014389
676.000000,-0.000508,0.000937,-0.002884,-0.002400,0.005102
677.000000,-0.002034,-0.001185,-0.003376,-0.002672,-0.004250
678.000000,-0.001525,-0.001519,-0.003211,-0.002642,0.001702
679.000000,-0.001857,-0.001013,-0.003203,-0.002373,0.002548
680.000000,0.002541,0.001527,-0.002902,-0.002093,0.007605
681.000000,0.000677,0.000085,-0.002874,-0.002339,-0.004218
682.000000,-0.000341,-0.001187,-0.002658,-0.002624,-0.009342
683.000000,0.000510,-0.000508,-0.000716,-0.002347,0.005955
684.000000,-0.001875,-0.001866,0.000560,-0.002843,-0.009374
685.000000,-0.003567,-0.000513,0.000777,-0.002397,-0.000857
686.000000,-0.002723,-0.001023,-0.000043,-0.002264,0.000000
687.000000,-0.001370,-0.000855,-0.001020,-0.002536,-0.002574
688.000000,-0.005329,-0.002410,-0.001964,-0.002944,-0.013841
689.000000,-0.006261,-0.004068,-0.002540,-0.003491,-0.014035
690.000000,-0.004331,-0.003949,-0.001211,-0.003251,0.008795
691.000000,-0.005209,-0.003966,-0.001941,-0.003238,-0.004388
692.000000,-0.003641,-0.002506,-0.001846,-0.002607,0.005263
693.000000,0.002424,-0.001452,-0.000980,-0.000961,0.016486
694.000000,0.005059,-0.000601,-0.001234,0.000173,-0.000861
695.000000,0.005014,0.000341,-0.000086,0.000632,0.008568
696.000000,0.005722,0.000257,-0.000383,0.000057,-0.000846
697.000000,0.005521,0.000940,0.000042,-0.000367,0.004256
698.000000,0.002735,0.002580,0.000085,-0.000450,0.002558
699.000000,0.001544,0.003302,-0.000383,-0.000593,-0.006814
700.000000,-0.001541,0.001736,-0.001106,-0.000229,-0.006861
701.000000,0.000512,0.003117,-0.000424,-0.000255,0.009422
702.000000,0.000002,0.002761,0.000128,-0.000311,0.001704
703.000000,0.000339,0.001537,0.000042,-0.000141,0.004246
704.000000,0.002379,0.001962,0.000680,-0.000168,0.003384
705.000000,0.004089,0.001274,0.000807,0.000367,0.001688
706.000000,0.004385,0.002448,0.001353,0.000561,0.010902
707.000000,0.005374,0.002688,0.001814,0.000924,0.006650
708.000000,0.004027,0.002183,0.002381,0.000784,-0.002489
709.000000,0.003018,0.002698,0.003000,0.000644,-0.001663
710.000000,0.004337,0.004213,0.002975,0.000667,0.008285
711.000000,0.001826,0.003106,0.003111,0.000752,-0.001652
712.000000,0.000179,0.002776,0.002769,0.001011,-0.001588
713.000000,0.000994,0.002511,0.002024,0.000865,0.001588
714.000000,0.003300,0.003159,0.002560,0.001507,0.009869
715.000000,0.000330,0.002333,0.001804,0.001316,-0.006568
716.000000,0.000495,0.001161,0.001805,0.001289,-0.000824
717.000000,0.000318,0.000248,0.001468,0.001292,-0.002476
718.000000,-0.002495,-0.000750,0.000716,0.001337,-0.012474
719.000000,-0.003967,-0.000333,0.001182,0.001889,0.002507
720.000000,-0.002153,-0.000912,0.001651,0.001679,0.002501
721.000000,-0.003493,-0.001499,0.000803,0.001575,-0.007522
722.000000,-0.002830,-0.001256,0.000760,0.001427,0.000839
723.000000,-0.000167,-0.001331,0.000590,0.000906,0.000838
724.000000,-0.000167,-0.002067,0.000546,0.001018,0.002509
725.000000,0.001328,-0.000413,0.000960,0.001065,0.009975
726.000000,0.002335,-0.000579,0.000291,0.001010,-0.002484
727.000000,0.003160,0.000165,0.000207,0.001034,0.004963
728.000000,0.003487,0.001660,0.000455,0.001031,0.002472
729.000000,0.003150,0.001491,0.000579,0.001285,0.000823
730.000000,0.001155,0.001241,0.000165,0.001514,0.000000
731.000000,0.001980,0.002158,0.000329,0.001255,0.001643
732.000000,0.001480,0.002320,0.000532,0.001280,0.002460
733.000000,0.001803,0.002645,0.000657,0.001275,0.004087
734.000000,0.001148,0.002149,0.000041,0.001080,-0.002450
735.000000,-0.000165,0.000495,0.000041,0.000805,-0.006563
736.000000,0.000983,0.001482,0.000451,0.000688,0.007380
737.000000,-0.001150,0.000165,0.000165,0.000193,-0.008203
738.000000,-0.002462,-0.000330,0.000665,0.000193,-0.002474
739.000000,-0.003797,-0.001325,0.000083,-0.000056,-0.009125
740.000000,-0.001653,-0.000909,0.000166,-0.000193,0.004158
741.000000,-0.005164,-0.002091,0.000034,-0.000477,-0.010176
742.000000,-0.004498,-0.002824,-0.000252,-0.000587,-0.004874
743.000000,-0.002660,-0.002561,0.000042,-0.000416,0.006717
744.000000,0.000333,-0.001732,0.000208,-0.000550,0.005841
745.000000,-0.000332,-0.000993,-0.000249,-0.000303,0.000832
746.000000,0.001037,-0.002064,-0.000291,-0.000387,-0.003331
747.000000,0.001343,-0.001577,-0.000706,-0.000416,-0.003342
748.000000,-0.001175,-0.001918,-0.001124,-0.000196,-0.005875
749.000000,0.000996,0.000664,-0.000330,0.000277,0.016695
750.000000,0.000166,-0.000083,-0.000496,0.000083,-0.003317
751.000000,0.000333,0.000685,-0.000703,0.000251,-0.002495
752.000000,0.001998,0.001671,-0.000577,0.000389,0.004983
753.000000,0.004328,0.001577,-0.000492,0.000553,0.005775
754.000000,0.001649,0.001322,-0.000205,0.000580,0.003298
755.000000,0.001159,0.000663,-0.000165,0.000055,-0.005764
756.000000,0.001823,0.001078,-0.000493,0.000165,0.000825
757.000000,-0.000997,0.000501,-0.000538,-0.000304,-0.009117
758.000000,-0.004495,-0.000083,-0.001000,-0.000777,-0.011717
759.000000,-0.005662,-0.002007,-0.000671,-0.000889,-0.002539
760.000000,-0.006889,-0.002865,-0.001474,-0.001285,-0.011895
761.000000,-0.007225,-0.002701,-0.001008,-0.001369,-0.000855
762.000000,-0.008505,-0.004751,-0.001540,-0.001968,-0.015518
763.000000,-0.004776,-0.004635,-0.001529,-0.001873,0.006926
764.000000,-0.009336,-0.007499,-0.003088,-0.002636,-0.025340
765.000000,-0.008200,-0.007544,-0.003441,-0.002625,-0.006214
766.000000,-0.013628,-0.010426,-0.004674,-0.003804,-0.027993
767.000000,-0.008157,-0.008331,-0.003915,-0.003136,0.011834
768.000000,-0.005245,-0.005011,-0.002547,-0.002337,0.021487
769.000000,-0.003032,-0.006184,-0.004095,-0.002509,-0.014273
770.000000,-0.000357,-0.004278,-0.003571,-0.002409,0.007162
771.000000,0.004706,-0.004461,-0.003581,-0.002159,-0.002680
772.000000,0.003943,-0.002107,-0.003429,-0.001729,0.008018
773.000000,0.002115,-0.001565,-0.003100,-0.001541,0.012346
774.000000,0.005669,0.001319,-0.003090,-0.001619,0.003500
775.000000,0.002306,0.000975,-0.003285,-0.001969,-0.009653
776.000000,0.002312,0.003509,-0.003458,-0.001946,-0.002649
777.000000,0.001591,0.002767,-0.002782,-0.001688,0.004411
778.000000,-0.004252,-0.001069,-0.003040,-0.002054,-0.016867
779.000000,-0.008019,-0.001175,-0.003679,-0.003122,-0.015336
780.000000,-0.009573,-0.003633,-0.003956,-0.003592,-0.017424
781.000000,-0.008858,-0.003273,-0.003867,-0.003478,0.000925
782.000000,-0.011411,-0.004910,-0.003509,-0.003923,-0.008353
783.000000,-0.004894,-0.004573,-0.003069,-0.003591,0.015719
784.000000,0.001269,-0.003375,-0.001028,-0.003185,0.015476
785.000000,0.007088,-0.001242,-0.000134,-0.002604,0.011675
786.000000,0.006367,-0.001246,0.001132,-0.002721,-0.002682
787.000000,0.008395,-0.001508,0.000630,-0.002357,0.001789
788.000000,0.007189,0.001147,0.000039,-0.001644,0.009685
789.000000,0.002513,0.001891,0.000358,-0.001823,-0.007899
790.000000,0.001049,0.004069,0.000218,-0.001281,0.004353
791.000000,0.002816,0.004592,0.000659,-0.001047,0.006154
792.000000,0.003719,0.006057,0.000573,-0.000320,0.006301
793.000000,0.002482,0.004835,0.000131,-0.000434,0.003503
794.000000,0.006495,0.004504,0.000564,0.000816,0.012163
795.000000,0.006484,0.003767,0.001262,0.001166,0.004300
796.000000,0.005774,0.004295,0.001525,0.002186,0.002602
797.000000,0.006048,0.004883,0.001688,0.002047,0.007672
798.000000,0.005856,0.004169,0.002658,0.001416,0.002541
799.000000,0.002744,0.004620,0.003255,0.001779,-0.003393
800.000000,0.000517,0.003501,0.003785,0.001312,-0.006838
801.000000,0.001023,0.003398,0.003995,0.001572,0.005133
802.000000,-0.000341,0.002854,0.004455,0.001334,0.000853
803.000000,-0.000168,0.002844,0.003840,0.001035,0.003404
804.000000,0.000850,0.001797,0.003151,0.000975,0.001698
805.000000,0.002898,0.001708,0.002737,0.001411,0.003404
806.000000,0.003887,0.002455,0.003375,0.001835,0.010076
807.000000,0.003884,0.001771,0.003327,0.001716,0.000836
808.000000,0.004169,0.002000,0.003085,0.002439,0.004829
809.000000,0.003698,0.002274,0.003447,0.002928,-0.000658
810.000000,0.001345,0.002121,0.002811,0.003230,-0.008361
811.000000,-0.001681,0.001103,0.002251,0.003031,-0.005051
812.000000,-0.000838,0.001523,0.002188,0.003478,0.005051
813.000000,-0.000966,0.001601,0.002223,0.003093,0.004189
814.000000,-0.000834,0.001432,0.001614,0.002578,0.000000
815.000000,0.001339,0.001342,0.001525,0.002272,0.002505
816.000000,0.005822,0.002070,0.002263,0.002940,0.017363
817.000000,0.002503,0.000833,0.001302,0.002496,-0.011542
818.000000,0.002988,0.001011,0.001506,0.002393,0.006612
819.000000,0.004465,0.001815,0.002045,0.002903,0.007386
820.000000,0.001330,0.001334,0.001728,0.002319,-0.013169
821.000000,-0.001811,0.002005,0.001554,0.002169,0.001656
822.000000,0.000331,0.001417,0.001470,0.001931,-0.000827
823.000000,-0.000991,0.000998,0.001300,0.001815,0.000000
824.000000,0.000163,0.002314,0.001873,0.001848,0.013158
825.000000,0.002143,0.001736,0.001539,0.001595,-0.003273
826.000000,0.001811,0.000000,0.001035,0.001508,0.000000
827.000000,0.002795,0.001563,0.001198,0.001389,0.004090
828.000000,0.004259,0.001634,0.001322,0.001548,0.007320
829.000000,0.002436,0.001300,0.001558,0.001796,0.004044
830.000000,0.002768,0.002455,0.001895,0.001970,-0.001616
831.000000,0.002444,0.002128,0.002066,0.001745,-0.001618
832.000000,0.000977,0.001886,0.001652,0.001609,-0.003244
833.000000,0.000486,0.002372,0.001685,0.001657,0.004862
834.000000,0.000484,0.001460,0.001887,0.001735,0.004034
835.000000,0.000484,0.001626,0.001681,0.001568,-0.001612
836.000000,-0.001137,0.000654,0.000327,0.000908,-0.009725
837.000000,0.000325,0.000651,0.001107,0.001016,0.004063
838.000000,-0.002604,-0.001059,0.000287,0.000529,-0.009780
839.000000,-0.003083,-0.001300,0.000000,0.000605,0.001637
840.000000,-0.003416,-0.001466,0.000495,0.000775,-0.003276
841.000000,-0.001307,-0.001222,0.000453,0.000970,0.000820
842.000000,-0.002120,-0.000898,0.000494,0.000802,0.000000
843.000000,-0.000985,-0.001795,0.000289,0.000525,-0.004107
844.000000,-0.002634,-0.002859,-0.000699,0.000305,-0.006606
845.000000,-0.001647,-0.002532,-0.000453,0.000277,0.001656
846.000000,-0.005148,-0.003227,-0.001287,-0.000858,-0.016681
847.000000,-0.003473,-0.002796,-0.001073,-0.000194,0.008375
848.000000,-0.002485,-0.001735,-0.001397,-0.000387,0.000834
849.000000,-0.002333,-0.002484,-0.001892,-0.000828,-0.005850
850.000000,-0.003336,-0.002492,-0.001979,-0.000501,-0.003359
851.000000,0.001007,-0.002070,-0.001646,-0.000388,0.005034
852.000000,-0.001171,-0.002322,-0.001610,-0.000444,-0.002514
853.000000,0.000832,-0.000826,-0.001310,-0.000083,0.010847
854.000000,0.002333,0.000000,-0.001429,-0.000466,0.001658
855.000000,0.003832,0.000248,-0.001142,-0.000219,0.004134
856.000000,-0.001343,-0.000168,-0.001698,-0.000914,-0.020843
857.000000,-0.001009,-0.001090,-0.001943,-0.001078,-0.000843
858.000000,-0.003854,-0.001511,-0.001623,-0.001435,-0.003378
859.000000,-0.004186,-0.000926,-0.001705,-0.001570,0.000000
860.000000,-0.004675,-0.000421,-0.001457,-0.001460,0.001691
861.000000,0.001845,0.000251,-0.000910,-0.001014,0.011755
862.000000,0.002846,0.000919,-0.000702,-0.000767,0.004165
863.000000,0.004186,0.000166,-0.000330,-0.000818,0.003320
864.000000,0.002020,-0.001083,-0.000541,-0.001314,-0.010829
865.000000,0.000169,-0.002253,-0.001003,-0.001512,-0.007566
866.000000,-0.002858,-0.000507,-0.000338,-0.001301,-0.003381
867.000000,-0.004030,-0.000592,-0.000841,-0.001493,-0.001695
868.000000,-0.004355,-0.000085,-0.000798,-0.001110,0.001695
869.000000,-0.002020,0.000000,-0.000463,-0.001137,0.000846
870.000000,0.000000,0.000084,-0.000168,-0.000943,0.002535
871.000000,0.002189,-0.000334,-0.000042,-0.000718,0.007566
872.000000,0.002863,-0.000584,0.000168,-0.000662,0.001674
873.000000,0.002357,-0.000999,-0.000417,-0.000553,-0.000836
874.000000,0.003522,0.000751,-0.000166,-0.000111,0.006672
875.000000,-0.000338,-0.000169,-0.001211,-0.000725,-0.016765
876.000000,-0.004232,-0.001021,-0.000764,-0.000565,-0.011905
877.000000,-0.001848,0.000508,-0.000042,-0.000392,0.013594
878.000000,0.001002,0.001679,0.000797,0.000028,0.013412
879.000000,0.000000,0.001761,0.000881,0.000278,0.001664
880.000000,0.003353,0.001508,0.000796,0.000390,0.000000
881.000000,0.005068,0.000418,0.000042,0.000111,-0.003331
882.000000,0.003181,0.000667,0.000042,0.000334,0.004161
883.000000,-0.000500,0.000251,-0.000374,-0.000194,-0.004996
884.000000,0.001160,0.000580,0.000666,0.000083,0.009967
885.000000,0.001985,0.002669,0.001250,0.000082,0.004124
886.000000,0.002651,0.003860,0.001419,0.000777,0.000000
887.000000,0.001983,0.002582,0.001545,0.000833,0.000823
888.000000,0.003147,0.001323,0.001501,0.000973,0.000822
889.000000,0.000660,0.000910,0.001336,0.000890,-0.002468
890.000000,0.001639,0.001812,0.001660,0.001135,0.009020
891.000000,0.001149,0.001900,0.001159,0.000661,-0.002452
892.000000,0.003101,0.002542,0.001604,0.000875,0.010582
893.000000,0.004228,0.003687,0.001969,0.000980,0.006457
894.000000,0.003754,0.002207,0.001394,0.001179,-0.004839
895.000000,0.002917,0.002278,0.002474,0.001593,0.004839
896.000000,0.002763,0.001956,0.002908,0.001598,-0.003223
897.000000,0.000808,0.001954,0.002268,0.001681,0.000807
898.000000,0.000161,0.002194,0.001759,0.001732,0.003221
899.000000,0.000968,0.002361,0.001635,0.001677,-0.000804
900.000000,-0.000161,0.001378,0.001595,0.001566,-0.000805
901.000000,0.000000,0.001382,0.001641,0.001233,-0.002418
902.000000,0.000161,0.000485,0.001513,0.001231,0.001613
903.000000,-0.000967,-0.000403,0.001642,0.001178,-0.002420
904.000000,0.000161,0.000564,0.001386,0.001117,0.004835
905.000000,0.000322,0.000080,0.001179,0.001676,0.000000
906.000000,-0.000323,-0.000162,0.000897,0.001885,-0.005643
907.000000,-0.002432,-0.001135,0.000410,0.001134,-0.008932
908.000000,-0.000647,-0.000807,0.000694,0.000904,0.006504
909.000000,-0.000644,-0.000242,0.001060,0.001010,0.004850
910.000000,-0.000483,-0.000081,0.000649,0.001037,0.000806
911.000000,0.000807,0.000242,0.000812,0.001175,0.000805
912.000000,0.002754,0.000161,0.000323,0.001063,0.000805
913.000000,0.001292,0.000323,-0.000040,0.001202,-0.000805
914.000000,-0.000161,-0.000403,0.000081,0.000789,-0.002418
915.000000,0.000000,-0.000241,-0.000081,0.000706,0.001613
916.000000,-0.000161,0.000323,0.000081,0.000706,0.000000
917.000000,-0.001291,0.000731,-0.000202,0.000517,-0.004847
918.000000,-0.001455,-0.000081,-0.000444,0.000435,-0.001621
919.000000,-0.000485,-0.000323,-0.000282,0.000599,0.002430
920.000000,-0.000484,-0.000242,-0.000161,0.000352,0.001617
921.000000,-0.000161,-0.000161,0.000040,0.000487,0.001614
922.000000,0.000647,-0.000322,-0.000081,0.000108,-0.000807
923.000000,0.001132,-0.000161,0.000081,-0.000081,0.000807
924.000000,0.001129,0.000322,-0.000040,0.000161,0.002416
925.000000,0.001288,0.000402,0.000080,0.000080,0.002411
926.000000,0.001286,0.000562,0.000443,0.000241,0.001604
927.000000,-0.000647,0.000000,0.000366,-0.000135,-0.010471
928.000000,-0.004073,-0.001471,-0.000776,-0.000786,-0.016327
929.000000,-0.005216,-0.002043,-0.001183,-0.000869,-0.003298
930.000000,-0.010715,-0.004714,-0.002478,-0.001679,-0.025085
931.000000,-0.012055,-0.005384,-0.002773,-0.001768,-0.005093
932.000000,-0.007424,-0.004035,-0.002179,-0.001399,0.012685
933.000000,-0.003822,-0.003948,-0.002055,-0.001262,0.001679
934.000000,-0.002159,-0.003687,-0.001683,-0.001256,0.005021
935.000000,0.003025,-0.003845,-0.001721,-0.001228,0.000834
936.000000,0.004044,-0.004005,-0.001721,-0.001040,0.000000
937.000000,0.002505,-0.002459,-0.001230,-0.000576,0.004992
938.000000,0.003328,-0.000247,-0.000859,-0.000600,0.005792
939.000000,0.001497,-0.000331,-0.001187,-0.000899,-0.004134
940.000000,0.001826,0.002426,-0.001144,-0.000843,0.002482
941.000000,0.001992,0.003018,-0.001183,-0.000843,0.000826
942.000000,-0.001332,0.000587,-0.001724,-0.001257,-0.011628
943.000000,-0.001325,0.001002,-0.001473,-0.001036,0.005831
944.000000,0.001321,0.001409,-0.001139,-0.000652,0.009095
945.000000,0.000000,0.000913,-0.001466,-0.000843,-0.004124
946.000000,0.000000,0.000996,-0.001505,-0.000816,0.000826
947.000000,0.001664,0.000166,-0.001147,-0.000764,-0.003309
948.000000,0.000528,-0.000398,-0.000323,-0.000705,0.000149
949.000000,-0.000329,0.000496,0.000083,-0.000626,0.004810
950.000000,-0.004176,-0.002088,0.000169,-0.001458,-0.023354
951.000000,-0.005186,-0.002593,0.000212,-0.001653,-0.004228
952.000000,-0.004694,-0.001515,-0.000464,-0.001655,-0.000848
953.000000,-0.004894,-0.002183,-0.000591,-0.001710,-0.000849
954.000000,-0.006196,-0.003263,-0.000927,-0.001847,-0.001699
955.000000,-0.002377,-0.003276,-0.001181,-0.002069,-0.004261
956.000000,-0.001873,-0.003530,-0.001267,-0.002180,-0.001709
957.000000,-0.001704,-0.003199,-0.001517,-0.001831,0.000000
958.000000,-0.000510,-0.002702,-0.001550,-0.001116,0.005119
959.000000,0.001018,-0.002589,-0.001047,-0.000808,0.005940
960.000000,0.001192,-0.000592,-0.001340,-0.000085,-0.003390
961.000000,0.001364,-0.000255,-0.001424,0.000057,-0.000849
962.000000,0.000854,-0.000425,-0.000970,-0.000451,-0.002552
963.000000,-0.000341,-0.000425,-0.001304,-0.000536,-0.000852
964.000000,-0.002212,-0.000597,-0.001930,-0.000817,-0.003416
965.000000,-0.002907,-0.000858,-0.002067,-0.001074,-0.006867
966.000000,-0.003255,-0.000945,-0.002238,-0.001160,-0.002587
967.000000,-0.004131,-0.001639,-0.002419,-0.001557,-0.006932
968.000000,-0.004135,-0.002238,-0.002470,-0.001779,-0.000870
969.000000,-0.001546,-0.001879,-0.002234,-0.001324,0.009528
970.000000,-0.000517,-0.001712,-0.001152,-0.001464,-0.001726
971.000000,-0.001560,-0.002408,-0.001331,-0.001752,-0.007802
972.000000,-0.003332,-0.003731,-0.002078,-0.001891,-0.015790
973.000000,-0.004044,-0.004089,-0.002257,-0.002233,-0.004431
974.000000,-0.009534,-0.005540,-0.003068,-0.003133,-0.017922
975.000000,-0.008467,-0.004492,-0.002675,-0.002875,0.003610
976.000000,-0.007628,-0.004594,-0.002770,-0.003023,-0.003610
977.000000,-0.003388,-0.003360,-0.002499,-0.002733,0.005410
978.000000,-0.003404,-0.003724,-0.002981,-0.002888,-0.004507
979.000000,0.001979,-0.003777,-0.002828,-0.002748,0.008993
980.000000,0.003394,-0.002536,-0.002124,-0.001614,0.010686
981.000000,0.003762,-0.001933,-0.002170,-0.001532,-0.001773
982.000000,0.002325,-0.000532,-0.002132,-0.001563,-0.001776
983.000000,0.002692,-0.000356,-0.002223,-0.001624,-0.002670
984.000000,0.001960,0.001970,-0.001785,-0.001389,0.005333
985.000000,-0.000710,0.001342,-0.001575,-0.001336,-0.002663
986.000000,-0.002141,0.000810,-0.001892,-0.001576,-0.008929
987.000000,-0.001427,0.000449,-0.001456,-0.001517,0.001792
988.000000,0.001244,0.001968,-0.000878,-0.001331,0.010686
989.000000,0.002642,0.002301,-0.000738,-0.001118,0.012324
990.000000,0.006472,0.002881,0.000172,-0.000456,0.016486
991.000000,0.005645,0.001752,-0.000091,-0.000863,-0.013063
992.000000,0.003901,0.001237,0.000352,-0.001009,-0.006929
993.000000,0.002115,0.001679,0.000662,-0.000922,0.001754
994.000000,0.001221,0.001932,0.001951,-0.000546,0.007857
995.000000,-0.001902,0.002285,0.001814,-0.000288,0.000869
996.000000,0.001231,0.003438,0.002124,-0.000115,0.002603
997.000000,0.001051,0.002476,0.001462,-0.000145,-0.007830
998.000000,0.003648,0.002881,0.002424,0.000375,0.014738
999.000000,0.002935,0.002078,0.002189,0.000201,0.004294
1000.000000,0.004468,0.001283,0.002082,0.000542,0.008532
1001.000000,0.004964,0.003097,0.002425,0.000972,0.005085
1002.000000,0.008381,0.004716,0.002976,0.001807,0.009255
1003.000000,0.006269,0.004958,0.003319,0.002094,0.004179
1004.000000,0.002190,0.002563,0.002247,0.002155,-0.016101
1005.000000,0.000679,0.002573,0.002429,0.002067,0.000974
1006.000000,0.003519,0.004242,0.003840,0.002830,0.019288
1007.000000,-0.001851,0.003265,0.002870,0.002063,-0.017596
1008.000000,-0.001519,0.002375,0.002628,0.002408,0.005841
1009.000000,-0.008457,-0.003133,-0.000528,0.000415,-0.050792
1010.000000,-0.009006,-0.004164,-0.001441,0.000000,-0.001770
1011.000000,-0.013410,-0.004945,-0.000924,-0.000032,-0.002732
1012.000000,-0.010054,-0.005953,-0.000618,0.000000,-0.000817
1013.000000,-0.011578,-0.006548,-0.000795,0.000030,-0.001779
1014.000000,-0.002312,-0.005385,-0.001411,-0.000297,-0.004462
1015.000000,-0.001066,-0.005036,-0.001231,-0.000059,0.004462
1016.000000,-0.001054,-0.007232,-0.001495,0.000149,-0.002675
1017.000000,-0.000356,-0.005205,-0.000970,0.000179,0.002675
1018.000000,-0.000892,-0.006235,-0.001930,-0.000326,-0.004462
1019.000000,0.000536,-0.000888,-0.002011,-0.000648,0.002680
1020.000000,-0.000357,-0.000711,-0.002437,-0.001197,0.000000
1021.000000,0.001778,0.000362,-0.002292,-0.000495,0.007996
1022.000000,0.001596,0.000620,-0.002666,-0.000205,0.001768
1023.000000,0.002666,0.000887,-0.002831,-0.000235,0.000883
1024.000000,0.002482,0.001509,-0.001938,-0.000438,0.001764
1025.000000,0.001245,0.000444,-0.002296,-0.000673,-0.006186
1026.000000,-0.000354,0.000712,-0.003260,-0.000760,0.000000
1027.000000,-0.000708,0.000444,-0.002380,-0.000499,0.000000
1028.000000,-0.000451,0.001107,-0.002564,-0.000918,0.002170
1029.000000,0.000176,0.001329,0.000221,-0.000897,0.004898
1030.000000,0.001237,0.001241,0.000265,-0.001211,-0.000881
1031.000000,0.001765,0.000705,0.000534,-0.001293,0.002640
1032.000000,0.001941,0.000616,0.000618,-0.001572,0.000878
1033.000000,0.001155,0.000352,0.000619,-0.001770,-0.001757
1034.000000,0.000527,0.000352,0.000930,-0.001175,0.001757
1035.000000,0.001230,0.001233,0.000839,-0.001119,0.002630
1036.000000,0.000351,0.001058,0.000885,-0.001821,-0.001753
1037.000000,-0.000176,0.000883,0.000663,-0.001293,-0.001756
1038.000000,-0.000528,0.000314,0.000710,-0.001605,-0.003521
1039.000000,-0.000527,0.000000,0.000665,0.000147,0.001762
1040.000000,0.000525,0.000877,0.001059,0.000469,0.007891
1041.000000,0.000875,0.000613,0.000659,0.000560,0.000000
1042.000000,0.001924,0.000874,0.000745,0.000704,0.003487
1043.000000,0.002976,0.001224,0.000788,0.000821,0.001739
1044.000000,0.003663,0.001568,0.000960,0.001143,0.005199
1045.000000,0.001912,0.001218,0.001226,0.000965,-0.000865
1046.000000,0.003120,0.001997,0.001528,0.001256,0.006037
1047.000000,0.001042,0.001483,0.001183,0.000937,-0.006903
1048.000000,0.000867,0.001921,0.001117,0.001114,0.000865
1049.000000,0.000345,0.002004,0.001002,0.001111,0.002592
1050.000000,0.000000,0.000956,0.000917,0.001025,-0.002592
1051.000000,-0.003820,-0.000350,0.000132,0.000323,-0.013061
1052.000000,-0.003494,-0.001226,-0.000176,0.000088,-0.005272
1053.000000,-0.004727,-0.001930,-0.000353,-0.000118,-0.005300
1054.000000,-0.003130,-0.001393,0.000088,0.000176,0.010573
1055.000000,-0.002612,-0.001306,-0.000044,0.000382,0.000000
1056.000000,0.001397,-0.001211,0.000393,0.000615,0.006987
1057.000000,0.003494,0.000000,0.000741,0.000788,0.005208
1058.000000,0.004900,0.000086,0.001004,0.000774,0.001730
1059.000000,0.003475,0.000172,0.001088,0.000726,0.003451
1060.000000,0.002958,0.000173,0.000564,0.000669,-0.002587
1061.000000,0.001560,0.001479,0.000564,0.000581,0.000000
1062.000000,0.000519,0.002006,0.000390,0.000551,0.000000
1063.000000,0.000518,0.002709,0.000389,0.000668,0.001726
1064.000000,-0.000172,0.001651,0.000129,0.000609,0.000000
1065.000000,0.002574,0.002766,0.000730,0.000893,0.011145
1066.000000,0.002062,0.001811,0.000300,0.000866,-0.002561
1067.000000,0.001891,0.001205,0.000602,0.000896,-0.000855
1068.000000,0.002399,0.001459,0.000773,0.001156,0.004268
1069.000000,0.002740,0.001284,0.000728,0.001154,0.001702
1070.000000,0.003046,0.002810,0.001491,0.001313,0.012674
1071.000000,0.003893,0.002978,0.002228,0.001369,0.001678
1072.000000,0.004734,0.003312,0.002659,0.001364,0.003347
1073.000000,0.005047,0.003723,0.003216,0.001501,0.005831
1074.000000,0.004540,0.003640,0.002646,0.001300,-0.000831
1075.000000,0.002337,0.002691,0.002729,0.001384,0.001661
1076.000000,0.000669,0.002281,0.002046,0.000961,-0.006661
1077.000000,0.000667,0.002701,0.001953,0.001302,0.003336
1078.000000,0.000166,0.002606,0.002032,0.001384,0.003325
1079.000000,0.000166,0.002353,0.001818,0.001270,-0.000830
1080.000000,-0.001332,0.000503,0.001656,0.001162,-0.005831
1081.000000,0.001498,0.001084,0.002031,0.001847,0.007491
1082.000000,0.000831,0.000749,0.002031,0.002023,0.000000
1083.000000,0.001817,0.000992,0.002357,0.002474,0.008258
1084.000000,0.002968,0.001567,0.002603,0.002286,0.004922
1085.000000,0.004298,0.001483,0.002087,0.002313,0.000818
1086.000000,0.003453,0.002475,0.002378,0.002189,0.003265
1087.000000,0.004428,0.002630,0.002665,0.002178,0.004878
1088.000000,0.003748,0.002783,0.002694,0.002282,0.004854
1089.000000,0.001792,0.002380,0.002367,0.002006,-0.004854
1090.000000,0.000816,0.002557,0.001530,0.001956,-0.004063
1091.000000,-0.000163,0.001645,0.001364,0.001902,-0.001630
1092.000000,0.000486,0.002457,0.001603,0.002173,0.008124
1093.000000,-0.000161,0.001793,0.001392,0.002169,0.001617
1094.000000,-0.001302,0.000245,0.000906,0.001817,-0.010556
1095.000000,-0.002458,-0.000821,0.000331,0.001118,-0.009844
1096.000000,-0.001638,-0.000901,0.000787,0.001285,0.002470
1097.000000,-0.003592,-0.001553,0.000538,0.001259,-0.001646
1098.000000,-0.002438,-0.001300,0.000741,0.001363,0.007386
1099.000000,0.000326,-0.000488,0.000946,0.001415,0.003265
1100.000000,-0.000330,-0.001394,0.000581,0.000555,-0.013126
1101.000000,0.001801,0.000082,0.000863,0.000937,0.013126
1102.000000,0.002456,-0.000568,0.000945,0.000879,0.001629
1103.000000,0.002438,0.000000,0.000897,0.000928,0.007296
1104.000000,0.003714,0.002020,0.001133,0.001278,0.009646
1105.000000,0.006659,0.003165,0.001172,0.001275,0.001599
1106.000000,0.004353,0.003077,0.001088,0.001551,0.001596
1107.000000,0.003548,0.003002,0.000725,0.001360,-0.002395
1108.000000,0.002728,0.002583,0.000642,0.001355,0.003192
1109.000000,0.000320,0.002017,0.000765,0.001303,-0.002393
1110.000000,0.000797,0.003728,0.001167,0.001630,0.003986
1111.000000,0.002536,0.003444,0.001763,0.001724,0.010289
1112.000000,0.002542,0.003045,0.001239,0.001645,-0.002365
1113.000000,0.001271,0.001999,0.001000,0.001264,-0.003162
1114.000000,0.002540,0.001430,0.001725,0.001232,0.003951
1115.000000,-0.000957,-0.000080,0.001542,0.000755,-0.013498
1116.000000,-0.003175,-0.000319,0.001379,0.000619,-0.000800
1117.000000,-0.004147,-0.000803,0.001100,0.000216,-0.007226
1118.000000,-0.002390,-0.000559,0.001012,0.000241,0.005625
1119.000000,-0.003500,-0.000480,0.000768,0.000350,-0.001604
1120.000000,-0.000801,-0.000879,0.001425,0.000485,0.000000
1121.000000,-0.000481,-0.001828,0.000808,0.000566,0.000802
1122.000000,0.002403,-0.000872,0.001087,0.000535,0.007191
1123.000000,0.000959,-0.000715,0.000642,0.000428,-0.001594
1124.000000,0.001917,-0.000792,0.000319,0.000886,0.003185
1125.000000,0.002393,0.000796,0.000358,0.001294,0.002382
1126.000000,0.002391,0.000955,0.000318,0.001238,0.000793
1127.000000,0.000636,0.001519,0.000358,0.001240,-0.001586
1128.000000,0.001589,0.001274,0.000357,0.001099,0.003170
1129.000000,0.001741,0.001829,0.000674,0.001122,0.003948
1130.000000,0.000633,0.001513,0.000317,0.001454,-0.003157
1131.000000,0.000000,0.001196,-0.000316,0.000938,-0.002374
1132.000000,0.001108,0.000872,0.000000,0.001015,0.003954
1133.000000,0.001262,0.001425,0.000355,0.000903,0.003939
1134.000000,0.000000,0.000871,0.000039,0.000503,-0.002361
1135.000000,0.001104,0.000869,0.000832,0.000528,0.002361
1136.000000,0.004234,0.002117,0.001536,0.000918,0.013276
1137.000000,0.002198,0.001653,0.001586,0.000790,-0.006226
1138.000000,0.002189,0.001726,0.001500,0.000813,0.003896
1139.000000,0.002506,0.001253,0.001541,0.000867,-0.000778
1140.000000,0.001878,0.001491,0.001502,0.000708,-0.000779
1141.000000,-0.000622,0.001806,0.001501,0.000391,0.000779
1142.000000,0.001710,0.001954,0.001413,0.000651,0.005433
1143.000000,0.000621,0.001405,0.001415,0.000705,-0.001549
1144.000000,0.002167,0.002337,0.001604,0.000805,0.006953
1145.000000,0.005075,0.003477,0.002173,0.001714,0.013762
1146.000000,0.004920,0.002149,0.002133,0.001740,0.000000
1147.000000,0.002767,0.002239,0.001946,0.001804,-0.005329
1148.000000,0.003382,0.002002,0.001864,0.001667,0.001526
1149.000000,0.002448,0.002308,0.001780,0.001797,0.002284
1150.000000,-0.001984,0.001546,0.001518,0.001517,-0.008400
1151.000000,-0.000761,0.002079,0.001943,0.001694,0.006116
1152.000000,0.000534,0.001650,0.001802,0.001492,0.001143
1153.000000,0.000913,0.002147,0.001776,0.001659,0.003420
1154.000000,0.001817,0.002133,0.002235,0.001780,0.006805
1155.000000,0.003497,0.000756,0.002117,0.001701,0.000000
1156.000000,0.004074,0.001657,0.001903,0.001974,0.009002
1157.000000,0.003696,0.002115,0.002177,0.002002,-0.000747
1158.000000,0.001059,0.000986,0.001494,0.001571,-0.009764
1159.000000,-0.006744,-0.002464,-0.000078,0.000366,-0.032211
1160.000000,-0.004034,-0.000269,0.000638,0.000923,0.013548
1161.000000,-0.005451,-0.000688,0.000696,0.001066,0.001920
1162.000000,-0.004688,-0.000496,0.000577,0.001036,0.003065
1163.000000,-0.005199,-0.002070,0.000039,0.000494,-0.012317
1164.000000,0.000000,-0.003372,-0.000620,0.000366,-0.006216
1165.000000,-0.002554,-0.003294,-0.001269,0.000313,0.000779
1166.000000,-0.002627,-0.004039,-0.001191,-0.000078,0.001556
1167.000000,-0.001382,-0.003035,-0.000460,0.000439,0.009288
1168.000000,-0.000155,-0.002677,-0.000846,0.000104,-0.006182
1169.000000,0.002171,0.001085,-0.000689,0.000310,0.005412
1170.000000,0.002477,-0.000038,-0.000154,0.000413,0.002310
1171.000000,0.002012,-0.000307,-0.000498,0.000361,-0.000770
1172.000000,0.001076,-0.000153,-0.000325,0.000334,0.004608
1173.000000,0.003687,0.001766,-0.000152,0.000614,0.006873
1174.000000,0.002757,0.002464,-0.000454,0.000408,0.000761
1175.000000,0.002294,0.002386,-0.000454,-0.000051,0.000000
1176.000000,0.002448,0.002230,-0.000904,-0.000051,0.000000
1177.000000,0.002134,0.001605,-0.000715,0.000228,0.003037
1178.000000,0.000000,0.001843,-0.000417,0.000051,-0.003798
1179.000000,-0.003065,-0.000154,0.000465,-0.000511,-0.014565
1180.000000,-0.003065,-0.000385,-0.000212,-0.000231,0.000000
1181.000000,-0.003065,-0.000308,-0.000308,-0.000435,0.000000
1182.000000,-0.004601,-0.001234,-0.000693,-0.000628,-0.004644
1183.000000,-0.004463,-0.002232,-0.000233,-0.000845,-0.003108
1184.000000,-0.000619,-0.001842,0.000311,-0.000917,0.004658
1185.000000,0.000771,-0.001147,0.000619,-0.000685,0.006947
1186.000000,0.001538,-0.000763,0.000733,-0.000857,0.003839
1187.000000,0.003079,-0.000761,0.000422,-0.000730,0.003060
1188.000000,0.003242,-0.000611,0.000616,-0.000481,-0.002294
1189.000000,0.002463,0.000922,0.000384,0.000618,0.000765
1190.000000,0.001533,0.001152,0.000383,0.000243,0.002293
1191.000000,0.000306,0.000922,0.000307,0.000102,-0.002293
1192.000000,-0.000306,0.001387,0.000077,0.000000,0.000000
1193.000000,0.000917,0.002079,-0.000076,0.000538,0.003818
1194.000000,0.001979,0.002221,0.000190,0.000948,0.006079
1195.000000,0.001521,0.001527,0.000190,0.000922,0.000000
1196.000000,0.001979,0.001143,0.000190,0.000870,0.000000
1197.000000,0.001979,0.000837,0.000038,0.000560,0.000000
1198.000000,0.002274,0.001595,0.000492,0.000943,0.005289
1199.000000,0.000378,0.001179,0.001051,0.000649,-0.003397
1200.000000,0.000756,0.001139,0.001145,0.000635,0.001889
1201.000000,0.001960,0.001970,0.001446,0.000861,0.006020
1202.000000,0.001585,0.001782,0.001584,0.000645,-0.001877
1203.000000,-0.000906,0.000684,0.001382,0.000177,-0.007166
1204.000000,-0.001137,-0.000380,0.000921,0.000000,-0.004552
1205.000000,-0.000453,0.000151,0.000839,0.000177,0.005309
1206.000000,-0.000902,0.000529,0.000836,0.000303,0.003775
1207.000000,-0.000226,0.000680,0.000758,0.000252,0.001506
1208.000000,0.001358,0.000226,0.000910,0.000403,0.000752
1209.000000,0.003169,0.001016,0.001097,0.001039,0.004501
1210.000000,0.000000,-0.000227,0.000456,0.000688,-0.010534
1211.000000,-0.001513,-0.001208,0.000381,0.000562,-0.003789
1212.000000,-0.002727,-0.001476,0.000153,0.000564,-0.004566
1213.000000,-0.002573,-0.000607,0.000038,0.000719,0.001524
1214.000000,-0.002410,0.000380,0.000000,0.000740,0.005317
1215.000000,0.000755,0.000378,0.000264,0.000685,0.005289
1216.000000,0.002565,0.000526,0.000528,0.000733,0.005261
1217.000000,0.004823,0.001048,0.000864,0.000855,0.006724
1218.000000,0.004667,0.001047,0.000636,0.000956,0.000744
1219.000000,0.003455,0.000523,0.000769,0.000906,-0.000744
1220.000000,0.004913,0.002834,0.001304,0.001249,0.012579
1221.000000,0.004594,0.003580,0.001186,0.001447,0.003670
1222.000000,0.002074,0.003449,0.000986,0.001251,-0.005878
1223.000000,0.001335,0.003001,0.001197,0.001026,-0.002952
1224.000000,-0.000746,0.001354,0.000867,0.000451,-0.011148
1225.000000,-0.006122,-0.000605,-0.000114,-0.000025,-0.014302
1226.000000,-0.007616,-0.001511,-0.000492,-0.000152,-0.003798
1227.000000,-0.008890,-0.003408,-0.001180,-0.000560,-0.012251
1228.000000,-0.007531,-0.003098,-0.001025,-0.000608,0.003845
1229.000000,-0.003620,-0.002183,-0.000830,-0.000215,0.008407
1230.000000,0.000454,-0.002834,0.000000,-0.000076,0.006070
1231.000000,0.003919,-0.001848,0.000866,0.000175,0.013524
1232.000000,0.005921,-0.001485,0.000982,0.000162,-0.002241
1233.000000,0.006346,-0.000592,0.001204,0.000600,0.005973
1234.000000,0.005406,0.000893,0.001124,0.000876,0.003703
1235.000000,0.004044,0.002249,0.000822,0.000674,-0.000741
1236.000000,-0.000299,0.001810,0.000150,0.000275,-0.008188
1237.000000,-0.000599,0.002661,-0.000374,0.000100,-0.003744
1238.000000,-0.002545,0.001900,-0.000599,-0.000050,-0.003758
1239.000000,-0.001040,0.002183,0.000000,0.000174,0.011232
1240.000000,-0.001339,0.001352,-0.000741,0.000451,-0.002236
1241.000000,0.000448,0.000075,-0.000887,0.000602,0.000746
1242.000000,0.001048,0.000224,-0.000630,0.000729,-0.000746
1243.000000,-0.001512,-0.002029,-0.001310,0.000127,-0.016554
