0.000000,0.007488,0.002931,0.002694,0.001610,0.019840
1.000000,0.009570,0.003615,0.002766,0.001917,0.008973
2.000000,0.010307,0.002733,0.002468,0.001412,-0.005973
3.000000,0.008280,0.002994,0.002759,0.001077,0.000000
4.000000,0.008537,0.005933,0.003849,0.002078,0.019848
5.000000,0.007885,0.007686,0.004459,0.002827,0.016577
6.000000,0.003721,0.006646,0.003323,0.002328,-0.011845
7.000000,0.004286,0.007296,0.003346,0.002367,-0.003152
8.000000,0.004736,0.006508,0.003555,0.002073,0.002253
9.000000,-0.000860,0.003839,0.002763,0.002260,-0.008134
10.000000,-0.003813,0.002036,0.002484,0.002475,0.001813
11.000000,-0.001988,0.000867,0.002241,0.002133,-0.002721
12.000000,-0.002725,0.000780,0.001757,0.001905,-0.006835
13.000000,-0.000767,0.001985,0.002489,0.002501,0.012044
14.000000,0.000136,-0.000362,0.002785,0.002445,-0.003621
15.000000,-0.001044,-0.002429,0.002629,0.002163,-0.004089
16.000000,0.001403,-0.000293,0.003177,0.002118,0.009515
17.000000,0.006611,0.001943,0.004620,0.002878,0.019206
18.000000,0.002915,0.001074,0.003791,0.002728,-0.006435
19.000000,0.001850,0.000993,0.002416,0.002173,-0.008945
20.000000,0.003788,0.001372,0.001704,0.002113,0.005600
21.000000,-0.003365,-0.000981,-0.000057,0.001167,-0.026252
22.000000,-0.004519,0.001046,0.000913,0.001520,0.013438
23.000000,-0.004184,-0.000634,0.000675,0.001448,-0.004762
24.000000,-0.006205,-0.002177,-0.001270,0.001131,-0.019048
25.000000,-0.007278,-0.001745,-0.002087,0.001171,0.000232
26.000000,-0.002771,-0.003068,-0.001680,0.001095,-0.003713
27.000000,-0.003930,-0.004224,-0.001141,0.001672,0.007643
28.000000,-0.007127,-0.005656,-0.002291,0.000642,-0.020749
29.000000,-0.004215,-0.005210,-0.002108,-0.000126,-0.004486
30.000000,-0.005733,-0.006506,-0.002567,-0.001033,-0.007363
31.000000,-0.006859,-0.004815,-0.002898,-0.001643,-0.009340
32.000000,-0.012079,-0.008004,-0.003479,-0.002059,-0.018456
33.000000,-0.007978,-0.007553,-0.004094,-0.002067,-0.000245
34.000000,-0.002045,-0.003130,-0.002654,-0.001890,0.025177
35.000000,-0.007530,-0.006632,-0.004188,-0.003602,-0.034784
36.000000,-0.004723,-0.005791,-0.004430,-0.003051,0.004692
37.000000,-0.000540,-0.006309,-0.005267,-0.002863,0.002461
38.000000,-0.001921,-0.004950,-0.005303,-0.003177,-0.007153
39.000000,-0.007304,-0.004675,-0.004942,-0.002964,-0.001734
40.000000,-0.000545,-0.004038,-0.005272,-0.003057,-0.000992
41.000000,-0.000543,-0.002633,-0.003724,-0.002810,0.004705
42.000000,0.000098,-0.000221,-0.004113,-0.002393,0.005666
43.000000,0.001234,-0.000344,-0.003948,-0.002844,-0.001475
44.000000,0.000297,-0.003503,-0.003317,-0.002937,-0.006417
45.000000,0.001533,0.000494,-0.003069,-0.002628,0.005186
46.000000,-0.000346,-0.000444,-0.003118,-0.003101,-0.004691
47.000000,-0.002571,-0.001236,-0.003773,-0.003923,-0.005459
48.000000,0.001715,0.001474,-0.001738,-0.003044,0.019954
49.000000,0.003388,0.001843,-0.001416,-0.002681,0.001949
50.000000,0.000295,0.000914,-0.001562,-0.003210,-0.010277
51.000000,0.002899,0.001276,-0.000678,-0.002057,0.008327
52.000000,0.003111,0.000270,0.000025,-0.002652,-0.004400
53.000000,-0.000537,0.000589,0.000122,-0.002436,0.001713
54.000000,0.004430,0.003909,0.000203,-0.000908,0.026784
55.000000,0.006294,0.003295,0.001894,-0.000948,-0.000953
56.000000,0.006338,0.004618,0.002087,-0.000539,0.008543
57.000000,0.006934,0.005022,0.001893,-0.000841,-0.001419
58.000000,0.007017,0.003240,0.002357,-0.000079,0.002127
59.000000,0.000048,0.002239,0.002041,-0.000198,-0.008061
60.000000,0.000856,0.003575,0.002245,0.000151,0.003090
61.000000,-0.001995,0.002171,0.001724,0.000272,-0.005712
62.000000,-0.004693,0.001121,0.000695,0.000390,-0.014908
63.000000,-0.003959,0.001529,0.001059,0.000591,0.005797
64.000000,-0.003797,-0.001875,0.001017,-0.000490,-0.007252
65.000000,-0.001860,-0.000502,0.001397,0.001096,0.012776
66.000000,-0.001581,-0.001788,0.001415,0.000795,-0.004321
67.000000,0.002408,-0.001142,0.001940,0.000881,0.005039
68.000000,0.000241,-0.001859,0.000690,0.000952,-0.005039
69.000000,-0.001266,-0.002531,-0.000146,0.000517,-0.014783
70.000000,-0.002895,-0.002377,0.000599,0.000704,0.004628
71.000000,-0.006553,-0.004067,-0.000948,-0.000207,-0.022611
72.000000,-0.003331,-0.000461,0.000330,0.000310,0.021152
73.000000,-0.002810,-0.001285,0.000122,0.000278,-0.002437
74.000000,0.000926,-0.000170,-0.001022,0.000621,0.003896
75.000000,0.002271,-0.000312,-0.000407,0.000827,0.011357
76.000000,0.008992,0.001219,-0.000284,0.001350,0.010992
77.000000,0.005710,0.001190,0.000024,0.001690,0.004742
78.000000,0.005818,0.001504,-0.000177,0.000962,-0.001894
79.000000,0.007067,0.003996,0.000733,0.001235,0.010138
80.000000,0.009295,0.005783,0.001703,0.002327,0.022499
81.000000,0.005808,0.007400,0.001666,0.001835,-0.006443
82.000000,0.005827,0.005769,0.002654,0.002143,0.004836
83.000000,0.008172,0.006995,0.002855,0.002413,0.009830
84.000000,0.006190,0.006628,0.003229,0.001528,0.000227
85.000000,0.002144,0.005720,0.002704,0.001635,0.002272
86.000000,0.001472,0.003640,0.002430,0.001024,-0.009805
87.000000,-0.001198,0.002315,0.001752,0.000787,-0.008515
88.000000,-0.003581,0.002296,0.001900,0.000647,-0.002082
89.000000,-0.004368,0.000911,0.002453,0.000792,-0.003712
90.000000,-0.004405,-0.001130,0.002327,0.000759,0.002090
91.000000,-0.003048,-0.000788,0.003306,0.000848,-0.003020
92.000000,-0.002418,-0.001808,0.001980,0.001166,-0.005366
93.000000,-0.001022,-0.002301,0.002347,0.001136,0.004900
94.000000,0.001759,-0.001305,0.002662,0.001718,0.010190
95.000000,0.002077,-0.001164,0.002278,0.001415,0.003680
96.000000,0.001391,-0.000828,0.001406,0.001344,-0.006449
97.000000,0.004533,0.001057,0.001686,0.001521,0.010344
98.000000,0.002590,0.000784,0.001540,0.001528,-0.004814
99.000000,0.000920,0.001339,0.001125,0.002082,0.001837
100.000000,0.000413,0.001245,0.000057,0.001966,0.001146
101.000000,0.001794,0.001593,0.000402,0.002735,0.000458
102.000000,-0.003786,0.000374,-0.000717,0.001445,-0.017556
103.000000,-0.000460,0.001065,-0.000618,0.001920,0.011815
104.000000,-0.001658,-0.000369,-0.000837,0.001651,-0.004154
105.000000,-0.003606,-0.001597,-0.001380,0.000986,-0.008594
106.000000,-0.002396,-0.000301,-0.000565,0.000837,0.006510
107.000000,0.000186,-0.001800,-0.000371,0.000524,-0.004646
108.000000,-0.000646,-0.000553,0.000116,0.000842,0.007654
109.000000,-0.000695,-0.001177,0.000081,0.000358,-0.004400
110.000000,-0.000467,-0.002037,-0.000396,-0.000641,-0.007454
111.000000,-0.000278,-0.001337,0.000128,-0.000177,0.007454
112.000000,-0.000513,-0.000163,0.000105,-0.000533,-0.005819
113.000000,-0.000092,-0.000369,0.000348,-0.000535,0.009756
114.000000,0.000926,0.000116,-0.000127,-0.000520,0.000693
115.000000,-0.000797,-0.000632,-0.001114,-0.001131,-0.016067
116.000000,-0.006654,-0.003466,-0.001883,-0.001532,-0.021833
117.000000,-0.005298,-0.002906,-0.002353,-0.001216,0.000959
118.000000,-0.008211,-0.004152,-0.002352,-0.001307,-0.004805
119.000000,-0.007580,-0.003327,-0.002252,-0.001055,0.003846
120.000000,-0.003648,-0.002222,-0.002129,-0.001005,0.003592
121.000000,0.000479,-0.003087,-0.002212,-0.000944,-0.001196
122.000000,0.000096,-0.002601,-0.001382,-0.000797,-0.000958
123.000000,0.000577,-0.003817,-0.002093,-0.001040,-0.002399
124.000000,-0.001445,-0.004512,-0.002198,-0.001589,-0.006264
125.000000,-0.003132,-0.003390,-0.002011,-0.001873,-0.004845
126.000000,-0.002942,-0.001231,-0.002349,-0.001666,-0.000243
127.000000,-0.002216,-0.001060,-0.001983,-0.001922,0.002668
128.000000,0.000048,0.000313,-0.001919,-0.001464,0.008923
129.000000,0.003545,0.001050,-0.001138,-0.001151,0.011221
130.000000,0.006498,0.001683,-0.000270,-0.000859,0.009922
131.000000,0.004895,0.000977,-0.001055,-0.001149,-0.008262
132.000000,0.004124,0.000954,-0.000824,-0.000604,-0.001186
133.000000,0.004229,0.002138,-0.000839,-0.000683,0.009447
134.000000,0.002031,0.002788,-0.000862,-0.000536,0.000235
135.000000,0.000798,0.003648,0.000129,-0.000125,0.003753
136.000000,0.003850,0.004372,0.001571,-0.000108,0.007000
137.000000,0.004969,0.004546,0.001743,0.000193,0.004408
138.000000,0.004693,0.004461,0.002387,0.000207,0.008069
139.000000,0.004140,0.003086,0.002068,0.000270,-0.002529
140.000000,0.004537,0.002667,0.002175,0.000709,0.005739
141.000000,0.002633,0.003242,0.002109,0.000377,-0.002521
142.000000,-0.000371,0.002299,0.001626,0.000217,-0.010611
143.000000,-0.008490,-0.001898,0.000120,-0.001192,-0.032527
144.000000,-0.009427,-0.002643,0.000072,-0.001456,-0.007213
145.000000,-0.009228,-0.002345,0.000651,-0.000696,0.006734
146.000000,-0.007719,-0.002543,0.000915,0.000199,0.005021
147.000000,-0.005406,-0.002889,0.000829,0.000199,0.000954
148.000000,0.000479,-0.004006,0.000228,0.000256,-0.003102
149.000000,-0.001016,-0.005221,-0.001068,-0.000362,-0.014687
150.000000,-0.002121,-0.005674,-0.001503,-0.000441,0.001212
151.000000,-0.003173,-0.005446,-0.001102,-0.000409,-0.000242
152.000000,-0.004287,-0.004847,-0.001274,-0.000531,-0.004614
153.000000,-0.002163,-0.000842,-0.001370,-0.000201,0.007518
154.000000,0.000533,-0.000242,-0.001442,-0.000032,-0.001209
155.000000,-0.000048,-0.001084,-0.001715,0.000073,-0.001695
156.000000,0.000242,-0.001465,-0.002004,0.000121,0.001211
157.000000,0.000097,-0.002095,-0.002492,-0.000146,-0.005339
158.000000,-0.002382,-0.002272,-0.003139,-0.000606,-0.004878
159.000000,-0.003958,-0.001712,-0.003467,-0.001283,-0.009088
160.000000,-0.001752,-0.000900,-0.003287,-0.001302,0.009332
161.000000,0.000918,0.000580,-0.002433,-0.000542,0.014560
162.000000,0.001261,0.000679,-0.002084,-0.000623,-0.003620
163.000000,0.002768,0.000193,-0.000324,-0.000849,0.002656
164.000000,0.007696,0.001869,0.000814,-0.000339,0.015552
165.000000,0.003537,0.000893,-0.000096,-0.000846,-0.011461
166.000000,-0.001014,-0.000048,-0.000757,-0.001352,-0.008199
167.000000,-0.000145,0.000558,-0.000768,-0.001475,0.000726
168.000000,-0.000290,0.001239,-0.000517,-0.001680,0.001934
169.000000,-0.002725,0.002486,0.000387,-0.001483,0.003375
170.000000,0.000863,0.002200,0.000650,-0.001458,0.006477
171.000000,0.002837,0.000911,0.000746,-0.001318,0.001672
172.000000,0.003311,0.001583,0.001131,-0.000861,0.003099
173.000000,0.004206,0.001958,0.001076,0.000436,0.006405
174.000000,0.002630,-0.000047,0.000911,0.000527,-0.004503
175.000000,0.000573,0.000718,0.000805,0.000175,-0.003808
176.000000,0.001095,0.001966,0.000959,0.000151,0.004283
177.000000,0.000000,0.001656,0.001107,0.000040,-0.002377
178.000000,0.000614,0.002410,0.001824,0.000459,0.009474
179.000000,0.001090,0.001860,0.002173,0.000878,-0.002124
180.000000,0.002464,0.001519,0.001859,0.000939,0.003066
181.000000,0.000711,0.000903,0.000907,0.000798,-0.004485
182.000000,0.001234,0.000617,0.001100,0.000960,0.000237
183.000000,-0.000141,0.000236,0.001097,0.000796,0.002598
184.000000,0.001553,0.001321,0.000637,0.001048,0.006349
185.000000,0.001595,0.002030,0.001374,0.001213,0.003276
186.000000,-0.001139,-0.000214,0.000876,0.000568,-0.018154
187.000000,-0.002044,-0.000405,0.000625,0.000603,-0.004292
188.000000,-0.001325,-0.000733,0.000838,0.000972,0.006193
189.000000,-0.001270,0.000142,0.001001,0.001496,0.006627
190.000000,-0.002445,-0.000425,0.000547,0.001098,-0.002598
191.000000,0.000380,-0.000379,0.000262,0.000478,-0.004029
192.000000,-0.000670,-0.001357,-0.000370,0.000281,-0.009544
193.000000,-0.002726,-0.002026,-0.000895,0.000056,-0.004084
194.000000,-0.002325,-0.001798,-0.000238,-0.000175,0.008629
195.000000,-0.000616,-0.001530,0.000250,0.000406,0.005949
196.000000,0.002314,0.001347,0.000567,0.001033,0.010620
197.000000,0.003753,0.001541,0.000568,0.000931,-0.002350
198.000000,0.004899,0.001086,0.000176,0.000921,0.001646
199.000000,0.005183,0.001429,0.000785,0.001143,0.010050
200.000000,0.005522,0.002453,0.001014,0.001182,0.007645
201.000000,0.004503,0.003408,0.001515,0.001311,0.005524
202.000000,0.005111,0.004432,0.001537,0.001230,0.000688
203.000000,0.003816,0.004357,0.001166,0.000856,-0.004828
204.000000,0.002680,0.003931,0.001067,0.001152,0.004369
205.000000,0.001517,0.003520,0.000995,0.001340,0.001834
206.000000,0.000687,0.002595,0.001971,0.001243,0.001373
207.000000,0.010282,0.007696,0.004619,0.002944,0.048659
208.000000,0.012939,0.008378,0.004732,0.002910,0.008461
209.000000,0.012971,0.007825,0.004627,0.003132,0.004526
210.000000,0.012819,0.007168,0.004811,0.003065,0.001075
211.000000,0.014170,0.007429,0.005419,0.003486,0.008130
212.000000,0.004694,0.007488,0.005960,0.003521,0.001278
213.000000,0.002277,0.007608,0.005983,0.003313,-0.003624
214.000000,-0.001728,0.005621,0.004776,0.002585,-0.015498
215.000000,-0.001986,0.005416,0.004468,0.002469,-0.000217
216.000000,-0.003656,0.005257,0.003926,0.003067,-0.000217
217.000000,-0.004650,0.000022,0.003859,0.003086,-0.003696
218.000000,-0.001587,0.000345,0.004361,0.003270,0.011694
219.000000,0.002072,0.000172,0.003999,0.003142,0.002795
220.000000,0.004675,0.001344,0.004256,0.003655,0.012799
221.000000,0.003613,-0.000021,0.003704,0.003605,-0.005526
222.000000,0.004480,-0.000085,0.003701,0.003945,0.000639
223.000000,0.002312,0.000362,0.003985,0.004109,0.000852
224.000000,0.003279,0.002675,0.004148,0.004076,0.007632
225.000000,0.003571,0.004123,0.004770,0.004353,0.014259
226.000000,0.002331,0.002972,0.004115,0.003608,-0.011728
227.000000,0.000808,0.002644,0.001333,0.003454,-0.006976
228.000000,-0.000383,0.000964,0.000655,0.003229,-0.005104
229.000000,-0.001441,0.000919,0.000545,0.002972,0.002343
230.000000,-0.005831,-0.001130,0.000107,0.002461,-0.007687
231.000000,-0.003785,-0.000727,-0.000374,0.002227,-0.001502
232.000000,-0.001576,-0.000384,-0.000235,0.002339,0.004071
233.000000,-0.001971,-0.001177,-0.000407,0.002264,-0.007081
234.000000,-0.000895,-0.001168,0.000754,0.002376,0.007722
235.000000,0.001154,-0.002338,0.000892,0.002400,0.002561
236.000000,-0.000043,-0.001914,0.000529,0.002105,-0.007487
237.000000,-0.000300,-0.000938,0.000853,0.000576,0.002788
238.000000,-0.001166,-0.001569,-0.000302,-0.000087,-0.011414
239.000000,-0.004801,-0.002848,-0.000965,-0.000586,-0.010451
240.000000,-0.003830,-0.001338,-0.001234,-0.000374,0.007414
241.000000,-0.004561,-0.002302,-0.001515,-0.001017,-0.011142
242.000000,-0.002066,-0.001183,-0.000784,-0.000551,0.015261
243.000000,0.001897,0.000365,-0.000406,-0.000150,0.008403
244.000000,0.005057,0.000128,-0.000520,0.000545,0.005349
245.000000,0.005908,0.001039,-0.000650,0.000941,0.011669
246.000000,0.008894,0.002167,0.000126,0.001075,0.003789
247.000000,0.007433,0.002683,0.000873,0.001463,0.007953
248.000000,0.006999,0.004448,0.001440,0.001281,0.006234
249.000000,0.005639,0.005348,0.001250,0.001140,-0.001451
250.000000,0.004999,0.005454,0.002058,0.000995,0.008470
251.000000,0.001632,0.005263,0.001481,0.000745,-0.013045
252.000000,-0.000417,0.003508,0.001162,0.000647,-0.002295
253.000000,-0.001122,0.002939,0.001652,0.000709,0.002712
254.000000,0.001447,0.003543,0.001836,0.000834,0.011393
255.000000,0.000493,0.002746,0.001893,0.000482,0.003701
256.000000,0.003594,0.002613,0.002390,0.000955,0.002460
257.000000,0.005481,0.002532,0.002607,0.001426,0.007139
258.000000,0.000624,-0.000249,0.002100,0.000877,-0.021572
259.000000,-0.000867,0.000290,0.002819,0.000930,0.003938
260.000000,-0.002603,-0.001055,0.002199,0.001020,-0.004977
261.000000,-0.003886,-0.000146,0.002559,0.000938,-0.003958
262.000000,-0.004107,0.000687,0.002097,0.001004,0.006035
263.000000,0.001572,0.001098,0.002018,0.001467,0.006823
264.000000,0.002875,0.001004,0.002274,0.001558,0.010454
265.000000,0.002192,-0.000205,0.001270,0.001193,-0.008396
266.000000,-0.000669,-0.002278,0.000168,0.000834,-0.018262
267.000000,-0.003981,-0.004044,-0.000756,0.000390,-0.010526
268.000000,-0.004375,-0.001401,-0.000825,0.000933,0.004856
269.000000,-0.007352,-0.002238,-0.000974,0.001133,-0.004433
270.000000,-0.005081,-0.001445,-0.001250,0.000985,0.002957
271.000000,-0.003635,-0.002152,-0.001149,0.000988,-0.011029
272.000000,-0.004885,-0.004433,-0.001873,-0.000079,-0.016775
273.000000,-0.005163,-0.004769,-0.001835,-0.000244,0.003464
274.000000,-0.005273,-0.006313,-0.002654,-0.000588,-0.004983
275.000000,-0.000380,-0.002731,-0.001468,-0.000063,0.027422
276.000000,0.003048,-0.000294,-0.001286,0.000014,0.006110
277.000000,0.005940,0.000528,-0.001758,-0.000328,-0.002313
278.000000,0.009867,0.002352,0.000475,0.000234,0.023100
279.000000,0.009915,0.002321,0.000041,0.000124,-0.004743
280.000000,0.004720,0.002170,0.000363,-0.000110,0.001446
281.000000,0.004978,0.004013,0.000931,0.000572,0.007403
282.000000,0.007885,0.006912,0.001240,0.001055,0.012218
283.000000,0.002941,0.006404,0.000818,0.000911,-0.001620
284.000000,0.006027,0.007971,0.000829,0.000887,0.010687
285.000000,0.005537,0.005128,0.001199,0.000731,-0.001003
286.000000,0.005895,0.005437,0.002571,0.000955,0.009193
287.000000,0.005036,0.006460,0.003494,0.000981,0.007926
288.000000,0.004371,0.003656,0.003004,0.001536,-0.004946
289.000000,0.002194,0.004110,0.003216,0.001398,-0.000198
290.000000,0.003187,0.004362,0.003266,0.001696,0.003960
291.000000,-0.005118,0.000389,0.002201,0.000750,-0.032329
292.000000,-0.005320,-0.000142,0.003385,0.000779,0.006915
293.000000,-0.006450,-0.001039,0.002682,0.000199,-0.010595
294.000000,-0.006533,-0.002169,0.002901,-0.000170,-0.000615
295.000000,-0.008806,-0.002810,0.001159,-0.000137,-0.007406
296.000000,-0.002299,-0.003708,0.000864,0.000478,0.000206
297.000000,-0.004592,-0.004956,0.000752,0.000677,-0.004552
298.000000,-0.002515,-0.004482,-0.000413,0.000509,-0.000207
299.000000,-0.004981,-0.005757,-0.000823,0.000225,-0.012944
300.000000,-0.003080,-0.005943,-0.000791,0.000196,0.002099
301.000000,-0.003247,-0.002773,-0.001192,0.000543,-0.000629
302.000000,-0.002756,-0.003674,-0.001908,0.001032,-0.002100
303.000000,-0.003727,-0.003121,-0.002080,0.000748,-0.005059
304.000000,-0.004548,-0.004764,-0.003467,0.000346,-0.017051
305.000000,-0.005011,-0.004045,-0.003427,-0.000576,-0.000215
306.000000,-0.004070,-0.003658,-0.003683,-0.000643,0.004077
307.000000,-0.002326,-0.002541,-0.003749,-0.000346,0.006616
308.000000,-0.001485,-0.002606,-0.003544,-0.001144,-0.000851
309.000000,0.004464,-0.000042,-0.002899,-0.000563,0.012693
310.000000,0.007842,0.001416,-0.002263,-0.000055,0.016677
311.000000,0.005908,0.000919,-0.000927,-0.000488,-0.005598
312.000000,0.005993,0.001833,-0.000920,-0.000661,0.007044
313.000000,0.006163,0.002339,-0.000391,-0.000607,0.000000
314.000000,0.003129,0.003796,-0.000484,-0.001046,-0.002480
315.000000,0.000331,0.004086,0.000021,-0.000923,0.002687
316.000000,0.000042,0.002975,-0.000342,-0.001464,-0.007042
317.000000,-0.001992,0.002001,-0.000270,-0.001832,-0.003123
318.000000,0.001399,0.003781,0.000588,-0.001102,0.016953
319.000000,-0.000166,0.001482,0.000720,-0.001439,-0.010303
320.000000,-0.004171,-0.001920,-0.000252,-0.002149,-0.017341
321.000000,-0.002384,-0.001171,-0.000126,-0.001008,0.001895
322.000000,-0.000794,-0.001393,0.000220,-0.001078,0.004826
323.000000,-0.001605,-0.000103,0.001118,-0.000295,0.012895
324.000000,0.002470,0.001152,0.002474,0.000061,0.010075
325.000000,0.006551,0.001190,0.002638,0.000410,0.003064
326.000000,0.006213,0.001915,0.002445,0.000410,0.000204
327.000000,0.004307,0.001757,0.001879,0.000405,-0.004701
328.000000,0.004091,0.001243,0.002512,0.000806,0.011813
329.000000,0.003408,0.002939,0.002210,0.001459,0.006659
330.000000,0.000041,0.003296,0.000688,0.000930,-0.013771
331.000000,0.005034,0.005623,0.002226,0.001790,0.025170
332.000000,0.007282,0.005795,0.002201,0.002078,0.006541
333.000000,0.004049,0.004070,0.001983,0.002102,-0.004356
334.000000,0.004573,0.003991,0.002571,0.002980,0.009282
335.000000,0.007091,0.003566,0.002378,0.002948,-0.001180
336.000000,0.003274,0.004154,0.003034,0.003014,0.006083
337.000000,0.001574,0.004428,0.003093,0.002729,-0.001958
338.000000,0.001502,0.002775,0.002009,0.002600,-0.004715
339.000000,-0.001223,0.001675,0.002307,0.002032,-0.004342
340.000000,-0.000433,0.003329,0.003312,0.001568,0.002765
341.000000,-0.002401,0.000437,0.003030,0.001630,-0.003755
342.000000,-0.002326,-0.000376,0.002709,0.001342,-0.001585
343.000000,0.000472,0.000987,0.002528,0.001651,0.009277
344.000000,0.002906,0.000842,0.002416,0.001995,0.007828
345.000000,0.002587,0.001077,0.002321,0.001944,0.001169
346.000000,0.001578,-0.000412,0.001871,0.001886,-0.008800
347.000000,0.004083,0.000878,0.002653,0.002354,0.010940
348.000000,0.001214,0.000843,0.001809,0.001620,-0.005064
349.000000,-0.000781,0.001062,0.001369,0.001892,-0.002150
350.000000,-0.002587,0.000000,0.001664,0.002208,-0.007859
351.000000,-0.000945,0.000316,0.000376,0.002125,-0.000592
352.000000,-0.003212,0.000435,0.000030,0.001951,-0.000395
353.000000,-0.002990,-0.000888,0.000050,0.001390,-0.003956
354.000000,-0.002046,-0.001413,-0.000286,0.001140,0.002573
355.000000,-0.000711,-0.001649,-0.000286,0.000998,-0.001187
356.000000,-0.002382,-0.001664,-0.001038,0.000693,-0.008947
357.000000,-0.000831,-0.002021,-0.000572,0.001095,0.007362
358.000000,0.001422,-0.000784,0.000030,0.000945,0.007309
359.000000,0.001025,-0.000510,0.000276,0.000743,0.000590
360.000000,0.001695,0.000492,0.000246,0.001274,0.002161
361.000000,0.003131,0.000374,0.000345,0.000376,-0.001768
362.000000,0.003537,0.001353,0.000894,0.000471,0.009393
363.000000,0.003396,0.002409,0.000760,0.000836,0.006601
364.000000,0.003510,0.002267,0.000427,0.000565,0.001160
365.000000,0.002690,0.002193,0.000272,0.000540,-0.001935
366.000000,0.006994,0.005062,0.001699,0.000996,0.019749
367.000000,0.005115,0.004326,0.001152,0.001061,0.000000
368.000000,0.004212,0.003804,0.001510,0.001288,0.002086
369.000000,0.005076,0.004293,0.001891,0.001615,0.005479
370.000000,0.004594,0.003642,0.002067,0.001378,-0.004343
371.000000,-0.000190,0.003402,0.001888,0.001364,-0.004172
372.000000,0.000304,0.002709,0.002031,0.001499,0.002467
373.000000,-0.000683,0.001765,0.002087,0.001095,-0.002848
374.000000,-0.001210,0.001933,0.002100,0.000929,0.002848
375.000000,0.000605,0.002600,0.002396,0.001048,0.004728
376.000000,0.002868,0.001339,0.003201,0.001579,0.007144
377.000000,0.001511,0.000907,0.002617,0.001071,-0.004318
378.000000,0.000076,-0.000304,0.001750,0.000905,-0.010022
379.000000,-0.001408,-0.001309,0.001492,0.000825,-0.004571
380.000000,-0.002583,-0.000989,0.001327,0.001048,-0.001146
381.000000,-0.006009,-0.001571,0.000916,0.000735,-0.009989
382.000000,-0.005881,-0.002185,0.000262,0.000626,-0.003675
383.000000,-0.003760,-0.001842,-0.000039,0.000777,0.000581
384.000000,-0.002613,-0.002011,-0.000039,0.000730,0.001161
385.000000,-0.000153,-0.001368,0.000616,0.001141,0.011156
386.000000,-0.003623,-0.004816,-0.001739,0.000528,-0.027341
387.000000,-0.003440,-0.004660,-0.001876,0.000191,-0.002756
388.000000,-0.003595,-0.003678,-0.001991,-0.000059,-0.000197
389.000000,-0.002844,-0.002729,-0.002019,0.000085,0.004917
390.000000,-0.004214,-0.002183,-0.001586,0.000157,0.004307
391.000000,0.002034,-0.000795,-0.001183,0.000346,0.003899
392.000000,0.000748,-0.001346,-0.001765,-0.000274,-0.009188
393.000000,-0.000316,-0.001955,-0.001899,-0.000678,-0.005514
394.000000,-0.007965,-0.005405,-0.003708,-0.001827,-0.033330
395.000000,-0.006553,-0.005383,-0.003376,-0.001384,0.011368
396.000000,-0.009647,-0.003807,-0.004311,-0.002428,-0.011573
397.000000,-0.007687,-0.003470,-0.004065,-0.002408,0.000612
398.000000,-0.005242,-0.002779,-0.003228,-0.002253,0.006712
399.000000,-0.001681,-0.004823,-0.003776,-0.002954,-0.015526
400.000000,-0.006942,-0.006747,-0.004465,-0.003307,-0.014935
401.000000,-0.006686,-0.008167,-0.004481,-0.003511,-0.010293
402.000000,-0.006640,-0.007163,-0.004255,-0.003565,0.000844
403.000000,-0.007813,-0.006528,-0.004242,-0.003442,0.000844
404.000000,-0.004708,-0.003195,-0.004300,-0.003537,0.000000
405.000000,-0.003032,-0.004987,-0.005185,-0.003913,-0.006556
406.000000,0.000211,-0.003237,-0.003522,-0.003953,0.005923
407.000000,-0.000042,-0.003341,-0.003405,-0.003824,-0.000422
408.000000,0.001930,-0.002942,-0.002860,-0.003133,0.010704
409.000000,0.003593,-0.000557,-0.002690,-0.002703,0.008316
410.000000,0.004448,0.000708,-0.003020,-0.002741,-0.002280
411.000000,0.003595,0.001903,-0.003132,-0.002353,0.001659
412.000000,0.003099,0.001528,-0.002818,-0.002327,-0.002905
413.000000,0.002696,0.002313,-0.002107,-0.002057,0.008689
414.000000,-0.000498,0.001548,-0.000823,-0.002350,-0.007650
415.000000,0.000704,0.002576,-0.001205,-0.002598,0.003729
416.000000,-0.001455,0.001070,-0.001084,-0.001991,-0.009140
417.000000,-0.001209,0.000945,-0.001198,-0.001955,-0.001671
418.000000,-0.005640,-0.001472,-0.002207,-0.002398,-0.013468
419.000000,-0.001961,-0.001229,-0.000893,-0.002203,0.010747
420.000000,-0.014892,-0.007094,-0.003193,-0.004378,-0.060926
421.000000,-0.008483,-0.004969,-0.001533,-0.003744,0.022903
422.000000,-0.010779,-0.005994,-0.002233,-0.003876,-0.013149
423.000000,-0.008881,-0.007260,-0.002474,-0.003825,-0.003979
424.000000,-0.005052,-0.003506,-0.000979,-0.001718,0.029892
425.000000,0.005926,-0.004483,-0.000953,-0.002298,-0.006037
426.000000,0.000044,-0.004220,-0.001575,-0.002129,-0.006509
427.000000,0.002456,-0.004161,-0.001608,-0.002186,-0.001089
428.000000,0.004728,-0.002076,-0.001774,-0.002163,0.007382
429.000000,-0.001251,-0.003151,-0.002190,-0.001646,0.000000
430.000000,0.000777,0.003352,-0.001871,-0.001011,0.004101
431.000000,0.002251,0.001147,-0.001911,-0.000640,0.000861
432.000000,0.001043,0.001749,-0.002122,-0.000905,-0.007128
433.000000,-0.002219,0.001255,-0.003003,-0.001231,-0.008928
434.000000,-0.003139,-0.002195,-0.002851,-0.001384,-0.004604
435.000000,-0.010436,-0.004829,-0.004656,-0.002245,-0.032380
436.000000,-0.009251,-0.003500,-0.003860,-0.002217,0.006786
437.000000,-0.007015,-0.002986,-0.003574,-0.002067,0.004049
438.000000,-0.007897,-0.005058,-0.003567,-0.002869,-0.013335
439.000000,-0.008208,-0.005674,-0.004413,-0.003351,-0.006162
440.000000,-0.004128,-0.007282,-0.001965,-0.003675,-0.011976
441.000000,-0.007628,-0.008439,-0.003646,-0.004087,-0.010715
442.000000,-0.006805,-0.006910,-0.002580,-0.003718,0.008163
443.000000,-0.006428,-0.007162,-0.002954,-0.004389,-0.011447
444.000000,-0.002442,-0.005325,-0.003760,-0.003675,0.013768
445.000000,-0.005497,-0.004812,-0.004821,-0.004708,-0.027251
446.000000,-0.005508,-0.006568,-0.005034,-0.004763,-0.010775
447.000000,-0.008688,-0.007746,-0.005366,-0.004965,-0.007733
448.000000,-0.009380,-0.007904,-0.006481,-0.005013,-0.014909
449.000000,-0.012035,-0.007238,-0.006456,-0.005354,0.000492
450.000000,-0.006142,-0.005819,-0.006551,-0.003250,0.002213
451.000000,-0.000482,-0.002995,-0.005717,-0.003429,0.017527
452.000000,-0.000291,-0.004490,-0.005700,-0.003217,-0.006780
453.000000,0.007965,-0.000707,-0.003935,-0.002205,0.026374
454.000000,0.004526,-0.003754,-0.004540,-0.003758,-0.016703
455.000000,0.006998,0.000428,-0.002192,-0.003071,0.014571
456.000000,0.003492,0.001505,-0.002531,-0.002854,0.000000
457.000000,0.003802,0.001755,-0.002995,-0.002992,-0.005231
458.000000,0.002726,0.005346,-0.001279,-0.002539,0.020994
459.000000,0.006347,0.005437,-0.000901,-0.002492,0.001400
460.000000,0.004409,0.005704,-0.000058,-0.002466,0.004883
461.000000,0.006026,0.004759,0.000882,-0.002225,0.008086
462.000000,0.002417,0.003110,-0.000690,-0.002763,-0.023279
463.000000,-0.005634,-0.001454,-0.001081,-0.003108,-0.019261
464.000000,-0.005339,0.000504,-0.001625,-0.002858,0.002877
465.000000,-0.005837,-0.000714,-0.000143,-0.001699,0.002391
466.000000,-0.006549,-0.000261,0.000622,-0.001775,0.004528
467.000000,-0.002846,-0.000215,0.000770,-0.002069,-0.004766
468.000000,0.000480,-0.002577,0.001384,-0.001712,-0.002631
469.000000,-0.002845,-0.004092,0.000672,-0.001965,-0.013747
470.000000,-0.005816,-0.005826,-0.000061,-0.001981,-0.012462
471.000000,-0.005398,-0.005973,-0.000607,-0.001403,0.006617
472.000000,-0.004640,-0.003743,-0.000317,-0.001708,-0.000978
473.000000,-0.002701,-0.001111,-0.001282,-0.001091,0.007065
474.000000,0.001741,-0.000552,-0.000024,-0.001268,0.008461
475.000000,0.005338,-0.000239,-0.000477,-0.000175,0.005522
476.000000,0.007102,0.000852,0.000296,0.000699,0.015442
477.000000,0.005498,0.000429,0.000107,0.000657,-0.008998
478.000000,0.001837,-0.000432,-0.001505,0.000779,-0.011243
479.000000,0.000241,0.000991,-0.001551,0.000778,0.000481
480.000000,-0.012089,-0.003376,-0.004601,-0.001166,-0.056126
481.000000,-0.012600,-0.002749,-0.004361,-0.001321,0.012887
482.000000,-0.006380,-0.000441,-0.002092,-0.000358,0.022099
483.000000,-0.001255,0.000291,-0.000410,-0.000758,0.014385
484.000000,-0.005856,-0.002807,-0.001680,-0.000952,-0.022522
485.000000,0.003329,-0.004380,-0.002310,-0.001778,-0.010203
486.000000,-0.004880,-0.008740,-0.003944,-0.002716,-0.028157
487.000000,-0.011108,-0.008744,-0.004158,-0.002843,-0.009045
488.000000,-0.018077,-0.009666,-0.005049,-0.004225,-0.020457
489.000000,-0.015757,-0.010806,-0.004908,-0.004636,-0.010923
490.000000,-0.019643,-0.008157,-0.005766,-0.005786,-0.029634
491.000000,-0.021318,-0.013099,-0.007924,-0.007274,-0.036531
492.000000,-0.014870,-0.012989,-0.006715,-0.005724,0.023198
493.000000,-0.000265,-0.009171,-0.004440,-0.003330,0.052565
494.000000,0.005235,-0.005261,-0.004034,-0.002874,0.016577
495.000000,0.016720,-0.001461,-0.002921,-0.002027,0.027794
496.000000,0.022498,0.000590,-0.004075,-0.002432,-0.007643
497.000000,0.017961,0.001546,-0.003599,-0.002257,0.000511
498.000000,0.006577,0.003156,-0.003255,-0.002314,-0.004355
499.000000,0.003415,0.004325,-0.003241,-0.001830,0.000770
500.000000,-0.001887,0.007417,-0.000370,-0.001372,0.001282
501.000000,-0.003821,0.009338,-0.001880,-0.002170,-0.017315
502.000000,-0.005179,0.006391,-0.003299,-0.002346,-0.006276
503.000000,-0.004308,0.001134,-0.004018,-0.002582,0.000000
504.000000,-0.015351,-0.005968,-0.005614,-0.004679,-0.054446
505.000000,-0.017109,-0.009498,-0.005480,-0.005113,-0.007507
506.000000,-0.013144,-0.008483,-0.003946,-0.005544,0.002509
507.000000,-0.007429,-0.006304,-0.002379,-0.004501,0.022300
508.000000,-0.008247,-0.006278,-0.001561,-0.004263,-0.004092
509.000000,-0.000277,-0.007814,-0.001745,-0.004765,-0.014595
510.000000,0.000724,-0.008192,-0.000388,-0.002978,-0.002500
511.000000,-0.001397,-0.007271,0.001034,-0.003677,-0.008097
512.000000,-0.005521,-0.006475,-0.000042,-0.004358,0.001681
513.000000,0.006879,-0.000684,0.000225,-0.002907,0.057904
514.000000,0.008898,0.004310,-0.000829,-0.002306,-0.004500
515.000000,0.015306,0.008015,-0.000742,-0.000981,0.029541
516.000000,0.017748,0.008175,-0.000154,0.000094,0.004113
517.000000,0.017001,0.005740,-0.000282,0.000327,-0.002054
518.000000,0.010596,0.008738,0.001230,0.001872,0.025883
519.000000,0.012944,0.010921,0.001553,0.002477,0.007238
520.000000,0.000309,0.007807,-0.000193,0.002344,-0.033636
521.000000,-0.001184,0.008282,0.000506,0.003450,-0.003349
522.000000,-0.000360,0.008320,0.000923,0.002745,0.002062
523.000000,-0.000301,0.005148,0.002232,0.001866,0.026180
524.000000,0.004378,0.008661,0.006486,0.002335,0.030635
525.000000,0.007917,0.004113,0.006064,0.000877,-0.015941
526.000000,0.013133,0.005975,0.007075,0.001889,0.022731
527.000000,0.011703,0.005672,0.005706,0.001703,-0.005088
528.000000,0.008593,0.004146,0.006442,0.002202,0.010631
529.000000,0.000729,0.002554,0.006737,0.001887,-0.008689
530.000000,-0.000495,0.003711,0.005759,0.001109,-0.022060
531.000000,-0.000193,0.006470,0.007376,0.002494,0.024239
532.000000,0.003658,0.007681,0.008001,0.003175,0.014171
533.000000,0.000815,0.004704,0.004926,0.003056,-0.003584
534.000000,0.002410,0.001569,0.005115,0.004847,-0.000718
535.000000,0.004121,0.001813,0.002963,0.004647,-0.013504
536.000000,-0.000290,-0.000242,0.002866,0.004636,0.002183
537.000000,-0.003416,0.000121,0.002896,0.003844,-0.001455
538.000000,-0.000912,-0.000048,0.002049,0.004279,0.008936
539.000000,0.000765,0.001587,0.002070,0.005021,0.007665
540.000000,0.000824,0.002472,0.003092,0.004664,-0.013210
541.000000,0.000774,0.000242,0.003356,0.004998,0.001932
542.000000,0.000388,-0.001514,0.003083,0.004829,-0.003384
543.000000,0.000720,-0.000096,0.002304,0.003252,0.010597
544.000000,-0.001822,-0.000528,0.000520,0.003234,-0.005044
545.000000,-0.000872,-0.000024,0.000894,0.001967,-0.008463
546.000000,-0.005331,-0.002279,-0.001260,0.001151,-0.020361
547.000000,-0.005001,-0.002307,-0.001093,0.001162,-0.001736
548.000000,-0.013375,-0.006327,-0.003188,-0.000743,-0.031268
549.000000,-0.016559,-0.009190,-0.003802,-0.001683,-0.020966
550.000000,-0.015233,-0.008053,-0.002790,-0.000623,-0.001833
551.000000,-0.014117,-0.009724,-0.004741,-0.001004,-0.014784
552.000000,-0.014036,-0.009519,-0.005516,-0.001117,-0.001331
553.000000,-0.006350,-0.009862,-0.004979,-0.001751,0.007165
554.000000,0.005775,-0.005392,-0.002960,-0.001450,0.039658
555.000000,0.004201,-0.005516,-0.002770,-0.001242,-0.009704
556.000000,0.012874,-0.000622,-0.001450,-0.001047,0.028584
557.000000,0.013340,-0.000348,-0.001328,-0.000845,0.000997
558.000000,0.008743,0.001197,-0.002565,-0.001726,-0.015820
559.000000,0.003327,0.004551,-0.002320,-0.001017,0.012576
560.000000,0.004265,0.004233,-0.001910,-0.000449,-0.005011
561.000000,-0.002459,0.005208,-0.002258,-0.001425,-0.005037
562.000000,-0.001500,0.005920,-0.001800,-0.001704,0.005790
563.000000,-0.002035,0.003354,-0.003254,-0.002201,-0.018493
564.000000,-0.002566,0.000380,-0.002506,-0.001847,0.009922
565.000000,-0.000805,0.001730,-0.001893,-0.001270,0.003790
566.000000,0.002609,0.000075,-0.000273,-0.000942,0.012033
567.000000,0.002048,0.000274,-0.000037,-0.000794,0.002986
568.000000,0.008314,0.003139,0.002168,-0.000664,0.012837
569.000000,0.009154,0.003294,0.003923,-0.000448,0.014126
570.000000,0.009313,0.004254,0.004243,0.000145,0.004584
571.000000,0.005408,0.004008,0.004608,-0.000169,-0.007491
572.000000,0.007557,0.004802,0.005361,0.000401,0.013730
573.000000,0.007935,0.008124,0.005739,0.000539,0.014724
574.000000,0.005721,0.007438,0.003909,0.000809,0.003060
575.000000,0.006396,0.007855,0.004792,0.001356,0.007959
576.000000,0.007568,0.006488,0.003281,0.001980,-0.001633
577.000000,0.004635,0.006096,0.003185,0.002007,-0.000935
578.000000,0.003829,0.005882,0.004511,0.003406,0.010695
579.000000,0.004875,0.005298,0.004296,0.004381,0.008291
580.000000,0.002640,0.004518,0.004386,0.004335,-0.003216
581.000000,0.001025,0.004296,0.004152,0.004504,-0.009711
582.000000,0.003246,0.003940,0.004371,0.004888,0.010171
583.000000,0.001612,0.002721,0.005422,0.004733,0.002527
584.000000,-0.002029,0.001423,0.004431,0.003081,-0.009914
585.000000,-0.001061,0.000790,0.004322,0.003458,0.001621
586.000000,0.001712,0.001368,0.003928,0.002644,0.004155
587.000000,-0.001756,0.000745,0.003421,0.002372,-0.007167
588.000000,-0.005065,-0.001726,0.002078,0.002432,-0.014019
589.000000,-0.006260,-0.004144,0.000577,0.001483,-0.015890
590.000000,-0.002420,-0.001741,0.001389,0.002344,0.020819
591.000000,-0.003861,-0.001075,0.001611,0.002410,-0.003048
592.000000,-0.001912,-0.001834,0.001053,0.002303,0.002580
593.000000,0.001267,-0.001899,0.000411,0.002982,0.001872
594.000000,0.005331,-0.000464,0.000479,0.002799,0.004433
595.000000,0.000468,-0.000976,-0.000093,0.002556,-0.003498
596.000000,-0.000894,-0.002378,-0.000505,0.001826,-0.009859
597.000000,-0.004070,-0.002991,-0.001123,0.001283,-0.013299
598.000000,-0.003253,-0.000993,-0.001360,0.001054,0.005959
599.000000,-0.000280,0.002526,-0.000809,0.001227,0.019299
600.000000,-0.001454,-0.000493,-0.001117,0.000762,-0.009368
601.000000,-0.003618,-0.002256,-0.001665,0.000322,-0.020683
602.000000,-0.000191,-0.002131,-0.001982,-0.000008,0.003836
603.000000,-0.002535,-0.002894,-0.002397,-0.000691,-0.005760
604.000000,-0.006829,-0.003554,-0.002009,-0.000865,-0.002168
605.000000,-0.007430,-0.004442,-0.002709,-0.001543,-0.012377
606.000000,-0.000626,-0.002122,-0.002250,-0.001044,0.013342
607.000000,-0.002698,-0.001445,-0.002218,-0.001230,-0.006527
608.000000,-0.004527,-0.003531,-0.002262,-0.002084,-0.014906
609.000000,-0.004389,-0.005609,-0.001542,-0.002409,-0.001478
610.000000,-0.002062,-0.004746,-0.002620,-0.002327,-0.000740
611.000000,-0.004632,-0.002629,-0.002442,-0.001986,0.000493
612.000000,0.000242,-0.001228,-0.001679,-0.001731,0.017842
613.000000,0.003901,-0.000313,-0.001604,-0.001702,0.003386
614.000000,0.001180,-0.001605,-0.002579,-0.001874,-0.015082
615.000000,0.001915,-0.000073,-0.002258,-0.001831,0.002937
616.000000,0.001768,-0.001432,-0.001777,-0.001977,-0.000244
617.000000,-0.000339,-0.000049,-0.000747,-0.001495,0.007306
618.000000,-0.000774,0.001563,-0.000984,-0.000987,0.001213
619.000000,0.001708,0.001444,-0.002082,-0.000546,-0.002670
620.000000,0.002911,0.002413,-0.001166,-0.000942,0.008951
621.000000,0.003056,0.002412,-0.000108,-0.000824,0.000482
622.000000,0.002987,0.001324,0.000048,-0.000678,0.006957
623.000000,0.003031,0.001128,0.000407,-0.000693,0.001433
624.000000,0.000970,0.001339,-0.000133,-0.001273,-0.012975
625.000000,-0.005915,-0.001502,-0.000788,-0.002006,-0.025473
626.000000,-0.007756,-0.002350,-0.001891,-0.001968,-0.008721
627.000000,-0.012631,-0.004822,-0.002435,-0.002105,-0.017418
628.000000,-0.002885,0.000073,0.000818,-0.000632,0.050159
629.000000,-0.007089,-0.003060,-0.000808,-0.002408,-0.033993
630.000000,-0.002999,-0.004457,-0.001022,-0.002263,-0.005024
631.000000,-0.004096,-0.005926,-0.001757,-0.002047,-0.014203
632.000000,-0.000714,-0.006672,-0.002674,-0.002192,-0.000511
633.000000,-0.006849,-0.004867,-0.001869,-0.001351,0.019487
634.000000,0.000250,-0.003419,-0.001040,-0.001228,0.001503
635.000000,0.003099,0.000050,-0.000726,-0.000509,0.009217
636.000000,0.004496,0.000200,-0.001075,-0.001194,-0.007217
637.000000,0.002085,0.000685,-0.002068,-0.001395,-0.012566
638.000000,-0.003948,-0.005399,-0.002663,-0.001254,-0.010679
639.000000,-0.006150,-0.002950,-0.003005,-0.001522,-0.009503
640.000000,-0.008096,-0.002499,-0.003478,-0.001514,-0.000516
641.000000,-0.010933,-0.003219,-0.004572,-0.002244,-0.021400
642.000000,-0.011664,-0.004790,-0.005731,-0.003379,-0.016222
643.000000,-0.013481,-0.008715,-0.006791,-0.004151,-0.019765
644.000000,-0.014445,-0.010297,-0.006858,-0.004126,-0.014321
645.000000,-0.007578,-0.007837,-0.003894,-0.003096,0.033818
646.000000,-0.002762,-0.006848,-0.003324,-0.002999,0.002678
647.000000,0.002027,-0.004818,-0.002067,-0.002985,0.007726
648.000000,0.002176,-0.005653,-0.005526,-0.003660,-0.019023
649.000000,0.002371,-0.006037,-0.004493,-0.004015,-0.013343
650.000000,-0.004064,-0.005821,-0.004160,-0.004259,0.001643
651.000000,-0.008300,-0.005531,-0.004375,-0.004892,-0.018506
652.000000,-0.009790,-0.003881,-0.004335,-0.005114,0.000279
653.000000,-0.007103,-0.002464,-0.005589,-0.005349,-0.005590
654.000000,-0.001100,0.000636,-0.004831,-0.004360,0.016676
655.000000,-0.002700,-0.003382,-0.005609,-0.003723,-0.006360
656.000000,0.003153,-0.002574,-0.004711,-0.003074,0.010760
657.000000,0.000223,-0.004784,-0.004801,-0.002972,-0.014373
658.000000,0.000504,-0.003300,-0.004476,-0.004784,-0.004185
659.000000,-0.004178,-0.002639,-0.004338,-0.003875,-0.006732
660.000000,-0.004488,-0.003594,-0.004707,-0.003971,-0.007912
661.000000,-0.010016,-0.003432,-0.004481,-0.004060,-0.016879
662.000000,-0.008764,-0.004271,-0.004076,-0.004314,-0.008111
663.000000,-0.015093,-0.007294,-0.004879,-0.006158,-0.035829
664.000000,-0.026056,-0.015117,-0.007240,-0.008259,-0.061548
665.000000,-0.027575,-0.016032,-0.009707,-0.009084,-0.015509
666.000000,-0.021676,-0.015846,-0.009210,-0.008422,0.012619
667.000000,-0.008012,-0.008388,-0.006586,-0.005997,0.060208
668.000000,0.000542,-0.007275,-0.005288,-0.005409,0.006939
669.000000,0.014528,-0.005764,-0.004201,-0.004813,0.008383
670.000000,0.009103,-0.009236,-0.006415,-0.006217,-0.042637
671.000000,0.006952,-0.007362,-0.005397,-0.005442,0.001865
672.000000,-0.003790,-0.005901,-0.005086,-0.004684,0.006501
673.000000,-0.016019,-0.007738,-0.007516,-0.005832,-0.054204
674.000000,-0.013122,0.000703,-0.007207,-0.004593,0.022864
675.000000,-0.007869,0.000617,-0.007708,-0.006266,-0.016370
676.000000,-0.006246,0.000353,-0.007746,-0.006022,0.009982
677.000000,-0.008831,-0.006311,-0.007349,-0.006494,-0.006429
678.000000,-0.000130,-0.008074,-0.007675,-0.006217,-0.010699
679.000000,-0.001919,-0.007521,-0.006642,-0.005308,0.013918
680.000000,0.007807,-0.000031,-0.004634,-0.004287,0.032261
681.000000,0.005686,-0.000280,-0.003821,-0.003691,-0.000623
682.000000,0.000515,-0.004158,-0.005029,-0.004776,-0.032281
683.000000,0.002462,0.001166,-0.003286,-0.004622,-0.000965
684.000000,-0.004683,-0.003301,-0.001299,-0.005905,-0.021807
685.000000,-0.014253,-0.003223,-0.001303,-0.006213,-0.015586
686.000000,-0.012530,-0.003422,-0.001535,-0.006305,0.007989
687.000000,-0.004291,-0.001888,-0.004099,-0.005529,0.008912
688.000000,-0.011121,-0.004330,-0.006202,-0.006560,-0.035115
689.000000,-0.005065,-0.004874,-0.006198,-0.006053,0.008473
690.000000,0.004233,-0.005010,-0.002520,-0.004759,0.030905
691.000000,0.005236,-0.003647,-0.001964,-0.003763,0.013004
692.000000,0.013285,0.004497,0.000169,-0.001854,0.049159
693.000000,0.026187,0.007533,0.004349,0.000320,0.029392
694.000000,0.029330,0.012132,0.004416,0.003178,0.024190
695.000000,0.031148,0.017690,0.007234,0.005028,0.039994
696.000000,0.029942,0.017589,0.007083,0.004840,0.006976
697.000000,0.020110,0.016698,0.007405,0.002833,0.000000
698.000000,0.010923,0.018555,0.007113,0.002050,-0.016543
699.000000,0.002433,0.015882,0.005504,0.001162,-0.018260
700.000000,-0.002196,0.014476,0.004733,0.003145,0.016846
701.000000,-0.001563,0.014189,0.005271,0.003421,0.010141
702.000000,-0.000557,0.009777,0.007137,0.003372,0.005032
703.000000,-0.002446,0.004239,0.005886,0.004312,-0.025990
704.000000,0.001377,0.001905,0.007019,0.003579,0.000858
705.000000,-0.001022,-0.001609,0.008041,0.004286,0.004850
706.000000,0.001341,-0.000111,0.008739,0.004685,0.021954
707.000000,-0.000782,-0.000670,0.008014,0.004713,-0.005583
708.000000,0.000629,-0.000909,0.008823,0.004439,-0.018935
709.000000,-0.000860,0.000259,0.008070,0.003755,-0.006584
710.000000,0.003386,0.001182,0.007829,0.003549,0.026079
711.000000,-0.001173,0.000084,0.007137,0.003542,-0.000840
712.000000,-0.000112,-0.000447,0.004665,0.004609,-0.000280
713.000000,0.006898,0.003763,0.004001,0.005178,0.016116
714.000000,0.013385,0.006262,0.004084,0.006767,0.025848
715.000000,0.003440,0.003413,0.000902,0.006498,-0.023646
716.000000,-0.000898,-0.001035,-0.000573,0.005481,-0.022529
717.000000,-0.003219,-0.001666,-0.001168,0.004788,-0.011885
718.000000,-0.007871,-0.000486,-0.000698,0.005720,-0.007142
719.000000,-0.013672,-0.000144,0.000058,0.005332,-0.003159
720.000000,-0.011141,-0.003850,-0.001334,0.003936,-0.010989
721.000000,-0.011879,-0.006389,-0.003152,0.002628,-0.026220
722.000000,-0.010220,-0.006719,-0.003583,0.000870,-0.003589
723.000000,-0.002307,-0.005089,-0.000663,0.000971,0.032423
724.000000,-0.003423,-0.008547,-0.001142,-0.000127,-0.008739
725.000000,0.004087,-0.003527,-0.000057,-0.000574,0.026560
726.000000,0.010184,-0.000847,-0.000941,-0.000665,0.004264
727.000000,0.006194,-0.002013,-0.001839,-0.001449,-0.023537
728.000000,-0.000348,-0.001328,-0.000907,-0.000908,-0.000290
729.000000,0.004684,0.000631,0.000244,0.000249,0.016425
730.000000,-0.000628,0.001730,-0.001060,-0.000313,0.000000
731.000000,-0.002397,0.003893,-0.001248,-0.000804,-0.004583
732.000000,0.000985,0.003590,-0.001565,-0.001192,-0.006625
733.000000,0.002023,0.000838,-0.002126,-0.000163,0.004901
734.000000,-0.006802,-0.001059,-0.004803,-0.001115,-0.027703
735.000000,-0.010141,-0.005385,-0.004456,-0.001833,-0.016697
736.000000,-0.012804,-0.007601,-0.004224,-0.003161,-0.017898
737.000000,-0.020303,-0.009659,-0.005836,-0.004446,-0.044118
738.000000,-0.021219,-0.009598,-0.005463,-0.003804,0.000320
739.000000,-0.012254,-0.009528,-0.004449,-0.003014,0.017122
740.000000,-0.008978,-0.009560,-0.003915,-0.003893,-0.000314
741.000000,-0.011853,-0.012329,-0.004218,-0.004941,-0.032276
742.000000,-0.006767,-0.013535,-0.004973,-0.005555,-0.018686
743.000000,-0.003354,-0.012286,-0.005724,-0.005513,0.017386
744.000000,-0.005999,-0.009127,-0.005093,-0.006244,0.003895
745.000000,-0.009334,-0.009156,-0.007270,-0.006022,-0.016988
746.000000,-0.004201,-0.008027,-0.007814,-0.005492,-0.006612
747.000000,-0.000597,-0.003682,-0.006670,-0.005118,-0.000664
748.000000,0.000260,-0.001547,-0.005572,-0.004157,0.021669
749.000000,0.009366,0.001683,-0.003922,-0.002405,0.049424
750.000000,0.011336,0.001001,-0.004279,-0.002276,-0.007135
751.000000,0.010089,0.002944,-0.004692,-0.001830,-0.012847
752.000000,0.011229,0.005316,-0.004109,-0.001543,0.005033
753.000000,0.003350,0.001805,-0.005241,-0.003215,-0.017728
754.000000,-0.006855,0.001255,-0.003936,-0.002977,-0.001598
755.000000,-0.006712,0.002312,-0.003422,-0.004076,-0.006419
756.000000,-0.004981,0.002554,-0.002737,-0.004358,-0.004194
757.000000,-0.010103,0.000563,-0.001560,-0.004259,-0.020579
758.000000,-0.012385,-0.004518,-0.003032,-0.005221,-0.029133
759.000000,-0.015630,-0.011243,-0.004780,-0.006362,-0.017827
760.000000,-0.014832,-0.010772,-0.004885,-0.006443,-0.002424
761.000000,-0.015315,-0.010148,-0.003602,-0.006511,-0.006610
762.000000,-0.010363,-0.010233,-0.002459,-0.006151,0.004180
763.000000,0.009295,-0.001545,0.000130,-0.004009,0.069155
764.000000,0.001722,-0.006954,-0.002849,-0.004942,-0.055690
765.000000,0.000554,-0.007139,-0.002413,-0.004661,-0.008265
766.000000,-0.001331,-0.008323,-0.002884,-0.004599,-0.016034
767.000000,0.004740,-0.002811,-0.001124,-0.001977,0.034534
768.000000,-0.003138,0.003078,-0.000720,-0.000995,0.029763
769.000000,0.002115,0.001919,-0.004662,-0.002547,-0.029424
770.000000,0.012206,0.006380,-0.002196,-0.001130,0.042192
771.000000,0.015022,0.006846,-0.001651,-0.000119,-0.001954
772.000000,0.015852,0.010296,0.000031,0.001793,0.038682
773.000000,0.012887,0.004874,0.001665,0.001711,0.014940
774.000000,0.014589,0.008352,0.000699,0.000884,-0.020915
775.000000,-0.011516,0.000345,-0.003397,-0.001494,-0.088331
776.000000,-0.006762,0.004130,-0.002096,-0.000546,0.021814
777.000000,-0.008193,0.003829,0.000509,0.000527,0.031527
778.000000,-0.012164,0.000362,0.001720,-0.000359,-0.004912
779.000000,-0.011558,0.001515,0.001717,-0.002603,-0.017887
780.000000,-0.000483,-0.005999,0.000190,-0.003464,-0.032957
781.000000,-0.011233,-0.008998,-0.001076,-0.004100,-0.031938
782.000000,-0.020413,-0.014303,-0.002003,-0.004747,-0.014368
783.000000,-0.009686,-0.010925,-0.003025,-0.002532,0.048721
784.000000,-0.005833,-0.008695,-0.000172,-0.002433,0.001377
785.000000,0.006792,0.003154,0.001750,-0.001213,0.030167
786.000000,0.012041,0.000404,0.002267,-0.001263,-0.005692
787.000000,0.014713,-0.002850,0.000490,-0.000611,-0.001008
788.000000,0.008632,-0.000527,-0.000082,0.000971,0.018319
789.000000,-0.000413,-0.003123,-0.000804,0.000104,-0.043852
790.000000,-0.009645,-0.001426,-0.003713,-0.000349,-0.015989
791.000000,-0.007667,0.002187,-0.003405,0.000012,0.004196
792.000000,-0.005107,0.004803,-0.004750,0.000265,0.011793
793.000000,-0.008151,0.000241,-0.005342,-0.001936,0.003099
794.000000,0.004298,0.001942,-0.003376,0.000533,0.018393
795.000000,0.011373,0.000864,0.002009,0.001455,0.019386
796.000000,0.014856,0.003595,0.001999,0.002710,0.021612
797.000000,0.014304,0.004599,0.000874,0.001859,0.009029
798.000000,0.015919,0.003884,0.001679,0.001240,0.011173
799.000000,0.002948,0.003623,0.000250,0.000672,-0.046460
800.000000,0.000595,0.005984,0.002279,-0.000481,0.007620
801.000000,-0.006854,0.004001,0.003094,-0.000937,-0.015633
802.000000,-0.003890,0.005207,0.005005,-0.001431,0.023850
803.000000,-0.010092,0.002913,0.001577,-0.002590,-0.019835
804.000000,-0.002881,0.000034,0.000988,-0.002240,-0.010405
805.000000,0.001381,0.000988,0.000926,0.001669,0.028930
806.000000,0.011148,0.002147,0.002871,0.002049,0.033202
807.000000,0.005042,0.000576,0.002587,0.000775,-0.006680
808.000000,0.007664,-0.001214,0.001335,0.000715,-0.006725
809.000000,0.008585,0.002852,0.003238,0.001117,-0.005801
810.000000,-0.002043,-0.000331,0.002827,0.001409,-0.024208
811.000000,-0.007231,0.001959,0.002980,0.002716,0.007258
812.000000,-0.005895,-0.000426,0.002390,0.003195,0.000000
813.000000,-0.005011,0.001327,0.002120,0.001494,-0.002304
814.000000,-0.000065,0.004260,0.002147,0.002079,0.018930
815.000000,-0.000132,-0.001088,-0.000050,0.000255,-0.024547
816.000000,-0.005668,-0.006450,-0.002151,-0.000236,-0.020419
817.000000,-0.005600,-0.005748,-0.002586,-0.000191,0.000338
818.000000,-0.009583,-0.007297,-0.004255,-0.001542,-0.022219
819.000000,-0.010828,-0.005446,-0.001297,0.000343,0.012708
820.000000,-0.007082,-0.003607,-0.001969,0.000682,-0.005819
821.000000,0.003885,-0.000892,0.000534,0.001689,0.034416
822.000000,0.004876,-0.000362,-0.000394,0.001473,0.005293
823.000000,0.015108,0.002762,0.002044,0.002334,0.028940
824.000000,0.013717,0.001444,0.002852,0.001913,0.005753
825.000000,0.011927,0.002422,0.000667,0.000774,-0.014768
826.000000,0.003290,0.003587,-0.001431,-0.000238,-0.008771
827.000000,0.004889,0.004882,-0.000433,-0.000096,0.013288
828.000000,0.003558,0.009333,0.001018,0.000274,0.022287
829.000000,0.003036,0.008376,0.001465,0.001927,0.003144
830.000000,0.005235,0.008581,0.002487,0.001548,-0.003774
831.000000,0.009556,0.006423,0.002766,0.002497,0.012835
832.000000,0.004646,0.004767,0.002203,0.001326,-0.011261
833.000000,0.010608,0.007083,0.004923,0.003724,0.052095
834.000000,0.012058,0.007547,0.004496,0.004417,0.010397
835.000000,0.010734,0.007984,0.005203,0.003106,-0.010397
836.000000,0.008704,0.009130,0.006359,0.002089,0.002684
837.000000,0.011194,0.007920,0.006401,0.002352,0.001190
838.000000,-0.005632,0.002488,0.005910,0.001508,-0.032037
839.000000,-0.014840,-0.001391,0.003493,0.000513,-0.035640
840.000000,-0.011745,-0.000505,0.004038,0.001489,0.005079
841.000000,-0.012281,-0.001789,0.002317,0.001247,0.000000
842.000000,-0.015711,-0.002259,0.001254,0.000715,-0.015959
843.000000,-0.005480,-0.005556,0.000763,0.001430,0.019121
844.000000,0.001585,-0.006627,0.000460,0.000788,-0.000316
845.000000,0.001765,-0.004990,0.001497,0.001806,0.005981
846.000000,-0.000698,-0.006490,0.001320,0.002076,-0.012317
847.000000,0.006209,-0.004751,0.001584,0.002684,0.018574
848.000000,0.003380,-0.001050,0.000719,0.003590,0.004978
849.000000,0.002884,0.002235,0.000422,0.003073,-0.002797
850.000000,0.000752,0.001259,0.000377,0.003111,-0.004679
851.000000,0.002902,0.001102,-0.000343,0.001912,-0.001565
852.000000,-0.003778,0.001215,-0.000522,0.001241,-0.014829
853.000000,-0.002373,0.000504,-0.002526,0.000677,0.012006
854.000000,0.004493,0.003689,-0.001469,0.001536,0.031533
855.000000,0.003840,0.002296,-0.001347,0.001764,-0.007944
856.000000,0.002675,0.002789,-0.001850,0.001810,-0.007389
857.000000,-0.000382,-0.002080,-0.003416,0.000363,-0.030115
858.000000,-0.003166,-0.002769,-0.001909,-0.000444,-0.001913
859.000000,-0.008327,-0.001917,0.000159,-0.000358,0.005727
860.000000,-0.004467,-0.000313,0.000473,0.000147,0.011357
861.000000,0.001048,0.001862,0.001482,0.000392,0.020184
862.000000,0.010364,0.004991,0.003103,0.001316,0.016464
863.000000,0.011952,0.004393,0.002449,-0.000220,0.006030
864.000000,0.009419,0.000546,0.002117,-0.000797,-0.006937
865.000000,0.002122,-0.001172,0.000562,-0.001289,-0.025132
866.000000,-0.004162,-0.001557,0.000616,-0.001753,-0.011236
867.000000,-0.013380,-0.001508,-0.001794,-0.002780,-0.029625
868.000000,-0.013168,-0.000608,-0.001689,-0.001476,0.007088
869.000000,-0.006209,0.001605,-0.000156,0.000641,0.027859
870.000000,0.003263,0.002692,0.001190,0.001213,0.022230
871.000000,0.009561,0.002699,0.002280,0.001888,0.020252
872.000000,0.019807,0.003214,0.004102,0.003140,0.021608
873.000000,0.016861,0.001846,0.003120,0.002248,-0.007643
874.000000,0.015609,0.004700,0.002623,0.002978,0.021600
875.000000,0.001400,0.002331,0.000579,0.001152,-0.048819
876.000000,-0.008746,0.000407,-0.000575,0.000546,-0.030478
877.000000,-0.005402,0.007203,0.002847,0.001205,0.038331
878.000000,0.005242,0.011052,0.005222,0.002558,0.045576
879.000000,0.005019,0.010314,0.005960,0.003334,0.020484
880.000000,0.017524,0.009462,0.006077,0.003947,0.013705
881.000000,0.023063,0.007158,0.004929,0.003906,-0.002782
882.000000,0.013550,0.004074,0.003644,0.004093,-0.009235
883.000000,0.003476,0.004359,0.003103,0.003533,-0.004791
884.000000,0.002296,0.003657,0.004179,0.002968,0.014582
885.000000,0.000610,0.009067,0.005699,0.003409,0.005276
886.000000,0.005549,0.014306,0.007357,0.004385,0.021913
887.000000,0.005490,0.009520,0.008361,0.005072,-0.009528
888.000000,0.006449,0.004962,0.008007,0.005135,0.000000
889.000000,0.003532,0.002914,0.006614,0.004944,0.000000
890.000000,0.000332,0.000471,0.004966,0.004208,-0.010725
891.000000,-0.004826,0.000361,0.003760,0.003406,-0.003878
892.000000,-0.003310,0.001090,0.002582,0.002793,-0.001945
893.000000,-0.003978,0.001235,0.002797,0.002480,-0.003343
894.000000,-0.003811,-0.000139,0.001759,0.002739,0.000837
895.000000,-0.007149,-0.003408,0.002829,0.002663,-0.027414
896.000000,-0.008157,-0.006492,0.003907,0.002740,-0.008922
897.000000,-0.007884,-0.005597,0.001962,0.003709,-0.000578
898.000000,-0.010600,-0.007289,-0.001163,0.002908,-0.016920
899.000000,-0.008369,-0.006090,-0.001588,0.002379,0.011990
900.000000,-0.010108,-0.008628,-0.004079,0.000435,-0.036109
901.000000,-0.006703,-0.007430,-0.003534,0.000030,0.008105
902.000000,-0.009235,-0.008560,-0.003735,-0.001132,-0.013241
903.000000,-0.005912,-0.008256,-0.003510,-0.000887,-0.000303
904.000000,-0.007403,-0.007886,-0.004013,-0.001456,0.004535
905.000000,-0.000060,-0.005084,-0.004246,0.000191,0.000603
906.000000,-0.000419,-0.003561,-0.005026,0.001418,0.006311
907.000000,0.000000,-0.004618,-0.005107,-0.000231,-0.011146
908.000000,0.003842,-0.001035,-0.004162,-0.001120,0.018905
909.000000,0.003528,-0.001937,-0.004014,-0.001704,0.002968
910.000000,0.004177,0.002058,-0.003285,-0.002033,0.003846
911.000000,0.004912,0.002247,-0.002592,-0.001607,0.009988
912.000000,0.007083,0.003542,-0.002509,-0.001309,-0.000292
913.000000,0.005916,0.004879,-0.001688,-0.000714,0.013072
914.000000,0.003467,0.003498,-0.002194,-0.001509,-0.009278
915.000000,0.000531,0.002354,-0.001365,-0.002046,-0.010836
916.000000,-0.000468,0.002222,-0.000669,-0.002610,0.004993
917.000000,0.000409,0.003746,-0.000436,-0.002156,0.004094
918.000000,-0.002497,0.001709,0.000337,-0.002205,-0.001460
919.000000,-0.000993,0.001237,-0.000350,-0.002263,-0.001755
920.000000,0.001642,0.001086,0.001572,-0.001828,0.002339
921.000000,-0.000176,-0.000322,0.000962,-0.001835,-0.004097
922.000000,-0.002407,-0.000999,0.001271,-0.002006,-0.007063
923.000000,-0.003300,-0.002899,0.000990,-0.002092,-0.005924
924.000000,0.001981,0.000494,0.001996,-0.001298,0.024649
925.000000,0.002611,0.002127,0.002240,-0.000201,0.005492
926.000000,0.003834,0.001829,0.002026,0.000163,0.002016
927.000000,0.007079,0.002336,0.003041,0.000488,0.009164
928.000000,0.004058,0.000379,0.001044,0.000351,-0.021029
929.000000,0.000752,0.001366,0.001302,0.000222,0.008118
930.000000,-0.006981,-0.002185,-0.000549,0.000320,-0.033175
931.000000,-0.008462,-0.002314,-0.001318,-0.000130,-0.005388
932.000000,-0.008562,-0.000741,-0.000870,0.000600,0.008666
933.000000,-0.006149,-0.001045,-0.001972,0.000312,-0.008966
934.000000,-0.006994,-0.003121,-0.001313,0.000290,0.003895
935.000000,-0.002584,-0.004782,-0.001328,-0.000101,-0.011126
936.000000,0.001733,-0.003364,-0.000768,0.000229,0.016197
937.000000,0.003831,-0.002365,-0.000015,0.001239,0.019155
938.000000,0.003865,-0.001142,-0.000381,0.000316,-0.008795
939.000000,0.001430,-0.002782,-0.000708,-0.000059,-0.008279
940.000000,0.003239,0.000328,-0.000929,-0.000257,-0.002081
941.000000,0.007189,0.004461,0.001073,0.000608,0.035943
942.000000,0.004616,0.004224,0.001741,0.000828,0.006295
943.000000,0.006945,0.005405,0.002180,0.000487,0.002848
944.000000,0.010357,0.005893,0.001386,0.001089,0.008778
945.000000,0.011953,0.007596,0.001407,0.001647,0.005903
946.000000,0.006717,0.006953,0.001794,0.001806,0.009762
947.000000,0.005014,0.004815,0.001225,0.001595,-0.002223
948.000000,0.005664,0.006305,0.002581,0.001847,0.006101
949.000000,0.006654,0.008505,0.002862,0.002363,0.013729
950.000000,0.000560,0.006257,0.003292,0.001466,-0.024570
951.000000,-0.001337,0.002690,0.003576,0.001612,0.000279
952.000000,-0.001508,0.001753,0.002988,0.001745,-0.003078
953.000000,-0.001833,0.001916,0.003660,0.002092,0.004474
954.000000,-0.006485,0.000085,0.002989,0.000952,-0.009532
955.000000,0.001115,0.000837,0.004217,0.001217,0.013431
956.000000,0.001448,0.000055,0.003504,0.001215,0.001944
957.000000,0.002063,0.000278,0.002546,0.000909,0.000000
958.000000,0.002275,0.000221,0.003263,0.001795,0.005533
959.000000,0.002074,-0.002206,0.003150,0.001173,-0.010538
960.000000,0.000333,0.000724,0.003490,0.002436,0.004728
961.000000,-0.001113,0.000168,0.001429,0.002440,-0.005286
962.000000,-0.000278,0.000893,0.001323,0.002290,0.004175
963.000000,-0.003170,-0.000447,0.000734,0.002291,-0.008929
964.000000,-0.001792,0.000141,0.000113,0.002040,-0.003650
965.000000,-0.011008,-0.005337,-0.002250,0.001032,-0.041350
966.000000,-0.010538,-0.005825,-0.002885,0.000394,-0.002936
967.000000,-0.012375,-0.006326,-0.003024,-0.000411,-0.005011
968.000000,-0.012370,-0.007770,-0.003775,-0.000415,-0.008905
969.000000,-0.008798,-0.005295,-0.003751,0.000335,0.014210
970.000000,-0.003728,-0.007368,-0.003322,-0.000129,-0.016000
971.000000,-0.001002,-0.005770,-0.002801,-0.000971,0.010695
972.000000,0.000590,-0.005892,-0.002500,-0.001082,0.002951
973.000000,-0.002158,-0.007264,-0.003856,-0.001932,-0.022647
974.000000,-0.006209,-0.007504,-0.003682,-0.002426,-0.006046
975.000000,0.000775,-0.001477,-0.003407,-0.001992,0.018922
976.000000,-0.003217,-0.002110,-0.003967,-0.002626,-0.009266
977.000000,-0.002610,-0.001010,-0.003668,-0.002353,0.005988
978.000000,0.002754,0.000298,-0.003736,-0.002417,0.004170
979.000000,0.008431,0.001111,-0.002092,-0.002130,0.022341
980.000000,0.005459,0.003117,-0.002126,-0.001176,0.004062
981.000000,0.006500,0.001641,-0.002064,-0.001320,-0.004062
982.000000,0.004545,0.000968,-0.002462,-0.001344,-0.003786
983.000000,0.000475,0.001614,-0.002825,-0.002032,-0.016179
984.000000,-0.005183,0.001624,-0.002940,-0.001913,-0.005949
985.000000,0.002703,0.004081,0.001302,-0.000911,0.043491
986.000000,0.005675,0.006087,0.001989,-0.000616,0.010796
987.000000,0.006940,0.005742,0.002366,-0.000531,0.002540
988.000000,0.010176,0.005325,0.002812,-0.000716,0.000000
989.000000,0.011872,0.003345,0.002228,-0.000280,0.002533
990.000000,0.004965,0.003834,0.003476,-0.000139,0.008956
991.000000,0.004471,0.005073,0.003357,0.000315,0.008324
992.000000,0.002966,0.004953,0.002960,0.000009,-0.004986
993.000000,0.005723,0.007950,0.004782,0.000767,0.013790
994.000000,0.006745,0.009308,0.005466,0.001143,0.007640
995.000000,0.000723,0.002844,0.003463,0.001816,-0.021152
996.000000,-0.001888,0.001291,0.003689,0.001756,-0.004731
997.000000,0.003196,0.003081,0.004411,0.002604,0.020431
998.000000,0.000274,0.002999,0.004162,0.002874,-0.000820
999.000000,-0.001473,0.002636,0.002990,0.002364,-0.001095
1000.000000,0.004176,0.002450,0.003142,0.003134,0.007094
1001.000000,0.005828,0.001970,0.003521,0.002895,0.003528
1002.000000,0.002337,0.002766,0.003859,0.002895,0.002976
1003.000000,0.002986,0.001630,0.004790,0.003731,0.002428
1004.000000,0.003958,0.001243,0.005275,0.004058,0.003765
1005.000000,0.003343,0.003760,0.003302,0.003562,0.004019
1006.000000,0.002531,0.004179,0.002735,0.003853,-0.000535
1007.000000,0.005226,0.003781,0.003431,0.004201,0.016450
1008.000000,0.006260,0.004623,0.003811,0.004316,0.007603
1009.000000,0.006965,0.005461,0.004049,0.003814,0.007286
1010.000000,0.002709,0.003026,0.002738,0.003103,-0.017260
1011.000000,-0.000375,0.001078,0.001524,0.002707,-0.015954
1012.000000,-0.004740,0.000243,0.001504,0.002654,-0.005375
1013.000000,-0.003903,0.001179,0.001404,0.003586,0.011787
1014.000000,-0.004245,0.001360,0.001301,0.003970,0.005577
1015.000000,-0.001323,0.000693,0.002226,0.002432,-0.002652
1016.000000,0.000696,0.000160,0.002170,0.001877,-0.005859
1017.000000,-0.000054,-0.002397,0.000692,0.001488,-0.009123
1018.000000,-0.003492,-0.003698,0.000463,0.001308,-0.005405
1019.000000,-0.004933,-0.004589,0.000436,0.001169,-0.001627
1020.000000,-0.005601,-0.003462,-0.000218,0.000671,-0.005990
1021.000000,-0.002851,-0.001078,0.000000,0.000657,0.007888
1022.000000,-0.000378,-0.000216,0.000014,0.000931,0.003246
1023.000000,-0.000869,-0.002181,-0.000501,0.000209,-0.007862
1024.000000,-0.001417,-0.003175,-0.000908,-0.000191,-0.004364
1025.000000,-0.003637,-0.004619,-0.001963,-0.000056,-0.017094
1026.000000,-0.005104,-0.003978,-0.001909,0.000121,0.000556
1027.000000,-0.005697,-0.003038,-0.002717,-0.000551,0.000278
1028.000000,-0.005240,-0.003054,-0.003376,-0.000710,-0.005573
1029.000000,-0.003641,-0.002529,-0.003559,-0.000552,0.003626
1030.000000,-0.000780,-0.002209,-0.002835,-0.000882,-0.002788
1031.000000,-0.009098,-0.007101,-0.004089,-0.002367,-0.041031
1032.000000,-0.008863,-0.007280,-0.003748,-0.002418,0.001453
1033.000000,-0.007690,-0.006465,-0.004323,-0.002489,0.000290
1034.000000,-0.007893,-0.005767,-0.004471,-0.002527,0.002610
1035.000000,-0.006584,-0.003682,-0.004151,-0.002536,0.003758
1036.000000,0.001160,-0.003969,-0.003973,-0.002595,-0.002311
1037.000000,-0.003693,-0.006278,-0.004658,-0.003904,-0.022815
1038.000000,-0.004463,-0.006076,-0.004565,-0.004276,-0.003557
1039.000000,-0.006535,-0.007214,-0.004871,-0.004777,-0.007750
1040.000000,-0.004848,-0.005716,-0.003962,-0.003796,0.012193
1041.000000,-0.006884,-0.002862,-0.004981,-0.003680,-0.012493
1042.000000,0.000355,-0.001669,-0.004475,-0.003055,0.013379
1043.000000,-0.001072,-0.002767,-0.004616,-0.003804,-0.010689
1044.000000,0.003324,-0.001606,-0.003686,-0.003516,0.014227
1045.000000,0.000531,-0.002158,-0.002920,-0.003486,-0.001767
1046.000000,0.004849,-0.001017,-0.002493,-0.002988,0.009098
1047.000000,0.001530,0.000942,-0.002668,-0.002791,-0.003219
1048.000000,0.003492,0.001210,-0.002433,-0.002640,-0.000880
1049.000000,-0.000059,0.001632,-0.002791,-0.002704,-0.003526
1050.000000,-0.000295,0.000118,-0.002799,-0.002602,-0.002948
1051.000000,-0.005449,-0.000300,-0.001581,-0.003421,-0.016672
1052.000000,-0.003668,-0.001069,-0.001369,-0.003339,0.005688
1053.000000,0.001403,0.002447,-0.000160,-0.002262,0.024474
1054.000000,0.000588,0.000265,-0.000671,-0.002369,-0.007602
1055.000000,-0.002615,-0.001455,-0.001807,-0.002432,-0.018964
1056.000000,0.002802,-0.001323,-0.001170,-0.002103,0.010415
1057.000000,0.003081,-0.000294,0.000324,-0.001876,0.007080
1058.000000,-0.000292,0.000556,0.000883,-0.001437,0.007614
1059.000000,0.000703,0.000646,0.001139,-0.001645,-0.002629
1060.000000,0.004788,0.001086,0.000602,-0.001504,0.001461
1061.000000,0.001239,0.002021,0.000861,-0.000380,-0.007328
1062.000000,0.000235,0.001658,0.000294,-0.000360,0.002057
1063.000000,-0.002939,-0.001615,0.000416,-0.000645,-0.008255
1064.000000,-0.002591,-0.000944,-0.000340,-0.000762,-0.000888
1065.000000,-0.001878,0.001455,0.000000,-0.000719,0.005024
1066.000000,0.002572,0.001906,0.000291,-0.000145,0.014923
1067.000000,0.002683,0.001459,0.000583,0.000703,0.002611
1068.000000,0.004334,0.000698,0.000627,0.000821,0.000000
1069.000000,0.003815,0.000612,0.000629,0.000963,-0.003482
1070.000000,0.005065,0.001594,0.001340,0.000933,0.011273
1071.000000,0.000927,0.001750,0.001885,0.001157,-0.005765
1072.000000,0.001213,0.001948,0.001803,0.000846,0.004039
1073.000000,0.001903,0.003118,0.000752,0.001317,0.003449
1074.000000,0.003972,0.003894,0.001475,0.001071,0.006863
1075.000000,0.003307,0.004186,0.002821,0.001395,0.007948
1076.000000,0.004912,0.002919,0.002413,0.001167,0.002259
1077.000000,0.001492,0.001352,0.001406,0.000839,-0.013061
1078.000000,0.001030,0.001467,0.001082,0.000907,0.001143
1079.000000,-0.002408,0.000782,0.000697,0.000680,-0.010330
1080.000000,-0.007079,-0.001886,-0.000146,0.000265,-0.015405
1081.000000,-0.007472,-0.001280,0.000235,0.000830,0.000293
1082.000000,-0.005740,-0.002124,-0.000088,0.000494,-0.004402
1083.000000,-0.003339,-0.001154,0.000982,0.000116,0.013148
1084.000000,-0.000058,-0.001233,0.001330,0.000572,0.006077
1085.000000,0.003023,-0.002028,0.001079,0.001204,0.000000
1086.000000,0.001459,-0.003007,-0.000044,0.000606,-0.007530
1087.000000,0.001874,-0.001933,-0.000291,0.000293,-0.002328
1088.000000,-0.000756,-0.002048,-0.000291,0.000039,0.000000
1089.000000,0.000519,0.000230,0.000506,0.000542,0.012451
1090.000000,0.000173,0.001598,-0.000144,0.000435,-0.001728
1091.000000,-0.000466,0.000497,-0.000392,0.000322,-0.010723
1092.000000,0.005631,0.003752,0.000814,0.001192,0.028155
1093.000000,0.006366,0.002805,0.000825,0.001590,0.003676
1094.000000,0.003424,0.001971,0.000369,0.001544,-0.002261
1095.000000,0.001836,0.001005,-0.000512,0.001054,-0.009665
1096.000000,0.005120,0.002327,-0.000340,0.000747,0.005696
1097.000000,0.000509,0.003070,0.000568,0.000830,0.005099
1098.000000,0.001574,0.003970,0.000961,0.001130,0.009001
1099.000000,0.004973,0.004198,0.002214,0.001737,0.014733
1100.000000,0.006519,0.004178,0.002888,0.001297,-0.001933
1101.000000,0.007251,0.006186,0.003341,0.001801,0.009356
1102.000000,0.008573,0.004541,0.004147,0.002056,0.011709
1103.000000,0.006881,0.004228,0.003516,0.001959,0.000541
1104.000000,0.003772,0.004373,0.003172,0.001704,-0.000812
1105.000000,0.003996,0.005258,0.003131,0.001412,-0.000813
1106.000000,-0.000603,0.003324,0.002826,0.000882,-0.013643
1107.000000,-0.002890,0.002841,0.002956,0.001326,0.000275
1108.000000,-0.003769,0.001556,0.002763,0.001160,-0.003853
1109.000000,-0.004269,-0.000249,0.001975,0.001393,-0.003314
1110.000000,-0.003610,0.000193,0.002186,0.001990,0.002487
1111.000000,-0.002711,-0.001657,0.002264,0.001675,-0.009148
1112.000000,-0.001821,-0.002356,0.001093,0.001979,0.004723
1113.000000,-0.000165,-0.001967,0.001130,0.001688,0.004425
1114.000000,-0.004080,-0.004175,0.000099,0.000723,-0.022887
1115.000000,-0.004634,-0.004122,0.000568,0.000714,-0.000282
1116.000000,-0.000446,-0.001578,0.000873,0.001358,0.011791
1117.000000,-0.001502,-0.001662,0.000590,0.001417,-0.000558
1118.000000,-0.001162,-0.000664,0.000446,0.001621,0.006125
1119.000000,-0.000283,-0.002181,-0.001215,0.000589,-0.018488
1120.000000,-0.000962,-0.002798,-0.001302,0.000524,-0.003682
1121.000000,0.000947,0.000250,-0.000703,0.001593,0.021337
1122.000000,0.001280,-0.000111,-0.001233,0.000692,0.001110
1123.000000,-0.005915,-0.003539,-0.002753,-0.000426,-0.029853
1124.000000,-0.004113,-0.002198,-0.003186,-0.000667,-0.009479
1125.000000,-0.003666,-0.002314,-0.003218,-0.000393,-0.001444
1126.000000,-0.006551,-0.002802,-0.002190,-0.000352,0.006912
1127.000000,-0.006543,-0.002631,-0.002146,-0.000484,0.001147
1128.000000,0.000970,-0.002473,-0.001568,-0.000527,0.007711
1129.000000,0.003547,-0.000283,-0.001232,-0.000904,0.003408
1130.000000,0.001497,-0.001084,-0.001941,-0.001230,-0.011693
1131.000000,-0.001094,-0.003822,-0.001786,-0.001743,-0.006042
1132.000000,0.000801,-0.002871,-0.001491,-0.001779,0.010622
1133.000000,-0.004197,-0.001614,-0.002576,-0.002373,-0.017282
1134.000000,-0.004763,-0.000608,-0.001403,-0.002327,0.000581
1135.000000,-0.002889,-0.000696,-0.001505,-0.002377,-0.002326
1136.000000,-0.001856,-0.001475,-0.002138,-0.001952,-0.000873
1137.000000,-0.003805,-0.001502,-0.002067,-0.001932,0.000873
1138.000000,0.002598,-0.000800,-0.001636,-0.001312,0.014734
1139.000000,0.001619,-0.001572,-0.000927,-0.001345,-0.004311
1140.000000,0.003405,0.000258,-0.000413,-0.001208,0.006603
1141.000000,0.003408,0.000776,-0.001523,-0.000932,-0.000859
1142.000000,0.002717,-0.000544,-0.001708,-0.001175,-0.002581
1143.000000,0.000916,0.001757,0.000071,-0.001132,0.005726
1144.000000,0.002177,0.001898,0.000645,-0.000303,0.001996
1145.000000,-0.001551,0.000927,0.000115,-0.000694,-0.012038
1146.000000,-0.002652,0.000378,-0.000548,-0.001300,-0.006364
1147.000000,0.000402,0.001559,0.000029,-0.000858,0.012688
1148.000000,-0.001088,-0.000086,-0.000443,-0.001120,-0.001721
1149.000000,-0.000628,0.000775,-0.000399,-0.000360,0.004296
1150.000000,0.002749,0.000599,0.000428,-0.000076,0.004847
1151.000000,0.003908,0.000628,0.000702,-0.000806,-0.000569
1152.000000,0.007701,0.004051,0.001754,0.000212,0.031651
1153.000000,0.008761,0.003836,0.002797,0.001326,0.003578
1154.000000,0.006468,0.002920,0.002409,0.001403,-0.007168
1155.000000,0.006547,0.004648,0.002788,0.001626,0.005244
1156.000000,0.008960,0.006434,0.003406,0.001779,0.011494
1157.000000,0.001483,0.004592,0.003076,0.001550,-0.005731
1158.000000,-0.001323,0.003719,0.001816,0.000944,-0.010454
1159.000000,-0.003743,0.001362,0.001069,0.000188,-0.019266
1160.000000,-0.007802,-0.000628,-0.000014,0.000076,-0.015055
1161.000000,-0.011595,-0.001318,-0.000345,0.000029,-0.007469
1162.000000,-0.011084,-0.004800,-0.000375,-0.000431,-0.003177
1163.000000,-0.010620,-0.005972,-0.001068,-0.000126,-0.008132
1164.000000,-0.007878,-0.005810,-0.001445,-0.000331,-0.005556
1165.000000,-0.004515,-0.006159,-0.000755,-0.000195,0.001758
1166.000000,-0.003961,-0.007778,-0.000672,-0.000322,-0.004695
1167.000000,-0.002445,-0.006764,-0.001086,-0.000204,0.004402
1168.000000,-0.000292,-0.005456,-0.000869,-0.000608,0.002632
1169.000000,0.000469,-0.003705,-0.001171,-0.000523,-0.001754
1170.000000,0.002213,-0.001151,-0.000890,-0.000393,0.010477
1171.000000,0.002746,-0.000607,-0.000963,-0.000432,-0.002029
1172.000000,0.001284,-0.000580,-0.002690,-0.000443,-0.002905
1173.000000,0.000758,0.000233,-0.002869,-0.000634,0.000000
1174.000000,0.003193,0.001831,-0.001990,-0.000353,0.010420
1175.000000,0.001327,0.001770,-0.002194,0.000086,0.001151
1176.000000,0.002766,0.002756,-0.002511,0.000471,0.005164
1177.000000,0.005453,0.003369,-0.001698,0.000399,0.010531
1178.000000,0.006470,0.003614,-0.000921,0.000626,0.005083
1179.000000,0.003369,0.003281,-0.000212,0.000313,-0.005083
1180.000000,0.004493,0.002910,0.000879,0.000377,0.006772
1181.000000,0.004526,0.003646,0.001519,0.000574,0.005329
1182.000000,0.003758,0.004606,0.002013,-0.000258,0.006691
1183.000000,0.004622,0.005546,0.002890,-0.000064,0.009403
1184.000000,0.007010,0.005190,0.003510,0.000403,0.006858
1185.000000,0.006038,0.005266,0.003518,0.000292,0.001912
1186.000000,0.006603,0.005565,0.004160,0.000181,0.008152
1187.000000,0.006775,0.005267,0.004318,0.000624,0.007549
1188.000000,0.007403,0.006013,0.004813,0.001390,0.012545
1189.000000,0.006667,0.006839,0.005060,0.002138,0.003178
1190.000000,0.008494,0.007266,0.005088,0.003008,0.011044
1191.000000,0.004919,0.005761,0.004703,0.002933,-0.009723
1192.000000,0.004199,0.005487,0.005046,0.003171,0.003953
1193.000000,0.003784,0.005593,0.005570,0.003791,0.010466
1194.000000,0.003200,0.004934,0.005062,0.003985,0.000260
1195.000000,0.000783,0.004638,0.004952,0.003891,-0.001041
1196.000000,0.004336,0.004627,0.005096,0.004316,0.008043
1197.000000,0.003287,0.003743,0.004505,0.004126,-0.001293
1198.000000,0.000987,0.002385,0.004199,0.004004,-0.001035
1199.000000,-0.000887,0.001157,0.003998,0.003759,-0.009106
1200.000000,0.000364,0.000574,0.003920,0.003583,0.005214
1201.000000,0.000568,0.002452,0.004106,0.003953,0.009059
1202.000000,0.000723,0.002005,0.003746,0.004033,-0.000515
1203.000000,0.002061,0.001524,0.003559,0.004221,0.005656
1204.000000,0.004344,0.001728,0.003331,0.003951,0.002304
1205.000000,0.003761,0.002062,0.003350,0.003989,0.002299
1206.000000,-0.000619,-0.000026,0.002301,0.003389,-0.012840
1207.000000,-0.000361,0.000181,0.001962,0.003064,0.000775
1208.000000,-0.001337,0.000362,0.001374,0.002920,0.000774
1209.000000,-0.001798,0.001273,0.001215,0.003089,0.000000
1210.000000,-0.002052,0.000854,0.000714,0.002898,0.001032
1211.000000,0.001596,0.000488,0.001470,0.002900,0.005399
1212.000000,0.000361,0.000000,0.001003,0.002497,-0.005399
1213.000000,-0.000517,-0.000927,0.000298,0.002063,-0.003616
1214.000000,0.001798,0.000000,0.000864,0.002221,0.011576
1215.000000,0.004234,0.001091,0.001577,0.002597,0.013212
1216.000000,0.008386,0.004991,0.002483,0.003198,0.026157
1217.000000,0.009908,0.005134,0.002658,0.003020,0.002210
1218.000000,0.010189,0.004836,0.002599,0.002528,-0.002210
1219.000000,0.007332,0.004565,0.002919,0.002331,-0.002708
1220.000000,0.008838,0.006536,0.003695,0.002655,0.020740
1221.000000,0.003944,0.006165,0.003327,0.003035,0.001689
1222.000000,0.003116,0.006512,0.003256,0.002839,-0.001931
1223.000000,0.000246,0.005217,0.002145,0.001938,-0.016562
1224.000000,-0.001286,0.003023,0.001511,0.001584,-0.010368
1225.000000,-0.007529,0.000654,0.000873,0.001269,-0.010477
1226.000000,-0.009226,-0.002641,0.001175,0.000775,-0.006793
1227.000000,-0.011483,-0.004183,0.000476,0.000377,-0.013215
1228.000000,-0.009815,-0.004784,0.000026,0.000138,-0.008220
1229.000000,-0.006097,-0.003692,0.000437,0.000715,0.008220
1230.000000,-0.004463,-0.005996,0.000270,0.000465,-0.002305
1231.000000,-0.002438,-0.005832,0.000166,0.000274,0.003328
1232.000000,0.003500,-0.003992,0.001260,0.000840,0.016475
1233.000000,0.006496,-0.001659,0.001779,0.000877,0.006764
1234.000000,0.002137,-0.001980,0.000522,0.000348,-0.013575
1235.000000,0.004563,0.000050,0.000352,0.000598,0.009823
1236.000000,0.002943,0.000252,-0.001194,0.000867,-0.004773
1237.000000,0.001453,0.002476,-0.000854,0.001142,0.009025
1238.000000,-0.000500,0.002998,-0.000893,0.001017,-0.002999
1239.000000,0.002015,0.002076,-0.000808,0.000983,-0.001002
1240.000000,-0.000854,0.001854,-0.002071,0.000798,-0.004520
1241.000000,-0.000656,0.001143,-0.002344,0.000492,-0.003783
1242.000000,-0.003830,-0.001189,-0.002590,0.000444,-0.006845
1243.000000,-0.001558,-0.001029,-0.001344,0.000843,0.008360
