0.000000,0.003563,0.000827,0.001131,0.001016,0.002947
1.000000,0.007942,0.002173,0.002016,0.001364,0.012866
2.000000,0.010923,0.003050,0.002064,0.001296,0.005794
3.000000,0.009585,0.002634,0.002094,0.000838,0.000000
4.000000,0.005818,0.004156,0.002348,0.001465,0.007482
5.000000,0.007962,0.005762,0.002851,0.001761,0.013668
6.000000,0.004936,0.006439,0.002918,0.001965,-0.002265
7.000000,0.003209,0.007066,0.002987,0.001611,-0.002838
8.000000,0.002754,0.006169,0.002333,0.001258,-0.002277
9.000000,0.003524,0.004671,0.003019,0.001933,0.011332
10.000000,0.003921,0.005941,0.003384,0.002734,0.015652
11.000000,0.006360,0.005648,0.003911,0.003226,0.009934
12.000000,0.005606,0.004407,0.003729,0.002845,-0.006612
13.000000,0.005840,0.004297,0.003465,0.002828,-0.001106
14.000000,0.003684,0.003604,0.003880,0.002767,0.000553
15.000000,0.002316,0.003118,0.004440,0.002940,0.008811
16.000000,0.000329,0.003345,0.004892,0.003060,0.000000
17.000000,0.003344,0.004475,0.005770,0.003483,0.008462
18.000000,0.002857,0.004349,0.005259,0.003005,-0.003540
19.000000,0.001652,0.002668,0.003670,0.002902,-0.005470
20.000000,-0.000659,0.000829,0.003385,0.002532,-0.002746
21.000000,-0.002760,-0.001215,0.002216,0.002202,-0.010506
22.000000,-0.001364,0.000990,0.002699,0.002816,0.015444
23.000000,-0.000546,0.001155,0.002726,0.002695,0.000547
24.000000,0.000110,0.000881,0.002243,0.002880,-0.002191
25.000000,0.001316,0.000328,0.001723,0.003070,0.003284
26.000000,0.003635,0.000438,0.001891,0.003407,0.001092
27.000000,0.001201,-0.000082,0.002197,0.003820,0.003270
28.000000,0.001960,0.000707,0.002528,0.003742,0.004343
29.000000,0.001964,0.001037,0.001853,0.002792,-0.002169
30.000000,0.001199,0.001257,0.001043,0.002676,-0.000543
31.000000,0.000871,0.002253,0.000519,0.002229,-0.000543
32.000000,-0.000218,0.000491,0.000741,0.001963,-0.002176
33.000000,-0.004160,-0.001100,0.000028,0.001451,-0.015368
34.000000,-0.002953,-0.000495,0.000193,0.001330,0.003864
35.000000,-0.005284,-0.002043,-0.000857,0.000468,-0.012195
36.000000,-0.003509,-0.001319,-0.000441,0.000821,0.008331
37.000000,-0.000436,-0.000327,-0.000204,0.001355,0.013187
38.000000,0.003509,-0.000326,0.000191,0.001577,0.004357
39.000000,0.003928,0.000487,0.000762,0.001398,0.005960
40.000000,0.009263,0.001990,0.001624,0.001359,0.014481
41.000000,0.007916,0.002204,0.002229,0.001081,0.001596
42.000000,0.005704,0.002634,0.001563,0.001372,0.002124
43.000000,0.005891,0.004700,0.001800,0.001585,0.005291
44.000000,0.004699,0.004313,0.001909,0.001567,0.000000
45.000000,0.001591,0.005427,0.001692,0.001238,-0.001056
46.000000,0.001272,0.004594,0.001638,0.001238,0.000000
47.000000,0.001375,0.003539,0.001606,0.001044,0.002638
48.000000,0.000316,0.003104,0.001389,0.001162,0.000000
49.000000,-0.000740,0.001979,0.001233,0.001168,-0.005283
50.000000,-0.002231,-0.000320,0.000835,0.000976,-0.008511
51.000000,-0.003088,-0.000908,0.000648,0.001183,-0.004283
52.000000,-0.002759,-0.000692,0.000971,0.000811,0.004283
53.000000,-0.003615,-0.001649,0.001525,0.000650,-0.004283
54.000000,-0.002130,-0.001435,0.001439,0.000795,0.002144
55.000000,-0.001394,-0.001812,0.001807,0.000524,-0.004830
56.000000,0.000963,-0.001062,0.001766,0.000738,0.007503
57.000000,0.000640,-0.001059,0.001240,0.000718,0.002666
58.000000,0.000214,-0.001700,0.000702,0.000359,-0.006410
59.000000,-0.000536,-0.001333,0.000323,0.000378,-0.001609
60.000000,0.000644,-0.000375,-0.000347,0.000432,0.001073
61.000000,-0.001716,-0.000376,-0.000642,0.000307,-0.004299
62.000000,-0.001819,-0.000589,-0.000641,0.000451,0.002152
63.000000,-0.000752,-0.000269,-0.000959,0.000927,-0.001075
64.000000,-0.000215,-0.000375,-0.000905,0.000834,0.001075
65.000000,0.000321,0.000483,-0.000665,0.001366,0.003754
66.000000,0.002887,0.000586,-0.000238,0.001373,0.008529
67.000000,0.003410,0.000796,-0.000132,0.001092,0.004766
68.000000,0.003730,0.001489,-0.000105,0.000964,0.000528
69.000000,0.001499,0.000642,-0.000345,0.000429,-0.010082
70.000000,0.002765,0.001543,0.000584,0.000283,0.010082
71.000000,-0.001278,0.000805,0.000214,-0.000160,-0.011684
72.000000,-0.003302,0.000054,-0.000268,-0.000409,-0.005356
73.000000,-0.003301,0.000215,-0.000027,-0.000568,0.000537
74.000000,0.000426,0.000963,0.000294,-0.000283,0.008552
75.000000,0.000527,0.001646,0.001064,0.000105,0.010588
76.000000,0.002231,0.000477,0.000531,0.000000,-0.003165
77.000000,0.004356,0.000527,0.000661,0.000088,0.005269
78.000000,0.004143,0.000421,0.000955,0.000070,-0.000531
79.000000,0.002958,0.001692,0.001167,0.000334,0.002631
80.000000,0.001991,0.001259,0.001401,0.000809,0.005752
81.000000,0.001997,0.002114,0.001459,0.000848,-0.003133
82.000000,0.002507,0.003431,0.001743,0.000965,0.007815
83.000000,0.004472,0.004307,0.002261,0.001418,0.009298
84.000000,0.004152,0.003555,0.002259,0.001381,0.001028
85.000000,0.003821,0.002906,0.002276,0.001678,0.004100
86.000000,0.005163,0.003580,0.002028,0.001547,0.003574
87.000000,0.002680,0.002594,0.001560,0.001305,-0.004598
88.000000,0.001740,0.003106,0.001764,0.001672,0.004598
89.000000,0.002044,0.003098,0.002395,0.001811,0.002545
90.000000,0.002642,0.003232,0.002246,0.002011,0.007092
91.000000,0.003035,0.004099,0.003107,0.002339,0.005537
92.000000,0.004656,0.003668,0.003550,0.002384,0.003508
93.000000,0.004236,0.002988,0.003648,0.002504,0.002498
94.000000,0.004325,0.003184,0.003370,0.002567,0.002990
95.000000,0.003503,0.003073,0.002989,0.002542,0.002981
96.000000,-0.000402,0.001316,0.002448,0.001791,-0.013986
97.000000,-0.002923,0.000867,0.001730,0.001329,-0.009096
98.000000,-0.004338,-0.000051,0.001528,0.001159,-0.004579
99.000000,-0.005344,-0.000510,0.001294,0.001427,-0.002042
100.000000,-0.008305,-0.002401,0.000415,0.000697,-0.011822
101.000000,-0.004579,-0.002491,0.000804,0.001241,0.004643
102.000000,-0.009140,-0.006031,-0.001181,0.000356,-0.031898
103.000000,-0.013609,-0.008974,-0.002993,-0.000559,-0.026927
104.000000,-0.011787,-0.008566,-0.002691,-0.000609,0.007071
105.000000,-0.012591,-0.010448,-0.003688,-0.001490,-0.015843
106.000000,-0.009270,-0.006924,-0.002804,-0.000676,0.021248
107.000000,0.000425,-0.004358,-0.001745,-0.000299,0.016573
108.000000,0.004427,-0.004591,-0.002321,-0.000512,-0.006917
109.000000,0.000865,-0.005461,-0.002985,-0.000958,-0.010735
110.000000,0.000879,-0.005856,-0.004128,-0.001675,-0.015774
111.000000,-0.001515,-0.005392,-0.003942,-0.001261,0.009277
112.000000,-0.006028,-0.002802,-0.004417,-0.001722,-0.005993
113.000000,-0.003555,0.000436,-0.004269,-0.001850,0.005450
114.000000,0.000754,0.000810,-0.003878,-0.001524,0.010811
115.000000,0.001311,0.001095,-0.004676,-0.002093,-0.012987
116.000000,-0.007302,-0.004408,-0.005666,-0.003339,-0.033789
117.000000,-0.004980,-0.005504,-0.004931,-0.002998,0.005618
118.000000,-0.012213,-0.007884,-0.006238,-0.004176,-0.030719
119.000000,-0.011280,-0.005263,-0.005362,-0.003744,0.015478
120.000000,-0.005971,-0.002330,-0.004093,-0.003529,0.013560
121.000000,0.004126,-0.001588,-0.003490,-0.003157,0.016695
122.000000,0.004542,-0.000219,-0.001510,-0.003017,0.007697
123.000000,0.010795,-0.000709,-0.000137,-0.003082,0.000547
124.000000,0.006932,-0.002174,-0.000682,-0.003310,-0.003839
125.000000,0.003890,-0.001040,0.000028,-0.003464,-0.001650
126.000000,0.001101,0.002613,-0.000897,-0.002906,0.002748
127.000000,0.001092,0.002817,-0.001343,-0.002348,0.007654
128.000000,0.002718,0.006757,-0.000564,-0.001906,0.008677
129.000000,0.003053,0.004993,-0.000135,-0.001910,-0.002162
130.000000,0.006923,0.005407,0.001539,-0.000926,0.017700
131.000000,0.007117,0.004109,0.001260,-0.000957,0.003715
132.000000,0.007063,0.004078,0.001929,0.000352,0.007388
133.000000,0.002895,0.002806,0.001049,0.000844,-0.012166
134.000000,0.003434,0.003244,0.000535,0.000626,0.000532
135.000000,0.001166,0.004045,0.001502,0.001367,0.006363
136.000000,0.000318,0.003717,0.003165,0.000641,-0.000529
137.000000,-0.003822,0.001621,0.002219,-0.000355,-0.013309
138.000000,-0.000640,0.001128,0.003942,0.000000,0.003744
139.000000,-0.001067,0.001183,0.003088,0.000304,-0.001603
140.000000,-0.002576,-0.000705,0.002351,0.000791,-0.001183
141.000000,-0.002769,-0.001226,0.001441,0.000432,-0.001495
142.000000,-0.000214,-0.002018,0.001030,0.000614,-0.000536
143.000000,-0.000535,-0.000587,0.001110,0.000503,0.002144
144.000000,-0.000428,-0.000747,0.001248,0.000107,-0.001071
145.000000,0.003104,0.000264,0.002154,0.001089,0.016477
146.000000,0.003508,0.000369,0.002043,0.002233,0.000527
147.000000,0.002347,0.001066,0.001343,0.001835,-0.006343
148.000000,0.001812,0.000639,0.000883,0.002841,-0.000530
149.000000,0.001495,0.000533,0.000858,0.002236,-0.002656
150.000000,-0.003081,0.000011,-0.000347,0.001571,-0.006403
151.000000,-0.004583,-0.000538,-0.000882,0.000782,-0.006984
152.000000,-0.004179,-0.000916,-0.001467,0.000381,-0.004322
153.000000,-0.004290,-0.001239,-0.000913,0.000327,-0.001083
154.000000,-0.005282,-0.001893,-0.001320,0.000201,-0.007617
155.000000,-0.005646,-0.004364,-0.002050,-0.000018,-0.008226
156.000000,-0.004250,-0.004416,-0.002023,-0.000110,0.000000
157.000000,-0.005155,-0.004667,-0.001801,-0.000660,-0.008850
158.000000,-0.005272,-0.004781,-0.002071,-0.001005,-0.001668
159.000000,-0.007456,-0.006369,-0.002918,-0.001551,-0.018535
160.000000,-0.004455,-0.005050,-0.002520,-0.001915,0.006780
161.000000,-0.002661,-0.003455,-0.001996,-0.001740,0.008969
162.000000,-0.001674,-0.003414,-0.002165,-0.002116,-0.003914
163.000000,-0.004730,-0.005001,-0.003120,-0.002276,-0.016950
164.000000,-0.001023,-0.004239,-0.003066,-0.002293,0.000000
165.000000,-0.002151,-0.003303,-0.003833,-0.002468,0.001139
166.000000,-0.003263,-0.002962,-0.003689,-0.002336,0.003409
167.000000,-0.001462,-0.001568,-0.003117,-0.001723,0.005092
168.000000,0.002266,-0.001232,-0.003006,-0.001791,0.001692
169.000000,0.002266,0.000622,-0.002874,-0.001738,0.000000
170.000000,0.001361,-0.000395,-0.002723,-0.001811,-0.003386
171.000000,0.003151,-0.000056,-0.001756,-0.001350,0.012360
172.000000,0.004022,0.001280,-0.001067,-0.001017,0.009447
173.000000,0.002908,0.002587,-0.001207,-0.001218,-0.003879
174.000000,0.003130,0.002698,-0.000771,-0.001145,0.001110
175.000000,0.003474,0.002418,-0.000442,-0.001750,-0.001665
176.000000,0.001889,0.002520,-0.000221,-0.001619,0.004435
177.000000,0.000221,0.002122,0.000277,-0.001371,0.001106
178.000000,0.004502,0.003705,0.001237,-0.000769,0.017525
179.000000,0.003736,0.003433,0.002027,-0.000771,-0.002718
180.000000,0.001329,0.002402,0.001003,-0.001015,-0.013703
181.000000,0.000552,0.001221,0.000583,-0.000763,0.000552
182.000000,-0.000221,0.000000,0.000640,-0.000711,-0.002762
183.000000,-0.003726,0.000388,0.001488,-0.000675,0.000000
184.000000,-0.002410,0.000663,0.001681,-0.000293,0.003864
185.000000,-0.000221,0.000554,0.001486,-0.000110,-0.002759
186.000000,-0.001328,-0.000388,0.001066,-0.000276,-0.004985
187.000000,0.000332,0.000055,0.001089,0.000203,0.005537
188.000000,-0.000332,-0.002029,0.000838,0.000148,-0.003319
189.000000,-0.003109,-0.002760,0.000337,0.000432,-0.010022
190.000000,-0.002446,-0.001333,0.000534,0.000224,0.000559
191.000000,-0.002908,-0.002118,-0.000449,-0.000318,-0.007297
192.000000,-0.004919,-0.002294,-0.001147,-0.000338,-0.004517
193.000000,-0.005163,-0.002748,-0.001180,0.000076,-0.004538
194.000000,0.001339,-0.000885,-0.000111,0.000825,0.022485
195.000000,0.001782,-0.000332,0.000111,0.000880,0.002775
196.000000,0.003352,0.000222,-0.000083,0.000785,0.000554
197.000000,0.003478,-0.000720,-0.000333,0.000486,-0.003886
198.000000,0.006598,0.000718,-0.000656,0.000798,0.011062
199.000000,0.005483,0.003411,0.000326,0.001361,0.016908
200.000000,0.005576,0.003679,0.001173,0.001582,0.003240
201.000000,0.006754,0.005053,0.001467,0.001385,0.006448
202.000000,0.007853,0.005666,0.001686,0.001124,0.001606
203.000000,0.004675,0.005637,0.001445,0.001092,-0.004824
204.000000,0.001079,0.003281,0.001198,0.001020,-0.001075
205.000000,0.000861,0.003218,0.001443,0.001147,0.002149
206.000000,-0.000536,0.003109,0.001665,0.000981,-0.000537
207.000000,0.000107,0.003980,0.001630,0.001105,0.004822
208.000000,0.000644,0.002660,0.001689,0.000449,-0.002140
209.000000,0.001287,0.001183,0.002297,0.000611,0.002140
210.000000,0.000429,0.000645,0.002162,0.000997,-0.002140
211.000000,0.000857,0.000161,0.002607,0.001032,0.001606
212.000000,-0.000214,-0.000053,0.002806,0.001106,-0.000535
213.000000,0.000000,0.000322,0.002979,0.001070,-0.001071
214.000000,-0.001826,-0.000269,0.001506,0.000709,-0.006987
215.000000,-0.001613,-0.000592,0.001313,0.000765,-0.001079
216.000000,-0.001503,-0.000323,0.001393,0.001003,0.002157
217.000000,-0.002044,-0.001129,0.001426,0.000710,-0.003238
218.000000,-0.001074,-0.000537,0.001061,0.000947,0.003777
219.000000,0.001932,0.000053,0.000618,0.001549,0.008045
220.000000,0.002682,0.000534,0.000590,0.001619,0.002667
221.000000,0.002144,0.000320,0.000240,0.001845,-0.000533
222.000000,0.002471,0.000214,0.000080,0.001942,-0.001600
223.000000,-0.000108,-0.000591,-0.000135,0.001789,-0.009118
224.000000,-0.000964,0.000484,0.000107,0.001165,0.003764
225.000000,-0.001068,0.000807,0.000107,0.001144,0.002145
226.000000,-0.001391,0.000376,0.000027,0.001054,-0.002145
227.000000,-0.000963,0.000754,-0.000187,0.001202,0.000537
228.000000,0.001396,0.000644,0.000054,0.000922,0.002679
229.000000,0.000964,0.000000,0.000027,0.000412,0.001604
230.000000,-0.000107,-0.000588,-0.000027,0.000197,-0.003210
231.000000,-0.000645,-0.001018,-0.000349,-0.000179,-0.004835
232.000000,-0.000968,-0.000966,-0.000376,-0.000268,-0.001078
233.000000,-0.002693,-0.000649,-0.000620,-0.000306,-0.005948
234.000000,-0.002906,-0.000971,-0.000243,-0.000252,0.000542
235.000000,-0.002264,-0.001185,-0.000189,-0.000324,0.000000
236.000000,-0.001622,-0.001134,-0.000379,-0.000360,-0.001627
237.000000,-0.002823,-0.001896,-0.000571,-0.000757,-0.007083
238.000000,-0.002510,-0.002602,-0.000979,-0.000832,-0.004384
239.000000,-0.002729,-0.002817,-0.001409,-0.000921,-0.000549
240.000000,-0.002399,-0.002331,-0.001460,-0.000795,0.001647
241.000000,-0.000980,-0.001301,-0.001159,-0.000666,0.005470
242.000000,0.002931,0.000054,-0.000456,-0.000233,0.012470
243.000000,0.004882,0.001186,0.000269,-0.000018,0.005373
244.000000,0.005741,0.001506,0.000268,0.000340,0.003744
245.000000,0.008484,0.003043,0.000929,0.000888,0.015365
246.000000,0.008648,0.003834,0.001350,0.001026,0.006289
247.000000,0.006989,0.004960,0.001532,0.001273,0.004171
248.000000,0.004661,0.004772,0.001085,0.000938,-0.006263
249.000000,0.002019,0.003880,0.000531,0.000354,-0.009469
250.000000,0.000000,0.004242,0.000955,0.000441,0.005271
251.000000,-0.002841,0.002903,0.000801,0.000195,-0.007918
252.000000,-0.003570,0.001709,0.000882,0.000266,0.000530
253.000000,-0.002741,0.000960,0.001073,0.000499,-0.002121
254.000000,0.000739,0.001379,0.001442,0.000638,0.007930
255.000000,0.000944,0.000472,0.001757,0.000776,0.006299
256.000000,0.002004,-0.000419,0.001708,0.000761,-0.002620
257.000000,0.003882,0.000156,0.002558,0.001073,0.009919
258.000000,0.001902,-0.000420,0.002176,0.000583,-0.012020
259.000000,0.001469,0.001104,0.002492,0.000722,0.005767
260.000000,0.001148,0.001046,0.002644,0.000986,0.004694
261.000000,0.002192,0.002098,0.002501,0.001233,0.002598
262.000000,-0.000833,0.001524,0.001617,0.001096,-0.005203
263.000000,0.002819,0.002360,0.001660,0.001502,0.006240
264.000000,0.002494,0.001981,0.001680,0.001622,0.004139
265.000000,-0.000834,0.000157,0.000314,0.001224,-0.011945
266.000000,-0.005791,-0.001800,-0.001109,0.000539,-0.022188
267.000000,-0.006899,-0.003866,-0.001855,0.000417,-0.010741
268.000000,-0.006534,-0.001857,-0.001139,0.000832,0.008067
269.000000,-0.008759,-0.003133,-0.001014,0.000617,-0.006987
270.000000,-0.005401,-0.003118,-0.001036,0.000723,0.004843
271.000000,-0.001286,-0.003539,-0.000721,0.000487,-0.001612
272.000000,-0.003376,-0.005138,-0.001807,-0.000635,-0.021191
273.000000,-0.002913,-0.004724,-0.001182,-0.000468,0.010380
274.000000,-0.001516,-0.005137,-0.001578,-0.000593,0.000000
275.000000,-0.000537,-0.002969,-0.001406,-0.000780,0.009735
276.000000,0.002776,0.000745,-0.000527,-0.000491,0.014958
277.000000,0.007544,0.002084,-0.000891,-0.000542,0.002648
278.000000,0.007990,0.002538,0.000341,0.000087,0.012612
279.000000,0.008616,0.003550,0.000209,0.000507,0.003128
280.000000,0.006877,0.003170,0.000026,0.000366,0.001041
281.000000,0.004820,0.003798,0.000130,0.000786,0.004669
282.000000,0.004186,0.005865,0.000364,0.000751,-0.000518
283.000000,-0.000104,0.003943,-0.000390,0.000527,-0.008843
284.000000,-0.000104,0.004256,-0.000441,0.000367,0.003130
285.000000,-0.000105,0.003386,0.000208,0.000191,0.001036
286.000000,-0.000311,0.002254,0.001500,0.000400,0.003641
287.000000,-0.000415,0.001886,0.001985,0.000035,-0.001037
288.000000,0.001665,0.000780,0.001659,0.000487,0.001556
289.000000,0.002176,0.001036,0.002293,0.000484,0.005683
290.000000,0.002483,0.001189,0.002179,0.000414,0.002573
291.000000,0.000931,0.000310,0.002054,0.000190,-0.004119
292.000000,0.003804,0.001695,0.003780,0.000807,0.013327
293.000000,0.003900,0.002782,0.003363,0.000667,0.002035
294.000000,0.002050,0.002113,0.003184,0.000410,-0.003563
295.000000,0.001434,0.001958,0.002672,0.000792,-0.000510
296.000000,0.002563,0.001747,0.002001,0.001582,0.001529
297.000000,-0.000816,0.001494,0.001690,0.001821,-0.003572
298.000000,-0.001428,0.001236,0.001008,0.001518,-0.001023
299.000000,-0.001741,0.000154,0.000595,0.001580,-0.005131
300.000000,-0.001639,-0.000103,0.000543,0.001419,0.000000
301.000000,-0.001740,0.000412,0.000361,0.001507,0.001028
302.000000,0.000816,0.000000,0.000847,0.002520,0.009207
303.000000,0.000102,-0.000663,0.001060,0.002021,-0.004593
304.000000,0.000103,-0.000819,0.000647,0.001850,-0.005128
305.000000,-0.000412,-0.001026,0.000466,0.001440,-0.002574
306.000000,-0.000515,-0.001127,0.000310,0.000958,0.000515
307.000000,-0.002047,-0.000615,0.000439,0.000921,0.001544
308.000000,-0.001334,-0.000616,0.000310,0.000467,-0.001029
309.000000,0.000103,0.000103,0.000129,0.000431,0.002058
310.000000,0.001336,0.000462,0.000180,0.000516,0.003591
311.000000,0.002560,0.001023,0.000717,0.000582,0.006634
312.000000,0.003468,0.000710,0.000355,0.000802,0.006085
313.000000,0.003167,0.000917,0.000127,0.001012,-0.002531
314.000000,0.002654,0.001379,0.000280,0.000891,-0.000507
315.000000,0.001632,0.001484,0.000229,0.000805,-0.001522
316.000000,-0.001737,0.000411,-0.000358,0.000344,-0.010209
317.000000,-0.003159,0.000154,-0.000231,0.000344,-0.001027
318.000000,-0.000914,0.001126,0.000255,0.000582,0.008693
319.000000,-0.002757,-0.000051,0.000026,0.000069,-0.009721
320.000000,-0.003691,-0.001029,-0.000284,-0.000223,-0.006189
321.000000,-0.001235,-0.001486,-0.000232,-0.000017,0.002067
322.000000,0.000000,-0.001580,-0.000435,-0.000290,0.005149
323.000000,0.000204,-0.000355,0.000281,-0.000034,0.009711
324.000000,0.002351,-0.000203,0.000588,0.000119,0.001017
325.000000,0.002468,-0.000611,0.000436,-0.000051,-0.005605
326.000000,0.002870,0.000818,0.000614,0.000034,0.004080
327.000000,0.001942,0.000971,0.000563,0.000170,0.000509
328.000000,0.000609,0.000407,0.000766,0.000306,0.003047
329.000000,-0.000203,0.001074,0.000511,0.000375,-0.003047
330.000000,0.001019,0.001744,0.000357,0.000392,0.000509
331.000000,0.001015,0.001943,0.000228,0.000493,0.004059
332.000000,0.002628,0.002285,0.000353,0.000472,0.008571
333.000000,0.002319,0.001464,0.000554,0.000675,0.001505
334.000000,0.002828,0.001312,0.000555,0.000829,-0.000501
335.000000,0.003127,0.002073,0.000731,0.000982,0.002004
336.000000,0.002316,0.001665,0.001242,0.000965,0.000000
337.000000,0.000802,0.001715,0.001343,0.000947,0.001001
338.000000,0.000000,0.001160,0.000783,0.000898,-0.002503
339.000000,0.000501,0.001665,0.001369,0.000896,0.002003
340.000000,0.000799,0.001963,0.001853,0.000893,0.003496
341.000000,0.000799,0.001557,0.001750,0.000671,0.000000
342.000000,0.000000,0.000401,0.001343,0.000369,-0.002996
343.000000,0.000000,0.000000,0.000732,0.000370,-0.002503
344.000000,0.000100,0.000300,0.000806,0.000470,0.002503
345.000000,0.000398,0.000599,0.001336,0.000687,0.004988
346.000000,-0.000200,0.000300,0.000983,0.000928,-0.002990
347.000000,0.000200,0.000100,0.000907,0.000929,-0.000999
348.000000,0.001896,0.000948,0.001054,0.000838,0.005976
349.000000,0.002188,0.001144,0.001404,0.001294,0.003964
350.000000,0.001092,0.000745,0.001354,0.001484,-0.000495
351.000000,0.001887,0.000844,0.001201,0.001448,0.000989
352.000000,0.002778,0.001489,0.000945,0.001392,0.003454
353.000000,0.001878,0.001887,0.000943,0.001117,0.001477
354.000000,0.001674,0.001931,0.001116,0.001181,0.002947
355.000000,0.001382,0.001237,0.000918,0.001303,-0.001959
356.000000,0.001379,0.001633,0.000967,0.001200,0.000977
357.000000,0.000492,0.001635,0.000867,0.001150,-0.000982
358.000000,0.000491,0.001185,0.001066,0.001097,0.001473
359.000000,0.000098,0.000886,0.001015,0.001232,0.000981
360.000000,0.001077,0.001229,0.000987,0.001313,0.002937
361.000000,0.001565,0.001472,0.001158,0.001291,0.003415
362.000000,0.000393,0.000442,0.000966,0.000777,-0.006843
363.000000,0.001467,0.000979,0.001433,0.000955,0.006843
364.000000,0.001173,0.000636,0.001283,0.000956,-0.000487
365.000000,0.001072,0.001075,0.001156,0.000970,0.002434
366.000000,0.002517,0.002041,0.001837,0.001325,0.010638
367.000000,0.003114,0.001754,0.001694,0.001163,-0.003855
368.000000,0.000875,0.001171,0.001178,0.001101,-0.004355
369.000000,0.000972,0.001073,0.000979,0.001034,0.000000
370.000000,-0.000195,0.000439,0.000834,0.000804,-0.003401
371.000000,-0.002614,-0.000049,0.000712,0.000756,-0.001461
372.000000,-0.001648,0.000733,0.000588,0.000888,0.000974
373.000000,-0.000097,0.000389,0.000684,0.001085,0.003402
374.000000,0.000774,0.000873,0.000754,0.001147,0.004357
375.000000,0.002322,0.001064,0.001069,0.001125,0.004338
376.000000,0.001360,-0.000627,0.000707,0.001016,-0.006273
377.000000,0.001165,-0.000242,0.000756,0.001049,0.000000
378.000000,0.000581,0.000242,0.000706,0.000866,0.000484
379.000000,-0.000290,0.000242,0.000657,0.000734,0.000000
380.000000,-0.000771,0.000776,0.000607,0.000815,0.001933
381.000000,-0.001457,-0.000049,-0.000049,0.000458,-0.009704
382.000000,-0.000776,0.000195,0.000464,0.000457,0.003407
383.000000,-0.000097,0.000242,0.000316,0.000537,0.003880
384.000000,-0.000387,-0.000339,0.000267,0.000390,-0.001453
385.000000,-0.000097,-0.000434,0.000315,0.000568,0.003387
386.000000,0.000487,-0.000485,-0.000556,0.000309,-0.006786
387.000000,0.000291,-0.000242,-0.000242,0.000423,0.002429
388.000000,-0.001068,-0.000582,-0.000170,0.000277,-0.002915
389.000000,-0.000388,-0.000388,-0.000073,0.000309,0.001945
390.000000,-0.000193,-0.000145,0.000315,0.000357,0.004362
391.000000,0.001550,0.001019,0.000485,0.000307,0.001932
392.000000,0.000194,0.000243,0.000219,0.000390,-0.004353
393.000000,0.000583,-0.000242,0.000000,0.000130,-0.000970
394.000000,0.000582,0.000097,-0.000121,0.000211,0.001939
395.000000,-0.000969,-0.000581,-0.000508,0.000016,-0.003396
396.000000,-0.005083,-0.001766,-0.001126,-0.000960,-0.018637
397.000000,-0.005803,-0.002805,-0.001523,-0.001096,-0.007952
398.000000,-0.006209,-0.002813,-0.001698,-0.001051,-0.002999
399.000000,-0.008912,-0.004165,-0.002276,-0.001437,-0.011578
400.000000,-0.008132,-0.004551,-0.002348,-0.001307,0.000506
401.000000,-0.004911,-0.004997,-0.001989,-0.001342,-0.002534
402.000000,-0.001805,-0.003804,-0.001781,-0.001122,0.007582
403.000000,0.001297,-0.002456,-0.001349,-0.000819,0.012510
404.000000,0.003215,-0.002849,-0.001376,-0.001030,-0.001991
405.000000,0.004206,-0.001963,-0.001272,-0.000993,0.005466
406.000000,0.006489,0.000789,-0.000489,-0.000488,0.008880
407.000000,0.003889,0.001042,-0.000881,-0.000668,-0.005417
408.000000,0.002373,0.001835,-0.000489,-0.000520,0.004926
409.000000,0.005407,0.004311,0.000073,-0.000081,0.013181
410.000000,0.003049,0.003628,-0.000462,-0.000356,-0.006325
411.000000,0.001078,0.003783,-0.000607,-0.000065,-0.000977
412.000000,0.001476,0.002683,-0.000561,-0.000293,-0.003425
413.000000,0.001078,0.001725,-0.000365,-0.000324,0.002937
414.000000,-0.000486,0.002461,-0.000194,-0.000097,0.005362
415.000000,0.000877,0.001963,0.000000,-0.000194,0.000486
416.000000,0.000780,0.000929,0.000859,-0.000016,-0.001459
417.000000,0.001563,0.001519,0.001281,-0.000081,0.000486
418.000000,0.000975,0.001027,0.001431,0.000016,0.000000
419.000000,0.000291,-0.000097,0.002107,0.000016,0.001944
420.000000,-0.000194,0.000341,0.001984,-0.000194,-0.001944
421.000000,-0.000390,0.000195,0.001989,-0.000340,-0.002435
422.000000,-0.001269,0.000147,0.001415,-0.000325,-0.003908
423.000000,-0.002152,-0.000588,0.000569,-0.000440,-0.004415
424.000000,-0.001853,-0.000781,0.000840,-0.000390,0.003436
425.000000,-0.001464,-0.000829,0.000567,-0.000276,0.000000
426.000000,-0.001861,-0.001126,-0.000098,0.000197,-0.004419
427.000000,-0.001474,-0.001371,0.000074,0.000397,-0.001970
428.000000,0.001176,-0.000488,0.000270,0.000791,0.008837
429.000000,0.001075,-0.000389,-0.000243,0.001275,0.002928
430.000000,0.002261,0.000398,0.000370,0.001456,0.005928
431.000000,0.002834,0.000486,0.000341,0.001488,-0.001551
432.000000,0.001180,-0.000147,0.000000,0.000894,-0.010241
433.000000,-0.001472,-0.000148,-0.000368,0.000330,-0.004422
434.000000,-0.000683,0.000196,-0.000293,0.000625,0.006870
435.000000,-0.003933,-0.000836,-0.000833,0.000099,-0.010322
436.000000,-0.002637,0.000098,-0.000514,-0.000033,0.004929
437.000000,-0.001279,-0.000049,-0.000710,0.000033,-0.003447
438.000000,-0.001185,-0.001328,-0.000908,-0.000263,-0.003955
439.000000,-0.004350,-0.002517,-0.001453,-0.001001,-0.008955
440.000000,-0.004194,-0.004064,-0.001833,-0.001108,-0.009541
441.000000,-0.004073,-0.003355,-0.001434,-0.000891,0.005535
442.000000,-0.002982,-0.002130,-0.001139,-0.000710,0.002005
443.000000,-0.003296,-0.002241,-0.001194,-0.000992,-0.005523
444.000000,0.001989,-0.001181,-0.000492,-0.000589,0.017470
445.000000,0.000101,-0.002046,-0.001441,-0.001237,-0.018982
446.000000,-0.005288,-0.004680,-0.002291,-0.001902,-0.021408
447.000000,-0.008909,-0.005945,-0.002997,-0.002455,-0.016100
448.000000,-0.008433,-0.005865,-0.003596,-0.002560,-0.003146
449.000000,-0.013509,-0.005760,-0.004138,-0.002889,-0.007909
450.000000,-0.005937,-0.002918,-0.003491,-0.002195,0.018878
451.000000,0.000515,-0.002387,-0.002871,-0.001752,0.010850
452.000000,0.004657,-0.002126,-0.002128,-0.001468,0.004614
453.000000,0.009337,0.000452,-0.000894,-0.000645,0.020254
454.000000,0.009410,-0.002050,-0.001615,-0.001011,-0.007547
455.000000,0.007944,0.001004,-0.000521,-0.000626,0.011549
456.000000,0.006571,0.003543,-0.000569,-0.000346,0.003986
457.000000,0.004651,0.004654,-0.000645,-0.000447,-0.004985
458.000000,0.002392,0.005865,0.000000,-0.000443,0.008955
459.000000,0.003405,0.006408,0.000324,-0.000623,-0.002480
460.000000,0.001294,0.004619,0.000850,-0.000788,0.000993
461.000000,0.001979,0.004275,0.000944,-0.000489,0.007413
462.000000,0.004154,0.004403,0.001139,0.000049,0.005891
463.000000,0.000099,0.001245,0.000849,-0.000181,-0.011322
464.000000,0.001878,0.002642,0.000296,-0.000196,0.006415
465.000000,0.002563,0.001928,0.001466,0.000295,0.004417
466.000000,0.000884,0.001432,0.002487,0.000098,-0.000980
467.000000,0.001074,0.002614,0.003634,0.000441,0.006839
468.000000,0.004407,0.002253,0.004059,0.000751,0.005341
469.000000,0.002736,0.002307,0.004357,0.000985,-0.001939
470.000000,0.001269,0.001916,0.003267,0.001206,-0.002915
471.000000,0.000392,0.000638,0.002457,0.000842,-0.005367
472.000000,-0.000780,0.000147,0.002275,0.000808,0.000978
473.000000,-0.000971,0.001718,0.001482,0.001138,0.004389
474.000000,-0.001559,0.000589,0.001615,0.000394,-0.004878
475.000000,-0.000292,0.000489,0.001208,0.001140,0.003417
476.000000,0.001268,0.000830,0.001131,0.001935,0.002434
477.000000,0.001267,0.000243,0.001429,0.002504,0.000972
478.000000,0.001164,0.000097,0.001175,0.002738,0.003878
479.000000,0.003298,0.000870,0.001588,0.003195,0.005789
480.000000,0.002036,0.000872,0.001394,0.002469,-0.002890
481.000000,-0.001268,0.000000,0.000319,0.001638,-0.014088
482.000000,-0.000292,0.000488,0.000317,0.001679,0.005854
483.000000,-0.000387,0.000389,0.001053,0.001117,0.003399
484.000000,-0.002225,0.000536,0.000562,0.001256,-0.003399
485.000000,-0.001647,0.000195,0.000342,0.000871,0.000000
486.000000,0.000391,-0.000438,0.000196,0.000608,-0.003899
487.000000,-0.001367,-0.000829,-0.000293,0.000676,-0.002934
488.000000,-0.004907,-0.002647,-0.001275,-0.000099,-0.014304
489.000000,-0.001073,-0.001649,-0.000390,0.000509,0.015772
490.000000,-0.003236,-0.002442,-0.000785,0.000116,-0.010816
491.000000,-0.004144,-0.001877,-0.000938,-0.000413,-0.008439
492.000000,-0.005461,-0.003414,-0.001463,-0.000926,-0.009517
493.000000,0.000496,-0.002205,-0.000908,-0.000033,0.015481
494.000000,0.001462,0.000194,0.000365,0.000440,0.020599
495.000000,0.005172,0.000968,0.000581,0.000550,0.007737
496.000000,0.005216,0.000536,0.000049,0.000309,-0.008223
497.000000,0.009629,0.002084,0.000627,0.000499,0.012548
498.000000,0.007394,0.003945,0.000649,0.000465,0.004307
499.000000,0.001355,0.001408,-0.000120,0.000210,-0.009597
500.000000,-0.000966,0.002103,-0.000169,0.000178,-0.003865
501.000000,0.000969,0.003092,0.000608,0.000405,0.001451
502.000000,-0.000480,0.004574,0.000580,0.000549,0.005302
503.000000,-0.003857,0.001768,-0.000219,-0.000016,-0.012579
504.000000,-0.006169,-0.002407,-0.001107,-0.000559,-0.021157
505.000000,-0.005595,-0.003281,-0.001156,-0.000706,-0.000995
506.000000,-0.005488,-0.002259,-0.000862,-0.000721,0.001989
507.000000,-0.004473,-0.002476,-0.000196,-0.000407,0.010378
508.000000,-0.001859,-0.002858,0.000543,-0.000520,0.000492
509.000000,0.002176,-0.001997,-0.000294,-0.000746,-0.000983
510.000000,0.001784,-0.001906,0.000099,-0.000748,-0.002956
511.000000,0.000199,-0.002645,0.000224,-0.000476,-0.005938
512.000000,-0.002274,-0.003374,0.000600,-0.000738,-0.001987
513.000000,0.000980,-0.000439,0.000665,-0.000292,0.016766
514.000000,0.001665,0.001921,-0.000243,-0.000097,0.002442
515.000000,0.003036,0.002410,-0.000435,0.000032,0.003895
516.000000,0.006350,0.003274,0.000507,0.000517,0.010633
517.000000,0.006651,0.002188,-0.000144,0.000599,-0.000481
518.000000,0.002623,0.001802,-0.000528,0.000963,-0.003373
519.000000,0.001361,0.001513,-0.000242,0.000308,-0.003868
520.000000,-0.000974,0.001031,-0.000438,0.000409,-0.007782
521.000000,-0.001932,0.002209,-0.000218,0.000885,0.005842
522.000000,-0.004573,0.001039,-0.001167,0.000746,-0.013685
523.000000,-0.002232,0.000195,-0.000122,0.000508,0.008331
524.000000,0.001159,0.001260,0.001591,0.000258,0.013091
525.000000,0.000974,0.000000,0.001205,-0.000290,-0.008708
526.000000,0.002125,0.000096,0.001685,0.000370,0.011594
527.000000,0.003899,-0.000337,0.000926,-0.000208,-0.004815
528.000000,0.001846,-0.000193,0.000804,-0.000416,-0.001932
529.000000,0.001440,0.001300,0.001406,0.000272,0.011060
530.000000,0.002511,0.001743,0.001387,0.000289,-0.003353
531.000000,0.000384,0.001254,0.001731,0.000273,0.000959
532.000000,0.001634,0.002766,0.001903,0.000144,0.001437
533.000000,0.000483,0.001164,0.000680,0.000307,-0.007689
534.000000,-0.002502,-0.000531,0.000365,0.000883,-0.003867
535.000000,-0.001832,0.000340,0.000170,0.000916,0.000000
536.000000,-0.001443,-0.000530,-0.000217,0.000947,0.002901
537.000000,-0.001056,0.000289,-0.000024,0.000713,0.003374
538.000000,0.002398,0.001440,0.000624,0.001016,0.009579
539.000000,0.002885,0.000191,0.000745,0.001001,-0.001431
540.000000,0.002407,0.000287,0.001015,0.001020,-0.002389
541.000000,0.002304,0.000431,0.000842,0.001298,0.002389
542.000000,0.001630,0.000287,0.001527,0.001364,0.000000
543.000000,-0.000477,0.000960,0.001062,0.000773,-0.000955
544.000000,-0.000191,0.001347,0.000408,0.000692,0.000000
545.000000,0.001145,0.001776,0.001058,0.000705,0.004291
546.000000,-0.001533,0.000386,-0.000072,-0.000016,-0.011002
547.000000,-0.001533,0.000048,0.000169,0.000000,0.000000
548.000000,-0.003665,-0.002071,-0.000315,-0.000275,-0.011611
549.000000,-0.003665,-0.001928,-0.000868,-0.000146,0.000000
550.000000,-0.002972,-0.000913,-0.000313,0.000372,0.007756
551.000000,-0.002420,-0.001976,-0.000773,-0.000097,-0.008242
552.000000,-0.001061,-0.001297,-0.000505,0.000585,0.006793
553.000000,0.000971,-0.001347,-0.000193,0.000259,-0.001452
554.000000,0.003186,-0.000239,0.000554,0.000192,0.011076
555.000000,0.000675,-0.001148,0.000314,0.000322,-0.004801
556.000000,0.002131,-0.000144,0.000121,-0.000096,-0.000963
557.000000,0.000579,-0.000241,-0.000096,0.000032,-0.000964
558.000000,0.000387,0.000679,-0.000696,0.000016,-0.002414
559.000000,-0.003771,-0.000292,-0.001110,-0.000676,-0.009714
560.000000,-0.002518,-0.000922,-0.000917,-0.000516,0.001463
561.000000,-0.002618,-0.000244,-0.001110,-0.000597,-0.001463
562.000000,-0.001258,-0.000339,-0.000818,-0.000450,0.005839
563.000000,-0.000775,-0.000194,-0.000770,-0.000194,0.000000
564.000000,0.000585,-0.001593,-0.000916,-0.000162,-0.002915
565.000000,-0.000683,-0.001601,-0.001375,-0.000324,-0.004878
566.000000,0.001265,-0.000677,-0.000411,-0.000145,0.008279
567.000000,0.000194,-0.000532,-0.000386,-0.000241,0.000485
568.000000,0.000485,-0.000145,0.000267,-0.000512,0.001453
569.000000,0.001261,0.000923,0.000315,-0.000432,0.000968
570.000000,0.002816,0.001066,0.000072,-0.000256,0.002897
571.000000,0.000484,0.000875,0.000315,-0.000449,-0.003381
572.000000,0.001353,0.000773,0.000217,-0.000288,0.004826
573.000000,0.001927,0.001206,0.000506,-0.000112,0.004324
574.000000,0.001541,0.001401,-0.000096,-0.000144,-0.000959
575.000000,-0.001064,0.000876,-0.000362,-0.000624,-0.010128
576.000000,0.000483,0.000484,-0.000096,-0.000112,0.004353
577.000000,-0.001062,0.000145,-0.000193,-0.000209,-0.002900
578.000000,-0.002217,-0.000145,-0.000145,0.000130,-0.001453
579.000000,-0.001929,-0.000194,0.000365,0.000146,0.000485
580.000000,-0.000097,-0.000580,0.000243,-0.000145,-0.000969
581.000000,-0.002135,-0.000826,0.000024,-0.000065,-0.005837
582.000000,-0.000776,-0.000919,-0.000073,-0.000162,0.003895
583.000000,0.000000,-0.001109,0.000048,-0.000032,0.002427
584.000000,-0.001459,-0.001694,-0.000146,-0.000628,-0.006809
585.000000,0.000000,-0.000048,0.000414,-0.000258,0.006325
586.000000,0.001555,-0.000290,0.000097,-0.000161,0.001938
587.000000,-0.000486,-0.000631,-0.000243,-0.000339,-0.006312
588.000000,-0.002144,-0.001072,-0.000609,-0.000454,-0.005862
589.000000,-0.000293,-0.000876,-0.000535,-0.000049,0.002447
590.000000,0.000291,0.000145,-0.000217,0.000211,0.009244
591.000000,-0.000970,0.000292,-0.000267,0.000114,-0.004368
592.000000,0.000584,0.000049,-0.000435,-0.000032,0.001458
593.000000,0.000880,-0.000632,-0.000870,-0.000178,-0.004381
594.000000,0.003392,0.001550,-0.000072,0.000419,0.015009
595.000000,0.001159,0.000725,0.000338,0.000518,-0.001924
596.000000,0.002993,0.001011,0.000361,0.000402,0.004803
597.000000,0.001837,0.001210,0.000290,0.000241,-0.004322
598.000000,0.002231,0.001556,0.000242,0.000113,-0.002409
599.000000,-0.000385,0.001504,0.000314,0.000145,0.001928
600.000000,0.000000,0.000579,0.000362,0.000048,0.000000
601.000000,-0.002701,0.000146,0.000219,-0.000129,-0.008704
602.000000,-0.000868,0.000484,0.000267,-0.000129,0.004845
603.000000,-0.000483,0.000874,0.000121,-0.000289,-0.000483
604.000000,-0.001159,-0.000772,0.000389,-0.000305,-0.001452
605.000000,-0.001159,-0.000579,0.000073,0.000032,0.000000
606.000000,0.000582,-0.001060,-0.000024,-0.000113,0.000000
607.000000,-0.000678,-0.000773,0.000219,-0.000065,-0.001454
608.000000,-0.002530,-0.001507,0.000024,-0.000341,-0.009747
609.000000,-0.002436,-0.001797,-0.000147,-0.000390,-0.000980
610.000000,-0.004308,-0.002733,-0.001077,-0.000669,-0.009357
611.000000,-0.004803,-0.002111,-0.000982,-0.000557,-0.002477
612.000000,-0.002636,-0.001657,-0.000586,-0.000375,0.009380
613.000000,0.000391,-0.001070,-0.000098,-0.000276,0.005391
614.000000,-0.000098,-0.001267,-0.001019,-0.000163,-0.003427
615.000000,0.000869,-0.001719,-0.001149,-0.000525,-0.004522
616.000000,0.001581,-0.001611,-0.001335,-0.000553,0.001083
617.000000,0.000295,-0.001171,-0.000972,-0.000244,0.002948
618.000000,0.000488,0.000440,-0.000533,0.000163,0.006359
619.000000,-0.000196,-0.000147,-0.000972,-0.000147,-0.006849
620.000000,0.001198,0.001034,-0.000850,-0.000373,0.002452
621.000000,0.000982,0.001281,-0.000415,-0.000228,0.000000
622.000000,-0.000787,-0.000246,-0.000951,-0.000473,-0.005894
623.000000,-0.003046,-0.001279,-0.001174,-0.000491,-0.004938
624.000000,-0.003566,-0.001881,-0.001574,-0.001307,-0.009450
625.000000,-0.009220,-0.004011,-0.002865,-0.002103,-0.025818
626.000000,-0.006167,-0.002592,-0.002102,-0.001754,0.015267
627.000000,-0.003078,-0.001932,-0.001551,-0.001292,0.009550
628.000000,-0.001790,-0.002418,-0.000989,-0.001162,0.001500
629.000000,0.000000,-0.001783,-0.000965,-0.001243,-0.000500
630.000000,0.005762,-0.001729,-0.000348,-0.001143,0.002994
631.000000,0.001208,-0.002479,-0.000599,-0.001103,-0.007502
632.000000,0.000100,-0.001489,-0.000867,-0.001131,0.004008
633.000000,0.001790,0.000000,-0.000639,-0.000783,0.009950
634.000000,0.003468,0.001734,-0.000074,-0.000471,0.007890
635.000000,0.003262,0.004512,0.000251,-0.000406,0.001963
636.000000,0.005252,0.003230,0.000319,-0.000324,0.002448
637.000000,0.005620,0.002860,0.000464,-0.000081,0.005851
638.000000,0.003533,0.002662,0.000122,0.000228,-0.000486
639.000000,0.001663,0.002566,0.000391,0.000212,-0.001460
640.000000,0.000783,0.002022,0.000147,0.000442,-0.002438
641.000000,-0.002361,0.001445,-0.000517,0.000083,-0.013271
642.000000,-0.003432,0.001094,-0.000197,-0.000214,0.000495
643.000000,-0.005123,-0.000795,-0.000398,-0.000691,-0.008942
644.000000,-0.005832,-0.002084,-0.000175,-0.000744,-0.005003
645.000000,-0.002951,-0.001084,0.001714,-0.000194,0.011964
646.000000,0.000297,-0.001032,0.001099,-0.000131,0.002969
647.000000,0.000888,-0.001272,0.000794,-0.000115,0.003453
648.000000,0.002873,-0.001125,0.000768,-0.000294,0.000984
649.000000,0.003085,-0.001373,0.000596,-0.000197,-0.003943
650.000000,0.001186,-0.000883,0.000570,-0.000196,0.002466
651.000000,0.001477,0.000887,0.001166,-0.000049,0.004424
652.000000,-0.000197,0.000346,0.000720,-0.000016,-0.004916
653.000000,-0.001184,0.000845,0.000025,0.000016,-0.003951
654.000000,0.000985,0.002035,-0.000025,0.000562,0.006903
655.000000,-0.000394,0.000396,-0.000344,0.001274,-0.004432
656.000000,-0.001872,-0.000198,-0.000615,0.000667,-0.002966
657.000000,-0.001020,-0.000608,-0.000940,0.000327,-0.000654
658.000000,-0.000099,-0.000642,-0.000883,0.000298,0.000654
659.000000,-0.000689,0.000148,-0.000613,0.000447,0.003953
660.000000,0.000296,-0.000049,-0.000466,0.000363,0.000493
661.000000,0.000198,-0.000837,0.000025,0.000498,-0.003456
662.000000,-0.003063,-0.002041,-0.000848,-0.000201,-0.016958
663.000000,-0.010154,-0.005127,-0.002141,-0.001692,-0.034804
664.000000,-0.022413,-0.011551,-0.004758,-0.003867,-0.057342
665.000000,-0.019555,-0.009630,-0.004617,-0.003439,0.014783
666.000000,-0.013470,-0.006636,-0.003417,-0.002622,0.026970
667.000000,-0.006753,-0.004908,-0.002758,-0.002263,0.016631
668.000000,0.002382,-0.003886,-0.002264,-0.001884,0.010867
669.000000,0.012404,-0.005005,-0.002428,-0.002077,-0.007231
670.000000,0.004514,-0.007521,-0.003785,-0.002818,-0.024667
671.000000,0.000708,-0.006381,-0.003609,-0.002111,0.007939
672.000000,-0.001777,-0.004265,-0.003153,-0.001987,0.004208
673.000000,-0.006805,-0.002212,-0.003669,-0.002165,-0.014275
674.000000,-0.002294,0.005055,-0.003248,-0.001487,0.015324
675.000000,0.000000,0.002257,-0.003686,-0.002326,-0.013196
676.000000,-0.001057,-0.000175,-0.003405,-0.002336,0.002653
677.000000,-0.001475,-0.001626,-0.003267,-0.002381,0.002118
678.000000,0.000000,-0.003403,-0.003645,-0.002644,-0.006898
679.000000,-0.002109,-0.002201,-0.003603,-0.002353,0.004781
680.000000,0.001271,0.000636,-0.003443,-0.002311,0.003703
681.000000,0.003467,0.001205,-0.002588,-0.002004,0.013634
682.000000,0.001580,0.000052,-0.002106,-0.002085,-0.007318
683.000000,0.000319,0.000160,-0.001026,-0.002393,-0.013203
684.000000,-0.002990,-0.002549,0.001253,-0.003015,-0.011765
685.000000,-0.004485,-0.001607,0.000325,-0.002993,-0.003773
686.000000,-0.005920,-0.001226,-0.000701,-0.002679,0.006459
687.000000,-0.004563,-0.001491,-0.001559,-0.002675,-0.000531
688.000000,-0.006593,-0.003137,-0.003270,-0.003475,-0.023357
689.000000,-0.005453,-0.004221,-0.003211,-0.003809,-0.006062
690.000000,-0.001518,-0.003001,-0.001183,-0.003296,0.015904
691.000000,-0.002049,-0.003985,-0.001390,-0.003054,0.003801
692.000000,-0.000646,-0.002604,-0.001276,-0.002272,0.006483
693.000000,0.007442,0.000424,0.000292,-0.000543,0.017085
694.000000,0.009711,0.002129,-0.000210,0.001545,0.005280
695.000000,0.008312,0.003397,0.000895,0.001349,0.008912
696.000000,0.010351,0.004151,0.001462,0.000917,0.013993
697.000000,0.009876,0.004615,0.001562,0.000499,0.004109
698.000000,0.005614,0.006528,0.001696,-0.000004,-0.004222
699.000000,0.003549,0.006630,0.001204,0.000069,-0.005047
700.000000,-0.000209,0.004052,0.000525,0.000562,-0.009878
701.000000,-0.001032,0.004659,0.000337,0.000627,0.009878
702.000000,0.000512,0.005194,0.001295,0.000881,0.011828
703.000000,0.001867,0.003741,0.002083,0.001442,0.002553
704.000000,0.003691,0.003620,0.002874,0.001066,0.004071
705.000000,0.004239,0.002015,0.002706,0.001269,-0.007136
706.000000,0.005108,0.002038,0.003094,0.001654,0.014221
707.000000,0.003948,0.002230,0.003423,0.001785,0.006033
708.000000,0.002231,0.002049,0.004289,0.001813,-0.006033
709.000000,0.000710,0.002200,0.004415,0.001536,-0.003536
710.000000,0.002541,0.003390,0.003721,0.001480,0.002022
711.000000,-0.000404,0.002352,0.003506,0.001009,-0.000505
712.000000,-0.000100,0.001924,0.003559,0.001505,0.007551
713.000000,0.001607,0.001919,0.002830,0.002028,0.002504
714.000000,0.004008,0.002359,0.002989,0.002703,0.008468
715.000000,0.002709,0.002625,0.002320,0.002679,-0.004474
716.000000,0.002511,0.001053,0.001546,0.002414,-0.001496
717.000000,-0.000603,-0.000351,0.000939,0.002165,-0.008016
718.000000,-0.003839,-0.001116,0.000467,0.002487,-0.013675
719.000000,-0.004109,-0.000051,0.001075,0.002926,0.007114
720.000000,-0.002911,-0.000101,0.001645,0.002447,0.001518
721.000000,-0.005156,-0.001323,0.000515,0.001896,-0.012720
722.000000,-0.005508,-0.003055,-0.000566,0.001354,-0.009776
723.000000,-0.000613,-0.002226,-0.000153,0.001145,0.010800
724.000000,-0.001525,-0.002817,-0.000229,0.001054,0.002554
725.000000,0.002412,-0.000249,0.001188,0.001464,0.021202
726.000000,0.002342,-0.001407,-0.000177,0.000561,-0.013072
727.000000,0.005809,0.000151,-0.000100,0.000676,0.007562
728.000000,0.002743,0.001065,-0.000025,0.000666,-0.004531
729.000000,0.001707,0.000091,0.000020,0.000747,-0.002627
730.000000,-0.002210,0.000101,0.000000,0.001130,0.001617
731.000000,0.000707,0.001524,0.000101,0.000851,0.001514
732.000000,-0.000604,0.002603,-0.000226,0.000491,0.001008
733.000000,0.001207,0.001975,-0.000125,0.000556,0.004524
734.000000,-0.000385,0.000661,-0.001078,0.000068,-0.010587
735.000000,-0.003053,-0.002632,-0.001441,-0.000085,-0.011726
736.000000,-0.000910,-0.000101,-0.000754,-0.000152,0.012233
737.000000,-0.003660,-0.002132,-0.000991,-0.000778,-0.012746
738.000000,-0.004565,-0.001679,-0.000307,-0.000576,0.000000
739.000000,-0.004407,-0.002396,-0.001152,-0.000785,-0.009796
740.000000,-0.001235,-0.002144,-0.001021,-0.000715,0.004137
741.000000,-0.007221,-0.004065,-0.001270,-0.001288,-0.017700
742.000000,-0.007848,-0.005754,-0.001576,-0.002069,-0.015882
743.000000,-0.005198,-0.004882,-0.001453,-0.001711,0.013252
744.000000,0.000000,-0.002204,-0.000771,-0.001453,0.016193
745.000000,-0.002179,-0.001707,-0.002169,-0.001529,-0.006759
746.000000,0.000210,-0.003506,-0.001803,-0.001671,-0.005755
747.000000,0.002545,-0.002652,-0.002392,-0.001544,-0.004206
748.000000,0.002616,-0.001291,-0.001485,-0.000635,0.013606
749.000000,0.001857,0.000928,-0.000734,-0.000459,0.012397
750.000000,0.004028,0.000925,-0.000610,-0.000373,0.004098
751.000000,0.002917,0.001563,-0.001251,-0.000326,-0.011311
752.000000,0.005918,0.004232,-0.000761,0.000360,0.010800
753.000000,0.002890,0.002753,-0.001064,-0.000051,-0.001536
754.000000,-0.001443,0.000207,-0.000998,-0.000445,-0.009264
755.000000,-0.004969,-0.000471,-0.001089,-0.001603,-0.013535
756.000000,-0.003337,-0.000210,-0.001858,-0.001272,-0.003150
757.000000,-0.007505,-0.000793,-0.001723,-0.001859,-0.010040
758.000000,-0.009978,-0.003544,-0.002418,-0.002171,-0.013904
759.000000,-0.011164,-0.006303,-0.002688,-0.002590,-0.015193
760.000000,-0.010878,-0.007923,-0.003499,-0.003048,-0.012101
761.000000,-0.008484,-0.005911,-0.002174,-0.002804,0.008815
762.000000,-0.011926,-0.009715,-0.002742,-0.003746,-0.027247
763.000000,-0.005680,-0.007829,-0.002538,-0.003319,0.017324
764.000000,-0.007805,-0.009484,-0.004639,-0.003827,-0.025815
765.000000,-0.007672,-0.009275,-0.004873,-0.003817,-0.011435
766.000000,-0.015388,-0.011936,-0.006073,-0.005217,-0.029766
767.000000,-0.006299,-0.009112,-0.004953,-0.004186,0.018198
768.000000,-0.004595,-0.005138,-0.004341,-0.003324,0.025841
769.000000,-0.004020,-0.005912,-0.006108,-0.003762,-0.022937
770.000000,0.000918,-0.003377,-0.005650,-0.003459,0.013253
771.000000,0.005608,-0.004890,-0.005400,-0.003079,-0.006316
772.000000,0.006974,0.000338,-0.004689,-0.001715,0.025030
773.000000,0.006909,0.001157,-0.003336,-0.001307,0.025514
774.000000,0.010508,0.003244,-0.003120,-0.002011,-0.004941
775.000000,0.005755,0.003336,-0.002969,-0.002136,-0.010512
776.000000,0.009011,0.007309,-0.002313,-0.001612,0.009961
777.000000,0.004664,0.005819,-0.001647,-0.001362,0.003299
778.000000,-0.004094,0.001407,-0.001865,-0.002425,-0.018278
779.000000,-0.009005,0.000751,-0.002580,-0.003821,-0.029497
780.000000,-0.009219,-0.001732,-0.002554,-0.004344,-0.011581
781.000000,-0.011445,-0.001217,-0.003054,-0.004006,-0.001166
782.000000,-0.016466,-0.005901,-0.002782,-0.005093,-0.021810
783.000000,-0.009736,-0.006915,-0.002879,-0.004529,0.015376
784.000000,0.001491,-0.003757,-0.000256,-0.003332,0.026637
785.000000,0.007656,-0.000782,0.001277,-0.002240,0.019242
786.000000,0.005407,-0.003019,0.002145,-0.002549,-0.012409
787.000000,0.010901,-0.002783,0.001518,-0.002025,0.005659
788.000000,0.008502,-0.000617,0.000395,-0.001449,0.003380
789.000000,0.001707,0.001599,0.001175,-0.001187,-0.007338
790.000000,0.000336,0.003996,0.001132,-0.000371,0.012388
791.000000,0.003822,0.004615,0.001699,-0.000497,0.005024
792.000000,0.005126,0.008013,0.001056,0.000817,0.012175
793.000000,0.002460,0.005481,-0.000717,-0.000092,-0.009950
794.000000,0.008974,0.005341,0.000792,0.001609,0.025234
795.000000,0.006929,0.003633,0.001426,0.002063,0.002165
796.000000,0.004187,0.004005,0.000493,0.002765,-0.008686
797.000000,0.004568,0.004847,0.001032,0.002628,0.014077
798.000000,0.006235,0.004347,0.001865,0.001713,-0.001614
799.000000,0.000108,0.004541,0.003070,0.002297,-0.005400
800.000000,-0.000108,0.003411,0.003703,0.001891,0.001082
801.000000,0.001953,0.003070,0.003843,0.002156,0.001621
802.000000,0.003094,0.003831,0.005922,0.001981,0.019781
803.000000,0.004789,0.005512,0.005496,0.001359,0.006858
804.000000,0.005131,0.002620,0.003980,0.001401,-0.003687
805.000000,0.006910,0.003401,0.003517,0.002084,0.009976
806.000000,0.007524,0.004739,0.004372,0.001908,0.004691
807.000000,0.005122,0.004108,0.004477,0.002057,0.007770
808.000000,0.005087,0.004938,0.004643,0.002890,0.006686
809.000000,0.004488,0.004809,0.004675,0.003650,-0.006686
810.000000,0.000104,0.003507,0.003459,0.003638,-0.011939
811.000000,-0.001986,0.002769,0.002920,0.003485,-0.005761
812.000000,-0.002388,0.001367,0.002599,0.004404,0.005761
813.000000,-0.002061,0.001513,0.003513,0.004169,0.008320
814.000000,-0.001346,0.001571,0.002095,0.003177,-0.003112
815.000000,0.000417,0.000261,0.001831,0.002432,-0.003122
816.000000,0.003849,0.000932,0.002835,0.003225,0.011399
817.000000,0.002181,-0.000103,0.002002,0.002951,-0.002579
818.000000,-0.002082,-0.002072,0.001433,0.002405,-0.012997
819.000000,0.001036,-0.000155,0.002327,0.003065,0.012481
820.000000,-0.002517,-0.001050,0.001229,0.001956,-0.020888
821.000000,-0.004270,-0.000210,0.001279,0.001876,0.002635
822.000000,-0.003228,-0.000524,0.000422,0.001558,0.002628
823.000000,0.001044,-0.000519,0.000497,0.002169,0.008364
824.000000,0.000516,0.000776,0.001173,0.001656,0.009842
825.000000,0.003764,0.000623,0.000442,0.001428,-0.004650
826.000000,0.003651,-0.000310,0.000311,0.001787,0.002069
827.000000,0.005488,0.001130,0.000513,0.001712,0.011816
828.000000,0.006151,0.003598,0.000763,0.002155,0.011678
829.000000,0.003981,0.002248,0.001047,0.002301,-0.001010
830.000000,0.005718,0.004741,0.001845,0.002399,0.004034
831.000000,0.005304,0.004477,0.002133,0.002345,0.000000
832.000000,0.001425,0.003457,0.001467,0.001433,-0.007578
833.000000,0.001408,0.003780,0.001630,0.001591,0.011596
834.000000,0.003705,0.003843,0.002309,0.002063,0.010471
835.000000,0.001903,0.003810,0.002217,0.001565,-0.004973
836.000000,0.002202,0.003753,0.001722,0.001458,0.001494
837.000000,0.003319,0.002372,0.001751,0.001133,-0.001993
838.000000,-0.001207,0.000101,0.001849,0.000542,-0.011033
839.000000,-0.002596,0.000554,0.001401,0.000883,0.003524
840.000000,0.000199,0.001051,0.002896,0.001581,0.009005
841.000000,0.002375,0.002289,0.003383,0.002185,0.012373
842.000000,0.000299,0.001809,0.002633,0.001581,-0.012373
843.000000,0.001807,0.000300,0.002040,0.001187,-0.003492
844.000000,0.000201,-0.001198,0.001323,0.001140,-0.004508
845.000000,-0.001801,-0.000801,0.001505,0.001211,-0.001005
846.000000,-0.004980,-0.001303,0.001225,0.000714,-0.003524
847.000000,-0.000999,-0.000350,0.001011,0.001051,0.007536
848.000000,0.000898,0.001352,0.000727,0.001684,0.005988
849.000000,0.001998,0.001099,0.000827,0.001301,0.000995
850.000000,0.000602,-0.000599,0.000226,0.001731,-0.007984
851.000000,0.000604,-0.002188,0.000050,0.001526,-0.003513
852.000000,-0.003127,-0.002063,-0.000127,0.001068,-0.011122
853.000000,0.000398,0.000648,0.000474,0.001576,0.023613
854.000000,0.001387,0.001692,0.000247,0.001446,0.005941
855.000000,0.003477,0.002039,0.000619,0.001683,0.002465
856.000000,0.006431,0.003518,0.001108,0.001989,0.011261
857.000000,0.007484,0.002178,0.000914,0.001400,-0.005859
858.000000,0.002859,0.001628,0.001490,0.001027,0.000490
859.000000,0.002258,0.001822,0.001461,0.001159,0.002933
860.000000,0.001080,0.002278,0.000840,0.000910,-0.003422
861.000000,-0.001662,0.002385,0.000098,0.000828,-0.002452
862.000000,-0.000098,0.003693,0.000815,0.001146,0.001962
863.000000,-0.000392,0.001234,0.000941,0.000727,-0.000980
864.000000,-0.001273,0.000492,0.001092,0.000329,-0.001472
865.000000,-0.001179,-0.000049,0.000995,0.000396,-0.002951
866.000000,-0.002868,-0.002265,0.000626,-0.000017,-0.010897
867.000000,-0.004059,-0.002078,0.000050,-0.000083,-0.003992
868.000000,-0.003962,-0.002177,-0.000274,0.000268,-0.000500
869.000000,-0.001182,-0.001228,0.000297,0.000565,0.012429
870.000000,-0.001285,-0.001232,0.000523,0.000149,-0.003464
871.000000,0.002770,-0.000049,0.001168,0.000049,0.009376
872.000000,0.002089,-0.000985,0.001354,0.000215,-0.007395
873.000000,0.001892,-0.001035,0.000099,0.000282,-0.001486
874.000000,0.000493,-0.000344,0.000074,0.000613,0.005436
875.000000,-0.001293,-0.001289,-0.000669,0.000234,-0.012398
876.000000,-0.008324,-0.002777,-0.002521,-0.000508,-0.025779
877.000000,-0.003796,-0.000854,-0.001466,-0.000251,0.015244
878.000000,-0.001592,0.000150,-0.001014,-0.000133,0.009536
879.000000,-0.001583,-0.000545,-0.000886,0.000017,0.005479
880.000000,0.002873,0.000790,-0.000221,0.000612,0.009886
881.000000,0.007142,-0.000591,-0.000320,0.000581,-0.004437
882.000000,0.005373,0.000789,-0.000098,0.001166,0.006402
883.000000,0.003761,0.001084,0.000025,0.000428,0.001472
884.000000,0.003838,0.001127,0.000391,0.000425,0.005865
885.000000,0.002444,0.002659,0.000685,0.000440,0.002920
886.000000,0.004205,0.005673,0.001448,0.000210,0.004364
887.000000,0.003311,0.004342,0.001744,0.000470,0.001933
888.000000,0.003499,0.003630,0.001890,0.000534,0.002411
889.000000,0.001940,0.002889,0.001172,0.000372,-0.001929
890.000000,0.003373,0.002909,0.001849,0.000822,0.010084
891.000000,0.002117,0.003161,0.001285,0.000840,-0.001913
892.000000,0.001347,0.002329,0.001559,0.000711,-0.001917
893.000000,-0.001645,0.000927,0.001006,0.000325,-0.012548
894.000000,0.000867,0.001403,0.001265,0.000729,0.010628
895.000000,-0.001824,0.000774,0.001717,0.000715,-0.003369
896.000000,-0.000383,0.000867,0.003270,0.001254,0.005290
897.000000,0.000383,0.000865,0.002604,0.001451,0.001917
898.000000,0.003180,0.000768,0.002199,0.001516,0.001435
899.000000,0.001818,0.001342,0.002116,0.001229,0.003817
900.000000,-0.000386,-0.001105,0.000902,0.000865,-0.014389
901.000000,-0.000865,-0.000624,0.001268,0.000649,0.002894
902.000000,-0.002117,-0.000867,0.000731,0.000750,-0.004345
903.000000,-0.002889,0.000146,0.000536,0.000719,-0.002422
904.000000,-0.003265,-0.000723,0.000340,0.000602,0.001938
905.000000,-0.000193,-0.000290,0.000242,0.001048,0.000968
906.000000,0.001153,0.000144,0.000505,0.002228,0.009625
907.000000,0.000000,-0.001059,-0.000097,0.001383,-0.010108
908.000000,0.000774,-0.001057,-0.000145,0.001113,0.001450
909.000000,0.002788,-0.000238,0.000552,0.001331,0.012005
910.000000,0.002403,0.001105,0.000000,0.000970,-0.000955
911.000000,0.000861,0.001007,0.000191,0.001181,0.001914
912.000000,0.002500,0.001250,0.000191,0.000904,-0.001914
913.000000,0.003448,0.002111,0.001128,0.001061,0.006192
914.000000,0.002655,0.002722,0.000999,0.001134,0.008040
915.000000,0.000000,0.001202,0.000456,0.000562,-0.014232
916.000000,-0.000478,0.000191,0.000168,0.000401,-0.000478
917.000000,-0.001246,0.000627,-0.000216,0.000145,-0.005753
918.000000,-0.003062,0.000193,-0.000432,-0.000032,-0.002889
919.000000,-0.003612,-0.000478,-0.000358,0.000208,0.005290
920.000000,-0.000958,-0.000479,0.000313,-0.000160,-0.000960
921.000000,-0.001439,-0.000959,0.000024,-0.000192,-0.002885
922.000000,0.000768,-0.000239,0.000505,0.000048,0.005282
923.000000,-0.000676,-0.001869,0.000121,0.000129,-0.010108
924.000000,-0.001058,-0.002335,0.000193,-0.000112,0.003381
925.000000,0.000192,-0.000383,0.000409,0.000176,0.005290
926.000000,0.000577,-0.000431,-0.000120,-0.000032,-0.000960
927.000000,-0.000384,0.000192,0.000410,-0.000080,0.000480
928.000000,-0.002728,-0.001702,-0.000754,-0.000855,-0.021830
929.000000,-0.002523,-0.001791,-0.001134,-0.000836,0.004404
930.000000,-0.004364,-0.002086,-0.001282,-0.000487,-0.003914
931.000000,-0.006539,-0.002981,-0.001970,-0.000978,-0.011834
932.000000,-0.004660,-0.002522,-0.001381,-0.000504,0.009872
933.000000,-0.002269,-0.002498,-0.002184,-0.000752,-0.009872
934.000000,-0.002358,-0.002440,-0.002388,-0.000685,0.003960
935.000000,-0.001674,-0.003019,-0.001701,-0.000733,-0.000494
936.000000,-0.000596,-0.003567,-0.001999,-0.001269,-0.006447
937.000000,-0.000492,-0.002576,-0.001192,-0.000586,0.010394
938.000000,0.001209,-0.000530,-0.001116,-0.000680,-0.001370
939.000000,0.000099,-0.001129,-0.001460,-0.001133,-0.001589
940.000000,0.001281,-0.000196,-0.001141,-0.000920,0.005417
941.000000,0.002079,0.000741,-0.001120,-0.001066,-0.002459
942.000000,-0.002477,-0.001484,-0.002003,-0.001415,-0.012386
943.000000,-0.001308,-0.000050,-0.001274,-0.001472,0.004477
944.000000,-0.000198,-0.000049,-0.001245,-0.001608,0.003962
945.000000,-0.003268,-0.000994,-0.002006,-0.001465,-0.009936
946.000000,-0.003076,-0.000499,-0.002033,-0.001499,-0.001499
947.000000,0.000299,-0.001089,-0.001833,-0.001158,0.004490
948.000000,-0.002196,-0.001752,-0.001141,-0.001328,-0.007996
949.000000,-0.001289,-0.000743,-0.000936,-0.001221,0.008494
950.000000,-0.001202,-0.002235,-0.001216,-0.001506,-0.009498
951.000000,-0.000601,-0.001839,-0.000549,-0.001359,0.001506
952.000000,-0.004226,-0.001963,-0.001724,-0.001990,-0.013633
953.000000,-0.002321,-0.002259,-0.001154,-0.001602,0.001524
954.000000,-0.005038,-0.003164,-0.001607,-0.001884,-0.005089
955.000000,-0.001715,-0.001458,-0.001226,-0.001824,0.007117
956.000000,-0.000201,-0.000401,-0.000450,-0.001489,0.009077
957.000000,0.000785,-0.001720,-0.001405,-0.001795,-0.008702
958.000000,0.000507,-0.000907,-0.001330,-0.001063,0.000132
959.000000,0.002030,-0.001504,-0.001124,-0.001126,0.002528
960.000000,-0.000710,-0.001213,-0.001724,-0.001215,-0.006587
961.000000,-0.003852,-0.002026,-0.001932,-0.001041,-0.006631
962.000000,-0.002727,-0.000971,-0.001467,-0.001473,-0.003075
963.000000,-0.003267,-0.001380,-0.001819,-0.001229,-0.002570
964.000000,-0.004185,-0.001077,-0.002120,-0.001430,-0.002061
965.000000,-0.003384,-0.002047,-0.001753,-0.001500,-0.002582
966.000000,-0.007828,-0.005840,-0.003120,-0.002247,-0.028851
967.000000,-0.007106,-0.004916,-0.003318,-0.002575,0.000532
968.000000,-0.008087,-0.005677,-0.003292,-0.002779,-0.007475
969.000000,-0.003119,-0.003652,-0.002578,-0.001966,0.022782
970.000000,-0.002393,-0.002888,-0.002051,-0.002112,0.001047
971.000000,0.005770,-0.001029,-0.001528,-0.001631,0.011964
972.000000,0.009657,0.001275,0.000152,-0.000553,0.019965
973.000000,0.011354,0.001634,0.000127,-0.000668,0.001013
974.000000,0.007404,0.002143,0.000533,-0.000699,0.003033
975.000000,0.008603,0.003105,0.000529,-0.000133,0.007042
976.000000,0.006711,0.006241,0.000200,0.000000,0.002503
977.000000,0.004411,0.007034,0.001059,0.000132,0.008464
978.000000,0.004506,0.007930,0.001126,0.000449,0.001486
979.000000,0.003008,0.005206,0.000777,0.000017,-0.004455
980.000000,0.001697,0.005150,0.001131,0.000350,0.000487
981.000000,0.001494,0.004103,0.001537,0.000349,0.001490
982.000000,0.000792,0.002601,0.001938,0.000969,0.004951
983.000000,-0.001267,0.001619,0.001626,0.000624,-0.008809
984.000000,-0.001600,0.000704,0.001424,0.000590,-0.006117
985.000000,-0.002400,-0.000351,0.001377,0.000236,-0.003515
986.000000,-0.001895,-0.000200,0.003020,0.000067,0.004016
987.000000,-0.002285,-0.000746,0.003144,0.000457,0.003002
988.000000,-0.001524,-0.001396,0.003267,0.000286,-0.005008
989.000000,0.000800,-0.000400,0.002403,0.000385,0.005507
990.000000,0.003194,0.000397,0.002774,0.000886,0.008451
991.000000,0.002291,0.000198,0.002151,0.001091,-0.000495
992.000000,0.003073,0.000394,0.001498,0.001424,0.006910
993.000000,0.005252,0.001864,0.001741,0.001705,0.005885
994.000000,0.004639,0.002720,0.001712,0.001856,0.002442
995.000000,0.002068,0.002631,0.001140,0.001795,-0.004400
996.000000,0.001971,0.002131,0.000966,0.002724,-0.000980
997.000000,0.002250,0.002662,0.000958,0.002983,0.008303
998.000000,0.000391,0.002821,0.000713,0.003118,-0.003410
999.000000,0.001361,0.003000,0.001300,0.002602,0.007294
1000.000000,-0.000196,0.000936,0.000667,0.002161,-0.012186
1001.000000,0.001661,0.001816,0.001007,0.002039,0.008303
1002.000000,-0.000487,0.000881,0.000638,0.001292,-0.002435
1003.000000,-0.000391,0.000000,0.000932,0.001161,-0.002930
1004.000000,-0.002045,-0.000342,0.001189,0.001027,-0.000978
1005.000000,0.000588,0.000196,0.001413,0.000825,0.000978
1006.000000,-0.000195,0.000733,0.001432,0.000888,0.004391
1007.000000,0.002037,0.000775,0.001718,0.000897,0.008725
1008.000000,0.003970,0.001790,0.002305,0.001072,0.006734
1009.000000,0.002336,0.000145,0.001573,0.000915,-0.009150
1010.000000,0.006448,0.003518,0.002227,0.001617,0.021537
1011.000000,0.005380,0.002593,0.002204,0.001536,-0.000947
1012.000000,0.003635,0.002836,0.001859,0.001371,0.000000
1013.000000,0.002950,0.003460,0.001730,0.001775,0.003312
1014.000000,0.004780,0.003558,0.001608,0.001979,0.000000
1015.000000,0.000850,0.003649,0.001922,0.002159,0.001888
1016.000000,0.000757,0.003068,0.001901,0.001978,-0.001415
1017.000000,0.001228,0.002432,0.001603,0.001956,0.002358
1018.000000,-0.000094,0.001428,0.001609,0.002013,-0.003303
1019.000000,0.000378,0.002579,0.001362,0.001908,0.002360
1020.000000,-0.000094,0.000378,0.001948,0.001611,-0.000472
1021.000000,0.002440,0.001599,0.002096,0.002002,0.011257
1022.000000,0.002062,0.001645,0.002241,0.001788,0.000466
1023.000000,0.003188,0.001547,0.002504,0.001669,0.002328
1024.000000,0.002808,0.001593,0.002575,0.001603,0.000460
1025.000000,0.002996,0.001451,0.002550,0.001765,0.000469
1026.000000,0.002319,0.002379,0.002724,0.002060,0.007869
1027.000000,0.002502,0.002282,0.002357,0.001830,0.001382
1028.000000,0.001667,0.002428,0.001928,0.001882,-0.001843
1029.000000,0.002496,0.002652,0.002615,0.001792,0.004602
1030.000000,0.003227,0.003111,0.001745,0.002336,0.004124
1031.000000,0.001470,0.001894,0.001746,0.002028,-0.000915
1032.000000,0.001193,0.001848,0.001746,0.002110,0.000000
1033.000000,0.001837,0.001752,0.001649,0.002253,0.001372
1034.000000,0.000459,0.001477,0.001535,0.002209,-0.002288
1035.000000,0.000457,0.001842,0.001646,0.002314,0.004114
1036.000000,0.001732,0.001601,0.001990,0.002349,0.005460
1037.000000,0.002637,0.001915,0.002099,0.002210,0.004527
1038.000000,-0.000733,0.000552,0.001490,0.001469,-0.015476
1039.000000,-0.000367,0.000046,0.001349,0.001759,-0.000459
1040.000000,0.000000,0.000228,0.001670,0.001239,0.005948
1041.000000,-0.001092,0.000320,0.001107,0.001271,0.000000
1042.000000,-0.001269,0.000684,0.001266,0.001392,0.003643
1043.000000,0.000915,0.000091,0.000922,0.001130,-0.004556
1044.000000,0.001098,0.000366,0.000921,0.001145,0.000457
1045.000000,-0.000091,-0.000046,0.000898,0.001082,0.000000
1046.000000,0.002358,0.000633,0.001117,0.001538,0.012248
1047.000000,-0.000455,-0.000862,0.000527,0.001112,-0.010424
1048.000000,-0.000457,0.000229,0.000391,0.001070,-0.004566
1049.000000,-0.000183,0.000458,0.000252,0.001052,0.001829
1050.000000,-0.000915,-0.000503,-0.000137,0.000946,-0.003661
1051.000000,-0.005392,-0.001517,-0.000599,0.000232,-0.010138
1052.000000,-0.006670,-0.003563,-0.001439,-0.000344,-0.016815
1053.000000,-0.005287,-0.002872,-0.001390,-0.000343,0.002352
1054.000000,-0.004621,-0.002402,-0.001018,-0.000186,0.005156
1055.000000,-0.005014,-0.002965,-0.001505,-0.000390,-0.005626
1056.000000,-0.001955,-0.003674,-0.001520,-0.000480,0.005158
1057.000000,0.001034,-0.002818,-0.001840,-0.000588,-0.001873
1058.000000,0.001218,-0.002034,-0.000903,-0.000418,0.003275
1059.000000,0.000374,-0.002124,-0.000833,-0.000540,0.000934
1060.000000,0.000751,-0.002132,-0.001317,-0.000802,-0.003740
1061.000000,-0.002731,-0.002343,-0.001930,-0.001180,-0.012253
1062.000000,-0.000939,0.000047,-0.001758,-0.000944,0.007087
1063.000000,-0.001406,-0.000094,-0.001483,-0.000958,0.000941
1064.000000,-0.004149,-0.001888,-0.002145,-0.001308,-0.012781
1065.000000,-0.001599,-0.000424,-0.001694,-0.001145,0.009011
1066.000000,0.000568,-0.001082,-0.002378,-0.001374,-0.001417
1067.000000,-0.000283,-0.000611,-0.001715,-0.001430,0.002833
1068.000000,-0.001037,-0.001222,-0.001628,-0.001009,-0.002833
1069.000000,0.003214,-0.000468,-0.001296,-0.000711,0.008475
1070.000000,-0.000378,-0.000988,-0.001560,-0.001208,-0.008948
1071.000000,0.000661,0.000615,-0.000864,-0.001082,0.003777
1072.000000,0.000377,0.000047,0.000047,-0.001156,0.001413
1073.000000,0.001413,0.000188,0.000047,-0.000926,0.002350
1074.000000,0.000562,0.001888,0.000000,-0.000801,0.004216
1075.000000,0.003656,0.001639,0.000607,-0.000583,0.006524
1076.000000,0.002901,0.001781,0.000350,-0.000991,0.000000
1077.000000,0.001874,0.001125,0.000257,-0.000768,-0.003723
1078.000000,0.002890,0.002152,0.000465,-0.000368,0.007432
1079.000000,0.002693,0.001628,0.000580,-0.000321,0.003234
1080.000000,0.000093,0.001874,0.000443,-0.000415,-0.006479
1081.000000,0.001481,0.002191,0.001403,0.000154,0.006940
1082.000000,0.001394,0.001634,0.000840,0.000576,-0.004158
1083.000000,0.000277,0.001584,0.000886,0.000559,0.001850
1084.000000,0.000553,0.001623,0.001755,0.000541,0.004610
1085.000000,0.002583,0.001338,0.001488,0.000851,0.003673
1086.000000,0.000828,0.001154,0.001468,0.000618,-0.001835
1087.000000,0.001843,0.001619,0.001372,0.000711,0.000918
1088.000000,0.003027,0.001652,0.001902,0.000861,0.007768
1089.000000,0.002378,0.001465,0.001546,0.000875,0.001365
1090.000000,0.001461,0.002022,0.001948,0.000969,-0.000910
1091.000000,0.001919,0.001374,0.001782,0.001393,0.000455
1092.000000,0.001280,0.001562,0.001598,0.001081,-0.002276
1093.000000,-0.000730,0.001149,0.001366,0.000973,-0.002282
1094.000000,-0.001094,0.000642,0.001132,0.001384,-0.000457
1095.000000,-0.001920,-0.000229,0.000554,0.000916,-0.005040
1096.000000,-0.003209,-0.000645,0.000255,0.000763,-0.005989
1097.000000,-0.004052,-0.001386,0.000116,0.000453,-0.006491
1098.000000,-0.003968,-0.002349,-0.000348,0.000485,-0.001862
1099.000000,-0.003970,-0.002532,-0.000533,0.000187,-0.000466
1100.000000,-0.005873,-0.003897,-0.000937,0.000000,-0.014558
1101.000000,-0.002231,-0.002720,-0.000673,0.000282,0.012224
1102.000000,0.000835,-0.001608,-0.000023,0.000529,0.008839
1103.000000,-0.000467,-0.002217,-0.000534,0.000172,-0.008372
1104.000000,0.000466,-0.001752,-0.000555,0.000171,0.004195
1105.000000,0.003935,-0.000969,-0.000599,0.000046,0.002787
1106.000000,0.002323,0.000046,-0.000299,0.000185,0.004166
1107.000000,-0.000464,0.000186,-0.000600,0.000140,-0.005094
1108.000000,0.001952,0.000743,-0.000803,0.000015,0.003707
1109.000000,-0.000093,0.000186,-0.001173,-0.000293,-0.006031
1110.000000,0.001847,0.002891,-0.000503,0.000339,0.012486
1111.000000,0.001105,0.001714,-0.000503,0.000123,0.000459
1112.000000,0.002216,0.000876,-0.000366,0.000277,0.000459
1113.000000,0.000831,0.001391,-0.000413,0.000108,-0.003219
1114.000000,0.003048,0.001477,-0.000137,0.000122,0.005054
1115.000000,0.001008,0.001428,0.000229,0.000076,0.002289
1116.000000,0.001465,0.001285,0.000666,0.000229,0.002740
1117.000000,-0.001013,0.000602,0.000394,-0.000199,-0.011927
1118.000000,0.000919,0.000875,0.000809,-0.000244,0.006440
1119.000000,-0.000367,0.001340,0.000763,-0.000335,-0.001376
1120.000000,-0.001376,-0.000184,0.001353,-0.000397,-0.002759
1121.000000,0.000091,0.000778,0.001246,-0.000076,0.010078
1122.000000,0.003295,0.001141,0.001009,0.000136,0.004094
1123.000000,0.002823,0.001871,0.001631,0.000348,0.004077
1124.000000,-0.000828,-0.000598,0.000440,-0.000291,-0.019631
1125.000000,0.000644,-0.000366,0.000531,0.000031,0.004600
1126.000000,-0.000274,-0.000091,0.000597,0.000413,0.005492
1127.000000,-0.001458,0.000919,0.000760,0.000569,-0.001827
1128.000000,-0.003466,-0.000321,0.000277,0.000432,-0.005962
1129.000000,0.000920,0.000046,0.000693,0.000524,0.002297
1130.000000,-0.000276,0.000184,0.000000,0.000964,-0.001378
1131.000000,-0.000274,-0.000274,0.000252,0.000739,0.005500
1132.000000,0.001911,0.000227,0.000684,0.000748,0.009099
1133.000000,0.003375,-0.000045,0.000913,0.001072,0.001358
1134.000000,0.001827,0.001374,0.000388,0.000751,-0.005442
1135.000000,0.001100,0.000412,0.000023,0.000491,-0.005015
1136.000000,0.000457,0.000091,0.000000,0.000428,0.002283
1137.000000,-0.000908,0.000502,0.000710,0.000674,0.002277
1138.000000,-0.000181,0.001597,0.000638,0.000717,0.004992
1139.000000,0.001721,0.001774,0.000910,0.001053,0.004066
1140.000000,0.004161,0.002631,0.001407,0.000877,0.007188
1141.000000,0.002537,0.001497,0.000612,0.000667,-0.005836
1142.000000,0.002622,0.000857,0.000542,0.000742,0.002698
1143.000000,0.002430,0.001124,0.000540,0.000983,0.004033
1144.000000,0.000630,0.001175,0.001275,0.000651,-0.004932
1145.000000,-0.001932,0.001114,0.000763,0.000387,-0.005625
1146.000000,-0.001174,0.000682,0.000386,0.000227,-0.002045
1147.000000,0.000180,0.001401,0.000951,0.000940,0.009466
1148.000000,-0.002520,-0.000045,0.000776,0.000410,-0.009466
1149.000000,-0.001806,-0.000588,0.000593,0.000411,-0.001360
1150.000000,0.000134,-0.000899,0.000866,0.000638,0.004073
1151.000000,0.000091,-0.000542,0.000478,0.000227,-0.002261
1152.000000,-0.002074,-0.000947,-0.000045,0.000045,-0.001359
1153.000000,-0.000181,-0.001351,-0.000113,-0.000091,0.000000
1154.000000,-0.000727,-0.001266,-0.000045,0.000428,-0.004088
1155.000000,-0.000362,-0.000114,0.000500,0.000471,0.005900
1156.000000,0.000091,0.000091,0.000386,0.000288,0.000000
1157.000000,0.000724,-0.000675,0.000363,0.000409,0.001808
1158.000000,-0.001273,-0.000727,-0.000386,0.000275,-0.009986
1159.000000,-0.007041,-0.003884,-0.002236,-0.000899,-0.032927
1160.000000,-0.006344,-0.003353,-0.002126,-0.000541,0.009385
1161.000000,-0.004948,-0.002429,-0.001485,-0.000491,0.006982
1162.000000,-0.004384,-0.001830,-0.001389,-0.000640,0.004627
1163.000000,-0.002294,-0.001784,-0.001567,-0.000670,0.000462
1164.000000,0.003181,-0.001930,-0.001598,-0.000674,-0.005553
1165.000000,0.002322,-0.002011,-0.001062,-0.000337,0.005091
1166.000000,-0.000186,-0.002567,-0.001238,-0.000598,-0.005556
1167.000000,-0.001204,-0.002794,-0.001735,-0.000690,-0.000464
1168.000000,-0.001203,-0.001749,-0.001238,-0.000840,0.000464
1169.000000,-0.001304,0.000939,-0.001473,-0.001178,-0.006054
1170.000000,-0.001390,0.000466,-0.001443,-0.001262,0.004660
1171.000000,-0.000651,-0.000418,-0.001423,-0.001130,-0.001861
1172.000000,0.000927,-0.000139,-0.000984,-0.000972,0.007425
1173.000000,0.000926,-0.000139,-0.000961,-0.001091,0.000462
1174.000000,0.002967,0.000832,-0.000549,-0.000788,0.004150
1175.000000,0.002770,0.000690,-0.000660,-0.000478,0.003675
1176.000000,0.001392,0.000371,-0.001098,-0.000702,-0.008750
1177.000000,0.000092,0.000510,-0.001142,-0.000986,0.000925
1178.000000,0.000738,0.000832,-0.000458,-0.000548,0.003690
1179.000000,0.000276,0.001622,0.001280,-0.000441,0.001840
1180.000000,0.001280,0.002025,0.001245,-0.000287,0.008694
1181.000000,0.004392,0.002892,0.001237,0.000015,0.006810
1182.000000,0.003300,0.001696,0.000779,-0.000091,-0.004535
1183.000000,0.001468,0.001103,0.000482,-0.000273,-0.005469
1184.000000,0.001374,0.000825,0.000828,-0.000091,0.001370
1185.000000,-0.000365,0.000457,0.000574,-0.000288,0.000000
1186.000000,0.000813,0.002602,0.001487,0.000135,0.012699
1187.000000,0.001540,0.002420,0.001465,0.000045,-0.000902
1188.000000,0.001094,0.001281,0.001057,0.000121,-0.007698
1189.000000,0.000729,0.001051,0.001336,0.001204,-0.000455
1190.000000,0.001183,0.000409,0.001217,0.000967,0.002271
1191.000000,-0.001175,-0.000181,0.001355,0.000764,0.000907
1192.000000,-0.000542,0.000499,0.001097,0.000685,0.002264
1193.000000,0.000635,0.000865,0.000984,0.000610,-0.001811
1194.000000,0.001269,0.000999,0.000912,0.000885,0.002715
1195.000000,0.002076,0.001630,0.001044,0.000926,0.006306
1196.000000,0.001625,0.000225,0.001414,0.001066,-0.001348
1197.000000,0.000812,0.000135,0.001277,0.001021,-0.001800
1198.000000,0.002163,0.001399,0.001340,0.001171,0.004943
1199.000000,0.001261,0.001265,0.001158,0.001313,-0.001795
1200.000000,0.000090,0.001083,0.000746,0.001172,0.000449
1201.000000,0.001255,0.001440,0.000630,0.001384,0.004478
1202.000000,0.001625,0.001219,0.000859,0.001138,0.000049
1203.000000,0.000805,0.001484,0.001174,0.001151,0.000844
1204.000000,0.000985,0.001123,0.001061,0.000982,-0.000893
1205.000000,0.001253,0.000671,0.001151,0.000919,0.001786
1206.000000,0.000446,0.000851,0.000538,0.001226,0.000446
1207.000000,0.000704,0.001164,0.000650,0.001240,0.001337
1208.000000,0.000535,0.000670,0.001035,0.001117,0.000000
1209.000000,0.001779,0.001382,0.001324,0.001233,0.005329
1210.000000,-0.000178,0.000537,0.000810,0.000676,-0.008004
1211.000000,0.000534,0.000490,0.000965,0.000583,0.004010
1212.000000,-0.001251,-0.000273,0.000473,0.000481,-0.007588
1213.000000,-0.001430,-0.000447,0.000518,0.000634,-0.000896
1214.000000,-0.001511,0.000134,0.000629,0.000752,0.004921
1215.000000,0.000268,0.000045,0.000358,0.000782,0.000892
1216.000000,0.000267,0.000400,0.000626,0.000492,0.004004
1217.000000,0.001251,0.000000,0.000582,0.000433,-0.002668
1218.000000,0.001786,0.000178,0.000424,0.000749,0.001779
1219.000000,0.001600,0.000044,0.000713,0.000897,0.003992
1220.000000,0.001864,0.001066,0.000801,0.000895,0.002211
1221.000000,-0.000356,-0.000044,0.000223,0.000629,-0.007092
1222.000000,0.000267,0.000759,0.000243,0.000568,0.000445
1223.000000,0.001505,0.001646,0.000599,0.000894,0.007972
1224.000000,-0.000621,0.000490,0.000312,0.000582,-0.006639
1225.000000,-0.002310,-0.000223,-0.000089,0.000164,-0.006236
1226.000000,-0.003681,-0.002018,-0.000809,-0.000256,-0.013948
1227.000000,-0.001966,-0.000850,-0.000425,0.000105,0.009021
1228.000000,-0.003650,-0.001072,-0.000447,-0.000075,-0.000449
1229.000000,-0.001695,-0.001158,-0.000557,0.000090,0.003140
1230.000000,0.000535,-0.000887,0.000089,0.000239,0.004914
1231.000000,0.002253,-0.000714,-0.000379,-0.000089,-0.005362
1232.000000,0.000538,-0.000714,0.000022,-0.000076,0.000448
1233.000000,0.002411,-0.000619,0.000513,0.000193,0.008917
1234.000000,-0.000179,-0.000937,-0.000224,-0.000104,-0.009813
1235.000000,-0.000178,0.000179,-0.000022,0.000000,0.004918
1236.000000,0.000716,0.001484,-0.000267,-0.000045,-0.000892
1237.000000,0.002669,0.001604,0.000377,0.000251,0.010216
1238.000000,0.000620,0.001516,0.000222,0.000207,-0.001327
1239.000000,0.003994,0.001907,0.000375,0.000265,0.007055
1240.000000,0.002834,0.001328,0.000220,0.000502,-0.000879
1241.000000,0.002749,0.001732,0.000509,0.000324,-0.001320
1242.000000,-0.000088,0.001290,0.000288,0.000445,-0.003971
1243.000000,0.000883,0.000752,0.000066,0.000593,0.003530
