0.000000,0.007271,0.003738,0.002317,0.003226,0.000661
1.000000,0.007386,0.004379,0.002988,0.003875,0.002971
2.000000,0.005132,0.001613,0.002670,0.002264,-0.011270
3.000000,0.000000,0.001966,0.002319,0.003352,-0.007025
4.000000,-0.004889,0.001056,0.000562,0.002075,-0.009783
5.000000,-0.006382,0.000445,-0.000170,0.001394,-0.006803
6.000000,-0.006294,0.000546,-0.000221,0.001095,0.003407
7.000000,-0.005200,-0.000034,0.000464,0.000529,-0.005799
8.000000,-0.004824,-0.002412,0.000397,0.000566,-0.005145
9.000000,-0.001020,-0.002954,-0.000912,0.000492,0.009242
10.000000,0.000409,-0.002986,0.000376,0.000549,0.000341
11.000000,-0.002051,-0.004173,0.000103,0.000601,-0.008895
12.000000,0.002178,-0.001511,0.000051,0.001276,0.015346
13.000000,0.003477,-0.000674,0.000646,0.001321,0.001353
14.000000,0.002304,0.000642,0.000849,0.000589,0.003374
15.000000,0.005973,0.003191,0.001818,0.000950,0.018686
16.000000,0.007685,0.002817,0.001681,0.000792,-0.000331
17.000000,0.005606,0.003892,0.001929,0.001607,0.004948
18.000000,0.003750,0.003613,0.000601,0.001469,-0.007929
19.000000,0.004924,0.003614,0.000330,0.000597,0.009244
20.000000,0.001908,0.003940,0.000477,0.001564,0.003608
21.000000,0.000726,0.004206,0.000016,0.001471,-0.006241
22.000000,0.001639,0.003622,0.001055,0.001241,0.009510
23.000000,0.006911,0.005330,0.002328,0.002208,0.018432
24.000000,0.006212,0.005568,0.003105,0.002422,0.005751
25.000000,0.007140,0.004524,0.003858,0.002720,0.008249
26.000000,0.010463,0.005595,0.004206,0.002986,0.010373
27.000000,0.008686,0.005162,0.004527,0.003007,0.000625
28.000000,0.007607,0.007259,0.005436,0.002820,0.013040
29.000000,0.007135,0.006673,0.005144,0.002444,0.003387
30.000000,0.008111,0.007626,0.005783,0.002860,0.013132
31.000000,0.007789,0.009126,0.006666,0.003053,0.008760
32.000000,0.003162,0.005924,0.004773,0.002678,-0.022507
33.000000,0.000554,0.004081,0.004706,0.002912,0.000000
34.000000,0.001592,0.004363,0.004966,0.003524,0.008576
35.000000,-0.005724,0.001193,0.002859,0.002970,-0.023451
36.000000,-0.004809,0.001490,0.003542,0.003300,0.013336
37.000000,0.002567,0.002865,0.004014,0.003973,0.014376
38.000000,0.004080,0.002317,0.004788,0.004397,0.007563
39.000000,0.008420,0.005006,0.005840,0.005098,0.030278
40.000000,0.014102,0.004189,0.005907,0.005252,0.004958
41.000000,0.012538,0.003864,0.006495,0.005732,0.005513
42.000000,0.008152,0.005360,0.005642,0.004969,-0.007552
43.000000,0.007744,0.005912,0.004997,0.005108,0.005524
44.000000,0.001573,0.004997,0.004680,0.004976,-0.000580
45.000000,-0.000758,0.006672,0.003933,0.004130,-0.006695
46.000000,-0.002739,0.004900,0.003195,0.003995,-0.004390
47.000000,-0.002346,0.002903,0.002884,0.003643,-0.005589
48.000000,-0.002862,0.002441,0.002379,0.004006,0.002946
49.000000,-0.003926,-0.001176,0.001915,0.003501,-0.005900
50.000000,-0.000819,-0.000789,0.001700,0.003675,0.008837
51.000000,0.001694,-0.000522,0.001671,0.004156,0.008178
52.000000,0.002521,0.000087,0.002724,0.003790,-0.001455
53.000000,-0.000353,-0.001608,0.002152,0.002795,-0.011425
54.000000,-0.000415,-0.002170,0.001413,0.002397,-0.006207
55.000000,-0.000764,-0.000792,0.002940,0.002358,0.007090
56.000000,-0.002694,-0.000500,0.002200,0.001963,-0.001473
57.000000,-0.004180,-0.000829,0.001037,0.001646,-0.008884
58.000000,-0.000827,-0.000590,0.000926,0.001390,0.005340
59.000000,-0.000475,-0.000445,-0.000811,0.001128,-0.004448
60.000000,-0.001655,-0.001210,-0.000999,0.000730,0.001188
61.000000,-0.005318,-0.004006,-0.002264,-0.000221,-0.019785
62.000000,-0.002514,-0.003347,-0.001630,0.000700,0.005134
63.000000,-0.007046,-0.003936,-0.002772,0.000123,-0.017318
64.000000,-0.004630,-0.002552,-0.002361,0.000091,0.007632
65.000000,-0.004746,-0.003201,-0.001996,0.000893,0.000608
66.000000,0.003719,-0.000799,-0.000650,0.001200,0.022540
67.000000,0.003108,0.000297,-0.000266,0.000790,0.002078
68.000000,0.005740,-0.000653,-0.000621,0.000399,-0.004160
69.000000,-0.007562,-0.006096,-0.003270,-0.002572,-0.058877
70.000000,-0.002878,-0.003812,-0.002511,-0.001937,0.024030
71.000000,-0.007263,-0.001772,-0.002889,-0.002100,0.000617
72.000000,-0.002147,0.000481,-0.001433,-0.000926,0.027657
73.000000,0.002015,0.003877,-0.000029,-0.000555,0.016647
74.000000,0.011716,0.002077,-0.000238,-0.000882,-0.010372
75.000000,0.010219,0.003670,0.000235,-0.000107,0.016544
76.000000,0.010095,0.001416,0.000309,0.000039,0.000000
77.000000,0.004974,0.001413,0.000855,0.000294,0.002049
78.000000,-0.002432,-0.000209,-0.000431,-0.000484,-0.020382
79.000000,0.003250,0.007483,0.000694,0.000314,0.018040
80.000000,-0.000763,0.004728,0.000458,-0.000098,-0.003523
81.000000,-0.003905,0.003095,0.000662,-0.000894,-0.015711
82.000000,0.000000,0.002487,0.001484,-0.000126,0.021576
83.000000,0.008758,0.003163,0.003520,0.001035,0.023408
84.000000,0.004692,0.003971,0.003024,0.001165,-0.002288
85.000000,0.008353,0.003795,0.003733,0.001422,0.014777
86.000000,0.011495,0.003795,0.002606,0.001471,0.000000
87.000000,0.005366,0.002683,0.002048,0.001464,-0.009068
88.000000,-0.002125,0.003317,0.001554,0.000818,-0.014046
89.000000,0.002955,0.003824,0.005653,0.001737,0.023114
90.000000,0.004849,0.006601,0.005664,0.002506,0.024245
91.000000,0.008018,0.009756,0.006426,0.003693,0.015843
92.000000,0.006497,0.005932,0.004209,0.002966,-0.016669
93.000000,0.013883,0.005879,0.004521,0.004306,0.022883
94.000000,0.011297,0.007126,0.005549,0.004391,0.010182
95.000000,0.007988,0.006419,0.005107,0.004628,0.007702
96.000000,0.006506,0.007262,0.005528,0.004158,0.008430
97.000000,0.009734,0.008116,0.005399,0.004071,-0.000525
98.000000,0.007247,0.010565,0.006941,0.004558,0.010444
99.000000,0.009171,0.010234,0.007029,0.007180,0.019803
100.000000,0.006967,0.007478,0.007039,0.006269,-0.003316
101.000000,0.006504,0.006505,0.008130,0.006452,0.006113
102.000000,0.004977,0.007356,0.006644,0.005258,-0.008159
103.000000,0.004824,0.006036,0.005957,0.005026,0.009682
104.000000,0.000559,0.004865,0.005996,0.005321,-0.001522
105.000000,-0.004391,0.001288,0.003853,0.003834,-0.028069
106.000000,-0.004416,0.001044,0.004153,0.004033,0.005989
107.000000,-0.003304,0.000836,0.004476,0.003878,-0.002599
108.000000,-0.006127,-0.000651,0.004957,0.004410,-0.004435
109.000000,-0.006609,-0.003025,0.003605,0.003678,-0.003929
110.000000,-0.000890,-0.002641,0.002419,0.003813,0.000525
111.000000,0.000259,-0.002078,0.002213,0.004728,0.011736
112.000000,-0.004315,-0.003809,0.001773,0.003159,-0.025471
113.000000,-0.004014,-0.005071,0.000482,0.002281,-0.002930
114.000000,-0.003869,-0.005239,-0.000187,0.002251,-0.003206
115.000000,-0.009784,-0.005337,-0.002025,0.000790,-0.029051
116.000000,-0.012738,-0.006239,-0.002598,0.000689,-0.003035
117.000000,-0.009142,-0.006728,-0.002946,0.000741,-0.007489
118.000000,-0.010233,-0.007124,-0.003888,0.000930,-0.008387
119.000000,-0.008026,-0.005948,-0.004486,0.000420,0.007830
120.000000,-0.002774,-0.006279,-0.004460,-0.000481,-0.002789
121.000000,0.002581,-0.005079,-0.003579,-0.000218,0.023738
122.000000,0.000944,-0.004099,-0.003954,-0.000184,-0.015670
123.000000,0.010020,-0.000107,-0.002589,0.000286,0.036991
124.000000,0.007276,-0.000375,-0.002807,-0.000250,-0.005892
125.000000,0.010608,0.003917,-0.000710,-0.000044,0.013871
126.000000,0.006706,0.004643,-0.000798,-0.000184,0.004229
127.000000,0.009787,0.005366,-0.000681,-0.000175,-0.000264
128.000000,0.006773,0.008397,0.000636,0.000207,0.021922
129.000000,0.005615,0.006445,0.000249,-0.000842,-0.011684
130.000000,0.004557,0.007582,0.000652,-0.000446,0.008582
131.000000,0.007710,0.007208,0.001065,0.000017,0.019996
132.000000,0.007712,0.008750,0.002325,0.000280,-0.000254
133.000000,0.003328,0.005051,0.002472,-0.000042,0.000000
134.000000,0.005207,0.005411,0.002518,-0.000068,-0.002287
135.000000,0.008516,0.006537,0.005227,0.001705,0.025127
136.000000,0.003672,0.005691,0.005167,0.001365,-0.004227
137.000000,0.004071,0.005892,0.005629,0.001510,0.001743
138.000000,0.003073,0.003201,0.005799,0.001491,-0.004988
139.000000,0.002629,0.003918,0.005182,0.001472,-0.004510
140.000000,-0.005637,0.001440,0.004511,0.000914,-0.016203
141.000000,-0.004078,-0.000203,0.003502,0.000642,0.003567
142.000000,-0.008850,-0.002389,0.003180,0.000754,-0.022115
143.000000,-0.008164,-0.002545,0.001253,0.000799,-0.001561
144.000000,-0.004778,-0.001074,0.002168,0.001320,0.012423
145.000000,0.001576,-0.002030,0.002253,0.002808,0.015567
146.000000,-0.000509,-0.002294,0.001699,0.002680,-0.006861
147.000000,0.003250,-0.002800,0.001546,0.002819,-0.003320
148.000000,-0.000574,-0.004369,-0.000584,0.002409,-0.020678
149.000000,-0.002954,-0.003866,0.000026,0.002166,0.000522
150.000000,-0.004715,-0.001569,-0.000065,0.002484,0.006764
151.000000,0.005929,0.002710,0.001253,0.003238,0.046355
152.000000,0.008269,0.005759,0.001685,0.004040,0.008381
153.000000,0.014358,0.006892,0.002173,0.003132,0.009770
154.000000,0.013328,0.005187,0.002056,0.003175,-0.004629
155.000000,0.007531,0.001408,-0.000311,0.001971,-0.022223
156.000000,-0.005318,0.000305,-0.000994,0.001234,-0.017887
157.000000,-0.006283,0.000993,-0.000904,0.001361,0.003552
158.000000,-0.007479,0.003440,-0.000465,0.000757,0.003792
159.000000,-0.009963,0.001682,-0.001092,0.000578,-0.017051
160.000000,-0.006342,0.000595,-0.000487,0.000155,-0.004115
161.000000,-0.002713,-0.004015,-0.000653,-0.000503,0.000258
162.000000,-0.005704,-0.005993,-0.000117,-0.000875,-0.011402
163.000000,-0.009879,-0.008679,-0.000893,-0.001444,-0.017085
164.000000,-0.006416,-0.008190,-0.001501,-0.001359,0.000265
165.000000,-0.003379,-0.004860,-0.001726,-0.001828,0.011070
166.000000,-0.004851,-0.003782,-0.001738,-0.001923,-0.007102
167.000000,-0.001412,-0.003558,-0.001283,-0.001788,0.005791
168.000000,-0.000106,-0.004993,-0.000776,-0.001974,-0.010554
169.000000,-0.001971,-0.004193,-0.001256,-0.002126,-0.009059
170.000000,-0.004292,-0.003836,-0.001620,-0.001603,-0.000535
171.000000,-0.000158,-0.002505,-0.003260,-0.001270,0.013566
172.000000,0.001725,0.000156,-0.002919,-0.000026,0.015207
173.000000,0.003679,0.001787,-0.003446,0.000000,-0.000781
174.000000,0.002553,0.000291,-0.003949,-0.000904,-0.014691
175.000000,0.000481,-0.001905,-0.003383,-0.001786,-0.010894
176.000000,-0.003895,-0.002027,-0.002904,-0.001834,-0.008317
177.000000,-0.005594,-0.001935,-0.002746,-0.001500,0.006712
178.000000,-0.006888,-0.001604,-0.003298,-0.001052,-0.007251
179.000000,-0.004544,-0.000995,-0.002594,-0.001169,-0.002969
180.000000,0.001331,0.000906,-0.001465,-0.000778,0.018482
181.000000,0.002303,-0.000796,-0.001650,-0.002439,-0.003456
182.000000,0.002394,-0.001600,-0.000722,-0.002479,0.007165
183.000000,0.006628,-0.000130,0.000828,-0.002341,0.013916
184.000000,0.008054,0.001755,0.001023,-0.002048,0.004163
185.000000,0.003212,0.002272,0.000183,-0.001498,-0.005729
186.000000,0.004737,0.003520,0.000747,-0.000763,0.004170
187.000000,0.003979,0.003187,0.000626,-0.000769,0.003375
188.000000,0.008125,0.007376,0.002886,0.000260,0.034644
189.000000,0.006640,0.007347,0.003176,0.000719,-0.003260
190.000000,0.007182,0.005197,0.003052,0.000756,-0.003019
191.000000,0.004881,0.004809,0.002007,0.000503,-0.007333
192.000000,0.001137,0.002558,0.000479,0.000371,-0.015346
193.000000,-0.005225,0.001450,0.000660,0.001035,0.002831
194.000000,0.004028,0.005334,0.003545,0.002460,0.043009
195.000000,0.008195,0.007688,0.004980,0.002685,0.017812
196.000000,0.012352,0.008617,0.006068,0.003370,0.013452
197.000000,0.014320,0.007729,0.005458,0.002994,-0.005503
198.000000,0.015093,0.004934,0.006155,0.003569,0.006695
199.000000,0.006967,0.005498,0.006422,0.003950,0.002380
200.000000,0.004212,0.006203,0.005700,0.004102,0.004034
201.000000,0.001853,0.007102,0.005956,0.003705,0.001656
202.000000,0.003048,0.008684,0.005621,0.003214,0.000473
203.000000,0.002981,0.009037,0.005243,0.003452,0.006360
204.000000,0.001940,0.004454,0.004894,0.003848,-0.002822
205.000000,0.002167,0.003189,0.005439,0.004383,0.005167
206.000000,0.003933,0.002893,0.005755,0.005010,0.010486
207.000000,0.006326,0.004687,0.006208,0.005201,0.012440
208.000000,0.001171,0.002076,0.003505,0.004795,-0.019418
209.000000,0.000752,0.001346,0.003422,0.004730,-0.004914
210.000000,-0.001646,0.000260,0.003232,0.003887,-0.006826
211.000000,-0.005118,-0.000593,0.003255,0.003773,-0.006873
212.000000,-0.007416,-0.000545,0.004069,0.003566,0.000951
213.000000,-0.003105,-0.000967,0.004035,0.003173,0.002136
214.000000,-0.007067,-0.003157,0.000648,0.002210,-0.024722
215.000000,0.008825,0.003589,0.003389,0.004822,0.072631
216.000000,0.010741,0.002811,0.002852,0.004773,0.002708
217.000000,0.010054,0.001319,0.003003,0.004578,-0.002482
218.000000,0.007172,0.002033,0.002054,0.003014,-0.012276
219.000000,0.015248,0.004091,0.002718,0.003645,0.015659
220.000000,-0.000271,0.004277,0.002268,0.003580,-0.004966
221.000000,-0.001357,0.004692,0.002050,0.003734,-0.002719
222.000000,-0.002730,0.003662,0.001559,0.003934,-0.009347
223.000000,0.001640,0.004406,0.001719,0.004158,0.009574
224.000000,0.000988,0.008118,0.002480,0.003138,0.012400
225.000000,-0.003285,-0.001778,0.000905,0.001667,-0.026335
226.000000,0.000544,-0.000407,0.001202,0.001766,0.016427
227.000000,0.003001,0.000135,0.000727,0.002047,0.002938
228.000000,0.003731,0.002685,0.002359,0.002265,0.013224
229.000000,0.001651,0.001320,0.002705,0.002252,0.002002
230.000000,0.003557,0.000136,0.002206,0.001557,-0.016807
231.000000,-0.002872,-0.001164,0.001764,0.000978,-0.015716
232.000000,-0.006420,-0.001709,0.000976,0.000469,-0.014801
233.000000,-0.009671,-0.002970,0.000718,0.000156,-0.003033
234.000000,-0.008072,-0.003210,0.002454,0.000584,0.009999
235.000000,-0.006337,-0.001390,-0.001584,0.000140,-0.008131
236.000000,-0.006676,-0.004774,-0.002590,-0.000790,-0.017412
237.000000,-0.009544,-0.007982,-0.003923,-0.002176,-0.029141
238.000000,-0.009084,-0.009377,-0.003346,-0.001553,-0.000733
239.000000,-0.013346,-0.010709,-0.004695,-0.001766,-0.011313
240.000000,-0.009751,-0.008044,-0.003954,-0.001211,0.009845
241.000000,-0.008832,-0.007754,-0.004459,-0.001409,-0.012818
242.000000,-0.001619,-0.005582,-0.003646,-0.001210,0.006922
243.000000,-0.004201,-0.006643,-0.004806,-0.001736,-0.013643
244.000000,0.001773,-0.005787,-0.004498,-0.000293,0.018558
245.000000,0.000147,-0.004802,-0.003096,-0.002657,0.001715
246.000000,0.004513,-0.002159,-0.003467,-0.002447,0.009015
247.000000,0.003177,0.000779,-0.003601,-0.002356,0.000243
248.000000,0.006390,0.001095,-0.004141,-0.001866,0.002422
249.000000,0.002388,0.002081,-0.004314,-0.002436,-0.001452
250.000000,0.006169,0.003158,-0.002443,-0.001583,0.020619
251.000000,-0.001412,0.001551,-0.003102,-0.002456,-0.028890
252.000000,-0.001998,0.000590,-0.002496,-0.002234,-0.002690
253.000000,-0.002581,0.001905,-0.002369,-0.002569,-0.000490
254.000000,-0.001117,0.000635,-0.002576,-0.002787,0.005864
255.000000,-0.004027,0.001071,-0.001865,-0.001707,0.006072
256.000000,0.002428,0.000508,-0.000826,-0.002142,0.003384
257.000000,0.002966,0.000484,0.000631,-0.002240,0.000000
258.000000,0.001221,-0.000680,0.000207,-0.002988,-0.009212
259.000000,0.000729,-0.000194,0.000943,-0.002941,0.003404
260.000000,-0.000971,-0.002499,0.000330,-0.002462,-0.002430
261.000000,-0.002379,0.000024,0.000788,-0.002060,-0.003656
262.000000,-0.008529,-0.002781,-0.001096,-0.002591,-0.030749
263.000000,-0.010551,-0.004665,-0.001380,-0.003134,-0.019324
264.000000,-0.012778,-0.006024,-0.002695,-0.003725,-0.007732
265.000000,-0.016740,-0.008855,-0.003892,-0.004195,-0.022238
266.000000,-0.020557,-0.011468,-0.005480,-0.004373,-0.022743
267.000000,-0.011612,-0.010071,-0.004793,-0.002936,0.013975
268.000000,-0.009463,-0.010007,-0.005343,-0.003197,-0.008577
269.000000,-0.007272,-0.010025,-0.005109,-0.002713,0.003225
270.000000,-0.001167,-0.008954,-0.005726,-0.002765,0.008283
271.000000,0.001617,-0.009470,-0.004723,-0.002632,-0.008820
272.000000,-0.006455,-0.009034,-0.005908,-0.003742,-0.026385
273.000000,-0.007124,-0.008294,-0.006479,-0.003685,-0.011923
274.000000,-0.008776,-0.008024,-0.007024,-0.004471,-0.005034
275.000000,-0.008424,-0.004796,-0.006826,-0.004193,0.010042
276.000000,-0.006938,-0.002660,-0.007064,-0.004540,-0.001389
277.000000,-0.004122,-0.005288,-0.007679,-0.004958,-0.012304
278.000000,0.001168,-0.002978,-0.006493,-0.004555,0.014525
279.000000,0.003722,-0.002527,-0.006276,-0.004249,0.007735
280.000000,0.004609,-0.001907,-0.005430,-0.004453,0.014479
281.000000,0.003854,-0.001542,-0.005506,-0.003663,-0.005167
282.000000,0.006315,0.001097,-0.003969,-0.003573,0.000000
283.000000,0.000222,0.000695,-0.003799,-0.004088,-0.015939
284.000000,-0.003330,0.000196,-0.003914,-0.004617,-0.010022
285.000000,-0.006226,-0.000808,-0.002802,-0.004820,0.000000
286.000000,-0.004969,-0.000557,-0.001609,-0.004895,0.001119
287.000000,-0.005192,0.000561,-0.002364,-0.004933,-0.001119
288.000000,-0.001111,-0.000445,-0.001711,-0.004477,0.004467
289.000000,0.003989,0.000330,-0.001099,-0.004074,0.015478
290.000000,0.023121,0.008448,0.003270,-0.000804,0.095659
291.000000,0.026993,0.011012,0.004735,0.000000,0.020477
292.000000,0.031038,0.012923,0.007010,0.001662,0.019108
293.000000,0.033471,0.016180,0.008437,0.002860,0.016631
294.000000,0.034249,0.019119,0.009657,0.003764,0.019368
295.000000,0.015256,0.019188,0.009190,0.004528,0.000693
296.000000,0.006203,0.016598,0.008020,0.004460,-0.024785
297.000000,0.004782,0.017910,0.009236,0.004394,0.012002
298.000000,0.000612,0.017041,0.008298,0.004540,-0.004219
299.000000,-0.005958,0.014145,0.007238,0.003983,-0.013480
300.000000,-0.003965,0.005645,0.007046,0.004062,0.010657
301.000000,0.004495,0.005349,0.008180,0.004940,0.017514
302.000000,0.005218,0.005000,0.008961,0.006340,0.015618
303.000000,0.005697,0.003154,0.009667,0.006676,-0.001825
304.000000,0.006558,0.000300,0.009709,0.006538,-0.009174
305.000000,0.001549,-0.001208,0.008990,0.005724,-0.014389
306.000000,-0.002563,0.000966,0.008782,0.005669,-0.003043
307.000000,-0.008615,-0.001699,0.008106,0.005591,-0.014644
308.000000,-0.014092,-0.004198,0.006422,0.004133,-0.029211
309.000000,-0.015717,-0.004579,0.004783,0.003299,-0.017297
310.000000,-0.014592,-0.006521,-0.000438,0.002524,-0.008762
311.000000,-0.008379,-0.005471,-0.000061,0.003630,0.028017
312.000000,-0.004038,-0.006326,-0.000663,0.003865,0.007065
313.000000,0.003256,-0.005418,-0.001132,0.004639,0.007257
314.000000,0.006329,-0.004694,-0.002197,0.004908,-0.001930
315.000000,0.006043,-0.004274,-0.002741,0.004569,-0.010194
316.000000,-0.001719,-0.005049,-0.002042,0.004172,-0.010792
317.000000,-0.003873,-0.003955,-0.002827,0.004085,-0.003706
318.000000,-0.003256,0.000000,-0.002099,0.004281,0.010342
319.000000,-0.007529,-0.000600,-0.002590,0.002989,-0.023297
320.000000,-0.007912,-0.000935,-0.003728,-0.000604,-0.012109
321.000000,-0.007129,-0.004424,-0.004948,-0.001515,-0.006876
322.000000,-0.006133,-0.005003,-0.005665,-0.002110,0.001277
323.000000,-0.007539,-0.005397,-0.005408,-0.002554,0.003313
324.000000,0.018020,0.005245,0.000276,0.000284,0.104495
325.000000,0.017626,0.004857,0.000291,-0.000209,-0.014077
326.000000,0.019187,0.006029,0.000490,0.000649,0.000929
327.000000,0.015419,0.004643,0.000344,-0.000337,-0.017567
328.000000,0.014472,0.003467,0.001733,-0.000244,-0.001419
329.000000,-0.006285,0.005868,0.002634,0.000229,0.000710
330.000000,-0.006952,0.005337,0.002201,-0.000706,-0.017412
331.000000,-0.007861,0.005663,0.000620,-0.001411,-0.003616
332.000000,-0.000284,0.007567,0.001282,-0.001254,0.020319
333.000000,-0.001568,0.006452,0.000527,-0.001454,-0.007839
334.000000,0.002164,-0.002060,0.001592,-0.000503,0.019368
335.000000,0.000912,-0.003020,0.000919,-0.000812,-0.023670
336.000000,-0.000968,-0.004415,0.000807,-0.001145,-0.013019
337.000000,-0.003967,-0.002125,0.001259,-0.000479,0.005324
338.000000,-0.002544,-0.002056,0.000705,0.000470,-0.000724
339.000000,-0.012500,-0.005168,0.000350,0.000033,-0.030409
340.000000,-0.004898,-0.001993,0.001672,0.000803,0.014339
341.000000,-0.003871,-0.002420,0.001622,-0.000394,-0.007886
342.000000,-0.007977,-0.005972,0.000798,-0.001136,-0.015207
343.000000,-0.012149,-0.007347,-0.000447,-0.002097,-0.021583
344.000000,-0.005708,-0.009104,-0.005582,-0.001973,0.001795
345.000000,-0.007248,-0.006073,-0.004546,-0.001412,0.006639
346.000000,-0.006640,-0.005256,-0.004835,-0.001214,-0.004848
347.000000,-0.001513,-0.004745,-0.003435,-0.000743,0.010431
348.000000,0.006167,-0.002991,-0.002524,-0.000527,0.016816
349.000000,0.008527,0.001409,-0.001879,0.000703,0.013596
350.000000,0.011378,0.002065,0.000036,0.001803,0.020895
351.000000,0.010415,0.001887,-0.000266,0.001710,-0.009664
352.000000,0.007306,0.002897,-0.001538,0.001497,-0.005111
353.000000,0.004868,0.005517,-0.000915,0.001541,0.004626
354.000000,0.000392,0.004460,-0.002322,-0.002235,-0.008783
355.000000,-0.006302,0.002538,-0.001767,-0.002185,-0.012576
356.000000,-0.004022,0.003196,-0.001030,-0.002158,0.001735
357.000000,0.001119,0.004213,-0.000266,-0.000886,0.020594
358.000000,0.002989,0.003929,0.000469,-0.000373,0.013976
359.000000,0.005558,0.002975,0.002192,-0.000261,0.004060
360.000000,0.006109,-0.000096,0.000984,-0.000008,-0.009819
361.000000,0.003536,-0.000243,0.000822,-0.000259,-0.011133
362.000000,-0.000486,0.000317,0.001607,-0.000920,0.000487
363.000000,-0.005138,-0.001074,0.002221,-0.000968,-0.009286
364.000000,-0.009818,-0.002130,0.001165,-0.002258,-0.019336
365.000000,-0.006606,-0.000248,0.001145,-0.001261,0.006238
366.000000,-0.001123,0.001206,0.002201,-0.000284,0.016285
367.000000,-0.000926,-0.000706,0.001753,-0.000413,0.001467
368.000000,0.001419,-0.001860,0.001035,-0.000307,0.002441
369.000000,0.004456,-0.002681,0.000147,0.000568,-0.004153
370.000000,0.003843,-0.001381,-0.000739,0.000196,0.003177
371.000000,0.000049,-0.000537,-0.000390,0.000369,-0.002688
372.000000,0.000195,-0.000366,-0.000024,0.000949,0.002200
373.000000,0.000876,0.001147,0.000036,0.001863,0.005842
374.000000,0.002820,0.003638,0.000754,0.001989,0.005567
375.000000,0.005393,0.004618,0.002185,0.002303,0.016042
376.000000,0.003829,0.001939,0.001573,0.002114,-0.010506
377.000000,0.002523,0.001359,0.000327,0.001622,-0.004330
378.000000,-0.000973,-0.000049,-0.000954,0.000673,-0.011639
379.000000,-0.003359,-0.000270,-0.001475,0.000008,-0.006362
380.000000,-0.005198,0.000098,-0.000642,-0.000460,0.006849
381.000000,-0.004319,-0.000245,-0.000391,-0.000342,-0.006113
382.000000,0.001872,0.002197,0.000916,0.000716,0.026623
383.000000,0.005438,0.002232,0.001690,0.000768,0.006190
384.000000,0.005949,0.001295,0.002466,0.000934,-0.003805
385.000000,0.005672,0.000237,0.002428,0.001536,0.005465
386.000000,0.005086,0.000383,0.001161,0.001176,-0.009046
387.000000,0.001618,0.001745,0.001552,0.000799,0.009282
388.000000,-0.001286,0.002076,0.001014,0.000056,-0.008326
389.000000,0.001755,0.003852,0.001791,0.000301,0.011402
390.000000,-0.001905,0.001884,0.000991,0.000200,-0.012836
391.000000,-0.000623,0.002231,0.000993,0.000483,-0.002635
392.000000,-0.002959,-0.000671,0.000763,0.000387,-0.002402
393.000000,-0.001824,-0.001555,0.000339,0.000608,-0.002648
394.000000,-0.005993,-0.002119,-0.000412,0.000938,-0.009447
395.000000,-0.001778,-0.001841,-0.000802,0.001005,0.008240
396.000000,-0.002219,-0.001421,-0.000519,0.000300,-0.004839
397.000000,-0.000626,-0.001793,-0.000024,0.000437,0.005563
398.000000,-0.000338,-0.001081,0.000498,0.000315,-0.001207
399.000000,-0.000439,-0.003216,0.000318,0.000122,-0.009950
400.000000,-0.001162,-0.001470,0.000207,0.000170,0.004623
401.000000,0.000145,-0.001037,0.000597,0.000317,0.001698
402.000000,0.011528,0.005451,0.002390,0.002326,0.062476
403.000000,0.015871,0.007767,0.003106,0.002815,0.020508
404.000000,0.015211,0.007386,0.002634,0.002187,-0.013248
405.000000,0.015953,0.007395,0.002777,0.001930,0.008329
406.000000,0.015209,0.007677,0.003128,0.002213,-0.002020
407.000000,0.003207,0.007368,0.002787,0.002440,0.002468
408.000000,0.001821,0.008846,0.003883,0.003280,0.013575
409.000000,0.003495,0.009353,0.003069,0.003330,-0.004875
410.000000,0.001785,0.008869,0.003699,0.003094,-0.000222
411.000000,0.005363,0.010286,0.004625,0.003827,0.015870
412.000000,0.002582,0.002895,0.004173,0.002558,-0.011436
413.000000,-0.000487,0.000667,0.004217,0.002293,-0.001771
414.000000,0.000621,0.002058,0.004722,0.002442,0.000665
415.000000,-0.001875,-0.000045,0.003675,0.001836,-0.012702
416.000000,-0.008578,-0.001608,0.003035,0.001550,-0.017648
417.000000,-0.005562,-0.001490,0.002939,0.001362,0.003645
418.000000,-0.004844,-0.002666,0.003090,0.001700,0.001818
419.000000,-0.008043,-0.003711,0.002821,0.000809,-0.015327
420.000000,-0.005318,-0.003596,0.002636,0.001267,0.000922
421.000000,-0.003082,-0.005830,0.002228,0.001140,-0.006470
422.000000,-0.004276,-0.004919,-0.001012,0.001142,-0.002321
423.000000,-0.006413,-0.005629,-0.002481,0.000935,-0.008868
424.000000,-0.002692,-0.005367,-0.001655,0.001359,0.003276
425.000000,-0.001294,-0.003306,-0.001675,0.001348,0.007913
426.000000,0.000371,-0.001356,-0.001482,0.001571,0.001853
427.000000,0.000371,-0.001952,-0.001721,0.001309,-0.002316
428.000000,0.002469,-0.001972,-0.002319,0.001403,0.001622
429.000000,0.001304,-0.000694,-0.002202,0.001650,-0.002550
430.000000,0.001524,0.000115,-0.001741,0.001796,0.009012
431.000000,-0.000371,0.000000,-0.002915,0.001485,-0.007620
432.000000,0.000093,0.000232,-0.002343,-0.000597,0.000000
433.000000,0.002210,0.002340,-0.001644,-0.000874,0.012211
434.000000,0.004226,0.002765,-0.001301,-0.000181,0.007528
435.000000,-0.001154,0.000185,-0.001560,-0.001055,-0.017886
436.000000,0.001892,0.000761,-0.000298,-0.000734,0.007606
437.000000,-0.000418,-0.000162,-0.001057,-0.001201,-0.011547
438.000000,-0.002674,-0.000232,-0.001102,-0.001623,0.000929
439.000000,-0.006186,-0.000980,-0.000837,-0.001795,-0.010029
440.000000,-0.000695,-0.000924,-0.000405,-0.001469,0.009565
441.000000,-0.000644,0.000624,0.000312,-0.001735,0.007863
442.000000,0.004456,0.002019,0.001126,-0.000889,0.013954
443.000000,0.003542,0.000434,0.001387,-0.000951,-0.003641
444.000000,0.007047,0.000431,0.001598,-0.000724,0.007496
445.000000,0.002629,0.000967,0.000576,-0.000718,-0.012524
446.000000,0.001149,0.000252,0.000506,-0.000114,0.000458
447.000000,-0.000546,0.001955,0.000896,-0.000053,0.005482
448.000000,0.001635,0.002589,0.001178,0.000128,0.007263
449.000000,0.002474,0.004761,0.001890,0.001029,0.011691
450.000000,0.004531,0.003580,0.001328,0.000924,-0.002238
451.000000,0.002910,0.002029,0.001327,0.000884,-0.007646
452.000000,0.002760,0.001107,0.001563,0.001119,0.004729
453.000000,0.006365,0.004000,0.002217,0.002258,0.025290
454.000000,0.000000,0.001237,0.000834,0.001478,-0.020136
455.000000,0.001651,0.003091,0.002029,0.001414,0.006017
456.000000,0.003535,0.003223,0.001738,0.001412,0.001776
457.000000,0.001878,0.002319,0.002137,0.001371,-0.003555
458.000000,0.000569,0.003467,0.003028,0.001941,0.018742
459.000000,0.006379,0.003190,0.003975,0.002323,0.008916
460.000000,0.005997,0.003824,0.003702,0.002160,0.004105
461.000000,0.010792,0.007164,0.004597,0.003272,0.025754
462.000000,0.013011,0.007444,0.004276,0.003524,0.007536
463.000000,0.009554,0.005061,0.004531,0.003165,0.001459
464.000000,0.007688,0.007033,0.004135,0.002900,-0.000417
465.000000,0.007116,0.006557,0.004824,0.003538,0.001249
466.000000,-0.000126,0.005333,0.004278,0.002936,-0.010458
467.000000,-0.002772,0.005119,0.003719,0.003131,-0.005693
468.000000,-0.003657,0.002949,0.003208,0.003001,-0.002965
469.000000,-0.003828,0.001930,0.002560,0.003293,-0.001273
470.000000,-0.005271,0.000923,0.002373,0.002776,-0.005964
471.000000,-0.005543,-0.002834,0.002165,0.002120,-0.011819
472.000000,-0.005923,-0.004348,0.001548,0.001401,-0.007595
473.000000,-0.005592,-0.004624,0.000219,0.001479,-0.001308
474.000000,-0.008724,-0.006276,0.000379,0.000665,-0.016937
475.000000,-0.006823,-0.006047,0.000255,0.001200,0.003543
476.000000,-0.003841,-0.004692,0.000321,0.001288,0.003090
477.000000,-0.001180,-0.003551,0.000784,0.001296,0.005713
478.000000,0.000871,-0.002361,0.000294,0.001352,0.008943
479.000000,0.003692,-0.002516,-0.000293,0.000868,-0.002827
480.000000,0.002635,-0.002094,-0.000586,0.000884,-0.001744
481.000000,-0.000309,-0.002075,-0.002455,0.000751,-0.011629
482.000000,0.001093,-0.000044,-0.002196,0.001018,0.012719
483.000000,0.000780,0.000825,-0.001899,0.000421,0.007382
484.000000,-0.001530,0.001081,-0.002598,0.000613,-0.014379
485.000000,-0.003078,-0.000221,-0.003134,0.000096,-0.009481
486.000000,-0.001773,-0.001041,-0.002867,-0.000133,-0.005108
487.000000,-0.003163,-0.001035,-0.002293,0.000178,0.005773
488.000000,-0.007538,-0.003379,-0.002870,-0.000930,-0.014495
489.000000,-0.002829,-0.002180,-0.002348,-0.000922,0.009167
490.000000,-0.007402,-0.005240,-0.003667,-0.002137,-0.032345
491.000000,-0.006979,-0.004376,-0.003225,-0.003095,-0.002993
492.000000,-0.006343,-0.004753,-0.002398,-0.003048,0.008952
493.000000,0.005013,-0.001263,-0.000219,-0.001687,0.042283
494.000000,0.006912,0.002042,0.001561,-0.001051,0.018664
495.000000,0.014154,0.003376,0.001577,-0.000964,0.003863
496.000000,0.015479,0.004250,0.001605,-0.000494,0.003634
497.000000,0.013689,0.003673,0.001319,-0.000304,0.000000
498.000000,0.005061,0.005037,0.000829,-0.000234,-0.000854
499.000000,-0.000819,0.003047,0.000434,-0.000550,-0.010737
500.000000,-0.000687,0.006734,0.000747,-0.000200,0.004523
501.000000,-0.001113,0.007183,0.001404,0.000244,0.001503
502.000000,-0.002275,0.005707,0.000477,0.000304,-0.005811
503.000000,-0.004056,0.000503,-0.000380,0.000022,-0.009760
504.000000,-0.008828,-0.004823,-0.001391,-0.000567,-0.034593
505.000000,-0.005800,-0.003243,0.000066,-0.000029,0.019661
506.000000,-0.005218,-0.003165,0.000543,0.000015,0.004415
507.000000,-0.004939,-0.003607,0.000033,-0.000323,-0.004415
508.000000,-0.004720,-0.004388,0.000325,-0.000910,-0.008666
509.000000,-0.000497,-0.004662,-0.000808,-0.001265,-0.013480
510.000000,-0.005064,-0.005432,0.000651,-0.001313,-0.003172
511.000000,-0.009241,-0.007229,-0.000023,-0.001474,-0.016473
512.000000,-0.007346,-0.006142,-0.000218,-0.001729,0.005062
513.000000,-0.003194,-0.003957,-0.001727,-0.001572,0.012091
514.000000,-0.001453,-0.000975,-0.002899,-0.001252,-0.004773
515.000000,0.000725,-0.002169,-0.002706,-0.000679,0.007717
516.000000,0.005999,-0.001621,-0.002393,-0.000179,0.009899
517.000000,0.003774,-0.001786,-0.002696,-0.000573,-0.006063
518.000000,0.002165,-0.000515,-0.002451,0.000045,0.004046
519.000000,0.000955,-0.000249,-0.002456,-0.000622,-0.010826
520.000000,-0.004574,-0.001924,-0.003678,-0.000208,-0.019925
521.000000,-0.003023,0.001488,-0.002871,0.000481,0.017655
522.000000,-0.002995,0.000389,-0.002876,-0.000015,-0.005927
523.000000,0.002762,0.002464,-0.000747,-0.000330,0.032834
524.000000,0.010383,0.005669,0.002347,-0.000043,0.027279
525.000000,0.013980,0.004703,0.001267,-0.000236,-0.001939
526.000000,0.018026,0.007502,0.002940,0.000905,0.037884
527.000000,0.017250,0.007127,0.002671,0.000578,-0.009809
528.000000,0.007555,0.005158,0.002322,0.000085,-0.015642
529.000000,0.002354,0.006369,0.003060,0.000486,0.001277
530.000000,0.000603,0.007292,0.002684,-0.000021,-0.010695
531.000000,-0.006158,0.005934,0.003711,0.000064,0.004078
532.000000,-0.004111,0.006570,0.003479,0.000272,0.000428
533.000000,-0.002400,0.002577,0.002520,0.000361,-0.007090
534.000000,-0.002699,-0.000172,0.002748,0.001507,-0.000216
535.000000,0.002394,0.001499,0.003101,0.001344,0.014771
536.000000,0.001238,-0.002460,0.002521,0.001140,-0.001701
537.000000,-0.001030,-0.002571,0.002278,0.000924,-0.010915
538.000000,0.002954,0.000277,0.002718,0.001640,0.012829
539.000000,0.002316,-0.000192,0.003089,0.001976,-0.003405
540.000000,0.002324,0.002359,0.004825,0.002575,0.014812
541.000000,-0.001538,-0.000150,0.002892,0.002424,-0.021013
542.000000,0.002268,0.000619,0.003594,0.002526,0.008118
543.000000,-0.000298,0.001328,0.001953,0.002123,0.000000
544.000000,0.000213,0.001264,0.000546,0.002254,-0.000851
545.000000,-0.000926,0.000699,0.001099,0.002300,0.009115
546.000000,0.002303,0.000382,-0.001039,0.001808,-0.004865
547.000000,0.000340,0.001304,-0.000633,0.001954,-0.001698
548.000000,-0.003347,-0.001822,-0.000773,0.001204,-0.018436
549.000000,-0.002744,-0.001266,-0.000729,0.001637,0.002161
550.000000,-0.001951,-0.001439,0.000460,0.002737,0.013083
551.000000,-0.000722,0.000791,0.000320,0.002192,0.001278
552.000000,0.000255,0.000297,0.000458,0.002495,0.003187
553.000000,0.003219,-0.000064,0.000632,0.001280,-0.003613
554.000000,0.003594,0.000425,0.000845,0.000506,0.004037
555.000000,0.002246,0.000148,0.000423,0.000782,0.006341
556.000000,0.002580,0.000929,0.000656,-0.000383,0.002946
557.000000,0.004032,0.002143,0.001724,0.000292,0.010449
558.000000,0.006535,0.004877,0.001527,0.001110,0.008900
559.000000,0.000593,0.002094,0.000414,0.000212,-0.025672
560.000000,-0.001650,0.000298,-0.000570,0.000406,-0.004874
561.000000,-0.001561,0.000509,0.000650,0.000383,0.003393
562.000000,-0.002679,0.000677,0.000487,0.000531,0.004858
563.000000,-0.005050,0.000742,0.000339,0.000669,-0.002954
564.000000,0.002479,0.001536,0.000981,0.001075,0.011974
565.000000,0.005655,0.002003,0.001075,0.000950,0.011006
566.000000,-0.002428,-0.001995,-0.000533,-0.000228,-0.037026
567.000000,-0.004302,-0.003491,-0.000674,-0.000014,-0.004511
568.000000,-0.001655,-0.003353,0.000762,-0.000099,0.010281
569.000000,-0.007619,-0.002570,-0.000238,-0.000581,-0.017844
570.000000,-0.010298,-0.002321,-0.001012,-0.001154,-0.002389
571.000000,-0.002936,-0.002682,-0.001086,-0.000461,-0.000217
572.000000,-0.003562,-0.003932,-0.001628,-0.000986,-0.007641
573.000000,-0.005487,-0.003571,-0.001414,-0.000964,0.000657
574.000000,-0.002796,-0.005207,-0.001836,-0.001082,-0.004390
575.000000,-0.006587,-0.008442,-0.003220,-0.002097,-0.021344
576.000000,-0.007670,-0.005303,-0.003649,-0.002123,-0.005634
577.000000,-0.000395,-0.001979,-0.002735,-0.001109,0.028736
578.000000,-0.000263,-0.002875,-0.003114,-0.000450,0.001317
579.000000,0.001272,-0.000762,-0.001666,-0.000413,0.003284
580.000000,0.004971,-0.000808,-0.001564,-0.000944,-0.002846
581.000000,0.006929,-0.000370,-0.001526,-0.000848,0.004156
582.000000,0.004688,0.002146,-0.000893,-0.000370,0.017527
583.000000,0.000919,0.000328,-0.001622,-0.000834,-0.017527
584.000000,-0.004331,-0.001529,-0.003368,-0.001734,-0.022964
585.000000,-0.004209,0.000381,-0.004031,-0.002020,-0.002236
586.000000,-0.006704,0.000113,-0.002595,-0.002395,-0.008317
587.000000,-0.009938,-0.002625,-0.002302,-0.002698,0.001353
588.000000,-0.005982,-0.002532,-0.002703,-0.002920,0.002252
589.000000,0.000312,-0.002009,-0.001386,-0.001780,0.008511
590.000000,-0.009677,-0.006943,-0.003875,-0.003357,-0.052186
591.000000,-0.006609,-0.006656,-0.003513,-0.003236,0.007024
592.000000,-0.011601,-0.010770,-0.004312,-0.004185,-0.023608
593.000000,-0.007751,-0.006867,-0.003269,-0.003370,0.021506
594.000000,-0.011710,-0.005699,-0.003614,-0.004145,-0.011286
595.000000,-0.001604,-0.005641,-0.002630,-0.004567,-0.001657
596.000000,-0.003341,-0.004975,-0.002431,-0.003388,-0.001659
597.000000,0.002752,-0.004425,-0.003525,-0.003010,0.006857
598.000000,-0.002778,-0.005264,-0.003898,-0.003557,-0.006145
599.000000,-0.000568,-0.006139,-0.004074,-0.002970,-0.000237
600.000000,0.001369,-0.000118,-0.003530,-0.002623,0.008030
601.000000,0.000142,-0.001599,-0.004128,-0.002875,-0.007793
602.000000,-0.000189,0.001282,-0.004744,-0.002447,0.005202
603.000000,-0.001954,-0.002366,-0.004616,-0.002968,-0.014970
604.000000,-0.005092,-0.002830,-0.004264,-0.003353,-0.015927
605.000000,-0.004857,-0.001744,-0.003692,-0.002335,0.009201
606.000000,-0.000332,-0.000095,-0.002535,-0.001652,0.014833
607.000000,0.000236,0.000024,-0.002201,-0.002342,0.008042
608.000000,0.001051,-0.000451,-0.002858,-0.002749,-0.010895
609.000000,0.007824,0.001366,-0.002387,-0.002261,0.017938
610.000000,0.004339,-0.000259,-0.000188,-0.002440,-0.008221
611.000000,0.001089,0.000379,-0.000610,-0.002626,-0.001416
612.000000,0.001642,0.000939,0.001110,-0.002850,0.010806
613.000000,0.002838,0.001944,-0.000211,-0.002429,-0.004919
614.000000,0.001445,0.004634,0.000902,-0.001298,0.010975
615.000000,0.001784,0.003062,0.000659,-0.001441,-0.006524
616.000000,0.004022,0.002556,0.001230,-0.000838,0.009770
617.000000,-0.001831,-0.000094,-0.000035,-0.001498,-0.018456
618.000000,0.002844,0.002841,0.001195,-0.000958,0.018456
619.000000,0.000788,0.001117,0.001241,-0.001219,0.000694
620.000000,0.004027,0.002905,0.001323,0.000843,0.009669
621.000000,0.003670,0.003846,0.002112,0.000875,0.007986
622.000000,0.008404,0.003287,0.002113,0.001836,0.005214
623.000000,0.006513,0.004679,0.003311,0.001419,0.009003
624.000000,0.005206,0.002997,0.003816,0.001600,-0.005843
625.000000,-0.005011,-0.000492,0.001285,0.000275,-0.041414
626.000000,-0.003161,0.000254,0.001405,0.000905,0.017234
627.000000,-0.002961,0.002721,0.001314,0.000884,0.006215
628.000000,-0.003390,0.001562,0.002201,0.001317,0.006860
629.000000,0.001884,0.003545,0.002331,0.002009,0.020526
630.000000,0.008823,0.001906,0.002406,0.001518,-0.006720
631.000000,0.002888,-0.000136,0.001855,0.001363,-0.012439
632.000000,0.000824,-0.001068,0.001109,0.001052,-0.004105
633.000000,0.001679,-0.000855,0.001912,0.001923,0.011135
634.000000,-0.001569,0.000158,0.001577,0.002596,0.004285
635.000000,-0.004823,0.002000,0.000754,0.001523,-0.022990
636.000000,-0.004372,-0.000742,-0.000244,0.000689,-0.010183
637.000000,-0.004577,-0.001876,0.000423,0.000250,-0.005131
638.000000,-0.006010,-0.002165,-0.000302,0.000746,0.003967
639.000000,-0.007801,-0.004685,-0.000570,-0.000008,-0.004669
640.000000,-0.006887,-0.005855,-0.001974,-0.000348,-0.018418
641.000000,-0.003899,-0.004135,-0.002136,-0.000142,0.004755
642.000000,-0.011600,-0.008088,-0.004578,-0.001957,-0.043633
643.000000,-0.013735,-0.009873,-0.005364,-0.002016,-0.006712
644.000000,-0.016274,-0.012037,-0.005940,-0.002961,-0.017361
645.000000,-0.013404,-0.010145,-0.004073,-0.002879,-0.004069
646.000000,-0.014712,-0.009306,-0.005024,-0.003264,-0.001785
647.000000,-0.005578,-0.008589,-0.005232,-0.002581,0.002040
648.000000,-0.003523,-0.008629,-0.005397,-0.003078,0.003561
649.000000,-0.001990,-0.009132,-0.006908,-0.003424,-0.009694
650.000000,-0.000715,-0.007059,-0.006457,-0.003669,0.002304
651.000000,-0.001024,-0.007868,-0.006002,-0.004047,-0.003330
652.000000,-0.001791,-0.003684,-0.005886,-0.004280,-0.001798
653.000000,0.007621,0.002049,-0.003912,-0.002893,0.050625
654.000000,0.014675,0.006343,-0.002847,-0.001846,0.025574
655.000000,0.012011,0.005648,-0.002249,-0.000832,-0.011018
656.000000,0.010497,0.004737,-0.002284,-0.001770,-0.010897
657.000000,0.009194,0.003701,-0.002444,-0.002254,-0.008313
658.000000,0.000586,0.004104,-0.002263,-0.002230,0.007582
659.000000,-0.004286,0.005195,-0.001969,-0.002874,0.001218
660.000000,-0.005568,0.003221,-0.001919,-0.003231,-0.017430
661.000000,-0.005230,0.002634,-0.002617,-0.003123,-0.009205
662.000000,-0.007964,0.000615,-0.001535,-0.003719,-0.021984
663.000000,-0.012052,-0.005733,-0.001842,-0.004519,-0.012857
664.000000,-0.019408,-0.011847,-0.002752,-0.005847,-0.035563
665.000000,-0.021745,-0.013656,-0.004004,-0.006051,-0.029114
666.000000,-0.012585,-0.008907,-0.002085,-0.004492,0.036594
667.000000,-0.008454,-0.008209,-0.002254,-0.004365,-0.001332
668.000000,-0.007703,-0.009878,-0.002887,-0.004801,-0.009103
669.000000,0.001922,-0.008743,-0.001774,-0.004227,0.012562
670.000000,0.002033,-0.009856,-0.003317,-0.004565,-0.028558
671.000000,-0.005669,-0.009127,-0.003247,-0.004787,-0.001915
672.000000,-0.006281,-0.007368,-0.003376,-0.003479,-0.004391
673.000000,-0.007509,-0.007606,-0.006670,-0.003763,-0.015242
674.000000,-0.008741,-0.003410,-0.007628,-0.002971,0.006402
675.000000,-0.001261,0.000386,-0.006635,-0.002541,0.008840
676.000000,0.000438,-0.002616,-0.005761,-0.002262,0.006579
677.000000,0.000878,-0.002701,-0.005455,-0.002403,-0.002188
678.000000,0.004746,-0.001381,-0.005629,-0.002385,0.004099
679.000000,0.005905,-0.001418,-0.005080,-0.001655,0.012197
680.000000,0.006014,0.002377,-0.003740,-0.001419,0.009385
681.000000,0.002066,0.001252,-0.003938,-0.001747,-0.013163
682.000000,0.000874,0.000876,-0.003246,-0.001959,-0.008146
683.000000,0.004156,0.004451,-0.001577,-0.002963,0.020508
684.000000,-0.000594,0.002656,-0.000377,-0.004200,-0.011552
685.000000,-0.006234,-0.000110,0.000138,-0.004460,-0.018820
686.000000,-0.002777,-0.000356,-0.001486,-0.003960,0.004121
687.000000,-0.001697,-0.000412,-0.001556,-0.003774,-0.002746
688.000000,-0.009070,-0.002457,-0.001919,-0.004572,-0.016355
689.000000,-0.006592,-0.003593,-0.002505,-0.004585,0.000838
690.000000,-0.009645,-0.007940,-0.002782,-0.005140,-0.034085
691.000000,-0.015739,-0.009258,-0.004003,-0.005711,-0.026348
692.000000,-0.016858,-0.009278,-0.004201,-0.005256,-0.008341
693.000000,-0.007518,-0.008294,-0.001921,-0.003816,0.030346
694.000000,-0.005435,-0.006014,-0.001679,-0.002256,0.011254
695.000000,0.001726,-0.003960,-0.002035,-0.001228,0.001720
696.000000,0.008024,-0.003857,-0.002107,-0.002276,0.005143
697.000000,0.008435,-0.004212,-0.002312,-0.002442,-0.006289
698.000000,0.002079,-0.002720,-0.002588,-0.002186,-0.001435
699.000000,-0.001036,-0.003235,-0.003414,-0.002749,-0.004317
700.000000,-0.002015,-0.000145,-0.004042,-0.001903,-0.003178
701.000000,-0.000800,0.003612,-0.002823,-0.001465,0.011222
702.000000,-0.000689,0.003873,-0.002703,-0.001510,-0.005739
703.000000,0.000974,0.001526,-0.003384,-0.000772,0.006883
704.000000,0.006861,0.002913,-0.001550,-0.000148,0.025118
705.000000,0.007497,0.002741,-0.000609,-0.000443,0.000000
706.000000,0.003123,0.001162,-0.001348,-0.001017,-0.010647
707.000000,0.007290,0.003300,-0.000456,-0.000441,0.015097
708.000000,0.006578,0.003776,0.000528,-0.000467,0.003324
709.000000,-0.003429,0.001716,-0.000760,-0.001704,-0.024921
710.000000,0.005389,0.006443,0.003149,-0.000547,0.044094
711.000000,0.002185,0.002654,0.003133,-0.000997,-0.026668
712.000000,-0.001448,0.002921,0.003397,-0.000828,-0.003070
713.000000,0.001927,0.004252,0.002889,-0.000838,0.020197
714.000000,0.003986,0.000278,0.001596,-0.000941,-0.014623
715.000000,-0.004222,0.000584,0.001662,-0.000212,0.003053
716.000000,-0.000056,0.001065,0.001113,-0.000544,-0.005836
717.000000,-0.007750,-0.004599,-0.000649,-0.001837,-0.041542
718.000000,-0.016731,-0.007402,-0.001813,-0.002115,-0.024707
719.000000,-0.015301,-0.005657,-0.001971,-0.002392,-0.007473
720.000000,-0.017538,-0.010880,-0.002219,-0.001527,-0.008134
721.000000,-0.022577,-0.011316,-0.004331,-0.001683,-0.031027
722.000000,-0.014956,-0.011353,-0.004216,-0.001520,-0.003438
723.000000,-0.010579,-0.013655,-0.004701,-0.002625,-0.002822
724.000000,-0.015011,-0.015156,-0.007439,-0.003988,-0.029634
725.000000,-0.011453,-0.014496,-0.006956,-0.003724,0.009656
726.000000,-0.004992,-0.013784,-0.006360,-0.003853,0.001280
727.000000,-0.004112,-0.009534,-0.007067,-0.003611,0.000959
728.000000,-0.004380,-0.007480,-0.007441,-0.003702,-0.004163
729.000000,0.003780,-0.005615,-0.005636,-0.003186,0.011170
730.000000,0.006616,-0.002419,-0.006649,-0.002285,0.023833
731.000000,0.010409,0.002709,-0.004304,-0.001984,0.020246
732.000000,0.010642,0.003265,-0.004044,-0.001722,0.002123
733.000000,0.011050,0.003335,-0.005160,-0.002023,-0.002123
734.000000,0.006249,0.005014,-0.005071,-0.003288,-0.012836
735.000000,0.000000,0.003308,-0.005594,-0.003535,-0.007410
736.000000,-0.003740,0.003335,-0.005225,-0.003128,0.001548
737.000000,-0.010386,0.000128,-0.004703,-0.004668,-0.031110
738.000000,-0.014089,-0.001520,-0.004500,-0.005467,-0.020639
739.000000,-0.011718,-0.002735,-0.004175,-0.004669,-0.000978
740.000000,-0.001056,-0.000528,-0.001473,-0.004609,0.045897
741.000000,-0.003559,-0.003649,-0.000470,-0.004086,-0.010963
742.000000,-0.002182,-0.006284,-0.001510,-0.004791,-0.024228
743.000000,0.009544,-0.002273,0.000531,-0.004198,0.037991
744.000000,0.012148,0.000215,0.002615,-0.003309,0.012043
745.000000,0.001180,0.000062,0.001685,-0.003709,-0.008941
746.000000,-0.002919,-0.003239,0.000048,-0.004563,-0.031459
747.000000,0.005537,0.001678,0.000903,-0.002576,0.018053
748.000000,0.000744,0.005144,0.001812,-0.001285,0.014025
749.000000,-0.000430,0.005859,0.001562,-0.000830,0.006171
750.000000,0.009141,0.005160,0.002316,0.000738,0.038913
751.000000,0.012031,0.004556,0.000453,0.001205,-0.017008
752.000000,0.011999,0.008768,0.001242,0.001916,0.017895
753.000000,0.007651,0.004198,0.000962,0.001753,-0.007715
754.000000,0.006417,0.002993,0.001604,0.002741,0.000000
755.000000,-0.004427,0.002357,0.001209,0.001909,-0.015309
756.000000,-0.001996,0.005017,0.000889,0.001704,-0.004851
757.000000,-0.007899,0.002050,0.001864,0.001285,-0.011617
758.000000,-0.014003,-0.003176,0.000984,0.000149,-0.038237
759.000000,-0.015349,-0.004466,0.000696,-0.000447,-0.006732
760.000000,-0.007772,-0.006099,-0.000469,-0.000489,0.022580
761.000000,-0.012285,-0.007140,-0.001292,-0.002078,-0.027416
762.000000,-0.017738,-0.012818,-0.002025,-0.003445,-0.038885
763.000000,-0.011439,-0.012721,-0.004262,-0.003599,-0.006743
764.000000,-0.012544,-0.013946,-0.005476,-0.003579,-0.012253
765.000000,-0.019749,-0.013760,-0.005702,-0.003781,-0.013446
766.000000,-0.008585,-0.010435,-0.002709,-0.002885,0.028402
767.000000,0.001740,-0.007999,-0.002974,-0.001424,0.012739
768.000000,0.008089,-0.001675,-0.002426,0.000098,0.025001
769.000000,0.002451,-0.005046,-0.004756,-0.001218,-0.040443
770.000000,0.011597,-0.004076,-0.005088,-0.001672,0.032288
771.000000,0.009938,0.000676,-0.003232,-0.000636,0.020104
772.000000,0.006037,0.003888,-0.004465,-0.000054,-0.006764
773.000000,0.010690,0.009389,-0.001666,0.000289,0.048267
774.000000,0.014168,0.008309,-0.002819,-0.000881,-0.023054
775.000000,-0.001314,0.005141,-0.004309,-0.002087,-0.045125
776.000000,-0.005665,0.002136,-0.004149,-0.001094,-0.001650
777.000000,0.006362,0.006200,-0.000900,0.000084,0.053372
778.000000,-0.001981,0.004355,0.001340,-0.000165,0.006553
779.000000,0.006633,0.010401,0.002677,0.000296,0.020016
780.000000,0.012462,0.005574,0.000749,-0.001534,-0.015981
781.000000,0.011861,0.003098,0.001887,-0.001122,-0.004658
782.000000,0.006226,0.006294,0.005091,-0.000879,0.025201
783.000000,0.009773,0.003896,0.006643,0.000188,0.024285
784.000000,0.009235,0.007934,0.008122,0.000766,0.017325
785.000000,0.014976,0.013719,0.009430,0.001700,0.012728
786.000000,0.018308,0.015084,0.008610,0.002262,0.012000
787.000000,0.012927,0.009577,0.007888,0.002592,-0.001706
788.000000,0.012236,0.011005,0.007680,0.004561,0.020834
789.000000,0.008883,0.009059,0.009730,0.004804,0.000557
790.000000,0.006393,0.010685,0.008129,0.004061,0.000278
791.000000,0.005767,0.012037,0.007567,0.005270,0.008869
792.000000,0.009175,0.011051,0.008672,0.007078,0.015334
793.000000,0.009309,0.010773,0.007334,0.008019,0.021506
794.000000,0.011735,0.010309,0.009121,0.008851,0.012685
795.000000,0.012779,0.009586,0.011653,0.009482,0.005500
796.000000,0.014628,0.010198,0.012641,0.009139,0.018116
797.000000,0.013247,0.011211,0.010394,0.008996,0.008428
798.000000,0.009809,0.009559,0.010282,0.008306,0.004314
799.000000,0.004672,0.008203,0.008631,0.009221,-0.012999
800.000000,0.004851,0.008815,0.009750,0.008358,0.006393
801.000000,0.001686,0.008157,0.010097,0.007764,0.002292
802.000000,0.004675,0.008961,0.010006,0.008769,0.023377
803.000000,-0.002036,0.003886,0.007330,0.006185,-0.029243
804.000000,0.000256,0.002464,0.006386,0.006902,-0.001536
805.000000,-0.000869,0.001991,0.005788,0.008432,0.000768
806.000000,0.003529,0.002607,0.006402,0.009296,0.024280
807.000000,0.002125,0.003400,0.007306,0.008063,0.016357
808.000000,0.007284,0.002624,0.006092,0.007729,-0.003447
809.000000,0.006850,0.003553,0.005878,0.006938,-0.003707
810.000000,0.001683,0.000407,0.004611,0.006635,-0.025070
811.000000,-0.003326,0.000102,0.004129,0.006765,-0.000762
812.000000,-0.007412,-0.002643,0.003159,0.005790,-0.004073
813.000000,-0.003484,0.001900,0.002893,0.005520,0.016195
814.000000,-0.003194,0.001828,0.002146,0.004867,-0.002262
815.000000,-0.000102,0.000791,0.001391,0.004122,-0.009606
816.000000,0.002976,-0.000175,0.001216,0.004210,0.014625
817.000000,-0.000460,-0.003936,-0.000268,0.003558,-0.021250
818.000000,-0.003955,-0.003719,-0.000547,0.002821,-0.001279
819.000000,-0.003195,-0.003195,0.000179,0.002854,0.001535
820.000000,-0.004106,-0.002104,-0.000848,0.002373,-0.014159
821.000000,-0.007135,-0.002079,-0.000989,0.002060,-0.000519
822.000000,-0.003664,-0.002062,-0.002353,0.001419,-0.003899
823.000000,0.001276,-0.001339,0.000281,0.001482,0.023421
824.000000,0.008557,0.002681,0.002254,0.002324,0.037938
825.000000,0.008726,0.002310,0.001550,0.001697,-0.013314
826.000000,0.008482,0.000674,0.000249,0.001035,-0.001739
827.000000,0.010303,0.003319,-0.000308,0.000928,0.005208
828.000000,0.006556,0.003916,0.000099,0.000940,0.004688
829.000000,0.000587,0.004572,0.000688,0.001643,0.008091
830.000000,0.004030,0.006378,0.002137,0.001560,0.003900
831.000000,0.006843,0.007662,0.002792,0.001895,0.012329
832.000000,0.004113,0.007208,0.002573,0.000834,-0.008445
833.000000,0.006396,0.006476,0.002568,0.002346,0.016104
834.000000,0.005729,0.003158,0.002919,0.002556,0.004757
835.000000,0.001406,0.002718,0.002514,0.001939,-0.017717
836.000000,0.001389,0.004116,0.002395,0.001538,0.012244
837.000000,0.003887,0.004000,0.003660,0.001128,0.004048
838.000000,-0.003560,0.001418,0.002667,0.000538,-0.021134
839.000000,-0.006365,-0.000318,0.002127,0.000353,-0.009266
840.000000,-0.004396,-0.001495,0.002441,0.000926,-0.007870
841.000000,-0.017441,-0.008026,-0.000182,-0.000814,-0.052984
842.000000,-0.022514,-0.009313,-0.001053,-0.001389,-0.021314
843.000000,-0.015750,-0.009655,-0.001589,-0.001506,0.012685
844.000000,-0.018250,-0.012308,-0.004575,-0.002156,-0.021769
845.000000,-0.019978,-0.012187,-0.004734,-0.002386,-0.016507
846.000000,-0.011300,-0.014371,-0.005127,-0.003194,-0.009596
847.000000,-0.006927,-0.014720,-0.005360,-0.002467,0.000551
848.000000,-0.011234,-0.013492,-0.006037,-0.002719,-0.008850
849.000000,-0.005828,-0.012039,-0.006178,-0.002595,0.005264
850.000000,-0.007846,-0.013912,-0.007703,-0.003010,-0.026601
851.000000,-0.003670,-0.007485,-0.007756,-0.002616,0.011287
852.000000,-0.003836,-0.005382,-0.007347,-0.002496,-0.000281
853.000000,0.001825,-0.004705,-0.007180,-0.002628,0.019456
854.000000,0.000055,-0.002886,-0.007597,-0.004012,-0.003585
855.000000,0.003878,-0.001984,-0.007085,-0.003818,-0.007487
856.000000,0.002177,-0.000747,-0.007559,-0.003667,0.002779
857.000000,0.005809,0.000986,-0.006867,-0.003245,0.017880
858.000000,0.000769,0.001297,-0.006097,-0.003592,-0.005742
859.000000,0.000717,0.000386,-0.005826,-0.003990,-0.003846
860.000000,0.001553,0.002715,-0.005598,-0.004231,-0.003309
861.000000,0.005097,0.003637,-0.001924,-0.003958,0.020501
862.000000,-0.000164,0.002823,-0.001280,-0.003957,-0.008423
863.000000,0.002073,0.001421,-0.001642,-0.004313,0.005442
864.000000,-0.000717,0.000000,-0.001443,-0.005065,-0.017796
865.000000,-0.004242,-0.001345,-0.001665,-0.005172,-0.020936
866.000000,-0.017225,-0.006064,-0.003405,-0.007060,-0.044413
867.000000,-0.020074,-0.010119,-0.004566,-0.007951,-0.022667
868.000000,-0.021948,-0.009938,-0.004320,-0.007377,-0.003929
869.000000,-0.017905,-0.009311,-0.004462,-0.006988,0.002420
870.000000,-0.015295,-0.009769,-0.003527,-0.006988,-0.007886
871.000000,-0.001005,-0.009115,-0.002739,-0.004321,0.027037
872.000000,0.003113,-0.008481,-0.002829,-0.003680,-0.002077
873.000000,0.001509,-0.010220,-0.004399,-0.004501,-0.011951
874.000000,0.008575,-0.004665,-0.002333,-0.002517,0.037751
875.000000,-0.001774,-0.008535,-0.004940,-0.003955,-0.059630
876.000000,-0.008661,-0.004833,-0.005449,-0.003881,-0.007401
877.000000,-0.008308,-0.002598,-0.006358,-0.003910,-0.000310
878.000000,-0.000481,0.000514,-0.004712,-0.002709,0.027181
879.000000,0.001154,0.004865,-0.002223,-0.001353,0.045931
880.000000,0.012215,0.005221,-0.002274,-0.000611,-0.004326
881.000000,0.009785,0.000562,-0.004277,-0.001639,-0.019554
882.000000,0.012016,0.001854,-0.003313,-0.001268,0.010846
883.000000,0.008090,0.003804,-0.003208,-0.001665,0.007552
884.000000,0.006177,0.003666,-0.000500,-0.000333,0.036368
885.000000,0.011020,0.011618,0.001542,0.000579,0.019890
886.000000,0.021813,0.015799,0.005483,0.001634,0.034412
887.000000,0.020751,0.016383,0.006893,0.001222,0.005534
888.000000,0.023762,0.015926,0.008220,0.002167,0.022607
889.000000,0.018381,0.012279,0.008572,0.002611,0.009462
890.000000,0.014199,0.012610,0.008915,0.002687,-0.001019
891.000000,0.006602,0.014208,0.007385,0.001885,-0.003573
892.000000,0.007783,0.014267,0.008061,0.002547,0.011440
893.000000,0.002857,0.013310,0.008557,0.002298,-0.002024
894.000000,0.001925,0.010153,0.006909,0.003051,0.004801
895.000000,0.001118,0.007659,0.009638,0.003581,-0.005054
896.000000,0.004350,0.005476,0.010638,0.005481,0.012588
897.000000,0.003558,0.005671,0.011027,0.006485,0.007478
898.000000,0.003664,0.003261,0.009593,0.006567,-0.001491
899.000000,0.003696,0.002811,0.007545,0.006651,0.004962
900.000000,0.004509,0.002814,0.007712,0.006881,-0.000990
901.000000,0.000350,0.002350,0.008279,0.005706,-0.008208
902.000000,-0.002650,0.000454,0.007361,0.005525,-0.007521
903.000000,-0.003057,0.000303,0.006807,0.005806,-0.003529
904.000000,-0.026982,-0.011643,-0.000745,0.000725,-0.114663
905.000000,-0.027806,-0.011649,-0.001995,0.002543,-0.005111
906.000000,-0.026279,-0.012964,-0.003744,0.002770,-0.000569
907.000000,-0.029268,-0.015959,-0.005144,0.002032,-0.022466
908.000000,-0.029262,-0.016160,-0.006450,0.001009,-0.003502
909.000000,-0.006622,-0.016802,-0.006996,-0.000571,-0.001463
910.000000,-0.002694,-0.015250,-0.006218,0.000058,0.014531
911.000000,-0.005077,-0.015678,-0.006664,0.000293,-0.012484
912.000000,0.002892,-0.013188,-0.006367,0.000511,0.017377
913.000000,0.003994,-0.012634,-0.006165,0.000326,0.002008
914.000000,0.003770,-0.001426,-0.006535,-0.000972,-0.002582
915.000000,0.002352,-0.000171,-0.005910,-0.001387,0.007441
916.000000,0.005532,0.000228,-0.006368,-0.002420,0.003416
917.000000,0.000057,0.001475,-0.007242,-0.002938,-0.009996
918.000000,0.001257,0.002625,-0.006767,-0.003425,0.008005
919.000000,-0.000403,0.001684,-0.007559,-0.004103,-0.010879
920.000000,-0.001144,0.000604,-0.007323,-0.003944,0.003735
921.000000,0.001698,0.003615,-0.006031,-0.003238,0.017624
922.000000,0.003189,0.001623,-0.005782,-0.003704,-0.002539
923.000000,0.004672,0.002964,-0.004835,-0.003122,0.015417
924.000000,0.006903,0.003250,0.000912,-0.003273,0.000278
925.000000,0.009301,0.004079,0.001954,-0.002580,0.015727
926.000000,0.013298,0.007498,0.003863,-0.001746,0.037609
927.000000,0.017360,0.010275,0.005875,-0.001403,0.017769
928.000000,0.009188,0.006930,0.004777,-0.002202,-0.025444
929.000000,0.012190,0.009547,0.005615,-0.001857,0.015292
930.000000,0.003420,0.006361,0.003482,-0.002762,-0.028126
931.000000,-0.004965,0.004167,0.003891,-0.002632,-0.004315
932.000000,-0.002817,0.007271,0.004447,-0.001431,0.028509
933.000000,-0.000532,0.004328,0.003646,-0.001781,-0.014020
934.000000,-0.001471,0.005360,0.004305,0.002395,0.010599
935.000000,0.006617,0.005018,0.004549,0.002975,0.012312
936.000000,0.007896,0.001466,0.004482,0.003064,0.002081
937.000000,0.006665,0.001924,0.006099,0.004558,0.022352
938.000000,0.009163,0.004316,0.005623,0.004624,-0.001526
939.000000,0.003708,0.001119,0.005333,0.004116,-0.016678
940.000000,0.005698,0.006157,0.006259,0.004374,0.022260
941.000000,0.008196,0.008046,0.006106,0.005276,0.014569
942.000000,0.001972,0.004318,0.005795,0.004404,-0.008766
943.000000,0.005372,0.007268,0.005798,0.004853,0.015477
944.000000,0.008559,0.006134,0.005747,0.004915,-0.000743
945.000000,0.004603,0.005150,0.005084,0.004749,0.002476
946.000000,0.001491,0.004843,0.003154,0.004602,-0.000990
947.000000,0.002301,0.002137,0.002030,0.004778,-0.004714
948.000000,-0.000745,0.002314,0.003315,0.004520,0.000249
949.000000,0.000050,0.004304,0.002712,0.004990,0.003227
950.000000,-0.002038,0.001282,0.003720,0.004600,-0.007962
951.000000,-0.003647,-0.001078,0.003484,0.003711,-0.009034
952.000000,-0.004578,-0.001139,0.001590,0.003484,-0.009371
953.000000,-0.008015,-0.004380,0.001444,0.002405,-0.016937
954.000000,-0.008505,-0.004228,0.000953,0.002422,0.000776
955.000000,-0.006345,-0.004191,0.000479,0.001992,0.002841
956.000000,-0.003355,-0.003501,0.000671,0.000936,0.005913
957.000000,0.000102,-0.002238,-0.000051,0.000607,0.007915
958.000000,0.004554,-0.001730,0.000292,0.001633,0.005327
959.000000,0.004804,-0.001851,0.001227,0.001191,0.002022
960.000000,0.004134,-0.001105,0.000088,0.002111,-0.000505
961.000000,0.001379,-0.000988,-0.001033,0.001993,-0.007861
962.000000,0.001217,0.000659,-0.000240,0.001280,0.007103
963.000000,-0.000304,0.002125,-0.001127,0.001671,-0.002278
964.000000,-0.002183,0.001310,-0.001459,0.001072,-0.007374
965.000000,-0.005324,-0.000595,-0.002393,0.000121,-0.016210
966.000000,-0.005419,-0.002020,-0.002760,-0.000226,-0.008336
967.000000,-0.004396,-0.001589,-0.001914,-0.000564,0.012219
968.000000,-0.004095,-0.002200,-0.001965,-0.000539,-0.000775
969.000000,0.003441,0.000629,-0.000611,0.001028,0.030309
970.000000,0.005577,0.000126,-0.000490,0.000101,-0.005535
971.000000,0.022630,0.008606,0.003809,0.002180,0.076933
972.000000,0.035515,0.015559,0.008109,0.005027,0.076641
973.000000,0.040332,0.018118,0.010122,0.005288,0.023309
974.000000,0.041453,0.022447,0.011879,0.006510,0.035915
975.000000,0.046277,0.025927,0.012666,0.007047,0.018586
976.000000,0.033673,0.028152,0.013066,0.007544,0.013914
977.000000,0.016560,0.026037,0.012224,0.007403,-0.008922
978.000000,0.014903,0.027617,0.012709,0.007896,0.015023
979.000000,0.011182,0.026317,0.013473,0.008365,0.017311
980.000000,0.010185,0.028231,0.014178,0.009084,0.013598
981.000000,0.007364,0.020518,0.014562,0.009379,-0.000190
982.000000,0.010513,0.013537,0.014548,0.009919,0.006826
983.000000,0.003462,0.009183,0.013650,0.009809,-0.020234
984.000000,-0.003894,0.003644,0.013046,0.009134,-0.019471
985.000000,-0.008233,0.000976,0.013451,0.008769,-0.008094
986.000000,-0.005712,0.000826,0.014489,0.008986,0.012410
987.000000,-0.010195,0.000159,0.013098,0.008202,-0.015587
988.000000,-0.001938,0.000762,0.014190,0.008727,0.021053
989.000000,0.003663,-0.000116,0.013101,0.008944,0.008530
990.000000,0.010841,0.001304,0.014767,0.009887,0.027795
991.000000,0.014788,0.004538,0.012528,0.011221,0.032148
992.000000,0.014124,0.001965,0.007751,0.010354,-0.018905
993.000000,0.003359,0.000711,0.004947,0.009337,-0.032771
994.000000,-0.003191,0.000236,0.001940,0.008776,-0.024224
995.000000,-0.011754,-0.000457,0.000260,0.008815,-0.015020
996.000000,-0.016518,-0.000865,-0.000020,0.009371,0.008328
997.000000,-0.013807,0.000159,0.000159,0.008785,-0.005346
998.000000,-0.002854,0.000253,0.000508,0.009544,0.021992
999.000000,0.007318,0.002064,0.000974,0.009422,0.026638
1000.000000,0.006889,-0.002433,-0.000564,0.009034,-0.017166
1001.000000,0.003601,-0.006459,-0.000960,0.006199,-0.008113
1002.000000,0.004437,-0.004685,-0.001360,0.003606,-0.001164
1003.000000,0.000000,-0.001427,-0.000358,0.002822,-0.000194
1004.000000,-0.007986,-0.000334,-0.000049,0.001182,-0.013294
1005.000000,-0.004121,0.001384,0.000464,0.000634,0.002163
1006.000000,-0.003167,0.000217,-0.000324,0.000059,-0.003344
1007.000000,0.000116,0.002277,0.001218,0.000865,0.015253
1008.000000,0.000853,0.000426,0.000340,0.000480,0.003487
1009.000000,-0.001700,-0.004843,-0.001390,-0.000965,-0.026057
1010.000000,-0.003047,-0.003584,-0.003008,-0.001571,-0.004576
1011.000000,-0.004262,-0.003714,-0.005087,-0.001878,-0.009416
1012.000000,-0.002028,-0.000956,-0.002820,-0.001225,0.026419
1013.000000,-0.001709,-0.000428,-0.000928,-0.000381,0.005084
1014.000000,-0.000238,-0.000969,-0.000652,-0.000356,-0.018703
1015.000000,0.003949,0.000451,0.000917,0.000459,0.016360
1016.000000,0.000362,-0.001950,-0.000866,-0.000866,-0.027350
1017.000000,-0.004240,-0.003134,-0.000429,-0.000233,0.003410
1018.000000,-0.006140,-0.003924,-0.001749,-0.001082,-0.004415
1019.000000,-0.000996,-0.000617,-0.002730,-0.001132,0.007015
1020.000000,-0.004428,-0.000240,-0.001912,-0.002085,-0.000799
1021.000000,0.003703,0.002032,-0.000841,-0.002714,0.013303
1022.000000,0.002428,-0.000906,-0.000931,-0.002182,-0.002963
1023.000000,0.000883,-0.002628,-0.001528,-0.001494,-0.012141
1024.000000,-0.002128,-0.001562,-0.001266,-0.000955,-0.008042
1025.000000,-0.003957,-0.004192,-0.001871,-0.000786,-0.009940
1026.000000,-0.006699,-0.001498,-0.001724,-0.001077,-0.000408
1027.000000,-0.005821,-0.001696,-0.002415,-0.000851,0.001427
1028.000000,-0.002783,-0.000950,-0.002437,-0.001483,0.003050
1029.000000,0.004392,0.001132,0.000257,-0.001443,0.027832
1030.000000,0.006222,0.001133,0.000447,-0.000897,-0.000790
1031.000000,0.001301,-0.002699,-0.000333,-0.001460,-0.025014
1032.000000,0.000975,-0.002423,-0.001664,-0.001428,-0.000203
1033.000000,0.005566,0.001392,-0.000618,-0.000555,0.026007
1034.000000,0.000316,0.002354,0.000396,-0.000059,0.001579
1035.000000,0.001300,0.003761,-0.000216,0.000007,0.004132
1036.000000,0.008257,0.004779,0.001640,0.000444,0.009770
1037.000000,0.006540,0.003757,0.001031,-0.000358,-0.008788
1038.000000,0.002395,0.003981,0.001515,-0.000298,0.005282
1039.000000,0.000748,0.000532,0.000832,0.000349,-0.006656
1040.000000,-0.000984,0.000158,0.000645,0.000350,-0.004528
1041.000000,-0.004165,0.002046,-0.000327,0.000460,-0.006136
1042.000000,-0.003522,0.001509,-0.000457,-0.000607,-0.005574
1043.000000,-0.002988,-0.000297,0.000548,-0.000511,0.007954
1044.000000,0.000039,0.000394,0.001374,0.000395,0.008480
1045.000000,-0.024709,-0.012847,-0.004543,-0.004426,-0.128271
1046.000000,-0.017024,-0.010594,-0.002908,-0.002438,0.032293
1047.000000,-0.015606,-0.009564,-0.002903,-0.002501,0.001512
1048.000000,-0.018627,-0.010807,-0.003413,-0.002592,-0.007148
1049.000000,-0.024852,-0.012406,-0.005937,-0.003581,-0.022646
1050.000000,-0.002426,-0.013568,-0.006705,-0.004092,-0.016140
1051.000000,-0.012671,-0.014848,-0.006401,-0.005167,-0.018935
1052.000000,-0.015058,-0.015332,-0.006912,-0.005415,-0.010418
1053.000000,-0.013117,-0.015872,-0.008084,-0.004925,0.002557
1054.000000,-0.008309,-0.016581,-0.008093,-0.004611,0.001392
1055.000000,-0.003925,-0.003176,-0.008011,-0.004087,0.005778
1056.000000,-0.000554,-0.006613,-0.008603,-0.004143,-0.002076
1057.000000,0.006638,-0.004210,-0.006887,-0.003339,0.025537
1058.000000,0.004589,-0.004264,-0.007535,-0.003697,-0.007684
1059.000000,0.003629,-0.002340,-0.007373,-0.004738,-0.003409
1060.000000,-0.006702,-0.005314,-0.009441,-0.006241,-0.045881
1061.000000,-0.006478,-0.003516,-0.009182,-0.005439,-0.000954
1062.000000,-0.010254,-0.001808,-0.008570,-0.005210,0.006657
1063.000000,-0.009906,-0.002658,-0.009265,-0.006275,-0.005942
1064.000000,-0.009510,-0.002940,-0.009760,-0.006376,-0.001431
1065.000000,0.002510,-0.002096,-0.002636,-0.006039,0.014222
1066.000000,0.004668,-0.000905,-0.003759,-0.006037,0.009836
1067.000000,0.007534,-0.001360,-0.002785,-0.005045,0.020985
1068.000000,0.008905,-0.000500,-0.002382,-0.005190,0.000912
1069.000000,0.007589,-0.000961,-0.001650,-0.005236,-0.008012
1070.000000,0.005936,0.004223,-0.000545,-0.004886,0.005958
1071.000000,-0.000607,0.002031,-0.000742,-0.005444,-0.022878
1072.000000,0.000683,0.004109,0.001150,-0.004344,0.027437
1073.000000,0.001816,0.005360,0.001351,-0.004390,0.006574
1074.000000,0.003418,0.005503,0.001282,-0.004672,0.000000
1075.000000,0.003128,0.004532,0.001218,-0.000246,0.004509
1076.000000,0.003154,0.001274,0.000184,-0.002081,-0.022749
1077.000000,-0.003904,-0.001610,-0.001485,-0.002393,-0.007854
1078.000000,-0.002181,-0.000183,-0.000341,-0.001649,0.015190
1079.000000,-0.003234,0.000092,-0.000434,-0.001070,-0.005267
1080.000000,-0.001535,0.000796,0.002510,-0.000098,0.013003
1081.000000,0.010968,0.007061,0.004546,0.001859,0.039770
1082.000000,0.012365,0.004230,0.004170,0.002177,-0.000872
1083.000000,0.011409,0.004614,0.004987,0.002439,0.010410
1084.000000,0.013881,0.005323,0.005413,0.002629,0.007095
1085.000000,0.011666,0.005065,0.004799,0.002500,0.001926
1086.000000,0.001043,0.006006,0.003640,0.002125,-0.013345
1087.000000,-0.003785,0.004290,0.001340,0.000440,-0.025012
1088.000000,-0.002606,0.004401,0.002109,0.001240,0.016307
1089.000000,-0.002848,0.005517,0.002804,0.001549,0.005884
1090.000000,-0.006564,0.002551,0.001674,0.002524,-0.016652
1091.000000,-0.002969,-0.000963,0.003049,0.002710,0.004629
1092.000000,-0.000712,-0.002249,0.000991,0.002030,-0.013729
1093.000000,-0.000394,-0.001500,0.001557,0.002825,0.017899
1094.000000,-0.015491,-0.009170,-0.001923,0.000552,-0.069603
1095.000000,-0.012443,-0.009503,-0.002219,0.000031,-0.001410
1096.000000,-0.018465,-0.010717,-0.002356,-0.001146,-0.025481
1097.000000,-0.019124,-0.009918,-0.002814,-0.002413,-0.017028
1098.000000,-0.023540,-0.011967,-0.003783,-0.002583,-0.004179
1099.000000,-0.008343,-0.011917,-0.003200,-0.002103,0.006385
1100.000000,-0.012116,-0.012279,-0.004864,-0.002977,-0.020278
1101.000000,-0.006322,-0.012393,-0.006678,-0.002098,0.003491
1102.000000,-0.003914,-0.011519,-0.006884,-0.003179,-0.004991
1103.000000,-0.001137,-0.012338,-0.006919,-0.003075,0.009710
1104.000000,-0.003956,-0.006149,-0.007659,-0.003332,-0.007711
1105.000000,-0.002261,-0.007189,-0.008346,-0.003876,-0.011805
1106.000000,-0.004889,-0.005605,-0.008161,-0.003439,-0.009647
1107.000000,-0.001759,-0.002837,-0.006378,-0.002822,0.010657
1108.000000,-0.004206,-0.002671,-0.007319,-0.003412,-0.002527
1109.000000,-0.003730,-0.003843,-0.007880,-0.003414,-0.005328
1110.000000,0.005630,0.001684,-0.005297,-0.002681,0.034995
1111.000000,0.009709,0.002410,-0.004991,-0.003649,0.010750
1112.000000,0.005182,0.001712,-0.004904,-0.004019,-0.011979
1113.000000,0.008083,0.001938,-0.005200,-0.003967,0.011979
1114.000000,0.012140,0.004205,-0.000972,-0.003705,0.014954
1115.000000,0.010386,0.008008,0.000410,-0.002895,0.026227
1116.000000,0.014345,0.012027,0.003211,-0.001432,0.030545
1117.000000,0.018049,0.011616,0.004389,-0.000380,0.006538
1118.000000,0.016147,0.012115,0.004722,-0.000841,0.002469
1119.000000,0.015341,0.013740,0.004949,-0.000673,0.010924
1120.000000,0.010538,0.010462,0.006073,-0.000044,0.002215
1121.000000,0.004208,0.009277,0.005843,-0.000235,-0.001107
1122.000000,0.005409,0.011729,0.006720,0.000640,0.012546
1123.000000,0.005919,0.011033,0.006486,0.000211,0.005018
1124.000000,0.001986,0.008663,0.006434,0.002240,-0.008743
1125.000000,0.002899,0.006719,0.007363,0.002513,0.006783
1126.000000,0.005246,0.004727,0.008377,0.003716,0.010628
1127.000000,0.003082,0.004246,0.007931,0.004341,0.001725
1128.000000,0.001690,0.003805,0.007960,0.004416,-0.001940
1129.000000,0.004214,0.003100,0.008420,0.004333,0.003877
1130.000000,-0.000131,0.001384,0.005923,0.004510,-0.014943
1131.000000,0.002828,0.004037,0.006657,0.005241,0.025421
1132.000000,0.005229,0.004156,0.007942,0.005865,0.013732
1133.000000,0.002274,0.001982,0.006508,0.004985,-0.016715
1134.000000,-0.000948,0.001633,0.005148,0.004834,-0.012236
1135.000000,0.005042,0.002455,0.004587,0.005727,0.015006
1136.000000,0.002788,0.002808,0.003768,0.006521,0.014155
1137.000000,0.001963,0.003596,0.003921,0.006486,0.009603
1138.000000,0.007619,0.004947,0.004376,0.006956,0.011568
1139.000000,0.009326,0.004189,0.003644,0.007010,-0.003704
1140.000000,0.007639,0.006341,0.003862,0.006062,0.006575
1141.000000,0.006684,0.004736,0.004387,0.006017,0.009376
1142.000000,0.001655,0.001809,0.002982,0.005898,-0.015539
1143.000000,-0.000082,0.003769,0.002875,0.005595,0.002881
1144.000000,-0.001698,0.003814,0.002724,0.004703,-0.011781
1145.000000,-0.001604,0.003018,0.002737,0.004064,0.007044
1146.000000,-0.004182,0.001251,0.002029,0.002929,-0.003516
1147.000000,0.001601,0.001628,0.002612,0.003157,0.013376
1148.000000,-0.000247,-0.000164,0.002391,0.002862,-0.006357
1149.000000,0.002027,0.000165,0.002177,0.002485,-0.000412
1150.000000,0.000742,-0.000431,0.002955,0.002431,0.000617
1151.000000,0.003369,-0.000407,0.002165,0.002789,0.009620
1152.000000,0.002236,0.001918,0.001864,0.002628,0.007711
1153.000000,-0.002859,-0.001553,0.001108,0.001399,-0.031833
1154.000000,-0.003530,-0.000751,0.001531,0.001565,-0.003763
1155.000000,-0.000577,0.000083,0.001550,0.001852,0.015382
1156.000000,-0.000857,0.001256,0.001253,0.001772,0.008217
1157.000000,-0.005201,-0.001483,0.000073,0.001247,-0.014009
1158.000000,-0.006576,-0.004718,-0.002441,0.000022,-0.038706
1159.000000,-0.007643,-0.005586,-0.002711,-0.000411,-0.009099
1160.000000,-0.010937,-0.005757,-0.003094,0.000051,-0.001089
1161.000000,-0.009940,-0.005399,-0.002903,-0.000356,0.013202
1162.000000,-0.007526,-0.006364,-0.002223,-0.000879,-0.001937
1163.000000,-0.001081,-0.003829,-0.002691,-0.000538,-0.006484
1164.000000,-0.000872,-0.004258,-0.002505,-0.000398,-0.008055
1165.000000,-0.002191,-0.006564,-0.003241,-0.001155,-0.007680
1166.000000,-0.004699,-0.007320,-0.003032,-0.001604,0.000661
1167.000000,-0.002908,-0.005217,-0.003350,-0.001690,0.007019
1168.000000,-0.003191,-0.002136,-0.003427,-0.002339,-0.007900
1169.000000,0.000959,0.000044,-0.002771,-0.001793,0.012697
1170.000000,0.005518,0.001664,-0.002047,-0.001508,0.015113
1171.000000,0.006156,0.000728,-0.002335,-0.001692,0.003849
1172.000000,0.004153,0.000623,-0.002870,-0.001274,-0.002993
1173.000000,0.006503,0.001656,-0.001086,-0.001242,0.003846
1174.000000,0.006253,0.003606,-0.000326,-0.000468,0.011451
1175.000000,0.006202,0.005860,-0.000352,-0.000207,0.014858
1176.000000,0.003554,0.004855,-0.001232,-0.000403,-0.009392
1177.000000,0.006363,0.005258,0.000021,-0.000480,0.011052
1178.000000,-0.000641,0.002931,0.000397,-0.001308,-0.031174
1179.000000,-0.001015,0.002619,0.001331,-0.000975,0.009582
1180.000000,0.003501,0.004851,0.003258,0.000253,0.037434
1181.000000,0.007652,0.005603,0.003166,0.000311,0.011366
1182.000000,0.003658,0.005010,0.002817,-0.000243,-0.008920
1183.000000,0.006897,0.003128,0.002392,0.000318,-0.014976
1184.000000,0.005682,0.002334,0.002970,0.000561,0.003508
1185.000000,-0.002052,0.000724,0.003292,0.000007,-0.001237
1186.000000,-0.004242,0.001705,0.003280,-0.000253,0.000412
1187.000000,-0.001677,0.000991,0.003124,0.000344,0.003909
1188.000000,0.000743,0.003820,0.003375,0.001538,-0.002879
1189.000000,0.003674,0.004678,0.003649,0.002447,0.018162
1190.000000,0.005331,0.001640,0.003246,0.002718,0.007053
1191.000000,0.006091,0.000924,0.003264,0.002419,0.004208
1192.000000,0.012381,0.005352,0.005181,0.003662,0.035360
1193.000000,0.008467,0.004605,0.003867,0.003130,-0.022447
1194.000000,0.004202,0.003938,0.003136,0.003293,-0.003163
1195.000000,0.004252,0.004792,0.002758,0.003792,0.007300
1196.000000,0.005600,0.005845,0.003775,0.004135,0.010948
1197.000000,-0.005003,0.003689,0.002340,0.003313,-0.017654
1198.000000,-0.001148,0.003660,0.003740,0.003470,-0.003171
1199.000000,0.000435,0.002319,0.003498,0.003205,0.004753
1200.000000,-0.003730,0.000261,0.000950,0.002251,-0.013527
1201.000000,-0.002741,0.001429,0.001177,0.002652,0.015895
1202.000000,0.001302,-0.001851,0.001751,0.002837,0.002559
1203.000000,0.002995,0.000923,0.002764,0.002886,0.005295
1204.000000,0.001731,0.001083,0.002511,0.002452,-0.001566
1205.000000,0.006696,0.001483,0.003137,0.002333,0.011297
1206.000000,0.002079,-0.000331,0.002757,0.002406,-0.007192
1207.000000,0.001801,0.001551,0.002620,0.002077,0.001170
1208.000000,0.020151,0.011573,0.007616,0.006351,0.097045
1209.000000,0.029285,0.015508,0.008913,0.007502,0.044106
1210.000000,0.025701,0.016199,0.008230,0.006033,-0.006621
1211.000000,0.026115,0.014097,0.007763,0.005483,-0.005123
1212.000000,0.025984,0.013892,0.006021,0.005798,0.000513
1213.000000,0.008245,0.014198,0.007561,0.006575,0.008350
1214.000000,-0.000848,0.014219,0.007651,0.006413,-0.001358
1215.000000,-0.001642,0.012030,0.006756,0.006101,-0.010591
1216.000000,0.000445,0.013280,0.006474,0.006265,0.005310
1217.000000,-0.001167,0.012409,0.006980,0.005883,-0.007545
1218.000000,-0.002527,0.002859,0.007216,0.006030,0.001548
1219.000000,-0.003359,-0.002103,0.006702,0.005241,-0.005514
1220.000000,-0.002141,-0.001891,0.007154,0.004856,-0.004503
1221.000000,-0.006317,-0.002936,0.005580,0.004197,-0.015569
1222.000000,-0.023768,-0.012467,0.000713,-0.000142,-0.094799
1223.000000,-0.026221,-0.014374,-0.000088,0.000249,-0.010718
1224.000000,-0.023946,-0.013652,0.000283,0.000550,0.005861
1225.000000,-0.024806,-0.013473,-0.000722,0.000013,-0.008804
1226.000000,-0.019270,-0.012793,0.000243,0.000052,0.012110
1227.000000,0.000851,-0.011458,0.000475,0.000834,0.005807
1228.000000,0.004265,-0.010978,-0.004060,0.001151,0.006349
1229.000000,0.003322,-0.010312,-0.006207,0.001031,0.001150
1230.000000,0.008087,-0.008359,-0.005125,0.001983,0.015021
1231.000000,0.006607,-0.006332,-0.004634,0.001610,0.004707
1232.000000,0.003406,0.002129,-0.005169,0.001185,-0.010195
1233.000000,-0.001193,0.001536,-0.006419,0.000453,-0.016646
1234.000000,-0.000230,0.001546,-0.006053,0.000704,0.005963
1235.000000,0.002476,0.005282,-0.004096,0.001279,0.028549
1236.000000,0.008026,0.007316,-0.002738,0.002601,0.032459
1237.000000,0.003275,0.003341,-0.004059,0.001430,-0.033951
1238.000000,0.006641,0.002724,-0.004127,-0.001798,0.000187
1239.000000,0.008486,0.004128,-0.003092,-0.002762,0.015188
1240.000000,0.003327,0.002901,-0.002729,-0.002450,0.002754
1241.000000,-0.003385,0.002321,-0.002005,-0.002316,-0.001101
1242.000000,0.002338,0.002807,0.002468,-0.002511,-0.005336
1243.000000,0.003845,0.005243,0.003390,-0.002532,0.007719
