0.000000,0.022825,0.010242,0.006146,0.005126,0.078354
1.000000,0.023587,0.010581,0.006027,0.005094,0.002440
2.000000,0.024362,0.009736,0.005748,0.005108,0.000853
3.000000,0.021693,0.009842,0.006989,0.004937,-0.005126
4.000000,0.014397,0.009524,0.006600,0.004607,-0.004538
5.000000,-0.001250,0.010788,0.005648,0.004795,0.000123
6.000000,-0.000586,0.011501,0.006601,0.005077,0.005760
7.000000,-0.001712,0.011325,0.006670,0.004794,-0.004777
8.000000,-0.000318,0.010687,0.006909,0.004837,0.001840
9.000000,-0.001382,0.006508,0.004912,0.004400,-0.009854
10.000000,-0.000295,-0.000772,0.004735,0.003840,0.005555
11.000000,-0.000294,-0.000440,0.005071,0.003872,0.005769
12.000000,0.002004,0.000146,0.004941,0.003881,0.006709
13.000000,-0.000983,-0.000651,0.004596,0.004442,-0.013093
14.000000,-0.000124,-0.000753,0.004385,0.004149,-0.005558
15.000000,-0.001086,-0.000691,0.005048,0.003535,0.000743
16.000000,0.000465,0.000086,0.005793,0.004429,0.013522
17.000000,-0.000097,0.000953,0.006139,0.004764,0.003900
18.000000,0.002327,0.000672,0.005680,0.004830,-0.000973
19.000000,0.002462,0.001169,0.003838,0.003665,-0.004882
20.000000,0.002973,0.000943,0.000085,0.003471,0.003298
21.000000,0.000707,0.000586,0.000073,0.003576,0.002192
22.000000,0.002778,0.001340,0.000743,0.003741,0.014255
23.000000,0.003188,0.002758,0.001053,0.003983,0.001079
24.000000,0.006571,0.004516,0.001882,0.004429,0.012029
25.000000,0.006573,0.004773,0.002041,0.004957,0.003309
26.000000,0.004809,0.002758,0.001422,0.004781,-0.006630
27.000000,0.002029,0.002403,0.001678,0.004894,0.000356
28.000000,0.002737,0.002963,0.001817,0.004774,0.004620
29.000000,0.000189,0.003380,0.002274,0.003685,-0.000709
30.000000,-0.001350,0.002612,0.001777,0.000927,-0.004386
31.000000,0.002385,0.003597,0.002091,0.001248,0.012044
32.000000,-0.000428,0.000800,0.001070,0.000762,-0.013709
33.000000,-0.001471,0.000633,0.001695,0.000913,-0.000595
34.000000,-0.000166,0.000012,0.002264,0.001258,0.005817
35.000000,-0.003258,-0.002304,0.001235,0.000593,-0.019845
36.000000,-0.005039,-0.001327,0.000715,0.000505,0.003134
37.000000,-0.001481,-0.000954,0.000724,0.000801,0.004084
38.000000,-0.001074,-0.001273,0.000845,0.000787,0.001437
39.000000,-0.000166,-0.000166,0.001607,0.001461,0.010360
40.000000,0.003542,0.000142,0.001377,0.001232,-0.001304
41.000000,0.003129,-0.000955,0.001321,0.001076,0.001067
42.000000,0.003093,0.000806,0.000803,0.000982,0.003903
43.000000,0.004778,0.001852,0.001243,0.001748,0.009866
44.000000,0.002074,0.000954,0.000483,0.001827,-0.003161
45.000000,0.003691,0.003616,0.000656,0.002029,0.006777
46.000000,0.002496,0.002813,0.000743,0.001414,-0.004903
47.000000,0.003301,0.003197,0.001121,0.001549,0.007926
48.000000,0.003338,0.004058,0.001393,0.001916,0.010050
49.000000,0.003970,0.003022,0.001428,0.002079,0.000000
50.000000,0.003463,0.003577,0.001860,0.002110,0.004244
51.000000,0.005881,0.004189,0.001617,0.002277,0.007185
52.000000,0.004182,0.003742,0.002274,0.001783,-0.000568
53.000000,0.001306,0.002322,0.002087,0.001602,-0.004330
54.000000,0.004568,0.004269,0.002612,0.001745,0.016310
55.000000,0.001641,0.002552,0.003084,0.001288,-0.010390
56.000000,0.001291,0.003586,0.003199,0.001691,0.005434
57.000000,0.004208,0.004195,0.003696,0.002146,0.014014
58.000000,0.006582,0.003944,0.004001,0.002243,0.007542
59.000000,0.002988,0.003778,0.003400,0.002212,-0.001659
60.000000,0.006456,0.004049,0.003813,0.002589,0.006949
61.000000,0.003603,0.002447,0.003318,0.001894,-0.008832
62.000000,0.001022,0.002615,0.003178,0.002387,0.001108
63.000000,-0.003388,0.001597,0.001960,0.001924,-0.014504
64.000000,-0.001043,0.000973,0.002621,0.002065,0.010064
65.000000,-0.003057,0.001700,0.002126,0.002623,-0.003120
66.000000,0.001920,0.002762,0.003174,0.003053,0.016053
67.000000,0.004339,0.002680,0.003438,0.003357,0.013202
68.000000,0.007131,0.001872,0.002908,0.003291,-0.000542
69.000000,0.000267,-0.000388,0.001695,0.002137,-0.024259
70.000000,0.006046,0.001495,0.002772,0.003040,0.025776
71.000000,-0.000814,0.000553,0.001500,0.002396,-0.018249
72.000000,-0.006365,-0.001013,0.000801,0.001781,-0.014552
73.000000,-0.004053,0.001539,0.001568,0.001819,0.011017
74.000000,-0.000556,-0.000145,0.000414,0.001699,-0.006774
75.000000,-0.003738,0.001154,0.001427,0.001802,0.009868
76.000000,-0.000840,-0.000827,0.000967,0.001840,-0.003758
77.000000,0.004010,-0.001178,0.000751,0.001899,0.009698
78.000000,0.001258,-0.001398,0.000237,0.001473,-0.002746
79.000000,0.002634,0.001039,0.000325,0.001476,0.000110
80.000000,0.000903,-0.001418,0.000038,0.001375,0.001209
81.000000,-0.003238,-0.002039,-0.000743,0.000320,-0.024459
82.000000,-0.003563,0.000224,-0.000395,0.000608,0.008071
83.000000,-0.000022,0.000618,0.001078,0.001251,0.014960
84.000000,0.000768,0.001701,0.000778,0.000843,0.004061
85.000000,0.002662,0.001782,0.001468,0.001545,0.010678
86.000000,0.010095,0.003429,0.001301,0.001788,0.012707
87.000000,0.007860,0.002148,0.000485,0.001217,-0.003108
88.000000,0.004610,0.002294,0.000448,0.000923,-0.001289
89.000000,0.002785,0.001777,0.001408,0.000809,-0.005064
90.000000,0.004374,0.003518,0.001050,0.001198,0.018622
91.000000,0.003206,0.006651,0.002306,0.001722,0.006869
92.000000,0.003427,0.005643,0.002933,0.001618,-0.002003
93.000000,0.007303,0.005956,0.003287,0.002704,0.018090
94.000000,0.008274,0.005529,0.003615,0.002362,-0.000207
95.000000,0.004736,0.004555,0.003169,0.002497,0.000932
96.000000,0.000589,0.001897,0.002663,0.001500,-0.013868
97.000000,0.000800,0.002114,0.002131,0.001028,-0.000945
98.000000,-0.001832,0.002735,0.002515,0.001210,0.004927
99.000000,0.006325,0.007300,0.004538,0.003372,0.040579
100.000000,-0.000332,0.002202,0.002860,0.001434,-0.032351
101.000000,0.002193,0.001391,0.004021,0.002001,-0.001245
102.000000,-0.000526,0.000137,0.002890,0.002001,-0.014541
103.000000,-0.001322,-0.001577,0.002190,0.001666,0.000948
104.000000,-0.009670,-0.001672,0.001929,0.001853,-0.001159
105.000000,-0.005574,-0.002953,0.000801,0.001128,-0.011875
106.000000,-0.002487,-0.000147,0.000875,0.001726,0.014191
107.000000,0.003344,0.001409,0.001761,0.001890,0.014614
108.000000,0.002947,0.000812,0.001774,0.001947,-0.001037
109.000000,0.001093,-0.004288,0.001506,0.001596,-0.010428
110.000000,0.001657,-0.001959,0.000122,0.001254,-0.009056
111.000000,0.002653,0.000083,0.000737,0.002708,0.019172
112.000000,-0.002818,0.000263,0.000200,0.002014,-0.012740
113.000000,0.000642,0.001795,0.000109,0.002058,0.016262
114.000000,0.002293,0.001693,0.000010,0.001850,-0.002174
115.000000,0.005138,0.003397,0.000222,0.001666,0.005168
116.000000,-0.003496,-0.000421,-0.000284,0.000443,-0.023997
117.000000,0.000315,-0.001251,0.000079,0.000757,0.006316
118.000000,-0.005323,-0.002340,-0.000764,0.000402,-0.011928
119.000000,-0.001769,0.000262,-0.002013,0.001091,0.015594
120.000000,-0.014492,-0.004677,-0.003318,-0.001478,-0.058445
121.000000,-0.005481,-0.004489,-0.002203,-0.001005,0.021058
122.000000,-0.008685,-0.004185,-0.001961,-0.001262,-0.009706
123.000000,-0.004163,-0.004743,-0.001474,-0.001509,0.010682
124.000000,-0.006114,-0.003942,-0.001124,-0.001307,0.005838
125.000000,0.005100,-0.004696,-0.000649,-0.001417,-0.002374
126.000000,0.006828,0.000674,0.000126,0.000035,0.029700
127.000000,0.003864,-0.002411,-0.001831,-0.000751,-0.024527
128.000000,0.004948,0.000392,-0.000974,-0.000379,0.016101
129.000000,0.005339,-0.000388,-0.000063,-0.001471,0.007797
130.000000,0.008172,0.006636,0.000979,0.000000,0.011790
131.000000,0.001630,0.004229,-0.000130,-0.000059,-0.003013
132.000000,0.007614,0.005739,0.000777,0.000606,0.005395
133.000000,0.005447,0.005197,0.000227,0.000749,0.005263
134.000000,0.004955,0.005147,0.000603,0.000966,0.005338
135.000000,0.006571,0.007371,0.001338,0.002024,0.019869
136.000000,0.008174,0.004902,0.002788,0.001718,0.005006
137.000000,0.009261,0.008437,0.003013,0.001592,0.010827
138.000000,0.006979,0.006213,0.003303,0.001422,-0.006144
139.000000,0.005752,0.005354,0.002483,0.001743,-0.000796
140.000000,0.002136,0.004354,0.005495,0.002104,0.001789
141.000000,0.000399,0.004287,0.004258,0.001342,-0.003681
142.000000,-0.005773,0.001744,0.003741,0.001099,-0.020034
143.000000,-0.003854,0.001563,0.003380,0.000672,0.003451
144.000000,-0.005037,0.000358,0.002752,0.000521,-0.006711
145.000000,-0.001535,0.000301,0.003836,0.000992,0.019298
146.000000,0.000120,0.000259,0.002581,0.001945,0.004593
147.000000,0.006582,0.000404,0.004421,0.002144,0.012276
148.000000,0.003794,-0.000030,0.003092,0.002192,-0.010485
149.000000,0.005156,0.000060,0.002707,0.001675,0.000099
150.000000,0.005721,0.002093,0.003223,0.004361,0.022124
151.000000,0.003280,0.001700,0.002993,0.003405,-0.007614
152.000000,0.000786,0.003684,0.002714,0.003722,-0.000196
153.000000,0.001545,0.002670,0.002116,0.003143,-0.006687
154.000000,-0.001758,0.001699,0.001029,0.002401,-0.016414
155.000000,-0.010871,-0.002575,-0.001137,0.001699,-0.023442
156.000000,-0.009163,-0.002942,-0.001341,0.000740,0.000924
157.000000,-0.008305,-0.003760,-0.001678,0.001694,0.004095
158.000000,-0.003263,-0.000859,-0.000444,0.001775,0.018524
159.000000,-0.001429,-0.001593,-0.000767,0.001273,-0.007247
160.000000,0.005569,-0.002651,-0.000279,0.001265,0.011550
161.000000,0.004684,-0.002239,-0.000270,0.001249,-0.003501
162.000000,0.002981,-0.002662,0.000511,0.000922,-0.004419
163.000000,-0.005593,-0.004428,-0.000879,-0.000065,-0.024350
164.000000,-0.003855,-0.002642,-0.000472,-0.000195,0.001443
165.000000,-0.005056,0.000256,-0.001159,-0.000673,0.005546
166.000000,-0.007994,-0.001655,-0.002298,-0.001446,-0.018190
167.000000,-0.005842,-0.001430,-0.002595,-0.001595,0.006342
168.000000,-0.001262,-0.003428,-0.002143,-0.001439,-0.001452
169.000000,-0.000681,-0.002268,-0.001931,-0.001267,0.004350
170.000000,-0.003346,-0.004201,-0.003426,-0.001586,-0.007781
171.000000,0.003556,-0.002219,-0.002229,-0.000920,0.016321
172.000000,0.003289,-0.001276,-0.001969,-0.000085,0.005008
173.000000,0.004718,0.001728,-0.001350,-0.000010,0.005693
174.000000,0.003076,0.001198,-0.000722,0.000085,-0.003859
175.000000,0.005708,0.001181,0.000719,-0.000379,0.005379
176.000000,0.003514,0.003535,0.000940,-0.000354,0.005350
177.000000,0.002533,0.002911,0.000740,-0.000760,0.000101
178.000000,0.003457,0.004088,0.000330,-0.000066,0.010315
179.000000,0.003430,0.003253,0.000493,-0.000203,-0.003993
180.000000,0.005727,0.005718,0.000758,-0.000378,0.016862
181.000000,0.006185,0.004850,0.001315,0.000130,0.007643
182.000000,0.006185,0.004359,0.001541,0.000140,0.000098
183.000000,0.002829,0.003143,0.002436,0.000148,-0.006462
184.000000,0.005583,0.004507,0.002852,0.001021,0.009775
185.000000,0.002852,0.004289,0.002735,0.001909,0.003205
186.000000,0.003809,0.004997,0.004266,0.002292,0.012431
187.000000,0.001459,0.003822,0.003366,0.001767,-0.011655
188.000000,0.003795,0.003312,0.003700,0.001324,0.005218
189.000000,-0.004526,0.000529,0.001891,0.000505,-0.031826
190.000000,-0.004888,-0.001018,0.002350,0.000166,0.001392
191.000000,-0.009552,-0.002871,0.000989,-0.000080,-0.010890
192.000000,-0.010666,-0.004604,-0.000122,-0.000507,-0.017224
193.000000,-0.012139,-0.004172,-0.000515,0.000233,-0.002148
194.000000,0.000278,-0.002124,0.001192,0.001194,0.030263
195.000000,0.005314,0.000213,0.002251,0.001894,0.026571
196.000000,0.007473,-0.001040,0.001979,0.002498,-0.000097
197.000000,0.008229,-0.001219,0.001302,0.001838,-0.013444
198.000000,0.010144,-0.000998,0.001157,0.002134,0.007426
199.000000,0.004150,0.002214,0.001371,0.001999,0.000292
200.000000,0.002977,0.004146,0.001564,0.002948,0.020709
201.000000,0.002787,0.005130,0.001129,0.002369,-0.001049
202.000000,0.004940,0.006585,0.000991,0.002113,-0.002676
203.000000,-0.002922,0.003611,-0.000281,0.000861,-0.031888
204.000000,-0.002961,0.000594,-0.000765,0.000993,0.000099
205.000000,-0.007300,-0.002162,-0.000974,0.000780,-0.000988
206.000000,-0.003640,-0.000427,-0.000733,0.001177,0.017252
207.000000,-0.001633,0.001654,0.000218,0.001419,0.007359
208.000000,0.003078,0.000078,-0.000460,0.000797,-0.008331
209.000000,0.003097,0.000068,0.001141,0.000937,0.000195
210.000000,0.001850,-0.002725,0.000710,0.000134,-0.007223
211.000000,-0.000779,-0.002210,0.001460,0.000016,0.004106
212.000000,-0.002798,-0.002216,0.002185,-0.000078,-0.002735
213.000000,-0.001288,0.000895,0.002253,0.000111,-0.000783
214.000000,-0.004903,-0.000903,-0.000154,-0.000811,-0.017880
215.000000,-0.001041,0.000405,-0.000878,-0.000515,0.012087
216.000000,-0.003702,-0.002241,-0.001334,-0.001236,-0.009200
217.000000,-0.004992,-0.003895,-0.001121,-0.001153,-0.009185
218.000000,-0.004235,-0.002762,-0.001342,-0.001227,0.003005
219.000000,-0.000659,-0.002781,-0.001356,-0.000166,0.000000
220.000000,-0.002338,-0.001689,-0.002207,-0.000090,0.003693
221.000000,-0.001276,-0.002489,-0.002349,0.000144,-0.003893
222.000000,-0.000723,-0.002858,-0.002537,0.000504,-0.006422
223.000000,-0.001345,-0.002790,-0.000947,0.000572,-0.000101
224.000000,-0.001506,-0.001082,-0.000993,-0.000464,-0.000806
225.000000,-0.003863,-0.003100,-0.001348,-0.001619,-0.008093
226.000000,-0.003166,-0.002221,-0.002231,-0.001629,-0.000406
227.000000,0.001064,0.000170,-0.001862,-0.000690,0.014727
228.000000,0.004342,0.001499,-0.000631,-0.000395,0.016288
229.000000,0.005936,0.002215,-0.000283,-0.000166,0.007166
230.000000,0.003703,-0.000080,-0.000885,-0.001498,-0.019257
231.000000,0.003625,0.000230,-0.001130,-0.001490,-0.000798
232.000000,0.000160,0.000612,-0.001123,-0.001487,-0.002598
233.000000,-0.002837,0.000752,-0.001019,-0.000381,0.001300
234.000000,-0.001650,0.002143,0.000530,0.000053,0.013103
235.000000,0.001945,0.002824,-0.000138,0.000043,-0.001283
236.000000,-0.002147,0.000739,-0.000741,-0.001241,-0.021257
237.000000,-0.002072,-0.000956,-0.000393,-0.001560,-0.002222
238.000000,0.001830,-0.000504,0.000498,-0.000589,0.020809
239.000000,0.001023,-0.000313,0.000951,-0.000293,0.009068
240.000000,0.004298,0.003122,0.001521,0.000451,0.015094
241.000000,0.008608,0.003230,0.001730,0.000324,0.000290
242.000000,0.011548,0.004738,0.002675,0.000831,0.012482
243.000000,0.004658,0.003244,0.001998,0.000402,-0.013642
244.000000,0.006031,0.003527,0.002835,0.001529,0.015930
245.000000,0.004435,0.004367,0.003595,0.001363,0.007115
246.000000,0.004055,0.006331,0.003535,0.001617,-0.001608
247.000000,0.004136,0.007842,0.003443,0.002352,0.012888
248.000000,0.006116,0.005387,0.002442,0.002127,-0.003746
249.000000,0.003230,0.004630,0.002158,0.002177,0.001500
250.000000,0.002275,0.003355,0.003238,0.002132,0.002339
251.000000,0.000945,0.002500,0.002865,0.001987,-0.008258
252.000000,-0.003336,0.000400,0.002569,0.001917,-0.008517
253.000000,-0.006639,-0.000262,0.001491,0.001245,-0.020257
254.000000,-0.003287,-0.000029,0.001749,0.001880,0.018259
255.000000,0.006474,0.004374,0.004370,0.003855,0.051141
256.000000,0.005117,0.003031,0.004681,0.003367,-0.015042
257.000000,0.007059,0.001861,0.004852,0.002916,0.001193
258.000000,0.007219,0.000290,0.002839,0.001725,-0.019454
259.000000,0.007825,0.002269,0.003450,0.002195,0.021287
260.000000,0.001191,0.003832,0.003593,0.003436,0.017969
261.000000,0.005132,0.005125,0.003812,0.003618,0.004666
262.000000,0.004858,0.005958,0.003179,0.003699,-0.000179
263.000000,0.009392,0.008306,0.004022,0.003763,0.003218
264.000000,0.006327,0.007076,0.003524,0.003525,0.005962
265.000000,0.000521,0.000856,0.002615,0.003199,-0.011063
266.000000,-0.002813,0.001160,0.002095,0.003507,-0.012003
267.000000,-0.006276,-0.000709,0.000576,0.002998,-0.017494
268.000000,-0.007549,0.000922,0.000606,0.002200,-0.003146
269.000000,-0.011485,-0.002579,-0.000155,0.001440,-0.013719
270.000000,-0.006955,-0.003217,0.000307,0.001323,0.011585
271.000000,-0.008040,-0.005427,-0.000151,0.000733,-0.017428
272.000000,-0.011211,-0.008743,-0.001393,-0.000795,-0.033348
273.000000,-0.008289,-0.007919,0.000194,0.000042,0.011465
274.000000,-0.007350,-0.009418,-0.001171,-0.000790,-0.009025
275.000000,-0.008792,-0.007874,-0.003509,-0.000881,0.004377
276.000000,-0.000473,-0.004257,-0.001548,-0.000022,0.024165
277.000000,0.002930,-0.004141,-0.002425,-0.000996,-0.016334
278.000000,0.002935,-0.002677,-0.000878,-0.000488,0.011490
279.000000,0.004797,-0.001277,-0.001928,-0.000529,0.000286
280.000000,0.005401,-0.001696,-0.002456,-0.000360,0.007396
281.000000,0.000624,0.000076,-0.002676,-0.000075,0.000283
282.000000,0.003248,0.003089,-0.002827,0.000101,-0.003216
283.000000,-0.001069,0.000933,-0.003493,0.000440,-0.010094
284.000000,0.005593,0.005195,-0.002111,0.000951,0.033598
285.000000,0.018313,0.011857,0.001992,0.001613,0.070996
286.000000,0.004150,0.002387,-0.000935,-0.000237,-0.070533
287.000000,0.005477,0.004362,0.000111,-0.000162,0.003417
288.000000,0.008874,0.003902,0.000613,0.000716,0.006891
289.000000,0.003286,0.004440,0.001582,0.000195,0.005661
290.000000,-0.011186,0.003564,0.000934,-0.000450,-0.001367
291.000000,0.001346,0.002748,0.001412,-0.000868,-0.007871
292.000000,0.005797,0.005637,0.004363,-0.000006,0.025672
293.000000,0.004006,0.006440,0.003686,-0.000182,-0.002062
294.000000,0.003734,0.003510,0.004353,-0.000237,0.004298
295.000000,0.005148,-0.003019,0.004419,0.000321,0.005703
296.000000,0.006544,0.003945,0.003166,0.000692,-0.000889
297.000000,-0.001582,0.002107,0.003235,0.000776,-0.014962
298.000000,-0.003476,0.000265,0.002084,0.000497,-0.011530
299.000000,-0.003425,0.000155,0.002297,0.001106,0.004555
300.000000,-0.004347,0.000400,0.001982,0.000756,0.001090
301.000000,-0.003788,0.001378,0.002063,0.001401,0.001905
302.000000,-0.000361,-0.000972,0.002332,0.002585,0.002173
303.000000,0.002107,-0.000684,0.002878,0.002229,0.000814
304.000000,0.001575,-0.000925,0.001293,0.002594,0.001896
305.000000,0.000870,-0.001739,-0.002379,0.002366,-0.002438
306.000000,-0.000109,-0.001949,0.000998,0.001461,-0.002988
307.000000,-0.000598,-0.000480,0.000814,0.001997,-0.000272
308.000000,-0.006409,-0.002151,-0.000943,0.000672,-0.028241
309.000000,-0.006993,-0.002709,-0.001277,0.000629,-0.001027
310.000000,-0.005927,-0.002529,-0.001064,0.000478,0.002891
311.000000,-0.000618,-0.000363,0.000507,0.001254,0.023561
312.000000,0.004414,0.001908,0.000468,0.002191,0.024883
313.000000,-0.010005,-0.008207,-0.004446,-0.000817,-0.100336
314.000000,-0.011376,-0.009184,-0.005055,-0.002200,-0.007878
315.000000,-0.018016,-0.011972,-0.006855,-0.005577,-0.030311
316.000000,-0.026763,-0.013691,-0.007820,-0.003898,-0.020176
317.000000,-0.029014,-0.012300,-0.006390,-0.003557,0.013632
318.000000,-0.006703,-0.008354,-0.005252,-0.003413,0.011220
319.000000,-0.011873,-0.011624,-0.007167,-0.004726,-0.033730
320.000000,-0.009731,-0.013873,-0.008201,-0.005334,-0.019599
321.000000,-0.004884,-0.015824,-0.008093,-0.004936,0.004057
322.000000,-0.008572,-0.018793,-0.008442,-0.005952,-0.004806
323.000000,-0.009067,-0.007885,-0.008046,-0.005592,0.008741
324.000000,-0.000968,-0.006420,-0.007802,-0.005510,0.006770
325.000000,0.004234,-0.002748,-0.007360,-0.005486,0.006410
326.000000,0.003486,-0.000699,-0.007195,-0.005446,0.000314
327.000000,0.004342,-0.002115,-0.007207,-0.004965,-0.000524
328.000000,0.003618,-0.002725,-0.005539,-0.004410,0.005120
329.000000,0.001742,0.000387,-0.005618,-0.004649,-0.002609
330.000000,-0.000105,0.002065,-0.005904,-0.004779,-0.002826
331.000000,0.001710,0.002598,-0.006613,-0.004530,0.009388
332.000000,0.001649,0.002995,-0.007899,-0.004630,-0.000831
333.000000,-0.000376,0.001621,-0.003132,-0.004824,-0.005000
334.000000,0.000292,0.001017,-0.002701,-0.004862,0.000731
335.000000,-0.000567,-0.000336,-0.001542,-0.005019,-0.007121
336.000000,-0.003013,-0.000651,-0.000675,-0.005014,-0.002842
337.000000,-0.001355,0.000147,-0.000984,-0.004756,0.007455
338.000000,-0.003243,-0.001809,-0.002267,-0.004296,-0.014436
339.000000,-0.001866,-0.000787,-0.000200,-0.004008,0.007613
340.000000,0.001153,0.000293,0.001179,-0.003839,0.007973
341.000000,0.000841,-0.001086,0.000756,-0.004770,-0.004398
342.000000,-0.002146,-0.001750,0.000622,-0.005849,-0.007480
343.000000,0.000382,-0.001430,0.000095,-0.002565,-0.001799
344.000000,0.000358,-0.000754,0.000132,-0.002052,0.007493
345.000000,0.001769,0.001461,0.000562,-0.000541,0.015027
346.000000,0.002441,0.001641,0.000495,0.000097,-0.001036
347.000000,0.005198,0.001526,0.000836,-0.000147,0.006305
348.000000,0.007771,0.004076,0.001134,-0.000152,0.011066
349.000000,0.008320,0.004339,0.001776,0.001313,0.010239
350.000000,0.008576,0.005172,0.002733,0.002510,0.016306
351.000000,0.006005,0.004223,0.001569,0.001912,-0.013888
352.000000,0.005026,0.005112,0.001681,0.002119,0.001408
353.000000,0.001644,0.004707,0.001638,0.001633,-0.005844
354.000000,-0.001092,0.003614,0.001430,0.001292,-0.003442
355.000000,-0.004617,0.001979,0.001720,0.001035,-0.001319
356.000000,-0.001333,0.002336,0.001989,0.001109,0.002535
357.000000,0.003209,0.004118,0.002822,0.001930,0.024117
358.000000,0.006698,0.004171,0.004124,0.002146,0.011599
359.000000,0.008517,0.003712,0.004026,0.002421,0.005652
360.000000,0.009363,0.002373,0.003773,0.002613,0.002911
361.000000,0.007495,0.003081,0.003652,0.002073,-0.006806
362.000000,0.002847,0.003028,0.004070,0.002130,0.000878
363.000000,0.000117,0.003408,0.004058,0.002228,-0.002049
364.000000,-0.002150,0.003184,0.003399,0.002014,-0.005681
365.000000,-0.001752,0.003806,0.002892,0.002415,0.004900
366.000000,-0.000254,0.003620,0.002978,0.002533,0.000684
367.000000,-0.000860,0.000994,0.002556,0.002212,-0.002151
368.000000,0.002311,0.001214,0.002693,0.003154,0.013805
369.000000,0.001332,-0.000409,0.001652,0.002547,-0.010580
370.000000,0.001965,0.000107,0.001240,0.002551,0.008067
371.000000,0.002774,0.001260,0.002171,0.002855,0.004732
372.000000,0.002471,0.000806,0.001917,0.002982,-0.003668
373.000000,0.003731,0.003021,0.003214,0.003712,0.020102
374.000000,0.006754,0.004043,0.003613,0.003613,0.004539
375.000000,0.006738,0.004352,0.004079,0.003379,0.007987
376.000000,0.007210,0.004992,0.004306,0.003650,0.007088
377.000000,0.010455,0.006463,0.003728,0.003858,0.012559
378.000000,0.000114,0.001922,0.001568,0.002436,-0.031604
379.000000,-0.001629,0.002563,0.001077,0.001955,-0.004176
380.000000,-0.004276,0.001231,0.000669,0.001237,-0.005245
381.000000,-0.008660,-0.000725,0.000268,0.001205,-0.014834
382.000000,-0.012398,-0.000972,-0.000083,0.000954,-0.006132
383.000000,-0.005045,-0.002466,0.000278,0.001321,0.005161
384.000000,-0.006476,-0.004053,-0.000005,0.001058,-0.011332
385.000000,-0.003394,-0.003835,0.000258,0.001441,0.010165
386.000000,-0.004872,-0.006766,-0.000887,0.000616,-0.022223
387.000000,-0.001136,-0.006767,-0.000152,0.000230,0.012549
388.000000,-0.005096,-0.005071,-0.001574,-0.000645,-0.014639
389.000000,-0.001479,-0.003978,-0.000708,-0.000608,0.006753
390.000000,-0.003374,-0.003384,-0.001076,-0.000682,0.000693
391.000000,0.000576,-0.002148,-0.001437,-0.000538,-0.002476
392.000000,-0.005152,-0.003144,-0.002058,-0.001103,-0.016091
393.000000,-0.002992,-0.004044,-0.003255,-0.001163,-0.003836
394.000000,-0.005173,-0.003326,-0.003689,-0.001112,-0.004155
395.000000,-0.004805,-0.004089,-0.003962,-0.001191,0.002536
396.000000,-0.007372,-0.003398,-0.005082,-0.001724,-0.015313
397.000000,-0.003845,-0.004499,-0.005633,-0.001601,0.001542
398.000000,-0.004108,-0.003550,-0.004310,-0.002233,-0.005149
399.000000,-0.002062,-0.003618,-0.003798,-0.001678,0.006073
400.000000,-0.000304,-0.002554,-0.002969,-0.001569,0.011326
401.000000,0.000452,-0.003460,-0.002804,-0.002111,-0.011531
402.000000,-0.000617,-0.002231,-0.002688,-0.002116,-0.003805
403.000000,0.004855,0.000374,-0.001835,-0.002045,0.022212
404.000000,0.000758,-0.000652,-0.001989,-0.002677,-0.014412
405.000000,0.000081,-0.000111,-0.002100,-0.002678,0.007942
406.000000,0.002428,0.001440,-0.000979,-0.002908,0.000203
407.000000,0.003250,0.001316,-0.001591,-0.003316,0.000304
408.000000,0.002543,0.003699,0.000075,-0.001640,0.018679
409.000000,0.005227,0.002992,-0.000313,-0.001534,-0.000995
410.000000,0.001455,0.000768,-0.000893,-0.001723,-0.010915
411.000000,0.002759,0.002594,-0.000433,-0.001005,0.006723
412.000000,-0.000447,0.001402,-0.000415,-0.001325,-0.015725
413.000000,-0.004732,-0.001094,-0.000360,-0.001588,-0.002747
414.000000,-0.004105,0.000561,-0.000046,-0.001139,0.002137
415.000000,-0.003473,-0.001009,-0.000560,-0.001737,-0.007756
416.000000,-0.005639,-0.001440,0.000000,-0.001133,-0.004106
417.000000,-0.003030,-0.001738,-0.000211,-0.001640,-0.002678
418.000000,-0.000858,-0.002795,0.000452,-0.000882,0.008116
419.000000,-0.004649,-0.004377,-0.000692,-0.001667,-0.016818
420.000000,-0.002682,-0.003077,-0.001155,-0.001621,0.002079
421.000000,0.002413,-0.001613,0.000490,-0.000826,0.021367
422.000000,0.001848,-0.000591,0.000405,-0.000474,-0.005503
423.000000,-0.002823,-0.001840,-0.001467,-0.000854,-0.015241
424.000000,0.000893,-0.001878,-0.000659,-0.000656,0.001762
425.000000,0.003111,0.000215,-0.000397,-0.000302,0.013172
426.000000,-0.002804,-0.000196,-0.000818,-0.000065,-0.008212
427.000000,-0.000553,0.000648,-0.000545,0.000075,0.005755
428.000000,0.005385,0.001281,-0.000757,0.000728,0.014447
429.000000,0.007442,0.004167,-0.000105,0.000928,0.012048
430.000000,0.007287,0.005199,0.001061,0.000963,0.012398
431.000000,0.005610,0.001403,-0.000105,0.000794,-0.016598
432.000000,0.002788,0.001118,0.000263,0.000643,-0.008353
433.000000,-0.003835,0.000775,-0.000533,-0.000720,-0.018667
434.000000,-0.004359,0.001542,-0.000168,0.000075,0.009428
435.000000,-0.009797,-0.001255,-0.000520,-0.000683,-0.014797
436.000000,-0.006023,-0.000206,-0.000201,-0.000614,0.002275
437.000000,-0.004146,-0.000679,-0.000015,-0.000590,0.001032
438.000000,-0.001094,-0.002464,-0.000592,-0.001326,-0.003411
439.000000,-0.005732,-0.005045,-0.000439,-0.001752,-0.013760
440.000000,-0.002018,-0.005908,-0.000354,-0.001262,0.003772
441.000000,0.000186,-0.002919,-0.000758,-0.001043,0.013296
442.000000,-0.001845,-0.002995,-0.000939,-0.000823,-0.009122
443.000000,-0.002416,-0.001755,-0.000490,-0.000940,-0.006268
444.000000,0.004935,-0.000399,0.000572,-0.000245,0.022997
445.000000,-0.001301,-0.001660,-0.001457,-0.000900,-0.027408
446.000000,-0.003204,-0.001509,-0.000858,-0.000637,0.003782
447.000000,-0.000814,-0.001329,-0.001004,-0.000453,0.002827
448.000000,0.001170,-0.000623,-0.001544,-0.000602,0.003653
449.000000,-0.003512,0.000711,-0.002167,-0.000056,-0.000417
450.000000,0.005768,0.002234,-0.001837,0.000508,0.018995
451.000000,0.006418,0.001607,-0.000656,0.000030,0.007031
452.000000,0.006501,0.002844,-0.000076,0.000322,0.003244
453.000000,0.011242,0.006206,0.002225,0.001742,0.027355
454.000000,0.012640,0.004564,0.002083,0.001902,0.006577
455.000000,0.016425,0.011097,0.004718,0.002727,0.037918
456.000000,0.018178,0.012298,0.005394,0.003527,0.015794
457.000000,0.015928,0.011214,0.004942,0.003069,-0.008006
458.000000,0.017075,0.014159,0.006768,0.003690,0.033094
459.000000,0.011999,0.012320,0.006516,0.002662,-0.018803
460.000000,0.005518,0.010972,0.006603,0.002432,0.005513
461.000000,0.006764,0.012471,0.007039,0.003720,0.022023
462.000000,0.006366,0.011147,0.006995,0.003665,-0.010000
463.000000,0.000343,0.008709,0.007458,0.004387,0.002983
464.000000,0.006491,0.009245,0.006905,0.004470,0.011934
465.000000,0.005263,0.005391,0.008244,0.004943,-0.000625
466.000000,0.000805,0.003785,0.008041,0.004858,-0.000268
467.000000,0.003838,0.005102,0.008158,0.004996,0.005165
468.000000,0.002708,0.001526,0.007842,0.005020,-0.002668
469.000000,0.002570,0.004530,0.008425,0.005854,0.011247
470.000000,0.001618,0.003441,0.007206,0.005549,-0.005386
471.000000,0.000731,0.000768,0.006619,0.004949,-0.004703
472.000000,-0.001748,0.001045,0.006096,0.005012,-0.007231
473.000000,0.000534,0.001621,0.005165,0.005512,0.008742
474.000000,-0.003446,-0.000438,0.004404,0.004457,-0.008653
475.000000,0.000742,0.001180,0.003285,0.005889,0.015557
476.000000,0.001383,0.001057,0.002421,0.005713,-0.001501
477.000000,0.003605,0.000928,0.003015,0.005748,0.003879
478.000000,0.000461,0.000497,0.001011,0.005394,-0.006976
479.000000,0.001411,-0.001018,0.001756,0.005278,-0.003907
480.000000,-0.003165,-0.001211,0.001115,0.004400,-0.007321
481.000000,-0.008832,-0.003724,-0.001478,0.003171,-0.029834
482.000000,-0.005514,-0.000954,0.000045,0.003746,0.020470
483.000000,-0.002138,-0.000838,0.000391,0.003164,0.009901
484.000000,-0.003935,-0.001262,-0.000850,0.002515,-0.012891
485.000000,0.000340,-0.001412,-0.000116,0.001720,0.014054
486.000000,0.006307,-0.001262,-0.000103,0.001193,0.000000
487.000000,0.004791,-0.000361,0.000283,0.001890,0.012888
488.000000,-0.002234,-0.002186,-0.000844,-0.000054,-0.025220
489.000000,0.004113,0.000089,-0.000464,0.001201,0.018841
490.000000,-0.002684,-0.001172,-0.001192,0.000352,-0.019929
491.000000,-0.002141,0.002083,-0.000821,-0.000291,0.002716
492.000000,-0.006809,-0.001009,-0.000982,-0.000306,-0.010453
493.000000,0.002627,0.000197,-0.000321,0.000326,0.021961
494.000000,0.002807,0.003460,0.001099,0.000586,0.019738
495.000000,0.012256,0.004786,0.001687,0.001518,0.027318
496.000000,0.014171,0.006015,0.002376,0.001937,0.012290
497.000000,0.020298,0.006744,0.003191,0.002437,0.020181
498.000000,0.016926,0.009777,0.003796,0.002696,0.005105
499.000000,0.015168,0.008987,0.004538,0.002686,0.010946
500.000000,0.010207,0.011232,0.005030,0.002950,0.002515
501.000000,0.006921,0.010546,0.006315,0.002968,-0.004141
502.000000,0.000528,0.010413,0.004702,0.002816,-0.011787
503.000000,-0.002646,0.007140,0.003669,0.002166,-0.010762
504.000000,-0.008904,0.003132,0.003296,0.001776,-0.020347
505.000000,-0.011748,-0.000770,0.002008,0.000868,-0.011705
506.000000,-0.015704,-0.004391,0.000812,0.000121,-0.023917
507.000000,-0.010046,-0.004759,0.000992,0.000541,0.016499
508.000000,-0.010123,-0.006384,0.001696,0.000402,-0.011144
509.000000,-0.004640,-0.006772,0.001108,0.000768,0.007067
510.000000,-0.000224,-0.005986,0.002623,0.001358,0.010378
511.000000,0.004457,-0.005624,0.002461,0.002335,-0.000516
512.000000,0.002888,-0.003579,0.003417,0.001941,0.008657
513.000000,0.007796,-0.001164,0.002988,0.002058,0.013393
514.000000,0.005335,0.000348,0.001740,0.002313,-0.005234
515.000000,-0.000949,-0.000586,-0.000678,0.001143,-0.021043
516.000000,0.002736,0.003596,-0.000397,0.001740,0.017906
517.000000,0.000273,0.001581,-0.001589,0.001188,-0.003658
518.000000,-0.001284,0.003256,-0.001564,0.002216,0.005609
519.000000,-0.000695,0.002320,-0.002226,0.001512,-0.002291
520.000000,0.002098,0.000575,-0.002706,0.001940,-0.007075
521.000000,0.002380,0.002558,-0.001533,0.002494,0.019316
522.000000,-0.002073,-0.000900,-0.002240,0.001978,-0.025925
523.000000,0.000389,-0.000447,-0.000805,0.001843,0.017922
524.000000,0.005082,0.002193,0.001271,0.001891,0.021173
525.000000,0.003997,0.003048,0.001231,0.000564,-0.012499
526.000000,0.002783,0.002582,0.003089,0.000596,0.013244
527.000000,0.007139,0.002533,0.002057,-0.000215,-0.004146
528.000000,0.001567,0.000978,0.002117,-0.000717,-0.009937
529.000000,-0.000980,0.002051,0.002186,-0.000800,0.008440
530.000000,0.001587,0.002792,0.001683,-0.000873,0.000333
531.000000,0.002418,0.002601,0.002579,-0.000155,0.017400
532.000000,0.002428,0.004783,0.001942,0.000101,-0.004096
533.000000,0.002883,0.002225,0.000889,0.000205,-0.007664
534.000000,0.002530,0.000775,0.001484,0.001106,0.006678
535.000000,0.000581,0.001084,0.002066,0.001182,-0.009411
536.000000,-0.002932,-0.000257,0.001162,0.001974,-0.000166
537.000000,-0.003011,-0.000291,0.001121,0.001274,-0.004490
538.000000,-0.000796,0.001044,0.001011,0.001759,0.003411
539.000000,-0.002447,0.000042,0.001046,0.001471,-0.001579
540.000000,0.000216,0.000399,0.001595,0.001255,0.003902
541.000000,-0.002858,-0.002895,-0.000147,0.000755,-0.015531
542.000000,0.000682,-0.001164,0.001810,0.000906,0.013209
543.000000,-0.002743,-0.001769,0.000228,0.000003,-0.013714
544.000000,-0.003169,-0.002808,-0.001016,0.000054,-0.003712
545.000000,-0.007720,-0.003752,-0.001334,0.000127,-0.018853
546.000000,-0.007424,-0.005141,-0.002699,-0.000939,-0.014049
547.000000,-0.007480,-0.003399,-0.001845,-0.000386,0.012929
548.000000,-0.008813,-0.005778,-0.002367,-0.001252,-0.020380
549.000000,-0.005657,-0.004413,-0.002186,-0.000773,0.012069
550.000000,0.004378,-0.001671,-0.000636,0.000507,0.031322
551.000000,0.004200,-0.001612,-0.002253,-0.000635,-0.014940
552.000000,0.003555,-0.001962,-0.001563,0.000552,0.009702
553.000000,0.006527,-0.001143,-0.001456,-0.000229,-0.005520
554.000000,0.003550,-0.001053,-0.001931,-0.001029,-0.002814
555.000000,-0.003056,0.000661,-0.001546,-0.000669,-0.001710
556.000000,0.002363,0.003282,-0.000929,-0.000705,0.012159
557.000000,0.000508,0.002031,-0.000684,-0.000553,0.000422
558.000000,0.002438,0.004482,-0.000648,-0.000084,0.004131
559.000000,-0.002700,0.000425,-0.001994,-0.001315,-0.028503
560.000000,-0.001184,-0.002120,-0.001896,-0.001131,0.005869
561.000000,-0.001153,0.000605,-0.000503,-0.001300,0.012316
562.000000,-0.000118,0.000195,-0.000884,-0.000977,0.005595
563.000000,-0.001978,0.000230,-0.000457,-0.000894,-0.005170
564.000000,0.005515,0.001408,0.000177,-0.000818,0.008966
565.000000,0.010037,0.004426,0.002544,0.000445,0.028475
566.000000,0.005698,0.002273,0.002777,0.000138,-0.009374
567.000000,0.003669,0.001775,0.001903,0.000136,-0.004554
568.000000,0.005993,0.002007,0.003245,0.000237,0.006453
569.000000,0.004084,0.004800,0.002612,0.000271,-0.000577
570.000000,-0.000804,0.004616,0.001248,0.000275,0.004035
571.000000,0.000165,0.002932,0.001769,0.000642,-0.004530
572.000000,0.002392,0.003031,0.001613,0.000421,0.006582
573.000000,-0.000859,0.002567,0.001398,0.000551,-0.009807
574.000000,0.001676,0.002880,0.002144,0.001078,0.012100
575.000000,-0.002447,-0.001626,0.001400,0.001154,-0.016582
576.000000,0.001677,0.000921,0.001597,0.002159,0.016091
577.000000,-0.002061,0.000166,0.000970,0.001324,-0.012106
578.000000,-0.001880,-0.001370,0.000319,0.001707,-0.008905
579.000000,-0.004769,-0.001547,0.001627,0.001226,-0.002343
580.000000,-0.003779,-0.003113,0.000752,-0.000206,-0.011631
581.000000,-0.008478,-0.003400,-0.000234,0.000046,-0.007403
582.000000,-0.007290,-0.004675,-0.000822,-0.000483,-0.006168
583.000000,-0.007912,-0.004896,-0.001165,-0.000700,-0.012017
584.000000,-0.010511,-0.007640,-0.002380,-0.001117,-0.015337
585.000000,-0.004666,-0.004222,-0.002924,-0.000474,0.017596
586.000000,-0.002026,-0.005252,-0.002165,-0.000686,0.005797
587.000000,-0.003100,-0.005195,-0.002515,-0.001085,-0.011541
588.000000,-0.001309,-0.004611,-0.002990,-0.001324,-0.003059
589.000000,0.001741,-0.004385,-0.002966,-0.000377,-0.000088
590.000000,-0.000521,-0.002594,-0.002853,-0.000363,0.006284
591.000000,-0.001350,-0.001688,-0.002544,-0.000719,0.001652
592.000000,-0.001261,-0.002181,-0.003428,-0.001275,-0.011092
593.000000,-0.000895,-0.001102,-0.002999,-0.001144,-0.001230
594.000000,0.001361,0.001551,-0.003045,-0.001070,0.011193
595.000000,-0.001467,-0.000994,-0.002608,-0.002281,-0.007857
596.000000,0.000382,-0.000484,-0.002868,-0.001605,0.010896
597.000000,0.000946,-0.000157,-0.002676,-0.001729,-0.008270
598.000000,0.001140,0.000122,-0.002244,-0.001953,-0.000262
599.000000,-0.001361,0.000000,-0.002193,-0.001977,-0.001312
600.000000,-0.001796,-0.001631,-0.002113,-0.002446,-0.010031
601.000000,-0.004808,-0.002213,-0.001951,-0.002434,-0.004165
602.000000,0.001689,0.001317,-0.000432,-0.001846,0.024214
603.000000,0.002018,0.001579,0.000239,-0.001473,0.001386
604.000000,0.000158,-0.000602,0.000475,-0.002230,-0.010616
605.000000,0.002426,0.000315,-0.000340,-0.001634,0.001311
606.000000,0.003102,-0.000853,-0.000669,-0.002196,-0.000787
607.000000,-0.000399,0.000645,0.000244,-0.001569,0.006710
608.000000,-0.003088,-0.000535,-0.000206,-0.001674,-0.012058
609.000000,-0.000263,-0.000053,-0.000026,-0.001479,0.003510
610.000000,0.001185,0.001805,0.000087,-0.000807,0.008548
611.000000,0.002278,0.002690,0.000238,-0.000404,0.004679
612.000000,0.003444,0.001523,0.001420,0.000220,0.012542
613.000000,0.005257,0.001085,0.001332,0.000521,-0.002992
614.000000,0.002351,0.001044,0.000221,0.000665,-0.011020
615.000000,-0.003257,-0.001036,-0.000361,-0.000572,-0.019494
616.000000,-0.003453,-0.000588,-0.000720,-0.000642,0.003701
617.000000,-0.006648,-0.001602,-0.000479,-0.000372,-0.003436
618.000000,-0.002551,0.001353,0.000409,0.000314,0.017497
619.000000,0.000294,0.001323,0.000635,0.000423,0.003204
620.000000,0.002962,-0.000148,0.000829,0.000009,-0.006157
621.000000,0.004023,0.000285,0.001487,0.000254,0.009005
622.000000,0.002839,-0.001905,-0.000191,0.000312,-0.009353
623.000000,-0.000330,-0.001440,-0.000178,0.000408,0.001652
624.000000,-0.002295,-0.001001,0.000022,-0.000186,-0.006624
625.000000,-0.006327,-0.001683,-0.001359,-0.000801,-0.026314
626.000000,-0.007304,-0.001640,-0.001114,-0.001027,0.004121
627.000000,0.004236,0.003537,0.000968,0.000860,0.048343
628.000000,0.003411,0.001540,0.001447,0.000786,-0.002473
629.000000,0.003605,0.000655,0.000989,0.000642,-0.005652
630.000000,0.008111,0.000892,0.000372,0.000850,-0.003786
631.000000,0.005102,-0.001101,-0.000408,0.000625,-0.010921
632.000000,-0.005790,-0.000777,-0.001341,-0.000387,-0.006119
633.000000,-0.002613,0.000399,-0.000521,0.000014,0.013414
634.000000,-0.001483,0.001061,0.000030,0.000368,0.000000
635.000000,-0.001003,0.003554,0.000936,0.000278,-0.001385
636.000000,-0.000209,0.002446,0.000403,0.000073,-0.006955
637.000000,0.005637,-0.000077,0.001730,0.000620,0.023112
638.000000,-0.000485,-0.001549,-0.000004,0.000448,-0.017197
639.000000,-0.001773,-0.001628,-0.000486,0.000117,-0.006439
640.000000,-0.004468,-0.002735,-0.000922,-0.000664,-0.014862
641.000000,-0.002281,-0.001245,-0.001173,-0.000687,0.003979
642.000000,-0.009999,-0.002181,-0.001479,-0.001621,-0.015474
643.000000,-0.009339,-0.004912,-0.002257,-0.001984,-0.013898
644.000000,-0.008871,-0.005322,-0.002130,-0.001754,-0.004098
645.000000,-0.004480,-0.004474,-0.000460,-0.000867,0.007092
646.000000,-0.005076,-0.003679,-0.000616,-0.000958,0.000996
647.000000,-0.000880,-0.005439,-0.002758,-0.000660,0.005506
648.000000,0.001413,-0.003963,-0.002756,-0.001324,-0.002433
649.000000,0.001907,-0.003482,-0.002555,-0.001485,-0.001626
650.000000,0.002431,-0.001024,-0.001880,-0.000956,0.009714
651.000000,0.006062,0.000493,-0.000376,-0.000618,0.019150
652.000000,0.004028,0.001574,-0.000303,-0.000461,-0.004665
653.000000,0.004990,0.003202,-0.000855,-0.000437,0.002379
654.000000,0.007904,0.004906,-0.000208,0.000215,0.012942
655.000000,0.003795,0.003113,-0.000680,0.000731,-0.010832
656.000000,-0.000158,0.002952,-0.000363,0.000573,-0.000615
657.000000,0.001389,0.002709,-0.001365,-0.000936,0.003071
658.000000,0.002727,0.003859,-0.000052,-0.000551,0.009070
659.000000,0.002040,0.004972,0.000745,-0.000046,0.009505
660.000000,0.003379,0.003587,0.001281,-0.000058,-0.004137
661.000000,0.001419,0.000630,0.000562,-0.000041,-0.010417
662.000000,-0.002326,-0.000469,0.000553,-0.000359,-0.015654
663.000000,-0.007898,-0.002586,0.000308,-0.001432,-0.018789
664.000000,-0.015907,-0.006933,-0.001014,-0.002450,-0.030537
665.000000,-0.018214,-0.007418,-0.002152,-0.002926,-0.015673
666.000000,-0.012959,-0.005770,-0.001409,-0.002166,0.015859
667.000000,-0.007496,-0.004911,-0.001101,-0.002547,0.011662
668.000000,-0.004716,-0.006307,-0.001224,-0.002137,-0.004889
669.000000,0.001891,-0.007008,-0.001018,-0.001839,0.002494
670.000000,0.002836,-0.007689,-0.002051,-0.001709,-0.010944
671.000000,0.004656,-0.004151,-0.001761,-0.001009,0.024959
672.000000,0.001759,-0.002868,-0.001668,-0.000588,-0.002824
673.000000,0.000554,-0.002081,-0.002333,-0.000488,-0.010914
674.000000,0.004145,0.003018,-0.001958,0.000330,0.020446
675.000000,0.004263,0.003550,-0.001934,-0.000252,-0.010353
676.000000,-0.001993,0.001332,-0.002219,-0.000495,-0.006319
677.000000,-0.000658,0.000551,-0.002180,-0.000551,0.003851
678.000000,0.000589,0.000572,-0.002868,-0.000625,-0.004678
679.000000,-0.001233,0.001456,-0.002776,-0.000193,0.011337
680.000000,-0.000256,0.002003,-0.002843,-0.000699,-0.005469
681.000000,0.002701,0.000354,-0.001899,-0.001056,0.008465
682.000000,-0.002246,-0.001452,-0.002160,-0.001596,-0.020882
683.000000,0.000129,0.000359,-0.000861,-0.001436,0.007193
684.000000,-0.005250,-0.003241,-0.000112,-0.002386,-0.015557
685.000000,-0.004511,-0.002383,0.000583,-0.002084,-0.001775
686.000000,-0.006878,-0.002089,-0.000378,-0.002176,-0.003371
687.000000,-0.002252,-0.002249,-0.000849,-0.002203,0.002249
688.000000,-0.006956,-0.003414,-0.001421,-0.003050,-0.016325
689.000000,-0.003749,-0.004500,-0.001522,-0.003351,0.000476
690.000000,-0.000281,-0.002396,-0.000196,-0.002694,0.015569
691.000000,-0.000131,-0.003505,-0.001575,-0.002434,-0.002625
692.000000,-0.002752,-0.002502,-0.001977,-0.002274,-0.010854
693.000000,0.006938,-0.000009,0.000175,-0.000577,0.032122
694.000000,0.003488,-0.000131,-0.001686,-0.000118,-0.016773
695.000000,0.005011,0.002365,-0.000009,0.001177,0.023185
696.000000,0.007860,0.003864,0.000888,0.001036,0.011620
697.000000,0.008963,0.003106,0.000428,0.000469,-0.005339
698.000000,0.006153,0.006545,0.001566,0.001234,0.018074
699.000000,0.007412,0.005450,0.000475,0.000802,-0.010481
700.000000,0.000766,0.002888,0.000246,0.000832,-0.010046
701.000000,0.001457,0.004658,0.000577,0.000503,0.015076
702.000000,0.000290,0.004627,0.001062,0.000224,-0.011172
703.000000,-0.002818,0.001668,0.000829,0.000673,0.002534
704.000000,-0.000523,0.003444,0.001657,0.000024,0.000994
705.000000,-0.010955,-0.005095,-0.001365,-0.001704,-0.062206
706.000000,-0.011925,-0.005234,-0.000685,-0.001153,0.010228
707.000000,-0.008533,-0.004122,-0.000508,-0.001088,0.005784
708.000000,-0.011112,-0.006965,-0.000210,-0.001278,-0.010360
709.000000,-0.013018,-0.006771,-0.000660,-0.001940,-0.008539
710.000000,0.005795,-0.002580,0.000154,-0.000696,0.031863
711.000000,0.001251,-0.005337,-0.000339,-0.001394,-0.012491
712.000000,-0.001309,-0.004921,-0.000147,-0.000932,-0.007018
713.000000,0.004085,-0.003513,-0.000923,-0.000618,0.016612
714.000000,0.006410,-0.003304,0.000070,0.000003,0.003084
715.000000,-0.001762,0.002016,-0.001539,-0.000238,-0.008999
716.000000,-0.001099,0.000076,-0.002579,-0.000431,-0.009176
717.000000,0.004107,0.001399,-0.001361,0.000128,0.019014
718.000000,0.000337,0.002211,-0.002377,0.000597,-0.002240
719.000000,-0.001649,0.002380,-0.002195,0.000353,-0.006845
720.000000,0.001520,-0.000121,-0.001351,0.000062,0.006845
721.000000,0.001967,0.000434,-0.002451,-0.000081,-0.006939
722.000000,-0.004202,-0.000048,-0.002484,-0.000114,-0.011832
723.000000,-0.003051,-0.001357,-0.002435,-0.001068,0.003517
724.000000,-0.001682,-0.001666,-0.002485,-0.000508,0.000000
725.000000,-0.000993,0.000263,0.001140,-0.000938,0.010289
726.000000,-0.000207,0.000880,0.000478,-0.001426,-0.003010
727.000000,0.002761,-0.000721,0.000339,-0.001148,0.003010
728.000000,0.003965,0.000457,0.001334,-0.001432,0.009534
729.000000,0.005096,0.001707,0.002044,-0.000894,0.005658
730.000000,0.003759,0.001383,0.000631,-0.000439,0.003601
731.000000,0.004802,0.002298,0.001366,-0.000868,0.002210
732.000000,0.003906,0.003334,0.001643,-0.000545,-0.001472
733.000000,0.005595,0.004780,0.001711,-0.000030,0.017981
734.000000,0.003848,0.004472,0.001403,-0.000166,-0.003080
735.000000,-0.003984,-0.000113,0.000075,0.000722,-0.035558
736.000000,-0.000756,0.002023,0.001452,0.000993,0.018353
737.000000,-0.001498,0.001204,0.000242,0.000628,-0.005183
738.000000,-0.007841,-0.001123,-0.000333,0.000515,-0.013734
739.000000,-0.009172,-0.002662,-0.000477,0.000475,-0.009737
740.000000,-0.002936,-0.003460,-0.001039,-0.000733,-0.004379
741.000000,-0.012828,-0.006792,-0.002247,-0.001353,-0.031106
742.000000,-0.010849,-0.006173,-0.001420,-0.000962,0.004713
743.000000,-0.003684,-0.005762,-0.000491,-0.000780,0.022090
744.000000,0.005657,-0.001757,0.001357,0.000350,0.036966
745.000000,0.003949,0.000506,0.000197,0.000219,-0.012919
746.000000,0.005341,-0.003743,-0.000860,-0.000280,-0.024143
747.000000,0.001794,-0.004527,-0.001661,-0.001348,-0.013022
748.000000,0.000077,-0.001804,-0.001463,-0.000823,0.013501
749.000000,-0.007010,-0.000677,-0.001669,-0.000544,0.001531
750.000000,-0.004140,-0.000095,-0.001778,-0.000724,0.001434
751.000000,0.002382,0.003861,-0.001465,-0.000211,0.008464
752.000000,0.007470,0.004632,-0.000770,0.000598,0.012423
753.000000,0.002929,0.001503,-0.002130,0.000174,-0.009208
754.000000,-0.000690,-0.003850,-0.002804,-0.000379,-0.016561
755.000000,-0.008168,-0.006154,-0.002824,-0.001920,-0.035955
756.000000,-0.007625,-0.002622,-0.003182,-0.001447,0.011179
757.000000,-0.008912,-0.000721,-0.002624,-0.001348,0.005983
758.000000,-0.007580,-0.002326,-0.002065,-0.001751,-0.002546
759.000000,-0.007012,-0.003851,-0.002264,-0.002397,-0.013721
760.000000,0.003901,-0.002133,-0.001114,-0.001896,0.018611
761.000000,0.001665,-0.002980,0.000441,-0.001970,0.000000
762.000000,-0.001847,-0.005380,-0.000374,-0.002307,-0.011579
763.000000,0.000157,-0.003712,-0.001104,-0.002657,0.007473
764.000000,0.004579,-0.001217,-0.002533,-0.002275,0.008389
765.000000,-0.001469,0.001216,-0.002469,-0.001477,-0.011627
766.000000,-0.000802,0.000432,-0.001095,-0.001978,0.003336
767.000000,-0.000455,-0.001151,-0.000936,-0.002133,-0.009844
768.000000,-0.000943,-0.000393,-0.001359,-0.001507,0.005032
769.000000,-0.006517,-0.000969,-0.002410,-0.001832,-0.019480
770.000000,-0.000354,-0.000911,-0.001522,-0.001047,0.019185
771.000000,-0.005260,-0.003031,-0.003005,-0.000716,-0.021194
772.000000,0.000000,-0.000227,-0.002803,-0.000325,0.016457
773.000000,0.007154,0.003106,-0.000303,0.000299,0.040802
774.000000,0.008103,0.000793,-0.000212,-0.001424,-0.014733
775.000000,0.001002,0.000324,0.000770,-0.001538,-0.016324
776.000000,0.002955,-0.001153,-0.000360,-0.001114,-0.011429
777.000000,-0.000079,-0.000040,-0.000595,-0.000637,0.001287
778.000000,-0.014430,-0.003638,-0.002016,-0.002119,-0.030954
779.000000,-0.005888,0.001108,0.000070,-0.001237,0.027981
780.000000,-0.004037,-0.001518,-0.001215,-0.001521,-0.007072
781.000000,-0.002092,0.000431,-0.001300,-0.001860,-0.001701
782.000000,-0.004504,-0.002291,-0.001259,-0.002633,-0.010772
783.000000,0.004481,-0.004975,-0.000934,-0.001860,0.013971
784.000000,0.001680,-0.002104,-0.000655,-0.000842,0.013975
785.000000,0.002227,-0.000905,-0.000291,0.000212,-0.004340
786.000000,0.004358,0.001133,-0.000010,0.000137,0.008955
787.000000,0.012211,0.003854,0.001907,0.000888,0.028492
788.000000,0.009911,0.007196,0.001779,0.001055,0.002473
789.000000,0.007325,0.004503,0.002805,0.001547,0.001044
790.000000,0.009177,0.005702,0.002092,0.001091,0.004922
791.000000,0.006402,0.005380,0.002906,0.000927,-0.004922
792.000000,0.001272,0.006741,0.002225,0.001408,0.002843
793.000000,0.000247,0.005079,0.000052,0.001070,-0.002653
794.000000,0.002452,0.004888,0.001392,0.001193,0.012070
795.000000,-0.002470,0.003354,0.001224,0.000924,-0.019688
796.000000,0.001832,0.004117,0.002625,0.001366,0.016590
797.000000,0.001883,0.001578,0.002716,0.001797,0.003098
798.000000,0.005797,0.003022,0.005109,0.002193,0.016915
799.000000,0.001475,0.001964,0.003233,0.002525,-0.009538
800.000000,0.006638,0.002084,0.003893,0.002089,0.006122
801.000000,0.001592,0.001712,0.003546,0.002508,-0.008637
802.000000,0.004632,0.003258,0.005000,0.002569,0.018300
803.000000,-0.000942,0.002427,0.003753,0.000844,-0.010958
804.000000,0.001317,0.001396,0.003142,0.001394,0.001758
805.000000,0.001859,0.004248,0.003801,0.002232,0.008834
806.000000,0.005120,0.003356,0.003737,0.002869,0.007666
807.000000,0.002132,0.003382,0.002480,0.002938,0.003358
808.000000,0.006145,0.002602,0.002812,0.004273,0.009110
809.000000,0.008434,0.004875,0.003420,0.003781,0.013202
810.000000,0.001078,0.001469,0.001776,0.003085,-0.027946
811.000000,0.002440,0.003780,0.002746,0.003624,0.014475
812.000000,-0.000599,0.000766,0.002012,0.003589,-0.011836
813.000000,0.002569,0.004357,0.003392,0.003955,0.024952
814.000000,-0.005735,0.001350,0.001373,0.002545,-0.028320
815.000000,-0.001133,-0.000027,0.002110,0.002525,-0.004936
816.000000,-0.001225,0.000607,0.001982,0.002693,0.014014
817.000000,-0.002359,-0.001479,0.000952,0.001160,-0.017503
818.000000,-0.008530,-0.002980,-0.000189,0.000881,-0.005903
819.000000,-0.002145,-0.003940,0.000468,0.000966,0.003601
820.000000,-0.004111,-0.002622,-0.000577,0.000310,-0.014764
821.000000,-0.005739,-0.003482,0.000149,0.000670,0.005876
822.000000,-0.001848,-0.002103,-0.000668,0.000640,0.001951
823.000000,0.000647,-0.003942,0.000208,0.000948,0.006568
824.000000,0.003345,0.000600,0.000975,0.001115,0.017096
825.000000,0.006081,0.000985,0.000479,0.001735,-0.001088
826.000000,0.005449,-0.000145,0.000231,0.001273,0.002719
827.000000,0.007773,0.002963,0.000742,0.001622,0.013573
828.000000,0.007279,0.003963,0.000491,0.001195,0.004098
829.000000,0.001121,0.002233,-0.000853,0.001056,-0.013697
830.000000,0.001681,0.003881,0.000629,0.000909,0.001711
831.000000,0.001676,0.003563,0.000040,0.001287,0.002696
832.000000,-0.003295,0.002239,0.000068,0.000301,-0.011281
833.000000,-0.000214,0.003533,-0.000204,0.001316,0.019504
834.000000,-0.001629,-0.000254,0.000173,0.000565,-0.020775
835.000000,-0.003632,-0.000976,0.000005,-0.000006,-0.008304
836.000000,-0.005551,-0.001937,-0.001041,-0.000492,-0.006896
837.000000,-0.002337,-0.002816,0.000074,-0.000444,0.004786
838.000000,-0.005303,-0.002758,0.000602,-0.000592,0.004672
839.000000,-0.002120,-0.001874,0.000179,-0.001194,-0.004856
840.000000,-0.001435,-0.002533,0.000674,-0.000425,-0.004880
841.000000,0.002531,-0.001510,0.001026,-0.000476,0.012929
842.000000,0.002537,0.000100,0.001170,0.000079,0.004817
843.000000,0.004536,-0.000383,0.001575,-0.000264,0.014671
844.000000,0.002301,0.000091,-0.000082,0.000146,-0.016032
845.000000,0.005426,0.001996,0.000510,0.000668,0.010746
846.000000,0.003217,0.002874,0.000468,0.000264,0.001885
847.000000,0.002666,0.002601,-0.000107,0.000916,0.002060
848.000000,-0.001957,0.001290,-0.000734,0.000831,-0.008446
849.000000,0.001700,0.002000,0.000063,0.000786,0.002253
850.000000,-0.001605,0.001911,-0.000311,0.001086,-0.005778
851.000000,-0.000305,0.001456,-0.000027,0.001170,0.008386
852.000000,-0.000897,0.000885,0.000492,0.001075,-0.000898
853.000000,0.006061,0.002052,0.000834,0.001734,0.026342
854.000000,0.005382,0.003541,0.001816,0.001126,-0.001139
855.000000,0.007447,0.002921,0.002458,0.001314,0.004547
856.000000,0.007888,0.003791,0.003333,0.001576,0.010587
857.000000,0.007756,0.003430,0.003016,0.001072,-0.001555
858.000000,0.003454,0.004757,0.003023,0.001096,0.004830
859.000000,0.002595,0.003989,0.002994,0.001372,-0.005435
860.000000,0.001061,0.004254,0.003083,0.001211,-0.003119
861.000000,-0.000778,0.003555,0.002505,0.001167,0.001387
862.000000,-0.000571,0.003592,0.002239,0.001526,-0.000520
863.000000,0.000893,0.002173,0.002113,0.001281,0.012151
864.000000,0.002561,0.002578,0.003060,0.002070,0.002908
865.000000,0.002449,0.001755,0.002338,0.002224,-0.003679
866.000000,-0.000868,-0.000823,0.001484,0.001947,-0.015202
867.000000,-0.001794,-0.001183,0.001124,0.001616,-0.005148
868.000000,-0.005787,-0.002447,0.001155,0.001200,-0.007816
869.000000,-0.006934,-0.002186,0.000901,0.001268,-0.002825
870.000000,-0.006836,-0.002193,0.001031,0.001324,-0.003188
871.000000,-0.002434,-0.001651,0.000952,0.001120,0.006807
872.000000,-0.001440,-0.001617,0.000988,0.000953,-0.000176
873.000000,-0.000018,-0.002903,-0.000365,0.000441,-0.000705
874.000000,0.003315,-0.001810,0.000384,0.001436,0.013836
875.000000,-0.004177,-0.005506,-0.001875,-0.000277,-0.040644
876.000000,-0.013295,-0.007864,-0.004344,-0.001632,-0.038782
877.000000,-0.014715,-0.008077,-0.004630,-0.001943,-0.007276
878.000000,0.002593,0.001288,-0.000580,0.001199,0.085833
879.000000,0.001266,0.002290,0.000052,0.001364,0.007198
880.000000,0.007676,0.001750,-0.000222,0.001270,-0.008592
881.000000,0.014209,0.000457,-0.000597,0.000787,-0.006120
882.000000,0.014044,-0.000335,-0.000976,0.000547,-0.008101
883.000000,-0.004525,-0.000966,-0.001934,-0.000565,-0.007009
884.000000,-0.001161,0.000052,-0.000879,0.000273,0.024015
885.000000,0.000852,0.004264,-0.000621,0.000171,0.001477
886.000000,0.002527,0.008368,0.000252,-0.000107,0.002254
887.000000,0.005253,0.009648,0.000786,0.000129,0.005527
888.000000,0.007239,0.001357,0.001323,0.000066,0.002924
889.000000,0.000295,-0.000433,0.000929,-0.000110,-0.010705
890.000000,-0.000591,0.000131,0.000940,-0.000104,-0.002955
891.000000,-0.000833,0.000847,0.000652,-0.000116,0.001044
892.000000,0.000207,0.002730,0.001197,0.000259,0.010725
893.000000,-0.000826,0.003207,0.001120,-0.000221,-0.002239
894.000000,0.002278,0.001287,0.000669,-0.000157,0.004817
895.000000,0.001699,0.000554,0.002409,-0.000229,-0.005852
896.000000,0.003619,0.001393,0.004881,0.000632,0.010646
897.000000,0.000000,0.000103,0.004876,0.000558,-0.007371
898.000000,0.001614,0.000394,0.000876,0.001013,0.005833
899.000000,0.000583,0.001430,0.000499,0.001096,-0.000342
900.000000,0.003202,0.002451,0.001291,0.001444,0.007246
901.000000,-0.000770,0.001425,0.001136,0.000910,-0.009216
902.000000,0.002122,0.001061,0.001895,0.001152,0.007090
903.000000,0.000291,0.000953,0.002080,0.001064,-0.003325
904.000000,0.002517,0.001550,0.001418,0.000963,0.010788
905.000000,0.001422,0.002312,0.001433,0.002377,0.001773
906.000000,0.002572,0.000901,0.001147,0.003554,-0.003464
907.000000,0.000917,0.001520,0.000811,0.003757,-0.001186
908.000000,0.002917,0.001604,0.000999,0.001118,0.006671
909.000000,0.002135,0.002326,0.001878,0.001108,0.006878
910.000000,0.002264,0.001843,0.002147,0.001475,0.002421
911.000000,0.009067,0.005820,0.003622,0.002697,0.030549
912.000000,0.012131,0.006524,0.003793,0.003438,0.014135
913.000000,0.011767,0.007342,0.004147,0.003834,0.004853
914.000000,0.009819,0.005977,0.003763,0.002938,-0.002861
915.000000,0.010636,0.006450,0.004381,0.003105,0.006505
916.000000,0.006148,0.007608,0.004254,0.003301,0.008111
917.000000,0.002205,0.007168,0.004344,0.002930,-0.005584
918.000000,0.003243,0.007505,0.004554,0.003168,0.010045
919.000000,0.003127,0.006473,0.004399,0.003410,-0.003442
920.000000,0.002780,0.006708,0.004275,0.003667,0.004768
921.000000,0.001625,0.003887,0.004853,0.003710,0.002337
922.000000,0.002508,0.002356,0.004440,0.003314,-0.001168
923.000000,0.000733,0.001988,0.004665,0.003427,0.001168
924.000000,0.004356,0.003741,0.004859,0.003756,0.014673
925.000000,0.003632,0.003206,0.004828,0.003989,0.001149
926.000000,0.003623,0.002624,0.005116,0.003711,0.002295
927.000000,0.004071,0.003289,0.005229,0.003992,0.001069
928.000000,0.000373,0.000553,0.004029,0.003221,-0.017321
929.000000,-0.000107,0.002124,0.004299,0.003641,0.012271
930.000000,-0.002869,0.000381,0.003545,0.002977,-0.012659
931.000000,-0.002924,0.000349,0.002118,0.003352,0.002018
932.000000,-0.000382,0.001844,0.002100,0.003575,0.013782
933.000000,0.003006,0.001689,0.001839,0.003673,-0.000382
934.000000,0.002924,0.001408,0.002575,0.003709,0.011862
935.000000,0.005289,0.001210,0.002208,0.003622,-0.000832
936.000000,0.004401,0.000738,0.001681,0.003657,-0.002424
937.000000,0.003727,0.001673,0.002481,0.004043,0.010411
938.000000,0.002826,0.002916,0.001734,0.003658,-0.004890
939.000000,-0.001548,0.000688,0.001406,0.003095,-0.010005
940.000000,-0.001900,0.001695,0.001038,0.002928,-0.002593
941.000000,0.000938,0.002670,0.001510,0.002302,0.011769
942.000000,-0.003284,0.000222,0.001033,0.001474,-0.010700
943.000000,-0.001104,0.000861,0.001275,0.001513,0.006009
944.000000,0.000533,-0.000508,0.000450,0.001547,-0.001822
945.000000,0.001066,-0.000417,0.000397,0.001333,0.000076
946.000000,-0.001409,-0.000235,0.000251,0.001042,-0.000608
947.000000,0.002908,-0.000188,0.000742,0.001591,0.010887
948.000000,0.000061,-0.000522,0.001197,0.000982,-0.008230
949.000000,0.000970,0.000751,0.000720,0.001188,0.002726
950.000000,-0.000152,0.000457,0.001076,0.000844,-0.005535
951.000000,0.000819,-0.000295,0.001187,0.000908,0.004249
952.000000,-0.003504,-0.000298,-0.000038,0.000589,-0.010732
953.000000,-0.001049,-0.000494,0.000183,0.000685,0.004048
954.000000,-0.001762,-0.000396,-0.000452,0.000168,-0.000839
955.000000,-0.001113,-0.000633,-0.000525,0.000054,-0.002291
956.000000,-0.020872,-0.010026,-0.005131,-0.003174,-0.094546
957.000000,-0.018894,-0.011199,-0.005693,-0.003238,-0.000841
958.000000,-0.021647,-0.011348,-0.005935,-0.002985,-0.009719
959.000000,-0.019367,-0.010565,-0.004907,-0.003042,0.010560
960.000000,-0.017903,-0.009508,-0.004525,-0.002452,0.005029
961.000000,0.001507,-0.009683,-0.004989,-0.002436,0.002505
962.000000,0.001174,-0.008860,-0.004579,-0.002979,-0.002505
963.000000,0.006763,-0.007442,-0.003968,-0.002358,0.018228
964.000000,0.005798,-0.006785,-0.003590,-0.002563,0.005731
965.000000,0.005281,-0.006311,-0.003472,-0.002454,0.002446
966.000000,0.004861,0.003184,-0.003421,-0.002359,0.000407
967.000000,0.005525,0.003349,-0.003925,-0.002679,0.000814
968.000000,0.001228,0.003996,-0.003676,-0.002625,-0.003259
969.000000,0.003720,0.004759,-0.002903,-0.001685,0.018193
970.000000,0.004907,0.005094,-0.002207,-0.001319,0.008378
971.000000,0.011852,0.008357,-0.000663,-0.000540,0.035132
972.000000,0.017734,0.011630,0.001385,0.000824,0.030225
973.000000,0.025909,0.013568,0.003063,0.001877,0.037616
974.000000,0.024055,0.013887,0.003551,0.002236,0.008921
975.000000,0.020308,0.012607,0.003148,0.001888,-0.010355
976.000000,0.013783,0.012818,0.008001,0.001992,0.002509
977.000000,0.007308,0.012521,0.007935,0.001557,-0.002151
978.000000,0.001286,0.013598,0.008797,0.002082,0.007507
979.000000,0.000355,0.012205,0.008482,0.002133,0.004264
980.000000,0.003558,0.011933,0.008513,0.002506,0.005658
981.000000,0.001498,0.007641,0.007999,0.002105,-0.007788
982.000000,0.002354,0.004831,0.008230,0.002534,0.002130
983.000000,0.001136,0.001211,0.007390,0.002446,0.001417
984.000000,0.000496,0.000425,0.007156,0.002509,0.001062
985.000000,-0.000636,0.001461,0.007034,0.002586,0.000000
986.000000,0.001063,0.001281,0.007049,0.005761,0.000707
987.000000,0.000708,0.001531,0.007026,0.005801,0.000353
988.000000,0.005104,0.003120,0.008359,0.006904,0.023399
989.000000,0.007498,0.003997,0.008101,0.006987,0.013032
990.000000,0.007430,0.003397,0.007665,0.006808,-0.000341
991.000000,0.006743,0.003903,0.005772,0.006633,-0.002730
992.000000,0.007559,0.004133,0.004482,0.006865,0.004433
993.000000,0.001992,0.003548,0.002380,0.006109,-0.004433
994.000000,-0.001093,0.003203,0.001814,0.005838,-0.002395
995.000000,-0.003299,0.002066,0.001763,0.005378,-0.011370
996.000000,0.000478,0.003610,0.002445,0.005903,0.016154
997.000000,-0.003709,0.001925,0.001728,0.005326,-0.016501
998.000000,-0.001854,0.000069,0.001595,0.005596,0.004841
999.000000,-0.000824,-0.000959,0.001519,0.005081,0.002756
1000.000000,0.000830,-0.001235,0.001081,0.004698,-0.003101
1001.000000,-0.001437,-0.000480,0.001712,0.003688,0.004819
1002.000000,0.000000,-0.001854,0.001139,0.002370,-0.009315
1003.000000,0.000069,-0.000893,0.001328,0.001289,0.005186
1004.000000,-0.002214,-0.001519,0.000842,0.000703,-0.008658
1005.000000,-0.001246,-0.000208,0.000929,0.001106,0.001738
1006.000000,-0.002697,-0.002067,0.000772,0.000941,-0.002434
1007.000000,0.001037,0.000519,0.001222,0.001325,0.009354
1008.000000,-0.008452,-0.004191,-0.002061,-0.000334,-0.042260
1009.000000,-0.012486,-0.007350,-0.004154,-0.001437,-0.028829
1010.000000,-0.015592,-0.008419,-0.004827,-0.002086,-0.013793
1011.000000,-0.015858,-0.009277,-0.004878,-0.001951,-0.003761
1012.000000,-0.016452,-0.007707,-0.004781,-0.001809,0.006385
1013.000000,-0.008600,-0.008526,-0.004709,-0.001957,-0.003000
1014.000000,-0.003210,-0.007848,-0.004683,-0.002055,-0.001879
1015.000000,-0.000526,-0.008059,-0.004134,-0.002067,-0.000376
1016.000000,-0.002808,-0.009333,-0.005700,-0.002596,-0.015169
1017.000000,-0.005235,-0.010843,-0.005162,-0.002800,-0.005748
1018.000000,-0.006876,-0.007738,-0.005965,-0.003953,-0.011208
1019.000000,-0.006734,-0.004972,-0.006161,-0.004427,-0.001167
1020.000000,-0.008221,-0.004374,-0.006396,-0.004676,-0.007813
1021.000000,-0.004092,-0.003450,-0.006364,-0.004402,0.005475
1022.000000,-0.000077,-0.002656,-0.005181,-0.004072,0.014327
1023.000000,0.003315,-0.001781,-0.005153,-0.003733,0.005750
1024.000000,0.001936,-0.002399,-0.005123,-0.003922,-0.008060
1025.000000,0.000313,-0.003954,-0.006006,-0.004074,-0.015926
1026.000000,-0.000469,-0.002280,-0.005807,-0.004560,0.001565
1027.000000,-0.004510,-0.002294,-0.006568,-0.004206,-0.005881
1028.000000,-0.007795,-0.002240,-0.004989,-0.004723,-0.010674
1029.000000,-0.002482,-0.000273,-0.002622,-0.004198,0.018508
1030.000000,0.000000,0.000157,-0.002108,-0.004212,-0.003518
1031.000000,-0.002439,-0.001454,-0.002452,-0.004727,-0.010628
1032.000000,0.000236,-0.002137,-0.002396,-0.004167,0.007491
1033.000000,0.003076,-0.002359,-0.002070,-0.004222,0.003529
1034.000000,0.001787,-0.000347,-0.001373,-0.003531,0.012060
1035.000000,0.002336,0.001168,-0.001393,-0.003615,-0.000774
1036.000000,0.002126,-0.000156,-0.001218,-0.003923,-0.011678
1037.000000,0.002576,0.001406,-0.000444,-0.003910,0.009741
1038.000000,0.003799,0.003438,0.000599,-0.002180,0.009647
1039.000000,0.002536,0.002161,0.000944,-0.001028,0.005744
1040.000000,0.003681,0.003008,0.001583,-0.000403,0.004951
1041.000000,0.007229,0.004677,0.001612,-0.000075,0.006061
1042.000000,0.002772,0.002674,0.000268,-0.000706,-0.012541
1043.000000,0.003049,0.003424,0.000532,-0.000239,0.011029
1044.000000,0.003932,0.003234,0.001443,0.000163,0.010160
1045.000000,0.002267,0.002974,0.002071,0.000063,-0.003375
1046.000000,0.004186,0.005707,0.002775,0.001090,0.015654
1047.000000,0.005730,0.004251,0.002828,0.001121,-0.004819
1048.000000,0.000604,0.001827,0.002632,0.001008,-0.014599
1049.000000,-0.002032,0.000950,0.001556,0.000946,-0.003021
1050.000000,-0.002647,-0.000190,0.001409,0.000992,-0.006450
1051.000000,-0.006312,-0.001063,0.001807,0.000720,-0.002668
1052.000000,-0.005959,-0.000115,0.001280,0.000141,-0.003058
1053.000000,-0.000680,-0.000038,0.001693,0.000342,0.011798
1054.000000,0.000529,-0.000752,0.001241,0.000712,0.003022
1055.000000,0.001063,-0.000792,0.001091,0.001117,-0.003779
1056.000000,0.004155,-0.001078,0.002314,0.001491,0.012792
1057.000000,0.002964,-0.001498,0.001377,0.001386,-0.009012
1058.000000,0.005670,0.002495,0.002161,0.002586,0.025327
1059.000000,0.005433,0.002981,0.001965,0.002031,0.001837
1060.000000,0.003305,0.002184,0.000997,0.001667,-0.014421
1061.000000,0.001490,0.002822,0.000880,0.002146,0.003717
1062.000000,0.005139,0.004052,0.001968,0.002204,0.009234
1063.000000,-0.001254,0.002208,0.001085,0.001865,-0.006640
1064.000000,-0.001178,0.002127,0.000688,0.001537,0.002218
1065.000000,0.002664,0.002984,0.001096,0.001722,0.004789
1066.000000,0.009068,0.005279,0.002100,0.003303,0.035737
1067.000000,0.007292,0.006215,0.002359,0.002990,0.000355
1068.000000,0.009186,0.003966,0.003230,0.002762,0.002832
1069.000000,0.002860,0.000841,0.001911,0.001591,-0.029414
1070.000000,0.002411,0.002537,0.002361,0.001510,0.002545
1071.000000,-0.006927,0.001070,0.001946,0.000943,-0.010953
1072.000000,-0.005316,0.000988,0.002520,0.001642,0.008408
1073.000000,-0.009038,0.000074,0.001141,0.000748,-0.015777
1074.000000,-0.001902,0.000479,0.001303,0.000618,0.006267
1075.000000,-0.000436,0.000987,0.001986,0.001060,0.009874
1076.000000,-0.000588,-0.003758,0.000761,0.000148,-0.011713
1077.000000,-0.005536,-0.005426,0.000395,-0.000236,-0.016333
1078.000000,0.000886,-0.004076,-0.000055,0.000795,0.016333
1079.000000,-0.000074,-0.000988,-0.000073,0.000945,0.001472
1080.000000,-0.001534,-0.000985,0.000776,0.001245,0.002570
1081.000000,0.003793,0.001602,0.001336,0.001832,0.014923
1082.000000,0.007060,0.000762,0.000875,0.001934,0.000000
1083.000000,0.007870,0.004378,0.002226,0.002220,0.020383
1084.000000,0.008846,0.004386,0.002432,0.002331,0.006351
1085.000000,0.007909,0.003187,0.002087,0.002386,-0.002113
1086.000000,0.005558,0.004675,0.000459,0.002066,0.003167
1087.000000,0.001153,0.004106,-0.000660,0.001632,-0.022026
1088.000000,-0.002278,0.002796,-0.000640,0.000895,0.003228
1089.000000,-0.003692,0.002577,0.000795,0.000810,-0.000716
1090.000000,-0.005866,0.001022,0.000018,0.000858,-0.012983
1091.000000,-0.004405,0.000576,0.001089,0.001083,0.010471
1092.000000,0.000431,0.000792,0.000777,0.000847,0.002153
1093.000000,0.000215,-0.001032,0.001673,0.001140,0.002148
1094.000000,0.001215,-0.001239,0.001574,0.001209,0.004283
1095.000000,0.004238,-0.000814,0.001187,0.001120,0.002134
1096.000000,0.000789,-0.001808,0.001434,-0.000297,-0.006775
1097.000000,-0.002597,-0.001083,0.001511,-0.000801,-0.014778
1098.000000,-0.002519,-0.001152,0.000822,-0.000811,0.002539
1099.000000,-0.004684,-0.001735,0.000421,-0.000049,-0.006541
1100.000000,-0.005622,-0.000692,0.000165,-0.000219,-0.002555
1101.000000,-0.003174,-0.001192,-0.000308,0.000329,0.005467
1102.000000,-0.000582,-0.001590,-0.000399,-0.000012,-0.001819
1103.000000,-0.000145,-0.001332,-0.001182,0.000671,0.004723
1104.000000,0.002464,-0.001110,-0.001174,0.000679,0.006503
1105.000000,0.005551,-0.000036,-0.000425,0.000779,0.012880
1106.000000,0.003388,0.000107,-0.000850,0.000991,-0.005347
1107.000000,0.003537,0.001478,0.000197,0.001500,-0.001073
1108.000000,0.003663,0.001759,0.000303,0.001134,0.005352
1109.000000,0.004064,0.003264,0.000764,0.001369,0.008505
1110.000000,0.002894,0.004222,0.001765,0.001517,0.007032
1111.000000,0.006885,0.005137,0.001972,0.001507,0.014609
1112.000000,0.002348,0.002942,0.000676,0.000715,-0.023761
1113.000000,-0.000499,0.001582,0.000125,-0.000261,-0.008879
1114.000000,-0.004496,-0.000216,-0.000663,-0.000855,-0.011482
1115.000000,-0.003892,-0.000499,-0.000267,-0.000449,0.010054
1116.000000,-0.003343,0.001771,0.000939,0.000023,0.017355
1117.000000,0.000494,0.001421,0.001449,0.000605,-0.004575
1118.000000,0.002623,0.001062,0.001411,0.000556,0.001762
1119.000000,0.003506,-0.000495,0.001384,0.000345,-0.007067
1120.000000,0.001140,-0.001376,0.001423,0.000718,-0.001775
1121.000000,-0.001693,-0.002518,0.001309,0.000476,0.003192
1122.000000,0.000212,0.000353,0.001648,0.000569,0.004945
1123.000000,-0.002409,0.000107,0.000845,0.000119,-0.011340
1124.000000,-0.001996,0.000755,0.000269,-0.000190,-0.005002
1125.000000,-0.000783,0.000178,-0.000160,-0.000119,0.004289
1126.000000,0.001622,-0.000035,0.000868,0.000614,0.015219
1127.000000,-0.002268,-0.001028,0.000196,0.000624,-0.014506
1128.000000,-0.001790,-0.002099,-0.000519,0.000241,-0.008949
1129.000000,0.002986,0.000495,0.000000,0.001088,0.018879
1130.000000,0.000071,-0.000356,-0.000866,0.000830,-0.010286
1131.000000,-0.002332,-0.000355,-0.001436,0.000755,0.003203
1132.000000,0.004092,0.000912,0.000632,0.001402,0.017612
1133.000000,0.003140,0.000675,0.000391,0.000788,-0.013711
1134.000000,-0.005364,-0.001189,-0.000217,-0.000217,-0.023640
1135.000000,-0.000571,-0.000250,-0.000036,-0.000190,0.013679
1136.000000,-0.004165,-0.003249,-0.001642,-0.000504,-0.014767
1137.000000,-0.008196,-0.002052,-0.001540,-0.000553,-0.002543
1138.000000,-0.004511,-0.000686,-0.001392,-0.000574,0.004718
1139.000000,0.000217,-0.002573,-0.001039,-0.000858,0.000000
1140.000000,-0.003026,-0.001799,-0.001077,-0.001177,-0.002538
1141.000000,0.000073,-0.002046,-0.001201,-0.001640,0.000726
1142.000000,-0.000510,-0.004353,-0.001721,-0.001029,-0.005456
1143.000000,0.000506,-0.002002,-0.000664,-0.000407,0.009799
1144.000000,0.001443,0.000830,-0.000179,0.000132,0.004684
1145.000000,0.004593,0.000783,0.000267,0.000237,0.013212
1146.000000,0.004022,0.002047,-0.000601,-0.000412,-0.002131
1147.000000,0.006459,0.002975,0.000461,-0.000035,0.006732
1148.000000,0.004146,0.002326,0.000820,-0.000153,-0.001767
1149.000000,0.003421,0.002432,-0.000071,0.000118,0.001061
1150.000000,0.002538,0.003565,0.000883,0.000470,0.008795
1151.000000,0.002262,0.003142,0.000548,0.000247,-0.003509
1152.000000,0.002596,0.004528,0.000087,0.000362,0.008400
1153.000000,0.001058,0.002602,0.000300,0.000425,-0.009456
1154.000000,0.002249,0.002835,0.001833,0.000825,0.007013
1155.000000,0.000839,0.001688,0.001236,0.000741,0.001746
1156.000000,-0.001057,0.000603,0.001325,-0.000200,-0.012989
1157.000000,-0.003942,-0.000673,0.001151,0.000083,-0.006025
1158.000000,-0.005349,-0.002145,0.000090,-0.000168,-0.016488
1159.000000,-0.006607,-0.002179,0.000127,-0.000773,0.000723
1160.000000,-0.008916,-0.004038,-0.000236,-0.000757,-0.009799
1161.000000,-0.002203,-0.001630,0.000756,-0.000178,0.020575
1162.000000,-0.003515,-0.003728,0.000400,-0.001185,-0.012583
1163.000000,0.000649,-0.002350,0.000126,-0.000583,0.004332
1164.000000,-0.001887,-0.004247,-0.000706,-0.000194,-0.011959
1165.000000,-0.000511,-0.004713,-0.001513,-0.000747,-0.002921
1166.000000,-0.003532,-0.002868,-0.001133,-0.000073,0.005469
1167.000000,0.000578,-0.001468,-0.001071,0.000278,0.007968
1168.000000,-0.001229,-0.000290,-0.001217,-0.000036,-0.004701
1169.000000,0.002895,0.000504,-0.000837,0.000252,0.008661
1170.000000,0.001892,0.000691,-0.001674,0.000073,-0.007937
1171.000000,0.000943,-0.001295,-0.001462,0.000072,0.000724
1172.000000,-0.000433,0.000072,-0.001828,0.000290,0.001085
1173.000000,0.001732,0.000252,-0.001049,0.000168,0.006127
1174.000000,0.006296,0.004596,0.000174,0.001061,0.031479
1175.000000,0.008856,0.005374,0.000330,0.000783,0.004863
1176.000000,0.006411,0.003677,0.000405,0.000471,-0.011500
1177.000000,0.005702,0.002635,0.000583,0.000164,-0.002457
1178.000000,0.002996,0.002364,0.001037,-0.000024,-0.007406
1179.000000,-0.002664,0.001816,0.001160,0.000047,0.003181
1180.000000,-0.000973,0.003942,0.002316,0.000198,0.013320
1181.000000,0.001606,0.004008,0.001357,0.000361,0.001392
1182.000000,0.003138,0.004420,0.002246,0.000255,0.005202
1183.000000,0.004619,0.003807,0.002030,0.000570,0.000000
1184.000000,0.005018,0.001177,0.002886,0.000509,0.005175
1185.000000,0.002904,0.000966,0.003170,0.000542,0.002749
1186.000000,0.002900,0.002253,0.002965,0.001021,0.001372
1187.000000,0.002543,0.002841,0.002738,0.001336,0.003421
1188.000000,0.000277,0.002448,0.002406,0.001507,-0.011334
1189.000000,-0.001589,0.001714,0.001765,0.001345,-0.004154
1190.000000,0.000411,0.001657,0.002800,0.002097,0.012752
1191.000000,0.002588,0.002744,0.003376,0.001819,0.012253
1192.000000,0.006915,0.004729,0.004575,0.003074,0.025056
1193.000000,0.007725,0.004001,0.003904,0.002687,-0.007285
1194.000000,0.009946,0.004179,0.002678,0.003317,0.006955
1195.000000,0.010539,0.005475,0.003220,0.003938,0.015717
1196.000000,0.009255,0.005921,0.004087,0.003950,0.005831
1197.000000,0.004244,0.005579,0.004210,0.003685,0.000000
1198.000000,0.006023,0.006874,0.004661,0.003895,0.001614
1199.000000,0.006110,0.008028,0.004871,0.003853,0.007390
1200.000000,0.003031,0.006785,0.004221,0.004128,0.000320
1201.000000,0.001801,0.005528,0.004136,0.004093,-0.000320
1202.000000,0.002149,0.003196,0.003963,0.004115,0.001740
1203.000000,0.002308,0.004166,0.004083,0.003991,0.002413
1204.000000,0.001022,0.003566,0.003872,0.002974,0.000956
1205.000000,0.001085,0.002058,0.003767,0.002833,0.000637
1206.000000,-0.001220,0.000290,0.003106,0.002821,-0.011846
1207.000000,0.001056,0.001602,0.003591,0.003341,0.013118
1208.000000,-0.001665,0.000322,0.003598,0.003215,-0.011188
1209.000000,-0.001342,-0.000160,0.003934,0.003194,0.002568
1210.000000,-0.001341,-0.000128,0.003328,0.002771,0.000641
1211.000000,0.001156,-0.000032,0.002748,0.002746,0.000641
1212.000000,-0.000127,0.000464,0.001830,0.002796,0.006702
1213.000000,0.007136,0.002736,0.003451,0.003634,0.025127
1214.000000,0.006125,0.002392,0.002979,0.003379,-0.002484
1215.000000,0.000512,-0.000415,0.000822,0.002373,-0.027425
1216.000000,0.001722,0.001439,0.000865,0.002550,0.006689
1217.000000,-0.002175,-0.001151,0.000226,0.002010,-0.012780
1218.000000,-0.004708,0.001214,0.000768,0.002803,0.012462
1219.000000,-0.004847,0.000639,0.000240,0.002836,-0.003181
1220.000000,-0.000128,0.000192,0.000032,0.002283,-0.003830
1221.000000,-0.003200,-0.000739,-0.000386,0.001586,-0.008672
1222.000000,-0.002654,-0.002414,-0.000975,0.000415,-0.010050
1223.000000,-0.008366,-0.006537,-0.001901,0.000122,-0.016095
1224.000000,-0.009325,-0.007086,-0.002347,-0.000376,-0.007979
1225.000000,-0.006963,-0.003546,-0.001980,-0.000634,0.007979
1226.000000,-0.002925,-0.003062,-0.000812,-0.000444,0.011523
1227.000000,-0.001767,-0.002211,-0.001681,-0.000587,-0.004264
1228.000000,0.003740,-0.002313,-0.000549,-0.000259,0.011440
1229.000000,0.005140,-0.002092,-0.000727,-0.000538,-0.000975
1230.000000,0.004064,-0.001450,-0.000629,-0.000462,0.002599
1231.000000,0.002925,0.000000,-0.000370,-0.000257,0.005823
1232.000000,0.005704,0.001968,-0.000223,0.000006,0.009631
1233.000000,0.004753,0.004246,-0.001145,0.000148,0.006687
1234.000000,0.005392,0.005266,-0.000910,0.000191,0.002219
1235.000000,0.009319,0.006692,0.001573,0.000910,0.022234
1236.000000,0.008092,0.005508,0.001223,0.001295,-0.000310
1237.000000,0.008751,0.007227,0.002508,0.001289,0.012927
1238.000000,0.007842,0.006297,0.001992,0.001733,0.002138
1239.000000,0.010065,0.007729,0.002818,0.002092,0.013338
1240.000000,0.003743,0.006531,0.002541,0.001758,-0.009378
1241.000000,0.003196,0.005644,0.002822,0.001635,-0.003044
1242.000000,0.002069,0.005410,0.003689,0.001655,0.007290
1243.000000,0.000244,0.004043,0.004145,0.000584,-0.006986
