0.000000,0.000445,0.001230,0.001552,0.001112,-0.000556
1.000000,-0.002107,0.001630,0.000985,0.001404,-0.002783
2.000000,0.004669,0.002899,0.001563,0.001422,0.014389
3.000000,0.005990,0.001931,0.001695,0.001604,0.005479
4.000000,0.005263,0.004200,0.002213,0.001988,0.009788
5.000000,0.005699,0.003072,0.001759,0.001733,0.001622
6.000000,0.008039,0.002966,0.002261,0.001921,0.008917
7.000000,0.005634,0.005152,0.002379,0.002000,0.002364
8.000000,0.003370,0.004680,0.001780,0.001843,-0.005840
9.000000,0.002581,0.003922,0.002660,0.002265,0.005840
10.000000,0.003322,0.004510,0.002870,0.002538,0.005328
11.000000,0.001645,0.004842,0.003236,0.002271,0.000531
12.000000,0.000320,0.002977,0.002938,0.002034,-0.004258
13.000000,0.002658,0.003014,0.002473,0.002135,0.005850
14.000000,0.001490,0.002035,0.003117,0.002154,0.000000
15.000000,0.001166,0.002244,0.002658,0.001921,0.003705
16.000000,-0.000425,0.000610,0.001788,0.001711,-0.007423
17.000000,-0.002253,-0.000966,0.002093,0.001264,-0.013394
18.000000,-0.007553,-0.002448,0.001116,0.000371,-0.020654
19.000000,-0.005156,-0.001833,0.001045,0.001163,0.011987
20.000000,-0.005137,-0.001986,0.001262,0.001252,0.003801
21.000000,-0.004521,-0.002473,0.001184,0.001333,-0.004345
22.000000,0.000108,-0.001072,0.000952,0.001601,0.009751
23.000000,0.006703,-0.000425,0.001295,0.001507,0.012323
24.000000,0.004944,-0.000106,0.000965,0.002043,0.003190
25.000000,0.004077,-0.000530,0.000857,0.001595,-0.000531
26.000000,0.006111,0.000795,0.000702,0.001457,0.005825
27.000000,0.004583,0.002346,0.000690,0.002177,0.002110
28.000000,-0.000107,0.003298,0.000425,0.001844,-0.011126
29.000000,0.001164,0.003054,0.000611,0.001714,0.009544
30.000000,0.000435,0.002256,0.000135,0.001594,-0.004178
31.000000,0.004593,0.005352,0.001440,0.002574,0.026615
32.000000,0.005508,0.005046,0.001987,0.002317,0.006686
33.000000,0.007107,0.003500,0.001538,0.002030,-0.003131
34.000000,0.003660,0.002412,0.001153,0.001447,-0.007691
35.000000,0.003561,0.001998,0.000734,0.001237,-0.004674
36.000000,-0.000724,0.001935,0.001365,0.001113,0.005192
37.000000,-0.005719,-0.000105,0.001120,0.000425,-0.018292
38.000000,-0.003308,0.001900,0.002599,0.000917,0.008926
39.000000,0.002369,0.003015,0.003034,0.001412,0.020694
40.000000,0.001968,0.002765,0.002510,0.001012,-0.006679
41.000000,-0.000311,-0.000517,0.002417,0.000787,-0.006205
42.000000,0.005000,-0.000359,0.002343,0.001205,0.008265
43.000000,0.003523,0.000108,0.001804,0.001061,0.001542
44.000000,0.000000,0.001185,0.001798,0.001164,0.003077
45.000000,0.000000,0.000984,0.001491,0.000818,-0.006679
46.000000,0.000931,0.000310,0.001122,0.001013,-0.001548
47.000000,-0.004684,0.000158,0.000026,0.000799,-0.019813
48.000000,-0.003942,-0.000209,0.000845,0.001663,0.005252
49.000000,-0.001645,-0.000823,0.001096,0.001749,0.014561
50.000000,-0.000206,-0.000103,0.001331,0.001639,0.000516
51.000000,0.000619,0.000775,0.000129,0.001870,0.002577
52.000000,0.002512,-0.001086,-0.000723,0.001200,-0.010347
53.000000,0.000314,-0.001814,-0.000853,0.000598,-0.005737
54.000000,-0.001763,-0.001704,-0.000260,0.000631,0.004175
55.000000,-0.003330,-0.001768,-0.000392,0.000405,-0.007318
56.000000,-0.005108,-0.002245,-0.000967,0.000000,-0.006316
57.000000,-0.004098,-0.000793,-0.000317,-0.000247,-0.005294
58.000000,-0.002422,-0.001054,-0.000632,0.000212,0.002645
59.000000,-0.003361,-0.002562,-0.001692,-0.000123,-0.000524
60.000000,-0.004135,-0.003732,-0.001918,-0.000357,-0.011185
61.000000,-0.004053,-0.004581,-0.001903,-0.001441,-0.005909
62.000000,-0.003318,-0.003708,-0.002397,-0.001718,-0.001618
63.000000,-0.003632,-0.003027,-0.002420,-0.001578,0.001079
64.000000,-0.004760,-0.004061,-0.002882,-0.001527,-0.006165
65.000000,-0.002262,-0.003199,-0.002483,-0.001327,0.001301
66.000000,-0.001406,-0.002730,-0.002487,-0.001555,-0.001626
67.000000,0.000647,-0.001336,-0.001064,-0.000657,0.008644
68.000000,-0.001624,-0.002628,-0.001841,-0.001297,-0.010273
69.000000,-0.001372,-0.003066,-0.002814,-0.002150,-0.004903
70.000000,-0.000869,-0.001565,-0.002649,-0.001800,0.003816
71.000000,-0.000109,-0.000757,-0.002669,-0.001521,0.002174
72.000000,-0.001079,-0.000216,-0.001962,-0.001670,0.003793
73.000000,0.000482,-0.000571,-0.001799,-0.001804,-0.002469
74.000000,0.002281,0.000455,-0.001803,-0.001770,0.004090
75.000000,0.004306,0.001719,-0.000740,-0.001083,0.013941
76.000000,0.006936,0.003414,0.000342,-0.000520,0.015324
77.000000,0.002152,0.000536,-0.000400,-0.000531,-0.020128
78.000000,0.001357,0.000920,-0.000854,-0.000921,-0.006441
79.000000,0.000000,0.001140,-0.000963,-0.001496,-0.002696
80.000000,0.000106,0.002206,0.000320,-0.001031,0.014474
81.000000,-0.003598,0.001669,0.000456,-0.001223,-0.003198
82.000000,0.000000,0.001076,0.000430,-0.000949,-0.002138
83.000000,0.003099,0.002228,0.000829,-0.000456,0.009055
84.000000,0.002255,0.001128,0.000791,-0.000826,-0.006917
85.000000,-0.000746,-0.000320,0.000699,-0.000600,-0.000534
86.000000,0.001595,-0.001001,0.001206,-0.000106,0.008511
87.000000,0.001599,0.000799,0.000668,0.000000,-0.002121
88.000000,0.000741,0.001920,0.001420,0.000071,0.004766
89.000000,0.002652,0.002453,0.001797,0.000176,0.002638
90.000000,0.001914,0.000584,0.001395,0.000408,-0.004224
91.000000,0.000740,0.001168,0.001418,0.000693,0.002642
92.000000,0.001902,0.001750,0.001413,0.000870,0.003687
93.000000,-0.001804,-0.000532,0.000848,0.000375,-0.013764
94.000000,-0.003615,-0.000482,0.000323,0.000367,-0.006417
95.000000,-0.001700,0.000107,-0.000107,0.000502,0.005350
96.000000,-0.001058,-0.000159,-0.000580,0.000751,0.005853
97.000000,-0.000843,0.000529,0.000664,0.000622,0.004763
98.000000,-0.000427,-0.001116,0.000402,0.000575,-0.011684
99.000000,-0.001941,-0.002778,-0.000162,0.000272,-0.013986
100.000000,-0.005628,-0.003664,-0.001540,-0.000291,-0.013086
101.000000,-0.007568,-0.004313,-0.001573,-0.000492,-0.003849
102.000000,-0.010403,-0.005623,-0.001936,-0.000932,-0.009411
103.000000,-0.011771,-0.006099,-0.003315,-0.001468,-0.018524
104.000000,-0.008521,-0.005231,-0.002856,-0.001528,0.002264
105.000000,-0.005452,-0.005540,-0.002717,-0.001918,0.002259
106.000000,-0.002886,-0.005227,-0.002693,-0.002129,0.008984
107.000000,-0.001787,-0.006095,-0.002783,-0.001589,-0.003915
108.000000,0.000340,-0.005716,-0.003416,-0.001637,-0.007893
109.000000,-0.002617,-0.005569,-0.004174,-0.001965,-0.012522
110.000000,-0.001472,-0.003462,-0.003563,-0.002181,0.007986
111.000000,-0.004180,-0.003533,-0.003923,-0.002226,-0.004556
112.000000,-0.003854,-0.002820,-0.004222,-0.002231,-0.002286
113.000000,-0.002735,-0.001198,-0.003648,-0.002609,-0.002297
114.000000,-0.002304,-0.002461,-0.003846,-0.002724,-0.010369
115.000000,-0.005881,-0.003676,-0.004608,-0.003037,-0.009898
116.000000,-0.006851,-0.005515,-0.005371,-0.003634,-0.009406
117.000000,-0.003812,-0.003833,-0.004964,-0.003133,0.012911
118.000000,-0.008910,-0.005822,-0.005769,-0.004218,-0.027788
119.000000,-0.005641,-0.003972,-0.004771,-0.004107,0.005977
120.000000,-0.001174,-0.003527,-0.003495,-0.003551,0.012437
121.000000,0.003513,-0.001669,-0.002601,-0.003172,0.014027
122.000000,0.000931,-0.001441,-0.002130,-0.003295,0.000000
123.000000,0.006256,-0.001327,-0.001262,-0.002875,-0.001161
124.000000,0.002723,-0.001459,-0.001960,-0.003050,-0.011689
125.000000,0.000470,-0.000352,-0.002014,-0.003189,0.001175
126.000000,-0.004460,-0.000474,-0.002995,-0.003739,-0.010626
127.000000,-0.005412,-0.002241,-0.003037,-0.004056,-0.004759
128.000000,-0.004109,0.001073,-0.002375,-0.003488,0.005352
129.000000,-0.000824,0.000950,-0.001511,-0.002864,0.004740
130.000000,0.001171,0.000821,-0.001353,-0.002056,0.011148
131.000000,0.003413,-0.000524,-0.001096,-0.001909,0.000584
132.000000,0.005876,0.000232,-0.000604,-0.001343,0.007556
133.000000,0.001182,-0.001464,-0.001395,-0.001329,-0.018119
134.000000,0.001528,0.000352,-0.000553,-0.001189,0.006471
135.000000,-0.002113,-0.000471,-0.000411,-0.001500,-0.007055
136.000000,-0.002466,0.000474,0.000000,-0.001838,-0.001181
137.000000,-0.002330,0.001773,-0.000234,-0.001433,0.008235
138.000000,0.000942,0.001062,0.001068,-0.001229,-0.001759
139.000000,-0.001411,0.000058,0.000504,-0.000988,-0.005296
140.000000,0.000824,-0.000644,0.000088,-0.001117,0.004121
141.000000,0.000825,-0.000820,-0.000672,-0.001004,-0.001176
142.000000,-0.001411,-0.001870,-0.000819,-0.001026,-0.002946
143.000000,-0.000352,0.000295,-0.000584,-0.000832,0.003534
144.000000,0.000000,-0.000705,-0.000177,-0.000604,-0.003534
145.000000,-0.002008,-0.000592,-0.000531,-0.000471,-0.005917
146.000000,0.000000,0.000413,0.000443,0.000138,0.008863
147.000000,-0.000118,-0.000764,0.000504,-0.000411,-0.003536
148.000000,-0.001534,-0.000943,0.000059,0.000397,-0.003548
149.000000,-0.000591,-0.000295,-0.000118,0.000238,0.001184
150.000000,0.001537,-0.000235,-0.000440,-0.000020,0.004723
151.000000,-0.000353,-0.000177,-0.000498,-0.000507,-0.000589
152.000000,0.000471,0.000176,-0.000847,-0.000487,0.000583
153.000000,0.000237,-0.000649,-0.000177,-0.000606,-0.004717
154.000000,0.000000,-0.000295,-0.000500,-0.000216,0.000000
155.000000,-0.002370,-0.000416,-0.000504,-0.000493,-0.007126
156.000000,-0.001657,-0.001005,-0.000296,-0.000040,0.002975
157.000000,-0.002011,-0.000770,-0.000767,0.000079,-0.001189
158.000000,-0.001426,-0.000595,-0.000769,-0.000159,-0.001792
159.000000,-0.002022,-0.001011,-0.000653,-0.000416,-0.002978
160.000000,-0.000119,-0.001244,-0.000740,-0.000708,0.002388
161.000000,-0.000953,-0.001305,-0.000741,-0.000767,-0.001193
162.000000,-0.000835,-0.001423,-0.000623,-0.001039,-0.000597
163.000000,-0.000237,-0.000832,-0.000740,-0.000395,0.001194
164.000000,-0.000120,-0.001071,-0.000683,-0.000691,-0.002389
165.000000,-0.000717,-0.000418,-0.000417,-0.000475,-0.000598
166.000000,-0.000718,-0.000835,-0.000920,-0.000476,-0.001198
167.000000,-0.000947,-0.000891,-0.000831,-0.000809,-0.001745
168.000000,0.000000,-0.000119,-0.000357,-0.000552,0.005930
169.000000,-0.000479,-0.000299,-0.000655,-0.000535,-0.004785
170.000000,-0.000144,-0.000430,-0.000837,-0.000637,0.001079
171.000000,-0.000120,-0.000419,-0.000862,-0.000633,-0.001079
172.000000,0.000109,-0.000419,-0.000921,-0.000555,-0.000600
173.000000,-0.000650,-0.000325,-0.000578,-0.000602,0.002133
174.000000,-0.000240,-0.000359,-0.000715,-0.000575,-0.002733
175.000000,-0.000336,-0.000240,-0.000329,-0.000358,0.000600
176.000000,0.000838,0.000359,-0.000238,-0.000494,0.004788
177.000000,0.000360,0.000234,-0.000328,-0.000476,-0.002990
178.000000,0.000650,0.000000,-0.000059,-0.000238,0.003586
179.000000,0.000719,0.000240,-0.000030,-0.000357,-0.002389
180.000000,0.000719,0.000191,-0.000119,-0.000494,0.000598
181.000000,-0.000359,0.000240,-0.000090,-0.000495,-0.000598
182.000000,0.001194,0.000777,0.000179,-0.000355,0.004773
183.000000,0.001190,0.000920,0.000297,-0.000079,0.003565
184.000000,0.002378,0.001549,0.000595,0.000039,0.003552
185.000000,0.003907,0.002313,0.001036,0.000552,0.008240
186.000000,0.003322,0.001482,0.000920,0.000335,-0.003523
187.000000,0.000950,0.001072,0.000653,0.000139,-0.007084
188.000000,0.000947,0.001068,0.000534,0.000317,0.003548
189.000000,0.000236,0.001307,0.000773,0.000416,0.000000
190.000000,-0.002240,0.000833,0.000512,0.000198,-0.004141
191.000000,-0.001891,0.000715,0.000477,0.000179,-0.001780
192.000000,-0.000474,0.000238,0.000507,0.000199,0.000000
193.000000,-0.000829,0.000059,0.000489,0.000218,0.001774
194.000000,-0.000591,-0.000177,0.000686,0.000337,0.001191
195.000000,0.000474,-0.000883,0.000715,0.000397,0.001183
196.000000,0.000237,-0.000827,0.000327,0.000338,-0.002961
197.000000,-0.000951,-0.000713,0.000180,0.000198,-0.005943
198.000000,-0.001546,-0.001188,-0.000060,-0.000040,-0.001200
199.000000,0.001181,0.000295,0.000801,0.000614,0.014824
200.000000,0.002352,0.001413,0.001123,0.000812,0.007038
201.000000,0.002359,0.001298,0.001007,0.000751,-0.002927
202.000000,0.003898,0.001474,0.000856,0.000829,0.001757
203.000000,0.003082,0.000768,0.000413,0.000582,-0.005280
204.000000,-0.000471,0.000355,0.000089,0.000575,-0.002946
205.000000,-0.000820,0.000766,-0.000059,0.000732,0.005296
206.000000,-0.000705,0.000827,0.000000,0.000494,-0.002350
207.000000,0.000351,0.002125,0.000706,0.000828,0.007034
208.000000,-0.000235,0.001424,0.000118,0.000435,-0.008211
209.000000,0.000471,0.000000,0.000147,0.000534,0.000589
210.000000,-0.000941,-0.000881,0.000266,0.000455,-0.001767
211.000000,0.000000,-0.000352,0.000473,0.000554,0.002356
212.000000,-0.001289,-0.000469,0.000502,0.000414,0.000588
213.000000,0.000823,0.000294,0.000531,0.000374,0.002349
214.000000,0.000353,0.000412,0.000383,0.000196,-0.001761
215.000000,-0.000354,-0.000648,0.000059,-0.000255,-0.005302
216.000000,-0.000883,-0.000442,0.000193,-0.000147,-0.000289
217.000000,-0.002009,-0.001649,0.000238,-0.000079,-0.005041
218.000000,-0.002241,-0.000709,0.000357,-0.000158,0.001187
219.000000,-0.001770,-0.000709,-0.000354,-0.000138,0.000593
220.000000,-0.000390,-0.000372,-0.000626,0.000053,0.001599
221.000000,-0.000878,-0.000880,-0.000616,0.000022,-0.002726
222.000000,0.000474,-0.000767,-0.000618,0.000079,0.001719
223.000000,-0.000832,-0.001537,-0.000621,-0.000158,-0.005346
224.000000,-0.001189,-0.001480,-0.000534,-0.000238,-0.001192
225.000000,-0.000320,-0.000355,-0.000501,-0.000079,0.005945
226.000000,-0.000844,-0.000861,-0.000651,-0.000159,-0.005349
227.000000,-0.000237,0.000119,-0.000765,0.000198,0.004756
228.000000,0.001188,0.000178,-0.000266,0.000297,0.001778
229.000000,0.002253,0.000532,-0.000088,-0.000059,0.004136
230.000000,0.001300,0.000490,0.000059,-0.000254,0.001179
231.000000,0.002016,0.000586,-0.000147,-0.000216,-0.001768
232.000000,0.001065,0.000414,-0.000177,-0.000274,0.000000
233.000000,-0.000712,0.000238,-0.000649,-0.000335,-0.007105
234.000000,-0.000709,0.000772,-0.000354,-0.000098,0.004151
235.000000,-0.000472,0.000414,0.000030,-0.000196,0.002364
236.000000,-0.000354,0.000831,-0.000015,-0.000157,-0.001181
237.000000,0.000589,0.000827,0.000473,-0.000234,0.004717
238.000000,0.001775,0.000531,0.000355,0.000000,-0.001177
239.000000,0.000237,-0.000236,0.000148,-0.000138,-0.003540
240.000000,0.000472,0.000000,0.000245,0.000039,0.003540
241.000000,0.002467,0.001056,0.000821,0.000254,0.008795
242.000000,0.001056,0.000823,0.000618,0.000156,-0.002338
243.000000,0.001525,0.001650,0.000944,0.000117,0.001170
244.000000,0.004442,0.002339,0.001556,0.000544,0.011043
245.000000,0.007853,0.004162,0.002288,0.001407,0.020596
246.000000,0.005868,0.004167,0.002499,0.001379,-0.001133
247.000000,0.007127,0.004092,0.002459,0.001679,0.003960
248.000000,0.004508,0.003016,0.001774,0.001242,-0.011929
249.000000,0.001841,0.003142,0.001453,0.001146,-0.002288
250.000000,-0.001592,0.003131,0.001565,0.001207,0.003431
251.000000,-0.003200,0.001334,0.001195,0.000992,-0.009174
252.000000,-0.003532,0.001798,0.001310,0.001011,0.002301
253.000000,-0.000687,0.001910,0.001780,0.001266,0.002296
254.000000,0.000800,0.001321,0.001830,0.001477,0.005147
255.000000,0.002834,0.000621,0.002392,0.001732,0.013598
256.000000,0.004331,0.000565,0.002366,0.001854,-0.001690
257.000000,0.002626,-0.000453,0.001819,0.001489,-0.006220
258.000000,-0.000920,-0.000803,0.001107,0.000915,-0.015433
259.000000,-0.003220,-0.001210,0.000966,0.000565,-0.006357
260.000000,-0.005361,-0.001264,0.000934,0.000622,0.002894
261.000000,-0.005486,-0.000578,0.000378,0.000604,-0.002315
262.000000,-0.003779,-0.000576,0.000611,0.000681,0.002315
263.000000,0.001263,0.000172,0.001041,0.001244,0.009779
264.000000,0.001156,-0.001032,0.000144,0.000876,-0.006893
265.000000,0.000923,-0.002219,-0.000799,0.000855,0.001728
266.000000,0.001039,-0.002224,-0.000829,0.000836,-0.001733
267.000000,-0.000811,-0.002295,-0.001374,0.000448,-0.006935
268.000000,-0.002071,-0.000404,-0.000604,0.000603,0.003476
269.000000,-0.001040,0.000058,-0.000576,0.000663,-0.001737
270.000000,-0.002139,-0.000608,-0.000936,0.000420,-0.003767
271.000000,-0.001968,-0.000465,-0.000521,0.000097,-0.000879
272.000000,-0.001794,-0.001303,-0.000940,-0.000027,-0.006066
273.000000,-0.001393,-0.001732,-0.000780,0.000117,0.005484
274.000000,-0.000813,-0.000926,-0.000979,-0.000213,0.001164
275.000000,0.000452,-0.000844,-0.001531,-0.000814,0.002556
276.000000,0.000930,-0.000519,-0.001371,-0.000726,0.001513
277.000000,0.002026,0.000116,-0.001089,-0.000877,-0.000585
278.000000,0.001046,-0.000174,-0.000289,-0.000460,0.000580
279.000000,0.000580,-0.000117,-0.000029,-0.000423,-0.001165
280.000000,-0.000046,0.000203,-0.000203,-0.000556,-0.000574
281.000000,-0.000465,0.000233,-0.000116,-0.000270,-0.000581
282.000000,-0.000581,0.000723,-0.000290,-0.000385,-0.001162
283.000000,-0.001395,-0.000175,-0.000954,-0.000578,-0.003494
284.000000,-0.001046,-0.000233,-0.000580,-0.000731,0.000583
285.000000,-0.000698,-0.000372,-0.000608,-0.001145,0.001166
286.000000,-0.000815,-0.000640,-0.000579,-0.001127,-0.001166
287.000000,-0.000349,-0.000465,-0.000174,-0.000881,0.001166
288.000000,0.000223,-0.000586,-0.000380,-0.000388,-0.000635
289.000000,0.000815,-0.000115,-0.000116,-0.000058,0.003543
290.000000,0.000000,-0.000349,-0.000073,-0.000251,-0.002908
291.000000,0.000117,-0.000349,-0.000058,-0.000194,-0.000583
292.000000,0.001277,0.000464,0.000593,-0.000039,0.006969
293.000000,0.001520,0.000871,0.000348,-0.000345,0.000579
294.000000,0.000811,0.000813,0.000290,-0.000115,0.000000
295.000000,0.000582,0.000291,-0.000041,-0.000308,-0.004057
296.000000,-0.000115,0.000001,-0.000320,-0.000386,-0.004067
297.000000,-0.001393,-0.000058,-0.000261,-0.000136,0.000583
298.000000,-0.001626,-0.000053,-0.000320,-0.000271,-0.000589
299.000000,-0.002093,-0.000641,-0.000378,-0.000291,-0.002335
300.000000,-0.001399,-0.000409,-0.000379,-0.000185,-0.000585
301.000000,-0.000001,-0.000058,-0.000204,-0.000058,0.002920
302.000000,-0.000118,-0.000755,-0.000146,0.000144,0.000000
303.000000,-0.000467,-0.001047,-0.000088,-0.000117,-0.002335
304.000000,0.000000,-0.001047,-0.000117,-0.000155,0.000000
305.000000,0.001515,0.000058,0.000174,-0.000008,0.006989
306.000000,0.000233,0.000116,0.000058,-0.000174,-0.003488
307.000000,-0.000467,-0.000292,-0.000175,-0.000272,-0.003501
308.000000,0.000117,-0.000175,-0.000114,-0.000271,0.000584
309.000000,0.000700,0.000350,-0.000145,-0.000135,0.002916
310.000000,-0.000581,0.000467,0.000029,-0.000097,0.000582
311.000000,-0.000817,-0.000292,-0.000175,-0.000233,-0.004667
312.000000,0.000350,-0.000058,-0.000407,-0.000116,0.002336
313.000000,0.000700,0.000408,-0.000319,0.000078,0.002331
314.000000,0.000000,0.000350,-0.000348,0.000039,-0.000582
315.000000,0.000000,-0.000291,-0.000116,0.000019,0.000582
316.000000,0.001281,0.000232,0.000174,0.000116,0.001739
317.000000,0.000699,0.000525,0.000116,0.000058,-0.000575
318.000000,0.000697,0.000698,0.000262,0.000157,0.002323
319.000000,0.000930,0.000465,0.000407,0.000058,0.000580
320.000000,0.000000,0.000000,0.000233,0.000019,-0.004066
321.000000,-0.000697,0.000292,0.000000,-0.000019,-0.001748
322.000000,-0.001752,-0.000526,-0.000292,-0.000447,-0.005848
323.000000,-0.000465,0.000116,0.000262,-0.000174,0.008759
324.000000,-0.001513,-0.000292,0.000029,-0.000329,-0.004662
325.000000,-0.000350,-0.000175,-0.000233,-0.000136,0.001751
326.000000,0.000582,-0.000058,0.000087,0.000097,0.002911
327.000000,0.003488,0.000868,0.000696,0.000367,0.008683
328.000000,0.001275,0.000405,0.000552,0.000310,-0.002308
329.000000,0.002207,0.000347,0.000406,0.000387,0.000000
330.000000,0.001742,0.000696,0.000348,0.000388,-0.000578
331.000000,0.001737,0.001159,0.000726,0.000386,0.002886
332.000000,0.000461,0.001975,0.000724,0.000463,0.002303
333.000000,0.000116,0.000695,0.000406,0.000407,-0.004033
334.000000,0.000462,0.001335,0.000521,0.000464,0.001731
335.000000,0.001382,0.001562,0.000694,0.000366,0.004026
336.000000,0.000346,0.001041,0.000492,0.000405,-0.002299
337.000000,-0.000115,0.000173,0.000521,0.000522,0.000000
338.000000,0.000807,0.000461,0.000433,0.000522,0.000575
339.000000,0.000115,0.000288,0.000318,0.000367,-0.001727
340.000000,-0.000230,0.000576,0.000636,0.000424,0.002301
341.000000,0.000115,0.000230,0.000695,0.000561,-0.000575
342.000000,0.000230,0.000057,0.001016,0.000502,0.000575
343.000000,-0.000461,0.000173,0.000434,0.000328,-0.002878
344.000000,0.000000,0.000058,0.000696,0.000367,0.000576
345.000000,-0.000460,-0.000345,0.000609,0.000347,0.000000
346.000000,-0.000230,-0.000058,0.000492,0.000309,0.000576
347.000000,-0.000691,-0.000230,-0.000029,0.000270,-0.001729
348.000000,-0.000231,-0.000346,0.000058,0.000174,-0.000577
349.000000,-0.000346,-0.000173,0.000058,0.000154,0.000000
350.000000,0.000000,-0.000230,0.000173,0.000347,0.001730
351.000000,-0.000692,-0.000461,-0.000115,0.000310,-0.002884
352.000000,-0.000115,-0.000403,-0.000173,0.000543,0.001155
353.000000,-0.000115,-0.000173,0.000000,0.000232,-0.000577
354.000000,-0.000578,-0.000462,-0.000202,0.000310,-0.002312
355.000000,-0.000692,-0.000346,-0.000346,0.000290,0.001157
356.000000,0.000116,-0.000288,-0.000173,0.000232,0.001155
357.000000,-0.000578,-0.000347,-0.000289,-0.000135,-0.002312
358.000000,-0.000116,-0.000115,-0.000231,0.000000,0.001735
359.000000,0.001729,0.000575,0.000201,0.000230,0.006908
360.000000,0.001497,0.000402,0.000086,0.000250,0.000000
361.000000,0.001151,0.000633,0.000086,0.000134,-0.000574
362.000000,0.001843,0.000633,0.000115,0.000096,0.001147
363.000000,0.000922,0.000403,0.000115,0.000134,-0.002871
364.000000,-0.000345,0.000692,0.000115,0.000096,0.000575
365.000000,-0.000460,0.000519,0.000086,-0.000057,-0.000575
366.000000,-0.000805,0.000173,-0.000058,-0.000058,-0.002303
367.000000,-0.001035,0.000404,0.000029,-0.000058,0.000000
368.000000,-0.000345,0.000288,0.000086,-0.000058,0.000576
369.000000,-0.000460,-0.000402,0.000086,0.000000,0.000000
370.000000,-0.000345,-0.000402,0.000000,-0.000077,0.000000
371.000000,0.000000,-0.000403,0.000115,-0.000077,-0.000576
372.000000,0.000576,-0.000230,0.000202,0.000000,0.002878
373.000000,0.000351,0.000003,0.000203,0.000078,-0.000546
374.000000,0.001263,0.000401,0.000547,0.000211,0.004561
375.000000,0.000920,0.000287,0.000403,0.000153,-0.001719
376.000000,0.001149,0.000575,0.000374,0.000153,0.000573
377.000000,0.001831,0.001203,0.000804,0.000420,0.006284
378.000000,0.001415,0.000883,0.000586,0.000352,-0.002623
379.000000,-0.000344,0.000460,0.000029,0.000211,-0.004234
380.000000,0.000344,0.000632,0.000115,0.000211,0.001719
381.000000,-0.000344,0.000403,0.000000,0.000211,-0.002866
382.000000,-0.001371,0.000230,0.000000,0.000211,0.001147
383.000000,-0.000389,0.000513,0.000258,0.000307,0.002291
384.000000,-0.000920,-0.000632,-0.000115,0.000154,-0.006889
385.000000,-0.001840,-0.000748,-0.000231,0.000019,-0.002884
386.000000,-0.001267,-0.000806,-0.000115,-0.000019,0.000000
387.000000,-0.001150,-0.001261,-0.000029,0.000116,0.001732
388.000000,-0.001608,-0.000998,-0.000058,0.000058,0.000000
389.000000,0.000345,-0.000287,0.000086,-0.000077,0.002879
390.000000,0.001381,-0.000230,0.000201,-0.000000,0.002292
391.000000,0.000577,-0.000345,0.000029,-0.000115,-0.004018
392.000000,-0.000925,-0.001037,-0.000404,-0.000346,-0.005777
393.000000,-0.000693,-0.001151,-0.000319,-0.000212,0.001158
394.000000,-0.001038,-0.000346,-0.000489,-0.000192,0.001157
395.000000,-0.001843,-0.000231,-0.000490,-0.000231,-0.001736
396.000000,-0.001503,-0.000463,-0.000634,-0.000231,-0.002319
397.000000,-0.001395,-0.001160,-0.001210,-0.000406,-0.005237
398.000000,-0.001510,-0.001102,-0.001050,-0.000406,0.000583
399.000000,-0.001858,-0.001448,-0.000868,-0.000425,-0.000583
400.000000,-0.001161,-0.001502,-0.000866,-0.000367,0.001749
401.000000,0.000000,-0.000752,-0.000548,-0.000231,0.003488
402.000000,0.000466,-0.000465,-0.000751,-0.000424,-0.002906
403.000000,0.001626,0.000058,-0.000546,-0.000193,0.006382
404.000000,0.001511,-0.000174,-0.000260,-0.000384,-0.001157
405.000000,0.002316,0.000577,0.000173,-0.000134,0.005774
406.000000,0.000464,0.000232,-0.000116,-0.000346,-0.005774
407.000000,0.000465,0.000466,-0.000347,-0.000652,-0.002899
408.000000,-0.000928,0.000349,-0.000376,-0.000584,-0.000581
409.000000,-0.000232,0.000640,-0.000404,-0.000365,0.002322
410.000000,-0.001735,0.000291,-0.000606,-0.000480,-0.001741
411.000000,-0.000929,-0.000232,-0.000492,-0.000443,-0.001744
412.000000,-0.000815,-0.000175,-0.000320,-0.000559,-0.002330
413.000000,-0.000116,-0.000522,-0.000232,-0.000538,0.002911
414.000000,-0.001396,-0.000814,-0.000494,-0.000445,-0.004078
415.000000,-0.001633,-0.001684,-0.000553,-0.000446,-0.002923
416.000000,-0.000699,-0.000814,-0.000291,-0.000348,0.002923
417.000000,-0.000935,-0.000875,-0.000205,-0.000523,-0.003509
418.000000,-0.001283,-0.000700,-0.000175,-0.000484,0.001171
419.000000,-0.000351,-0.000873,-0.000117,-0.000561,0.000585
420.000000,0.000351,-0.000641,-0.000175,-0.000617,0.000585
421.000000,0.000350,-0.000175,-0.000204,-0.000386,0.002918
422.000000,0.000468,-0.000234,-0.000204,-0.000291,-0.002918
423.000000,0.000351,-0.000466,-0.000494,-0.000310,0.000584
424.000000,0.000000,-0.000175,-0.000495,-0.000388,-0.001169
425.000000,-0.000117,0.000117,-0.000783,-0.000330,0.000000
426.000000,-0.000935,-0.000292,-0.000553,-0.000291,-0.001170
427.000000,-0.000820,-0.000176,-0.000525,-0.000195,-0.002345
428.000000,-0.001289,-0.000469,-0.000584,-0.000273,-0.001762
429.000000,-0.000656,-0.000328,-0.000601,-0.000187,0.001997
430.000000,-0.000586,-0.000351,-0.000496,-0.000234,0.000352
431.000000,0.000234,-0.000350,-0.000262,-0.000252,0.002928
432.000000,0.000235,-0.000293,-0.000263,-0.000234,-0.002342
433.000000,0.000704,-0.000292,-0.000379,-0.000427,0.000586
434.000000,0.000188,-0.000234,-0.000205,-0.000408,-0.000586
435.000000,-0.000235,-0.000410,-0.000147,-0.000659,-0.001760
436.000000,-0.001261,-0.000514,-0.000403,-0.000540,-0.002204
437.000000,-0.000469,-0.000117,-0.000147,-0.000389,0.001617
438.000000,0.000117,0.000411,-0.000029,-0.000253,0.003519
439.000000,-0.000117,0.000035,-0.000146,-0.000389,-0.001758
440.000000,-0.000235,-0.000235,-0.000293,-0.000409,-0.002349
441.000000,0.000088,-0.000587,-0.000468,-0.000370,-0.000588
442.000000,-0.000235,-0.000352,-0.000322,-0.000293,0.000000
443.000000,-0.001176,-0.000529,-0.000411,-0.000429,-0.001183
444.000000,-0.000705,-0.000411,-0.000323,-0.000274,0.000595
445.000000,-0.002247,-0.001241,-0.000825,-0.000511,-0.010056
446.000000,-0.001891,-0.000902,-0.000708,-0.000569,0.001188
447.000000,-0.002129,-0.001182,-0.000650,-0.000492,-0.001188
448.000000,-0.001892,-0.001534,-0.000562,-0.000531,0.000000
449.000000,-0.003563,-0.002134,-0.001049,-0.000809,-0.007759
450.000000,-0.002633,-0.002440,-0.001337,-0.001009,-0.005407
451.000000,-0.003474,-0.002683,-0.001635,-0.001206,-0.003017
452.000000,-0.001912,-0.002020,-0.001186,-0.000888,0.006625
453.000000,-0.002032,-0.001962,-0.001246,-0.000928,-0.000600
454.000000,-0.000841,-0.002202,-0.001306,-0.000949,-0.001803
455.000000,0.000722,-0.000956,-0.001098,-0.000869,0.002404
456.000000,0.001805,-0.000835,-0.000868,-0.000750,0.002398
457.000000,0.000120,-0.000896,-0.001039,-0.000732,-0.001798
458.000000,0.000959,-0.000537,-0.001035,-0.000553,0.003593
459.000000,0.001797,0.000478,-0.000828,-0.000540,0.002388
460.000000,0.001912,0.001317,-0.000562,-0.000453,0.002977
461.000000,0.001906,0.001855,-0.000414,-0.000471,0.002369
462.000000,0.001435,0.000777,-0.000621,-0.000532,-0.004155
463.000000,0.001311,0.001135,-0.000414,-0.000452,0.002974
464.000000,0.000357,0.001077,-0.000562,-0.000512,-0.002378
465.000000,0.000238,0.001075,0.000059,-0.000374,0.002378
466.000000,-0.000355,0.000775,-0.000030,-0.000320,-0.000594
467.000000,0.000000,0.000717,-0.000089,-0.000454,-0.002380
468.000000,0.000236,0.000773,0.000118,-0.000432,0.004155
469.000000,0.000476,0.000417,0.000447,-0.000413,-0.001181
470.000000,0.001656,0.000947,0.001132,-0.000059,0.008279
471.000000,0.001185,0.000415,0.001135,-0.000138,-0.002949
472.000000,0.000000,0.000000,0.000389,-0.000414,-0.008304
473.000000,-0.001786,-0.000775,0.000180,-0.000534,-0.004776
474.000000,-0.001909,-0.000717,0.000180,-0.000614,-0.001797
475.000000,-0.003206,-0.000775,0.000150,-0.000219,0.001797
476.000000,-0.002138,-0.000476,0.000149,-0.000179,0.002391
477.000000,-0.000836,-0.000418,0.000150,-0.000199,-0.001793
478.000000,-0.000120,-0.000953,-0.000090,-0.000239,-0.001197
479.000000,0.000718,-0.000596,-0.000090,0.000100,0.002392
480.000000,0.000120,-0.001543,-0.000298,0.000240,-0.001195
481.000000,-0.000718,-0.001428,-0.000506,0.000281,-0.001796
482.000000,0.000716,-0.000060,-0.000030,0.000239,0.005378
483.000000,0.001432,0.000656,-0.000059,0.000339,0.002381
484.000000,0.001429,0.001073,0.000178,0.000478,0.002375
485.000000,0.002260,0.001190,0.000207,0.000496,0.002961
486.000000,0.001433,0.000358,-0.000059,0.000219,-0.005931
487.000000,-0.000119,0.000299,-0.000060,0.000199,-0.002382
488.000000,-0.000954,0.000239,-0.000357,0.000020,-0.001791
489.000000,-0.001548,-0.000060,-0.000328,-0.000080,-0.000598
490.000000,-0.001901,0.000179,-0.000682,-0.000139,0.001195
491.000000,-0.001074,0.000180,-0.000624,-0.000278,-0.001793
492.000000,-0.001436,-0.000778,-0.000419,-0.000279,-0.004195
493.000000,-0.001198,-0.001076,-0.000210,-0.000398,-0.000601
494.000000,0.001548,0.000000,0.000537,0.000119,0.013135
495.000000,-0.000239,-0.001070,0.000060,-0.000218,-0.007740
496.000000,-0.000719,-0.000896,-0.000269,-0.000338,-0.004193
497.000000,0.000240,-0.000598,-0.000150,-0.000239,0.000600
498.000000,0.000959,-0.000120,0.000060,-0.000278,0.002995
499.000000,-0.002507,-0.000479,-0.000270,-0.000378,-0.004195
500.000000,-0.001079,-0.000659,-0.000240,-0.000674,-0.000601
501.000000,-0.001083,-0.000901,-0.000361,-0.000716,-0.004216
502.000000,-0.000240,0.000000,-0.000389,-0.000279,0.004816
503.000000,-0.001320,-0.000180,-0.000628,-0.000200,-0.002405
504.000000,-0.001689,-0.002098,-0.001049,-0.000341,-0.006039
505.000000,-0.001690,-0.001384,-0.001227,-0.000422,-0.000606
506.000000,-0.000121,-0.000602,-0.000749,-0.000380,0.003630
507.000000,-0.000361,-0.000300,-0.000449,-0.000200,0.003617
508.000000,-0.000482,-0.000901,-0.000510,-0.000260,-0.003013
509.000000,0.001448,-0.000120,-0.000300,-0.000220,0.003614
510.000000,0.001810,0.000060,-0.000299,-0.000140,0.001202
511.000000,0.000121,0.000000,-0.000451,-0.000241,-0.004816
512.000000,-0.000603,-0.000482,-0.000241,-0.000420,0.000000
513.000000,-0.000242,-0.000362,-0.000271,-0.000539,-0.001208
514.000000,-0.001327,0.000061,-0.001019,-0.000679,-0.001814
515.000000,-0.002295,-0.000243,-0.000814,-0.000899,-0.003639
516.000000,-0.001211,-0.000545,-0.000574,-0.000681,0.000607
517.000000,-0.000968,-0.000785,-0.000543,-0.000561,0.001214
518.000000,-0.000726,-0.000484,-0.000693,-0.000502,0.000000
519.000000,0.000242,-0.000543,-0.000331,-0.000381,0.003028
520.000000,0.000243,-0.001026,-0.000483,-0.000542,-0.003634
521.000000,0.001090,-0.000060,-0.000030,-0.000321,0.004843
522.000000,0.000242,-0.000363,-0.000422,-0.000281,-0.003024
523.000000,0.002531,0.000902,0.000270,0.000120,0.011442
524.000000,0.001566,0.000904,0.000482,-0.000378,-0.001798
525.000000,0.001571,0.000907,0.000332,-0.000240,-0.003606
526.000000,0.000603,0.000846,0.000151,-0.000100,0.000000
527.000000,0.003839,0.002041,0.000628,0.000318,0.013158
528.000000,0.000120,0.001325,0.000421,-0.000020,-0.007156
529.000000,0.004625,0.003095,0.001276,0.000811,0.020729
530.000000,0.003343,0.002457,0.000716,0.000497,-0.010015
531.000000,0.003462,0.002032,0.000986,0.000657,0.000592
532.000000,-0.000953,0.001443,0.000540,0.000200,-0.008915
533.000000,-0.000719,-0.000300,0.000301,0.000080,-0.005988
534.000000,-0.004865,-0.000120,0.000392,0.000281,0.000000
535.000000,-0.003343,0.000000,0.000454,0.000221,-0.002405
536.000000,-0.002621,0.000421,0.000633,0.000241,0.004205
537.000000,-0.000598,-0.000775,0.000633,0.000160,0.001198
538.000000,-0.000120,-0.000420,0.000453,0.000141,-0.003599
539.000000,-0.000120,-0.002493,0.000301,0.000020,0.000000
540.000000,0.000961,-0.001191,0.000633,0.000080,0.003000
541.000000,-0.000721,-0.001671,0.000181,0.000100,-0.004203
542.000000,-0.001925,-0.001262,0.000091,-0.000060,-0.004825
543.000000,-0.000964,-0.000542,-0.000421,0.000020,0.001208
544.000000,-0.000862,-0.000491,-0.000306,0.000098,0.000507
545.000000,-0.000600,0.000180,0.000090,0.000363,0.004312
546.000000,-0.001207,-0.000964,-0.000272,0.000101,-0.007238
547.000000,0.000362,-0.000781,-0.000778,0.000161,0.003022
548.000000,0.000241,-0.000361,-0.000391,0.000181,0.000603
549.000000,0.000140,-0.000361,-0.001427,0.000081,0.000000
550.000000,-0.000361,-0.000480,-0.000836,0.000262,0.001808
551.000000,0.001087,-0.000060,-0.000865,0.000100,0.000000
552.000000,-0.000121,0.000121,-0.000570,0.000101,-0.003015
553.000000,0.000000,0.000121,-0.000211,-0.000240,0.001207
554.000000,-0.000846,-0.000353,-0.000422,-0.000321,-0.004231
555.000000,-0.000966,-0.000663,-0.000241,-0.000161,0.001211
556.000000,0.000120,0.000604,-0.000180,0.000020,0.005430
557.000000,-0.000121,-0.000121,-0.000451,-0.000559,-0.004221
558.000000,0.000241,0.000121,-0.000120,-0.000220,0.003017
559.000000,0.000967,0.000060,-0.000150,-0.000931,-0.000603
560.000000,0.001206,0.000120,-0.000180,-0.000517,0.002408
561.000000,-0.000120,0.000000,-0.000030,-0.000577,-0.001203
562.000000,0.000362,0.000121,0.000121,-0.000340,-0.001808
563.000000,-0.000966,-0.000363,-0.000121,-0.000261,-0.003625
564.000000,-0.001209,-0.000121,-0.000237,-0.000322,-0.001818
565.000000,-0.001691,-0.000242,-0.000453,-0.000242,0.000000
566.000000,-0.000724,-0.000422,0.000091,-0.000261,0.003632
567.000000,0.000482,0.000422,0.000151,-0.000160,0.004221
568.000000,0.001087,0.000060,0.000090,-0.000060,-0.000602
569.000000,0.001765,0.000278,0.000169,-0.000008,0.001576
570.000000,0.002291,0.000300,0.000210,-0.000020,0.002629
571.000000,0.002273,0.000775,0.000387,0.000238,0.003543
572.000000,0.000601,0.000541,0.000331,0.000261,-0.004143
573.000000,-0.000241,0.000423,0.000030,0.000060,-0.004811
574.000000,-0.000918,0.000424,0.000151,-0.000017,-0.001810
575.000000,-0.001323,0.000484,0.000121,-0.000141,0.000604
576.000000,-0.002211,0.000031,-0.000195,0.000071,-0.000894
577.000000,-0.000120,0.000240,0.000331,0.000181,0.006310
578.000000,0.000361,0.000060,0.000060,0.000080,-0.002404
579.000000,0.002043,0.000562,0.000420,0.000300,0.006597
580.000000,0.001083,-0.000120,0.000090,0.000100,-0.004193
581.000000,0.000299,-0.000956,-0.000090,-0.000060,-0.004813
582.000000,-0.001325,-0.000722,-0.000091,-0.000020,-0.001811
583.000000,-0.000965,-0.000302,0.000060,-0.000081,-0.000604
584.000000,-0.001922,0.000060,0.000242,0.000121,0.001812
585.000000,-0.001446,-0.000181,0.000151,0.000020,-0.001812
586.000000,-0.000362,-0.000031,0.000000,-0.000141,0.000604
587.000000,-0.002309,-0.001817,-0.000788,-0.000385,-0.011547
588.000000,-0.002006,-0.001486,-0.000713,-0.000455,0.000910
589.000000,-0.001575,-0.001749,-0.000593,-0.000303,0.003968
590.000000,-0.001213,-0.001329,-0.000725,-0.000383,0.000000
591.000000,-0.002309,-0.001336,-0.001146,-0.000506,-0.004878
592.000000,0.000122,-0.001094,-0.000908,-0.000425,0.000611
593.000000,-0.000672,-0.001339,-0.000820,-0.000406,-0.003059
594.000000,-0.001097,-0.001336,-0.000638,-0.000284,0.001843
595.000000,-0.000243,-0.000728,-0.000455,-0.000142,0.004266
596.000000,-0.000122,-0.001216,-0.000624,-0.000405,-0.004272
597.000000,-0.000857,-0.000367,-0.001092,-0.000648,-0.003063
598.000000,-0.000860,-0.000766,-0.001126,-0.000730,-0.003072
599.000000,-0.000859,-0.000978,-0.001363,-0.000721,0.001844
600.000000,-0.001222,-0.000733,-0.001031,-0.000727,0.002454
601.000000,0.000122,0.000000,-0.000668,-0.000764,0.002448
602.000000,0.000857,0.000000,-0.000547,-0.000605,0.000611
603.000000,0.001227,0.000184,-0.000578,-0.000486,-0.001222
604.000000,0.000858,-0.000001,-0.000668,-0.000425,0.000000
605.000000,0.000978,-0.000122,-0.000425,-0.000344,0.003053
606.000000,0.001340,0.000731,-0.000242,-0.000172,0.004259
607.000000,0.001945,0.001401,0.000517,-0.000261,0.003636
608.000000,0.002552,0.001890,0.000562,-0.000121,0.001813
609.000000,0.003996,0.002427,0.000725,-0.000100,0.007220
610.000000,0.003506,0.002242,0.000755,0.000060,0.000599
611.000000,0.002654,0.001997,0.000999,0.000220,0.000000
612.000000,0.001327,0.001636,0.000818,0.000181,-0.003000
613.000000,0.001196,0.001874,0.001029,0.000240,0.001159
614.000000,-0.000600,0.001698,0.000849,0.000120,-0.001760
615.000000,0.000603,0.002054,0.000966,0.000401,0.006617
616.000000,-0.000961,0.000846,0.000789,0.000121,-0.007820
617.000000,-0.001448,-0.000061,0.000670,0.000324,-0.005433
618.000000,-0.001075,0.000060,0.000975,0.000395,0.003022
619.000000,-0.000723,-0.000662,0.000883,0.000263,0.000000
620.000000,-0.002046,-0.000722,0.000760,0.000263,0.000000
621.000000,-0.000482,-0.000722,0.000638,0.000425,0.000000
622.000000,0.001177,-0.000135,0.000750,0.000500,0.002863
623.000000,0.000121,-0.000477,0.000698,0.000527,-0.002259
624.000000,0.000121,-0.000301,0.000698,0.000465,0.000000
625.000000,-0.001454,-0.001750,0.000152,0.000061,-0.007872
626.000000,-0.000847,-0.000664,0.000091,0.000304,0.003035
627.000000,-0.001662,-0.000242,-0.000151,0.000366,-0.001213
628.000000,-0.000967,-0.000423,-0.000181,0.000509,0.001213
629.000000,-0.001089,-0.000484,-0.000573,0.000427,-0.000606
630.000000,0.000364,-0.000545,-0.000633,0.000325,-0.000607
631.000000,-0.000972,-0.000909,-0.000815,0.000122,-0.003647
632.000000,-0.000364,-0.001013,-0.000574,0.000163,0.001825
633.000000,-0.000364,-0.000666,-0.000571,0.000244,0.001215
634.000000,0.000606,-0.000242,-0.000271,0.000385,0.004241
635.000000,0.000606,0.000485,-0.000632,0.000263,-0.000605
636.000000,0.001335,0.000182,-0.000241,0.000121,0.000000
637.000000,0.000849,0.000242,0.000000,-0.000020,-0.000605
638.000000,0.000415,0.000025,-0.000199,-0.000113,-0.000957
639.000000,-0.000242,0.000182,-0.000151,-0.000321,0.000957
640.000000,-0.000485,0.000061,-0.000242,-0.000402,-0.001818
641.000000,-0.001335,0.000000,-0.000455,-0.000544,-0.004254
642.000000,-0.000971,-0.000061,-0.000537,-0.000403,0.001217
643.000000,-0.001145,-0.000365,-0.000515,-0.000503,-0.001826
644.000000,-0.002314,-0.001278,-0.000760,-0.000607,-0.004887
645.000000,-0.000243,-0.000364,0.000061,-0.000543,0.008537
646.000000,0.001577,0.000121,0.000151,-0.000121,0.004846
647.000000,-0.000243,-0.000607,-0.000182,-0.000202,-0.007886
648.000000,0.001578,0.000217,0.000121,-0.000060,0.007282
649.000000,0.002556,0.000121,0.000151,-0.000060,0.000000
650.000000,-0.000608,-0.000425,-0.000182,-0.000303,-0.007282
651.000000,-0.002799,-0.000611,-0.000305,-0.000507,-0.006109
652.000000,-0.001713,-0.000978,-0.000519,-0.000684,-0.002454
653.000000,-0.003046,-0.000734,-0.000549,-0.000588,0.000614
654.000000,-0.002923,-0.000184,-0.000731,-0.000568,0.000614
655.000000,-0.000977,-0.000792,-0.000578,-0.000224,0.002451
656.000000,0.000266,-0.001267,-0.000573,-0.000321,0.000104
657.000000,0.001713,0.000000,-0.000304,-0.000122,0.004780
658.000000,0.001833,-0.000606,-0.000195,-0.000121,0.001217
659.000000,0.003165,0.000121,0.000121,0.000141,0.007273
660.000000,0.002070,0.000547,0.000061,0.000061,-0.003024
661.000000,0.001443,0.000854,0.000122,0.000081,-0.003033
662.000000,-0.000732,0.000490,-0.000244,-0.000183,-0.006094
663.000000,-0.003065,-0.000616,-0.000675,-0.000572,-0.010446
664.000000,-0.006007,-0.001421,-0.000802,-0.000961,-0.007440
665.000000,-0.006026,-0.001978,-0.001385,-0.001045,-0.003116
666.000000,-0.007049,-0.002803,-0.002035,-0.001316,-0.008148
667.000000,-0.004825,-0.002779,-0.001389,-0.001129,0.005022
668.000000,-0.001986,-0.002526,-0.001566,-0.000972,0.003750
669.000000,-0.002127,-0.004067,-0.001973,-0.001275,-0.008143
670.000000,-0.002892,-0.004459,-0.001956,-0.001446,-0.006942
671.000000,0.000126,-0.003461,-0.001304,-0.001073,0.006942
672.000000,-0.000376,-0.002601,-0.001055,-0.001030,0.002513
673.000000,-0.002385,-0.002186,-0.001401,-0.001178,-0.006293
674.000000,0.000000,-0.001064,-0.001242,-0.000889,0.003781
675.000000,0.000759,-0.001067,-0.001522,-0.001279,-0.003150
676.000000,0.000000,0.000063,-0.001370,-0.001336,0.003150
677.000000,-0.001006,-0.000691,-0.001735,-0.001157,-0.002519
678.000000,0.000252,-0.001066,-0.001796,-0.001399,0.000000
679.000000,-0.001262,-0.000631,-0.002349,-0.001526,-0.003790
680.000000,-0.000518,0.000120,-0.002169,-0.001264,0.000569
681.000000,-0.001388,-0.000694,-0.002078,-0.001100,-0.001203
682.000000,-0.001392,-0.001199,-0.001900,-0.001103,-0.002536
683.000000,-0.001265,-0.000506,-0.001346,-0.001103,0.000635
684.000000,-0.000507,-0.000884,-0.000974,-0.001123,0.000000
685.000000,-0.001644,-0.001081,-0.001074,-0.001375,-0.005115
686.000000,-0.001536,-0.001462,-0.000700,-0.001401,-0.000664
687.000000,-0.000891,-0.001141,-0.000916,-0.001537,0.000689
688.000000,-0.003326,-0.002295,-0.001681,-0.001962,-0.011540
689.000000,-0.003844,-0.002175,-0.001403,-0.002291,-0.002590
690.000000,-0.001982,-0.001813,-0.000846,-0.002050,0.004196
691.000000,-0.004508,-0.003022,-0.001858,-0.002392,-0.013292
692.000000,-0.004515,-0.002703,-0.001951,-0.002168,0.000653
693.000000,-0.000647,-0.001987,-0.001246,-0.001559,0.007797
694.000000,0.000129,-0.001857,-0.001371,-0.001268,0.001294
695.000000,0.000064,-0.000959,-0.001020,-0.001035,0.003871
696.000000,0.003622,-0.000443,-0.000952,-0.000614,0.004497
697.000000,0.004387,-0.000064,-0.000603,-0.000632,0.004477
698.000000,0.002828,0.001090,-0.000603,-0.000757,0.000000
699.000000,0.002952,0.001540,-0.000317,-0.000422,0.001913
700.000000,0.001795,0.000930,-0.000442,-0.000254,-0.001913
701.000000,0.001405,0.002514,-0.000254,-0.000401,0.002549
702.000000,0.001018,0.002703,0.000000,-0.000400,0.002543
703.000000,0.001779,0.002303,0.000158,-0.000063,0.003802
704.000000,-0.000383,0.001285,-0.000286,-0.000486,-0.008895
705.000000,-0.000383,0.000706,-0.000126,-0.000445,-0.001916
706.000000,-0.000127,0.000639,0.000098,-0.000422,0.003829
707.000000,0.006619,0.003819,0.001878,0.000871,0.036277
708.000000,0.005736,0.003757,0.002424,0.000851,-0.000614
709.000000,0.007883,0.003750,0.002645,0.001039,0.001842
710.000000,0.008286,0.003952,0.002441,0.001023,0.000098
711.000000,0.007378,0.003625,0.003070,0.001039,-0.000712
712.000000,0.000246,0.003432,0.003068,0.001144,0.000614
713.000000,0.001103,0.003420,0.002862,0.001245,0.003674
714.000000,0.000735,0.004309,0.002797,0.001245,0.000000
715.000000,0.000960,0.004623,0.002664,0.001457,0.001222
716.000000,0.000981,0.004180,0.002409,0.001459,-0.000605
717.000000,0.000000,0.000123,0.001971,0.001293,-0.004291
718.000000,-0.000735,0.000184,0.001971,0.001677,0.000000
719.000000,0.000000,0.000367,0.002059,0.001886,0.003674
720.000000,-0.000489,0.000235,0.002093,0.001705,-0.001223
721.000000,-0.000246,0.000368,0.001997,0.002169,0.000612
722.000000,0.000613,0.000306,0.001869,0.002147,0.000000
723.000000,0.000368,-0.000184,0.001618,0.001846,-0.001224
724.000000,-0.000245,-0.000122,0.002093,0.001824,0.000612
725.000000,-0.000736,-0.000612,0.002005,0.001572,-0.003679
726.000000,0.001098,0.000426,0.002303,0.001748,0.009780
727.000000,0.000733,0.000673,0.000398,0.001538,-0.001826
728.000000,-0.005715,-0.002673,-0.001245,0.000423,-0.033460
729.000000,-0.006975,-0.003610,-0.001621,0.000169,-0.005687
730.000000,-0.004849,-0.002793,-0.001279,0.000465,0.006947
731.000000,-0.006805,-0.002854,-0.001243,0.000380,0.000000
732.000000,-0.005436,-0.002352,-0.001023,0.000462,0.005022
733.000000,-0.000505,-0.003110,-0.001647,0.000042,-0.008805
734.000000,0.000380,-0.003297,-0.001710,0.000296,-0.001264
735.000000,-0.000252,-0.002551,-0.001582,0.000487,0.003788
736.000000,0.001004,-0.002901,-0.001237,0.000568,0.006281
737.000000,-0.001761,-0.003598,-0.001463,-0.000934,-0.008805
738.000000,0.000000,-0.000252,-0.001463,-0.000914,0.000000
739.000000,0.000126,0.000253,-0.001678,-0.000996,-0.000632
740.000000,0.000126,-0.000063,-0.001428,-0.000873,0.003785
741.000000,-0.001508,-0.000252,-0.001553,-0.000913,-0.001891
742.000000,-0.003441,-0.002601,-0.002476,-0.001549,-0.018466
743.000000,-0.002287,-0.001144,-0.002127,-0.001479,0.005767
744.000000,-0.002801,-0.001337,-0.002317,-0.001586,-0.003200
745.000000,-0.002535,-0.001204,-0.001878,-0.001456,0.005115
746.000000,-0.001774,-0.001641,-0.002271,-0.001372,0.001911
747.000000,0.001919,-0.000761,-0.002180,-0.001229,0.000000
748.000000,0.000924,-0.000681,-0.000467,-0.001202,0.000795
749.000000,0.004939,0.001069,0.000661,-0.000763,0.016871
750.000000,0.002912,0.000189,0.000063,-0.000889,-0.005016
751.000000,0.001016,-0.000379,-0.000316,-0.001162,-0.007571
752.000000,0.001016,0.001467,-0.000567,-0.001162,0.000000
753.000000,0.000587,0.000756,-0.000194,-0.001166,-0.001350
754.000000,-0.002011,0.001464,0.000063,-0.001057,0.003880
755.000000,0.000126,0.001519,0.000157,-0.000745,0.005669
756.000000,0.001414,0.001215,-0.000213,-0.001109,-0.001131
757.000000,0.001765,0.001391,0.000315,-0.000990,0.001759
758.000000,0.001658,0.001123,0.000221,0.000063,-0.001885
759.000000,0.000379,-0.000816,0.000126,0.000169,-0.002519
760.000000,-0.001893,-0.000884,-0.000348,-0.000253,-0.005691
761.000000,-0.001921,-0.000254,-0.000316,-0.000295,-0.001269
762.000000,-0.003943,-0.001089,0.000189,-0.000741,-0.008352
763.000000,-0.002914,-0.000628,0.000064,-0.000339,0.003260
764.000000,-0.004592,-0.002107,-0.000322,-0.000660,-0.010908
765.000000,-0.004619,-0.003256,-0.000868,-0.000980,-0.005823
766.000000,-0.004365,-0.003143,-0.000964,-0.001190,0.000000
767.000000,-0.003084,-0.003514,-0.001061,-0.000961,-0.001949
768.000000,-0.004256,-0.003585,-0.001231,-0.001048,-0.002598
769.000000,-0.001684,-0.003138,-0.001977,-0.000962,0.001947
770.000000,0.002451,-0.001084,-0.000984,-0.000593,0.014853
771.000000,0.001294,-0.001536,-0.000895,-0.000723,-0.005786
772.000000,0.001683,-0.000700,-0.000895,-0.000107,0.000000
773.000000,0.001428,-0.001414,-0.001021,-0.000429,-0.003876
774.000000,0.001555,-0.000065,-0.001086,-0.000236,0.002586
775.000000,-0.001544,0.000453,-0.001401,-0.000428,-0.000646
776.000000,0.000258,0.000776,-0.001184,-0.000384,0.003225
777.000000,0.000000,0.000842,-0.001336,-0.000427,-0.001289
778.000000,0.000000,0.000714,-0.001436,-0.000583,-0.003876
779.000000,-0.003780,-0.001112,-0.002125,-0.001689,-0.016314
780.000000,-0.006968,-0.004256,-0.002670,-0.002075,-0.016584
781.000000,-0.008046,-0.003894,-0.002715,-0.001895,-0.002170
782.000000,-0.010184,-0.005092,-0.002896,-0.002294,-0.011977
783.000000,-0.009680,-0.004840,-0.003127,-0.002294,-0.001358
784.000000,-0.006024,-0.004902,-0.002483,-0.002358,0.001968
785.000000,-0.001612,-0.004290,-0.001918,-0.002364,0.005477
786.000000,-0.000774,-0.004410,-0.001817,-0.002259,0.002021
787.000000,0.001487,-0.004349,-0.001753,-0.002340,-0.000673
788.000000,0.002565,-0.003558,-0.001422,-0.002143,0.004032
789.000000,0.001365,-0.002330,-0.001721,-0.002193,-0.004032
790.000000,0.001879,0.000134,-0.002061,-0.001735,0.008048
791.000000,0.000538,-0.000118,-0.002006,-0.001849,-0.004687
792.000000,0.000672,0.001080,-0.002006,-0.001571,0.000000
793.000000,0.000134,0.001350,-0.001745,-0.001635,0.001341
794.000000,0.002277,0.001821,-0.001541,-0.001049,0.006680
795.000000,0.000800,0.001340,-0.001475,-0.000832,0.000666
796.000000,0.002269,0.001403,-0.001503,-0.000744,0.002658
797.000000,0.003196,0.001934,-0.001207,-0.000524,0.004634
798.000000,0.003455,0.001795,-0.000882,-0.000350,0.002639
799.000000,0.002119,0.002198,-0.000066,-0.000415,0.000000
800.000000,0.002512,0.001656,0.000895,-0.000822,0.002632
801.000000,0.003942,0.003106,0.001494,-0.000302,0.009807
802.000000,0.004700,0.003948,0.002514,-0.000021,0.008422
803.000000,0.004301,0.003878,0.002614,0.000129,0.000645
804.000000,0.004172,0.003146,0.002483,0.000022,-0.000645
805.000000,0.000656,0.001584,0.001462,-0.000455,-0.014950
806.000000,0.000390,0.002166,0.001785,-0.000280,0.008477
807.000000,-0.001554,0.001573,0.001753,-0.000281,-0.001300
808.000000,-0.001944,0.001179,0.001487,-0.000195,-0.001301
809.000000,-0.001554,0.001309,0.001753,0.000392,0.001301
810.000000,0.001175,0.000916,0.001286,0.000902,-0.001301
811.000000,-0.001253,-0.000432,0.001337,0.000852,-0.003666
812.000000,-0.000912,-0.001233,0.001357,0.001265,0.000405
813.000000,-0.001046,-0.001495,0.001192,0.001244,-0.001968
814.000000,-0.000782,-0.001168,0.000989,0.001266,0.002621
815.000000,-0.000261,0.000457,0.001021,0.001127,0.001305
816.000000,-0.000311,-0.000782,0.000692,0.000929,-0.003919
817.000000,-0.000785,-0.000849,0.000362,0.000886,-0.001965
818.000000,0.000001,-0.000522,0.000328,0.000817,0.001965
819.000000,0.000000,-0.000391,0.000459,0.001039,0.002614
820.000000,-0.000653,-0.000457,0.000229,0.000705,-0.001960
821.000000,0.001044,0.000367,-0.000033,0.001014,0.004568
822.000000,0.001698,0.000456,-0.000389,0.001057,0.001301
823.000000,0.001044,0.000523,-0.000486,0.000969,-0.001301
824.000000,0.001042,0.000521,-0.000324,0.000833,0.002601
825.000000,0.001174,0.000260,0.000359,0.000767,-0.001300
826.000000,0.001298,0.001171,0.000194,0.000852,0.005188
827.000000,0.001683,0.001691,0.000421,0.000805,0.003229
828.000000,0.000390,0.000717,0.000098,0.000458,-0.007767
829.000000,0.000389,0.000715,0.000162,0.000544,0.002596
830.000000,0.001296,0.001235,0.000389,0.000565,0.003235
831.000000,0.000646,0.000972,0.000669,0.000302,0.001936
832.000000,-0.000387,0.000648,0.000552,-0.000043,-0.001936
833.000000,0.002711,0.001550,0.001037,0.000193,0.007722
834.000000,0.002320,0.001354,0.000938,0.000236,0.000641
835.000000,0.002183,0.001740,0.001000,0.000819,0.002553
836.000000,0.002690,0.001668,0.001419,0.000686,0.004469
837.000000,0.002435,0.001024,0.001357,0.000622,-0.003211
838.000000,0.000640,0.001675,0.001196,0.000623,-0.001252
839.000000,-0.000385,0.000967,0.000841,0.000431,-0.004483
840.000000,-0.001091,0.000546,0.000891,0.000442,-0.000976
841.000000,-0.002046,0.000322,0.000647,0.000553,-0.000308
842.000000,-0.001404,0.000515,0.000582,0.000540,0.000000
843.000000,-0.000897,-0.000128,0.000711,0.000648,0.001285
844.000000,-0.000514,-0.000449,0.000452,0.000475,-0.002571
845.000000,-0.000190,-0.000640,0.000550,0.000453,0.000643
846.000000,0.000000,-0.001023,0.000322,0.000605,0.000643
847.000000,0.000257,-0.000573,0.000225,0.000714,0.001285
848.000000,-0.000128,-0.000512,0.000581,0.000627,-0.000642
849.000000,-0.000515,-0.000515,0.000226,0.000389,-0.004506
850.000000,-0.000385,-0.000288,0.000129,0.000498,0.001296
851.000000,-0.000902,-0.000451,-0.000065,0.000281,-0.001941
852.000000,-0.000643,-0.000193,0.000161,0.000324,0.002579
853.000000,-0.000148,-0.000138,-0.000133,0.000428,0.001833
854.000000,0.001504,0.000494,0.000022,0.000466,0.003753
855.000000,0.002514,0.001064,0.000212,0.000721,0.006345
856.000000,0.002438,0.000768,-0.000127,0.000471,-0.002319
857.000000,0.002559,0.000958,0.000192,0.000469,0.003184
858.000000,0.001045,0.000449,-0.000032,0.000537,-0.005738
859.000000,0.000166,0.000835,0.000160,0.000429,-0.000640
860.000000,-0.000591,0.000961,0.000337,0.000407,0.002556
861.000000,0.000382,0.001410,0.000480,0.000427,0.002549
862.000000,-0.001416,0.000571,0.000189,0.000298,-0.005809
863.000000,0.000383,0.000714,0.000288,0.000149,0.003260
864.000000,0.000511,0.000339,0.000417,0.000128,0.000000
865.000000,0.000255,-0.000168,0.000448,0.000085,0.001276
866.000000,-0.000893,-0.000255,0.000256,-0.000170,-0.003192
867.000000,-0.003214,-0.002315,-0.000679,-0.000643,-0.017414
868.000000,-0.003736,-0.001676,-0.000614,-0.000580,0.000650
869.000000,-0.003866,-0.001677,-0.000421,-0.000452,-0.000650
870.000000,-0.003214,-0.001479,-0.000259,-0.000269,0.004538
871.000000,-0.002186,-0.001539,-0.000065,-0.000193,0.001948
872.000000,0.001168,-0.001023,-0.000226,-0.000215,-0.000647
873.000000,0.001167,-0.001285,-0.000285,-0.000236,0.000647
874.000000,0.002329,-0.000769,-0.000215,0.000021,0.005158
875.000000,0.000519,-0.001347,-0.000758,-0.000150,-0.004512
876.000000,-0.000518,-0.001352,-0.000804,-0.000280,-0.003235
877.000000,0.000904,0.001036,-0.000640,-0.000107,0.006460
878.000000,0.000904,0.001036,-0.000320,-0.000064,0.000650
879.000000,0.000129,0.001229,-0.000224,0.000129,0.001280
880.000000,0.001289,0.000904,-0.000288,0.000129,0.001291
881.000000,0.002063,0.000773,-0.000383,0.000215,0.000635
882.000000,-0.000258,0.000323,-0.000350,-0.000043,-0.005145
883.000000,-0.000265,0.000319,-0.000483,-0.000084,0.000612
884.000000,0.000000,0.000064,-0.000352,-0.000122,0.002606
885.000000,-0.000773,0.000258,-0.000545,-0.000419,-0.002574
886.000000,-0.001157,0.000453,-0.000449,-0.000385,-0.001283
887.000000,0.000899,0.000321,0.000678,-0.000320,0.005135
888.000000,0.000520,0.000127,0.000581,-0.000171,-0.001285
889.000000,-0.000280,-0.000140,0.000544,-0.000196,-0.001396
890.000000,0.002306,0.000767,0.000835,0.000064,0.010359
891.000000,0.002690,0.000767,0.000770,0.000000,0.000637
892.000000,0.001663,0.001281,0.000802,0.000194,0.000000
893.000000,0.002173,0.001347,0.000833,0.000127,0.001266
894.000000,0.001944,0.000832,0.000448,0.000043,-0.002540
895.000000,0.000509,0.001408,0.000833,0.000106,0.003182
896.000000,0.001142,0.001916,0.001185,0.000339,0.003805
897.000000,0.003658,0.002661,0.001491,0.001339,0.012579
898.000000,0.003236,0.002705,0.001416,0.001289,-0.000844
899.000000,0.004412,0.003178,0.001519,0.001422,0.003341
900.000000,0.003527,0.002018,0.001392,0.001229,-0.001248
901.000000,0.000379,0.000761,0.000764,0.000767,-0.011931
902.000000,-0.001632,0.001013,0.001147,0.000872,0.002524
903.000000,-0.001211,0.001013,0.001180,0.000893,0.001259
904.000000,-0.000499,0.001957,0.001394,0.000951,0.006899
905.000000,-0.001251,0.001138,0.001273,0.000934,-0.005006
906.000000,0.002386,0.001383,0.001650,0.001251,0.006255
907.000000,0.001632,0.000000,0.001330,0.000994,-0.001249
908.000000,0.001003,-0.000104,0.001300,0.000909,-0.001883
909.000000,0.000873,0.000187,0.001683,0.001075,0.006248
910.000000,0.001625,0.000187,0.001102,0.000990,-0.001245
911.000000,0.000872,0.001629,0.001195,0.001052,0.002489
912.000000,0.000873,0.001252,0.001133,0.001182,-0.001244
913.000000,0.001001,0.001002,0.001007,0.001120,-0.001245
914.000000,-0.000873,0.000000,0.000978,0.000930,-0.003120
915.000000,0.000218,0.000922,0.001030,0.001156,0.004210
916.000000,-0.000498,0.000187,0.000785,0.001162,-0.001090
917.000000,0.000000,0.000437,0.000218,0.001032,0.001245
918.000000,0.000125,0.000563,0.000229,0.001054,-0.000622
919.000000,0.000624,-0.000125,0.000031,0.001080,-0.000623
920.000000,0.000776,0.000497,0.000342,0.000901,0.004972
921.000000,0.000001,-0.000248,0.000690,0.000714,-0.004966
922.000000,0.000248,0.000124,0.000688,0.000796,0.002477
923.000000,0.000098,0.000111,0.000557,0.000709,-0.001368
924.000000,-0.000374,0.000125,0.000062,0.000694,-0.002986
925.000000,-0.001244,-0.000234,0.000344,0.000609,0.000624
926.000000,-0.000625,-0.000312,-0.000062,0.000419,-0.001873
927.000000,-0.001246,-0.000499,-0.000031,-0.000021,-0.000625
928.000000,-0.001724,-0.000813,-0.000125,-0.000118,-0.003759
929.000000,-0.001051,-0.000713,-0.000419,-0.000217,0.000377
930.000000,-0.001252,-0.001248,-0.000375,-0.000188,-0.000377
931.000000,-0.001254,-0.000940,-0.000594,0.000147,-0.001885
932.000000,-0.000376,-0.000811,-0.000343,0.000189,0.003766
933.000000,0.000376,-0.000674,-0.000281,0.000147,0.000000
934.000000,-0.000704,-0.000878,-0.000376,-0.000251,-0.005025
935.000000,-0.001133,-0.001192,-0.000713,-0.000168,-0.002522
936.000000,-0.000629,-0.000941,-0.000627,-0.000355,0.000637
937.000000,-0.000753,-0.000564,-0.000532,-0.000209,0.003143
938.000000,-0.001383,-0.000503,-0.000658,-0.000251,-0.003150
939.000000,-0.000377,-0.000540,-0.000627,-0.000459,0.000006
940.000000,0.000126,-0.000503,-0.000876,-0.000418,-0.000006
941.000000,0.000754,0.000063,-0.000438,-0.000375,0.003778
942.000000,-0.000504,-0.000629,-0.000720,-0.000438,-0.003148
943.000000,0.001258,-0.000063,-0.000368,-0.000208,0.005659
944.000000,0.001632,0.000628,-0.000125,-0.000042,0.001879
945.000000,0.001457,0.000792,-0.000200,-0.000211,-0.000883
946.000000,0.000006,0.000380,-0.000280,-0.000291,-0.003476
947.000000,0.001320,0.000408,-0.000078,-0.000219,0.003420
948.000000,-0.000627,0.000316,-0.000094,-0.000334,-0.004073
949.000000,-0.000125,0.000754,0.000107,-0.000167,0.004387
950.000000,-0.001035,0.000211,-0.000146,-0.000513,-0.005431
951.000000,-0.000107,-0.000050,0.000006,-0.000309,0.001164
952.000000,-0.001572,-0.000126,-0.000377,-0.000522,-0.003907
953.000000,-0.000884,-0.000755,-0.000409,-0.000497,-0.000632
954.000000,-0.002014,-0.001070,-0.000221,-0.000440,-0.001264
955.000000,-0.000928,-0.000981,-0.000095,-0.000461,0.000000
956.000000,-0.000908,-0.000507,-0.000063,-0.000356,0.001264
957.000000,-0.002030,-0.001801,-0.000697,-0.000653,-0.009521
958.000000,-0.000633,-0.000758,-0.000221,-0.000315,0.006357
959.000000,0.000882,-0.000566,0.000094,-0.000118,0.006311
960.000000,0.001387,0.000230,0.000220,-0.000021,0.002522
961.000000,0.001259,0.000176,0.000063,0.000063,0.000628
962.000000,0.002220,0.000095,-0.000016,-0.000220,-0.004719
963.000000,-0.000190,-0.000411,-0.000583,-0.000410,-0.005693
964.000000,-0.000421,0.000231,-0.000419,-0.000070,0.005156
965.000000,-0.001387,0.000000,-0.000491,-0.000063,-0.002306
966.000000,-0.001867,-0.000304,-0.000405,-0.000144,-0.001773
967.000000,-0.001583,0.000318,-0.000741,-0.000358,-0.003300
968.000000,-0.000699,-0.000445,-0.000601,-0.000296,-0.001272
969.000000,-0.002240,-0.001331,-0.000948,-0.000381,-0.002549
970.000000,-0.001651,-0.001519,-0.000645,-0.000359,0.000638
971.000000,-0.001680,-0.001773,-0.000799,-0.000549,-0.001915
972.000000,-0.001532,-0.001557,-0.000731,-0.000530,-0.002559
973.000000,-0.000255,-0.000477,-0.000444,-0.000548,0.005112
974.000000,-0.000128,-0.001184,-0.000477,-0.000674,-0.001914
975.000000,-0.000255,-0.000953,-0.000477,-0.000645,0.000000
976.000000,-0.000897,-0.001288,-0.000796,-0.000700,-0.005122
977.000000,-0.000385,-0.000958,-0.000320,-0.000814,0.000000
978.000000,-0.001793,-0.001024,-0.000734,-0.000742,-0.001927
979.000000,-0.000512,-0.000320,-0.000825,-0.000739,0.004492
980.000000,-0.001153,-0.000704,-0.001112,-0.000664,-0.003206
981.000000,-0.000257,-0.000577,-0.001175,-0.000725,-0.000642
982.000000,0.000128,-0.000128,-0.000843,-0.000530,0.001926
983.000000,0.001793,0.000000,-0.000238,-0.000296,0.006394
984.000000,0.000128,-0.000192,-0.000688,-0.000382,-0.003831
985.000000,0.000641,-0.000256,-0.000605,-0.000403,-0.000640
986.000000,0.000770,0.000256,-0.000516,-0.000445,0.000000
987.000000,0.000256,0.000192,-0.000383,-0.000149,-0.000640
988.000000,-0.000894,0.000449,-0.000287,-0.000340,0.000640
989.000000,-0.000641,-0.000256,-0.000288,-0.000636,-0.002564
990.000000,0.000639,0.000640,-0.000032,-0.000528,0.005760
991.000000,0.000512,0.000641,0.000032,-0.000570,-0.000638
992.000000,0.000767,0.000512,0.000192,-0.000391,0.000638
993.000000,0.000384,-0.000255,-0.000128,-0.000244,-0.001277
994.000000,0.002170,0.000765,0.000287,-0.000204,0.006369
995.000000,0.001526,0.001082,0.000413,-0.000042,0.002536
996.000000,0.001780,0.001146,0.000701,0.000038,0.000633
997.000000,0.001459,0.001113,0.000653,0.000116,-0.000969
998.000000,0.003044,0.001714,0.001081,0.000380,0.006649
999.000000,0.002021,0.002096,0.000920,0.000507,0.001258
1000.000000,0.000632,0.001079,0.000860,0.000338,-0.004409
1001.000000,0.001764,0.001772,0.001206,0.000612,0.006293
1002.000000,0.000904,0.001181,0.000847,0.000522,-0.005271
1003.000000,0.000377,0.001711,0.000728,0.000485,0.004016
1004.000000,0.001752,0.001887,0.001326,0.000820,0.008133
1005.000000,0.002599,0.001616,0.001349,0.000814,-0.000174
1006.000000,0.001625,0.001694,0.001420,0.001032,0.001420
1007.000000,0.002927,0.001916,0.001514,0.001074,0.001244
1008.000000,0.002000,0.001189,0.001451,0.001117,-0.000622
1009.000000,-0.001501,0.000126,0.001111,0.000655,-0.009372
1010.000000,-0.000838,0.000881,0.000980,0.000867,0.003140
1011.000000,-0.000858,0.000383,0.001078,0.000932,0.001320
1012.000000,-0.001247,0.000840,0.001011,0.000844,-0.000700
1013.000000,-0.001123,0.000439,0.001075,0.000631,0.000000
1014.000000,0.001002,-0.000250,0.000819,0.000801,0.001250
1015.000000,0.000374,-0.000232,0.000692,0.000822,0.000000
1016.000000,0.001851,0.000497,0.001096,0.001112,0.008707
1017.000000,0.001247,0.000000,0.000958,0.001010,-0.003722
1018.000000,0.001991,0.000434,0.000812,0.001112,0.003722
1019.000000,0.001617,0.001310,0.000718,0.001177,-0.000619
1020.000000,0.001630,0.001002,0.000941,0.000987,0.000062
1021.000000,0.002339,0.002095,0.001239,0.001417,0.012253
1022.000000,0.002606,0.001926,0.001383,0.001316,-0.002390
1023.000000,0.000495,0.001243,0.000841,0.001131,-0.006833
1024.000000,0.001871,0.001744,0.000747,0.001127,0.006262
1025.000000,0.002218,0.001924,0.000846,0.001103,0.001797
1026.000000,-0.000368,0.000986,0.000741,0.001059,-0.000674
1027.000000,0.000515,0.001560,0.000780,0.001159,0.002021
1028.000000,0.000986,0.000740,0.000587,0.000788,-0.004477
1029.000000,0.000325,0.001098,0.001204,0.000844,0.002958
1030.000000,0.000233,0.001225,0.001114,0.001036,0.001335
1031.000000,0.000123,-0.000122,0.000986,0.000785,-0.001225
1032.000000,0.000086,0.000300,0.001113,0.001022,0.001837
1033.000000,0.001470,0.001228,0.001235,0.000970,0.002443
1034.000000,0.001487,0.000906,0.001325,0.000800,0.003046
1035.000000,0.002675,0.001454,0.001689,0.001049,0.007273
1036.000000,0.003040,0.001582,0.001284,0.001021,0.000604
1037.000000,0.001705,0.000895,0.001228,0.000819,-0.004840
1038.000000,-0.000244,0.000613,0.000677,0.000596,-0.007304
1039.000000,0.000486,0.000987,0.001042,0.001131,0.006697
1040.000000,-0.000121,0.001277,0.001251,0.001168,0.004239
1041.000000,-0.000362,0.001339,0.000608,0.001104,-0.000604
1042.000000,0.001931,0.001818,0.001059,0.001348,0.006629
1043.000000,0.003992,0.001874,0.001551,0.001448,0.002999
1044.000000,0.001643,0.001064,0.000985,0.001238,-0.005049
1045.000000,0.002522,0.001200,0.001327,0.001526,0.008635
1046.000000,0.002165,0.000901,0.001241,0.001156,-0.002389
1047.000000,0.000839,0.001385,0.001140,0.001280,0.000000
1048.000000,0.000717,0.002354,0.001484,0.001236,0.002389
1049.000000,0.001966,0.001804,0.001395,0.001296,0.001193
1050.000000,-0.000239,0.001141,0.001209,0.001215,-0.002387
1051.000000,-0.002649,-0.000242,0.000548,0.000325,-0.014441
1052.000000,-0.005334,-0.002247,-0.000215,-0.000043,-0.013423
1053.000000,-0.005198,-0.002240,-0.000183,0.000287,0.003067
1054.000000,-0.000477,0.000744,0.000904,0.000905,0.024797
1055.000000,0.000477,0.000119,0.000660,0.000925,0.002387
1056.000000,0.004672,0.001012,0.000956,0.001165,0.006534
1057.000000,0.007948,0.001307,0.001346,0.001196,0.002956
1058.000000,0.007553,0.001177,0.001766,0.001382,0.001091
1059.000000,0.002493,0.001008,0.001406,0.001266,-0.000501
1060.000000,0.001188,0.000833,0.000987,0.001084,-0.004138
1061.000000,-0.001188,0.001742,0.000750,0.000946,-0.005346
1062.000000,-0.003694,0.002127,-0.000060,0.000566,-0.009575
1063.000000,-0.004032,0.001760,-0.000240,0.000465,-0.000602
1064.000000,-0.004897,-0.001202,-0.000229,0.000202,-0.004825
1065.000000,-0.003466,-0.001139,-0.000510,0.000060,0.003018
1066.000000,-0.002276,-0.001732,-0.000360,0.000060,0.000603
1067.000000,-0.000964,-0.002329,-0.000511,0.000121,-0.003017
1068.000000,-0.000361,-0.002197,-0.000510,0.000445,0.002414
1069.000000,0.001446,-0.001726,-0.000359,0.000362,0.004211
1070.000000,0.001082,-0.001192,-0.000180,0.000261,0.001200
1071.000000,0.000361,-0.000958,0.000392,0.000181,-0.003002
1072.000000,0.001565,0.000300,0.001214,0.000060,0.003002
1073.000000,0.001800,0.000719,0.001240,0.000080,0.003591
1074.000000,0.000480,0.000963,-0.000120,0.000168,-0.002392
1075.000000,0.000000,0.000541,-0.000299,-0.000159,-0.001198
1076.000000,0.000360,0.000361,-0.000686,-0.000120,-0.001200
1077.000000,-0.000233,0.000666,-0.000832,-0.000119,0.000036
1078.000000,0.000119,0.000960,-0.000619,-0.000020,0.005352
1079.000000,-0.001563,-0.000542,-0.001134,-0.000420,-0.010804
1080.000000,0.002028,0.001014,-0.000089,0.000218,0.016757
1081.000000,0.002268,0.001314,0.000178,0.000700,0.000000
1082.000000,0.001190,0.000478,0.000389,0.000969,-0.005356
1083.000000,0.001466,0.000793,0.000756,0.001091,0.006731
1084.000000,0.000963,-0.000300,0.000331,-0.000180,-0.013316
1085.000000,-0.001249,0.000390,0.000465,-0.000069,0.005695
1086.000000,-0.001429,0.000419,0.000390,-0.000317,-0.000902
1087.000000,-0.000358,0.000416,0.000541,-0.000416,0.000000
1088.000000,-0.000751,0.000358,0.000659,-0.000293,0.004770
1089.000000,-0.001084,-0.000060,-0.000301,-0.000776,-0.014984
1090.000000,-0.000753,-0.001001,0.000007,-0.000393,0.007352
1091.000000,-0.000839,-0.001134,0.000090,-0.000259,-0.001332
1092.000000,-0.000359,-0.000359,0.000060,0.000140,0.002398
1093.000000,-0.000954,-0.000852,-0.000030,0.000220,0.001795
1094.000000,0.002878,0.000897,0.000299,0.000520,0.004175
1095.000000,0.000453,-0.000150,0.000120,0.000260,-0.004773
1096.000000,0.003215,0.001188,0.000804,0.000656,0.012482
1097.000000,0.003208,0.001424,0.000920,0.000835,0.002360
1098.000000,0.001548,0.000297,0.000327,0.000538,-0.006503
1099.000000,-0.000477,0.001200,0.000570,0.000199,-0.005949
1100.000000,-0.000239,0.000107,-0.000447,0.000040,-0.003586
1101.000000,-0.002616,0.000300,-0.000417,0.000160,0.000599
1102.000000,-0.002014,0.000597,0.000119,0.000239,0.005372
1103.000000,-0.000475,0.000537,-0.000158,0.000159,0.001190
1104.000000,0.000358,-0.000060,0.000419,0.000179,-0.001785
1105.000000,0.000717,0.000239,0.000044,0.000159,-0.001788
1106.000000,0.000478,-0.001069,0.000060,0.000180,-0.000597
1107.000000,-0.000704,-0.001359,0.000033,0.000160,-0.000537
1108.000000,-0.000715,-0.000595,-0.000149,0.000020,0.001134
1109.000000,0.001188,0.000773,0.000987,0.000638,0.007727
1110.000000,0.000714,0.000715,0.000411,-0.000060,-0.004159
1111.000000,0.000834,0.000656,0.000478,-0.000059,0.000006
1112.000000,-0.000012,-0.000358,0.000120,-0.000040,-0.004768
1113.000000,0.000119,-0.000298,0.000119,-0.000204,0.001791
1114.000000,-0.000950,0.000119,0.000030,0.000319,0.002382
1115.000000,0.000713,0.000713,0.000476,0.000267,0.004156
1116.000000,0.000712,0.000773,-0.000148,0.000298,0.000000
1117.000000,0.001666,0.000827,-0.000266,0.000298,0.000000
1118.000000,0.002017,0.001068,0.000237,0.000257,0.003548
1119.000000,0.000950,0.000000,0.000386,0.000658,-0.002956
1120.000000,-0.000119,0.000297,0.000506,0.000373,-0.001185
1121.000000,0.000592,0.000652,0.000654,0.000536,0.003550
1122.000000,0.000118,0.000892,0.000267,0.000377,-0.002365
1123.000000,-0.000118,0.000950,0.000326,0.000396,0.002365
1124.000000,0.000000,0.000475,0.000297,0.000178,-0.002365
1125.000000,0.000334,0.000108,0.000411,0.000353,0.000485
1126.000000,-0.001185,-0.000297,0.000238,-0.000197,-0.004044
1127.000000,-0.000593,-0.000237,0.000295,-0.000256,0.000594
1128.000000,-0.001185,-0.000651,0.000208,-0.000059,-0.000594
1129.000000,0.000473,0.000237,0.000118,0.000336,0.005924
1130.000000,0.000376,0.000355,0.000326,0.000456,0.000000
1131.000000,0.002363,0.000589,0.000620,0.000632,0.005889
1132.000000,0.002125,0.000766,0.000829,0.000433,-0.000593
1133.000000,0.002949,0.000882,0.000916,0.000511,0.003525
1134.000000,0.000000,0.000237,0.000356,0.000277,-0.008821
1135.000000,-0.000355,0.000011,0.000059,0.000277,-0.001774
1136.000000,-0.000223,0.001070,0.000387,0.000515,0.006547
1137.000000,0.000461,0.001293,0.000528,0.000628,0.002829
1138.000000,-0.001528,0.000710,0.000030,0.000376,-0.006422
1139.000000,0.001178,0.000589,0.000413,0.000275,0.004709
1140.000000,0.004331,0.001988,0.001172,0.000880,0.013994
1141.000000,0.001626,0.000702,0.000645,0.000647,-0.006979
1142.000000,0.000478,0.000470,0.000618,0.000709,-0.002914
1143.000000,0.001762,0.000117,0.000500,0.000650,0.000000
1144.000000,0.001754,0.001466,0.000851,0.000726,0.004667
1145.000000,-0.001045,0.001643,0.000827,0.000587,0.000000
1146.000000,0.001974,0.001800,0.001435,0.000858,0.008116
1147.000000,0.000234,0.000356,0.000825,0.000471,-0.011615
1148.000000,0.000000,0.000881,0.000796,0.000313,-0.001169
1149.000000,-0.001989,-0.000118,0.000236,0.000236,-0.005277
1150.000000,-0.001168,-0.001106,0.000441,0.000412,0.004107
1151.000000,-0.001856,0.000059,0.000380,0.000450,0.004673
1152.000000,0.000000,0.000117,0.000293,0.000451,-0.002334
1153.000000,-0.001055,-0.000528,-0.000205,0.000157,-0.006446
1154.000000,0.000470,-0.000760,0.000353,0.000314,0.002349
1155.000000,0.000975,-0.000096,0.000774,0.000519,0.006635
1156.000000,0.000000,-0.000928,0.000436,0.000647,-0.000204
1157.000000,-0.000702,-0.000351,0.000002,0.000433,-0.005845
1158.000000,0.000704,-0.000176,0.000353,0.000472,0.000586
1159.000000,-0.000352,0.000059,-0.000029,0.000177,-0.002933
1160.000000,-0.002032,-0.000528,-0.000817,0.000118,-0.001764
1161.000000,0.000000,0.000000,0.000029,0.000253,0.009956
1162.000000,0.000819,0.000058,0.000088,0.000215,-0.001750
1163.000000,0.001517,0.001111,0.000292,0.000233,0.004078
1164.000000,0.002197,0.000922,0.000081,0.000543,0.000465
1165.000000,0.002805,0.000387,0.000145,0.000645,0.001278
1166.000000,0.000930,0.000465,-0.000231,0.000446,0.000580
1167.000000,0.000583,0.000701,0.000175,0.000235,-0.003486
1168.000000,-0.000699,0.000409,0.000117,0.000372,-0.002331
1169.000000,-0.000102,0.001047,0.000553,0.000330,0.003448
1170.000000,-0.001047,0.000879,0.000175,-0.000252,-0.003448
1171.000000,-0.001397,-0.000233,-0.000117,-0.000058,-0.001168
1172.000000,0.000349,0.000466,0.000262,0.000214,0.005243
1173.000000,0.000350,-0.000175,0.000468,0.000136,-0.002327
1174.000000,0.000822,0.000360,0.000641,0.000174,0.005807
1175.000000,-0.000584,-0.000816,-0.000215,-0.000175,-0.010477
1176.000000,0.000000,-0.000698,-0.000117,-0.000387,0.001754
1177.000000,-0.000963,-0.000307,0.000197,0.000014,0.000426
1178.000000,-0.000498,-0.000074,0.000168,0.000053,0.000000
1179.000000,-0.001815,-0.000497,0.000275,0.000203,-0.000777
1180.000000,0.000703,0.000059,0.000469,0.000137,0.002113
1181.000000,-0.000117,-0.000058,-0.000146,-0.000097,-0.002347
1182.000000,-0.000553,-0.000758,-0.000146,-0.000078,-0.001755
1183.000000,-0.000258,-0.000378,-0.000276,0.000186,0.001474
1184.000000,0.000997,-0.000409,-0.000025,0.000291,0.005498
1185.000000,-0.000586,0.000058,-0.000379,-0.000124,-0.005802
1186.000000,0.000545,0.000214,-0.000242,-0.000006,0.003310
1187.000000,0.001339,0.000393,0.000043,0.000262,0.002212
1188.000000,0.001044,0.000393,0.000159,0.000243,0.000000
1189.000000,-0.002098,-0.000551,-0.000524,0.000000,-0.010212
1190.000000,0.000000,-0.000293,-0.000117,0.000215,0.004689
1191.000000,-0.000195,0.000175,0.000058,-0.000039,0.002336
1192.000000,-0.000288,0.000526,-0.000116,0.000078,0.001749
1193.000000,-0.000404,0.000320,-0.000029,-0.000078,-0.000583
1194.000000,0.004301,0.001102,0.000346,0.000351,0.013314
1195.000000,0.002507,0.001254,0.000656,0.000165,-0.004282
1196.000000,0.000931,0.000368,0.000291,-0.000039,-0.005542
1197.000000,0.001970,0.000841,0.000617,0.000309,0.006944
1198.000000,0.003008,0.001302,0.000847,0.000540,0.004603
1199.000000,0.000115,0.002208,0.000829,0.000387,-0.001149
1200.000000,0.000234,0.001371,0.000539,0.000379,-0.003685
1201.000000,0.001274,0.001102,0.000639,0.000406,-0.000346
1202.000000,0.000115,0.001043,0.000784,0.000270,0.001153
1203.000000,-0.002426,0.000291,0.000305,0.000078,-0.008102
1204.000000,-0.002428,-0.001157,-0.000028,-0.000155,-0.001163
1205.000000,-0.000531,-0.000149,0.000552,0.000388,0.005800
1206.000000,0.000359,0.000816,0.000592,0.000466,0.004104
1207.000000,-0.000809,-0.000347,0.000247,0.000296,-0.004682
1208.000000,0.000926,-0.000750,0.000276,0.000315,0.000573
1209.000000,0.000581,-0.000924,0.000642,0.000245,-0.002890
1210.000000,-0.000231,-0.000381,0.000495,0.000232,0.001739
1211.000000,-0.001284,-0.000463,0.000320,0.000272,-0.001159
1212.000000,-0.000928,-0.000868,0.000087,0.000233,-0.002903
1213.000000,-0.001975,-0.000524,-0.000117,0.000029,-0.004662
1214.000000,-0.000814,-0.000116,-0.000637,-0.000057,0.002916
1215.000000,-0.001129,-0.000680,-0.000414,0.000142,0.000163
1216.000000,-0.000930,-0.001107,-0.000145,0.000026,-0.000163
1217.000000,0.001159,0.000116,-0.000115,0.000204,0.007543
1218.000000,0.001147,-0.000414,-0.000582,0.000046,-0.004722
1219.000000,0.000564,-0.000125,-0.000524,0.000387,0.000000
1220.000000,0.000563,-0.000283,-0.000332,0.000235,0.000157
1221.000000,-0.000817,-0.000873,-0.000668,-0.000078,-0.007063
1222.000000,-0.002092,-0.000466,-0.000667,-0.000097,0.001169
1223.000000,-0.000797,0.000175,-0.000175,-0.000019,0.001751
1224.000000,-0.002084,-0.000760,-0.000438,-0.000678,-0.006435
1225.000000,-0.001581,-0.000509,-0.000595,-0.000446,0.002672
1226.000000,0.000000,-0.000409,-0.000758,-0.000233,0.000842
1227.000000,-0.001407,-0.001749,-0.000817,-0.000660,-0.005865
1228.000000,-0.001129,-0.000963,-0.000688,-0.000709,0.003142
1229.000000,0.000937,-0.000574,-0.000349,-0.000541,0.003892
1230.000000,-0.000417,-0.000999,-0.000641,-0.000555,-0.004097
1231.000000,0.000000,0.000000,-0.000437,-0.000445,0.002928
1232.000000,0.000235,-0.000586,-0.000526,-0.000640,-0.004689
1233.000000,0.000077,-0.000526,-0.000175,-0.000292,0.002353
1234.000000,-0.000585,0.000176,-0.000292,-0.000234,0.000580
1235.000000,0.000936,0.000260,-0.000125,-0.000310,0.003509
1236.000000,-0.000060,-0.000030,-0.000219,-0.000515,-0.002051
1237.000000,0.001638,0.000937,-0.000406,-0.000232,0.003801
1238.000000,-0.001413,-0.000668,-0.000815,-0.000681,-0.012903
1239.000000,-0.000587,-0.000586,-0.000580,-0.000428,0.004711
1240.000000,-0.000379,0.000279,-0.000360,-0.000334,0.004549
1241.000000,-0.000035,-0.000047,-0.000024,-0.000307,-0.000333
1242.000000,0.000929,0.001284,0.000349,0.000077,0.008622
1243.000000,0.002006,0.000297,-0.000114,-0.000018,-0.007517
