0.000000,0.025468,0.004445,0.007934,0.006077,0.003630
1.000000,0.021394,0.006744,0.008041,0.006150,0.000000
2.000000,0.023967,0.006393,0.006820,0.005037,-0.005450
3.000000,0.019700,0.009655,0.007121,0.005296,0.028727
4.000000,0.007494,0.011888,0.006739,0.005099,0.010563
5.000000,0.006418,0.015943,0.004687,0.004703,-0.001753
6.000000,0.009205,0.015300,0.004241,0.005710,0.013938
7.000000,0.010986,0.017476,0.005460,0.004947,0.003454
8.000000,0.001411,0.010556,0.004889,0.004779,-0.019148
9.000000,0.001744,0.004619,0.005889,0.005870,0.012227
10.000000,0.005195,0.005806,0.005126,0.007225,0.015504
11.000000,0.004448,0.006827,0.006785,0.007636,0.010204
12.000000,0.001717,0.006351,0.006372,0.006664,-0.010204
13.000000,0.012930,0.007170,0.008413,0.007137,0.036917
14.000000,0.011470,0.006607,0.009247,0.006695,0.004930
15.000000,0.012266,0.008730,0.012337,0.006035,0.019481
16.000000,0.014362,0.009405,0.012352,0.005962,0.020685
17.000000,0.014504,0.008110,0.012793,0.006343,-0.009494
18.000000,0.006164,0.009547,0.010051,0.006441,-0.004781
19.000000,0.005178,0.008324,0.006472,0.006701,0.000000
20.000000,0.005393,0.008829,0.007318,0.006360,0.020554
21.000000,-0.008690,0.002836,0.004831,0.005469,-0.049730
22.000000,-0.004502,0.005001,0.005676,0.005915,0.011447
23.000000,-0.003871,0.001147,0.004158,0.005991,-0.001627
24.000000,0.005980,0.005579,0.006093,0.008025,0.049255
25.000000,0.006770,0.006081,0.007406,0.010252,0.024504
26.000000,0.013667,0.002488,0.005947,0.009064,-0.015244
27.000000,0.011684,0.003591,0.005851,0.009726,0.001535
28.000000,0.009230,0.002679,0.006113,0.007594,-0.013900
29.000000,-0.001244,0.002368,0.005346,0.005104,-0.003115
30.000000,-0.009925,-0.001577,0.003626,0.004353,-0.018898
31.000000,-0.001233,0.006217,0.004527,0.005293,0.028215
32.000000,-0.005599,0.003043,0.004022,0.004798,-0.020297
33.000000,0.005219,0.007224,0.004186,0.005180,0.040191
34.000000,0.002789,0.000772,0.003176,0.004319,-0.015267
35.000000,-0.002560,-0.006242,-0.000080,0.002856,-0.045641
36.000000,-0.006599,-0.003916,-0.000714,0.002659,0.008019
37.000000,0.003440,-0.001079,0.001256,0.003541,0.029900
38.000000,-0.004598,0.000311,0.001495,0.004179,0.000000
39.000000,-0.003414,-0.000313,0.001028,0.003460,-0.009346
40.000000,0.008820,0.003130,0.000776,0.003461,0.015528
41.000000,0.019468,0.006435,0.006326,0.005163,0.061259
42.000000,0.014356,0.008898,0.005970,0.005647,0.004338
43.000000,0.027210,0.011306,0.009265,0.006559,0.064268
44.000000,0.027993,0.012290,0.006531,0.006214,-0.005427
45.000000,0.039320,0.024070,0.008914,0.007970,0.072162
46.000000,0.027826,0.023647,0.009866,0.007407,0.003790
47.000000,0.026454,0.020405,0.009663,0.007639,-0.002525
48.000000,0.015362,0.021286,0.010798,0.008092,0.008811
49.000000,0.017697,0.022845,0.011266,0.008300,0.006246
50.000000,0.000758,0.020039,0.011585,0.007197,-0.012531
51.000000,-0.003562,0.012132,0.009283,0.008261,-0.017812
52.000000,-0.001014,0.012720,0.010809,0.008220,0.010217
53.000000,-0.002268,0.006547,0.008926,0.008359,0.002538
54.000000,-0.004534,0.006581,0.009436,0.006548,-0.005083
55.000000,-0.002538,-0.000890,0.011590,0.005646,-0.002551
56.000000,-0.004151,-0.003857,0.009895,0.005292,-0.025875
57.000000,-0.003849,-0.002431,0.008987,0.005631,0.011727
58.000000,-0.006702,-0.004485,0.008400,0.005704,-0.011727
59.000000,-0.014528,-0.009531,0.006657,0.004334,-0.044213
60.000000,-0.013744,-0.008141,0.005949,0.005009,0.001369
61.000000,-0.014117,-0.009134,0.001499,0.003144,-0.027741
62.000000,-0.011462,-0.007655,0.002532,0.004654,0.025001
63.000000,-0.008843,-0.007772,-0.000613,0.003360,0.001371
64.000000,0.002991,-0.005768,0.000407,0.004368,0.014956
65.000000,-0.000274,-0.007009,-0.003949,0.005390,-0.014956
66.000000,0.007183,-0.003467,-0.003662,0.005441,0.009543
67.000000,0.002454,-0.004504,-0.003468,0.004490,0.001356
68.000000,-0.000549,-0.004696,-0.004590,0.004035,-0.013643
69.000000,-0.015716,-0.006363,-0.007947,0.002317,-0.060882
70.000000,-0.006120,-0.003197,-0.005669,0.002900,0.033025
71.000000,-0.016393,-0.004605,-0.006869,-0.000536,-0.041823
72.000000,-0.017846,-0.007696,-0.007676,-0.000877,-0.005908
73.000000,-0.006421,-0.003485,-0.005628,-0.001570,0.043485
74.000000,0.003473,-0.006122,-0.005945,-0.001770,-0.011412
75.000000,0.005846,-0.000137,-0.003573,-0.002679,0.044888
76.000000,0.011726,-0.002334,-0.002900,-0.003219,-0.012423
77.000000,0.017846,0.000000,-0.002252,-0.002312,0.024693
78.000000,0.005595,-0.000413,-0.002554,-0.003198,-0.017772
79.000000,0.008978,0.006225,-0.000069,-0.003223,0.005502
80.000000,0.007538,0.006692,0.001747,-0.001549,0.037690
81.000000,0.001935,0.006831,0.001113,-0.002303,-0.040437
82.000000,-0.001087,0.008380,0.000342,-0.002324,0.009583
83.000000,0.010217,0.007906,0.002211,-0.001117,0.038749
84.000000,0.016072,0.012525,0.003202,0.000212,0.034775
85.000000,0.008281,0.007909,0.003886,0.000254,-0.001267
86.000000,0.015606,0.008771,0.003218,0.000990,-0.003810
87.000000,0.032613,0.015763,0.007881,0.003753,0.094616
88.000000,0.034135,0.022176,0.010882,0.005689,0.046362
89.000000,0.033917,0.024994,0.015610,0.008286,0.033681
90.000000,0.042539,0.025410,0.016051,0.009635,0.041847
91.000000,0.043096,0.029351,0.018091,0.010526,-0.001025
92.000000,0.028435,0.030524,0.019452,0.010402,0.021310
93.000000,0.023532,0.028834,0.018370,0.011085,0.021848
94.000000,0.022414,0.028165,0.020345,0.011523,0.028089
95.000000,0.014426,0.028483,0.018196,0.012085,0.001908
96.000000,0.012137,0.027617,0.018194,0.011351,-0.012470
97.000000,0.011130,0.019783,0.017773,0.011848,0.016276
98.000000,0.011082,0.017307,0.019742,0.013023,0.021607
99.000000,0.010421,0.016417,0.020706,0.015879,0.024783
100.000000,0.011305,0.012865,0.019138,0.014989,0.006326
101.000000,0.018077,0.015107,0.022229,0.017096,0.021391
102.000000,0.012516,0.011823,0.021173,0.016909,-0.011530
103.000000,0.008194,0.009638,0.019236,0.015459,0.000000
104.000000,0.002343,0.006382,0.017274,0.015691,-0.004470
105.000000,-0.002904,0.004200,0.016341,0.013531,-0.019910
106.000000,-0.006088,0.005994,0.016805,0.014127,0.005469
107.000000,0.000712,0.006614,0.013198,0.014053,0.022473
108.000000,-0.003237,0.002478,0.009893,0.013987,-0.019749
109.000000,-0.001619,0.000362,0.008390,0.013925,0.003620
110.000000,0.000730,-0.001087,0.005889,0.012396,-0.008163
111.000000,0.004139,-0.000975,0.007066,0.014494,0.022513
112.000000,0.007331,0.004022,0.007922,0.015456,0.038433
113.000000,0.016022,0.006393,0.008015,0.014955,0.023710
114.000000,0.018124,0.008252,0.007317,0.014266,0.014126
115.000000,0.015250,0.007990,0.006095,0.013558,-0.022529
116.000000,-0.006333,-0.001097,0.002449,0.010838,-0.085402
117.000000,-0.015866,-0.004268,0.001173,0.007376,-0.009234
118.000000,-0.031277,-0.007627,-0.002574,0.004053,-0.053346
119.000000,-0.022138,-0.002007,-0.000823,0.004924,0.059818
120.000000,-0.014705,0.000273,-0.000407,0.004017,0.014639
121.000000,0.007044,0.000356,-0.000310,0.004829,0.023340
122.000000,0.015351,-0.000257,0.001882,0.005196,0.032303
123.000000,0.030438,-0.000419,0.002987,0.005204,0.022091
124.000000,0.022138,0.000000,0.004126,0.004878,0.018319
125.000000,0.022159,0.003727,0.005859,0.005306,0.014742
126.000000,0.020557,0.013800,0.006352,0.006233,0.015329
127.000000,0.016800,0.016075,0.005904,0.006141,0.013519
128.000000,0.010477,0.020458,0.006415,0.005103,-0.009524
129.000000,0.007132,0.014635,0.006314,0.004330,0.001594
130.000000,0.007813,0.014986,0.007629,0.004724,0.018146
131.000000,0.005527,0.013042,0.006699,0.004141,0.003902
132.000000,0.002668,0.009734,0.004738,0.004499,-0.000779
133.000000,-0.000799,0.004839,0.002210,0.003604,-0.026858
134.000000,-0.000958,0.003087,0.001544,0.003780,0.000800
135.000000,-0.004427,0.001693,0.002710,0.004470,0.000800
136.000000,-0.004888,0.000320,0.007060,0.004341,0.001597
137.000000,-0.005212,-0.001272,0.007402,0.003512,-0.002397
138.000000,-0.000963,-0.000881,0.009788,0.003983,-0.005616
139.000000,-0.003226,-0.002092,0.006272,0.003512,-0.010514
140.000000,-0.002736,-0.003582,0.005702,0.003892,0.003247
141.000000,-0.006324,-0.005606,0.003718,0.002597,-0.016340
142.000000,-0.007001,-0.006106,0.001814,0.001123,-0.005783
143.000000,-0.009388,-0.005176,-0.000168,-0.000252,-0.017552
144.000000,-0.003610,-0.003418,-0.000165,-0.000110,0.018380
145.000000,0.010728,0.003996,0.002844,0.003139,0.074935
146.000000,0.016287,0.004982,0.002651,0.006367,0.011455
147.000000,0.020159,0.006579,0.002653,0.007127,0.013575
148.000000,0.015723,0.003167,0.001143,0.007581,-0.039730
149.000000,0.014063,0.005227,0.001568,0.005923,0.010082
150.000000,0.002594,0.006661,0.001540,0.006022,0.017591
151.000000,-0.001677,0.007305,0.000849,0.004914,-0.009905
152.000000,0.002086,0.011123,0.002508,0.004917,0.032395
153.000000,0.008843,0.012283,0.003554,0.003982,-0.005948
154.000000,0.007571,0.010817,0.003700,0.003496,0.003722
155.000000,-0.003827,-0.000616,0.001690,0.001691,-0.039399
156.000000,-0.003398,-0.002538,0.001222,0.000921,-0.007758
157.000000,-0.015404,-0.006659,-0.000040,-0.000451,-0.027637
158.000000,-0.011511,-0.001334,0.000917,0.000317,0.013519
159.000000,-0.013046,-0.002738,0.001245,0.000132,-0.003957
160.000000,-0.001240,-0.002534,0.002064,0.000182,0.019632
161.000000,0.000156,-0.001621,0.002842,0.000026,-0.000778
162.000000,0.007233,-0.004085,0.003519,0.000310,0.007752
163.000000,0.002043,-0.004734,0.003775,0.000791,-0.012432
164.000000,0.004547,-0.004250,0.003284,0.001050,0.008564
165.000000,0.003240,0.001000,0.000192,0.001460,0.013092
166.000000,-0.006485,-0.003165,-0.002851,-0.000240,-0.049402
167.000000,-0.007233,0.000000,-0.003329,-0.000027,0.004011
168.000000,-0.002518,-0.000237,-0.000786,0.000532,0.011147
169.000000,-0.006460,-0.000956,-0.001847,0.000511,-0.011147
170.000000,-0.009078,-0.002919,-0.002727,0.000403,0.000000
171.000000,-0.005873,-0.006179,-0.003900,-0.000165,-0.033377
172.000000,-0.015822,-0.011528,-0.007806,-0.001497,-0.045732
173.000000,-0.015982,-0.009250,-0.006992,-0.000567,0.010345
174.000000,-0.015303,-0.010881,-0.007565,-0.001438,-0.007749
175.000000,-0.016690,-0.012884,-0.005942,-0.004167,-0.006938
176.000000,-0.007249,-0.006561,-0.004863,-0.004088,0.013829
177.000000,0.001726,-0.007048,-0.003524,-0.004569,-0.000859
178.000000,-0.000515,-0.008249,-0.004243,-0.003273,-0.000859
179.000000,-0.001388,-0.008345,-0.004651,-0.004013,-0.012111
180.000000,-0.001573,-0.009131,-0.006025,-0.004862,-0.007864
181.000000,-0.008594,-0.007922,-0.007050,-0.005241,-0.021277
182.000000,-0.004694,-0.001484,-0.006506,-0.005699,0.018642
183.000000,-0.005757,-0.003136,-0.006193,-0.005707,-0.006176
184.000000,-0.006187,-0.003787,-0.007334,-0.006306,-0.014260
185.000000,-0.004974,-0.003273,-0.008079,-0.005053,-0.001797
186.000000,-0.006373,-0.007483,-0.007022,-0.005736,-0.028274
187.000000,-0.003549,-0.004122,-0.005585,-0.003723,0.032760
188.000000,-0.002852,-0.004305,-0.006277,-0.004264,-0.002689
189.000000,0.001965,-0.002111,-0.005228,-0.003804,0.009826
190.000000,0.004622,-0.000176,-0.004654,-0.004075,0.011489
191.000000,0.007445,0.000536,-0.003693,-0.004522,-0.014160
192.000000,0.001427,-0.001061,-0.001273,-0.004691,0.002670
193.000000,0.006882,0.002015,-0.000561,-0.003457,0.024584
194.000000,0.014733,0.008349,0.002281,-0.002107,0.049079
195.000000,0.014897,0.009760,0.003243,-0.002133,0.012310
196.000000,0.019354,0.013399,0.002958,-0.000215,0.008124
197.000000,0.019949,0.010688,0.003283,-0.000161,0.005647
198.000000,0.019487,0.013185,0.004440,0.000210,0.022276
199.000000,0.010613,0.012673,0.005281,0.000739,0.004710
200.000000,0.012029,0.013463,0.006644,0.001385,0.019388
201.000000,0.008552,0.013953,0.007245,0.002189,-0.009259
202.000000,0.006490,0.013220,0.006079,0.003558,-0.004662
203.000000,0.001567,0.010527,0.006271,0.003135,-0.002339
204.000000,0.006169,0.008391,0.008370,0.004318,0.027715
205.000000,0.000154,0.006091,0.007925,0.004193,-0.010687
206.000000,0.001698,0.005125,0.009262,0.003680,-0.001536
207.000000,-0.001564,0.002463,0.006576,0.003010,-0.020972
208.000000,-0.004899,-0.001666,0.005759,0.002405,-0.019018
209.000000,-0.006325,-0.000078,0.006297,0.003495,0.020587
210.000000,-0.013821,-0.006833,0.003315,0.002151,-0.048163
211.000000,-0.008960,-0.003631,0.005161,0.003619,0.022765
212.000000,-0.006380,-0.003972,0.004624,0.002729,-0.008071
213.000000,-0.003063,-0.003981,0.003273,0.002854,-0.002434
214.000000,-0.011616,-0.008971,-0.000290,0.002590,-0.022178
215.000000,-0.004323,-0.009072,-0.001490,0.002260,-0.011696
216.000000,-0.007202,-0.008081,-0.001478,0.003481,0.008368
217.000000,-0.004093,-0.005237,-0.001387,0.002638,0.007472
218.000000,-0.001795,-0.002429,-0.002048,0.003030,0.009057
219.000000,0.009251,-0.001183,-0.000630,0.003804,0.033054
220.000000,0.006937,0.001307,-0.002763,0.002646,-0.023266
221.000000,0.006074,-0.000564,-0.002098,0.003253,0.004050
222.000000,0.004902,0.000404,-0.001784,0.003217,0.001616
223.000000,-0.001977,-0.001886,-0.002934,0.001553,-0.025339
224.000000,-0.003198,0.003027,-0.002972,0.000816,0.026951
225.000000,0.006705,0.006821,-0.001125,0.001280,0.026244
226.000000,0.003843,0.004958,-0.001561,0.000667,-0.010257
227.000000,0.000645,0.002773,-0.001232,0.000000,-0.014377
228.000000,0.008270,0.003147,0.000359,-0.000316,0.012790
229.000000,0.007900,0.002351,0.000584,0.000363,0.025099
230.000000,-0.003964,0.001370,0.001339,-0.001385,-0.033074
231.000000,-0.003843,0.000000,-0.000282,-0.001398,-0.009654
232.000000,-0.000806,-0.000081,0.000162,-0.001216,0.000808
233.000000,-0.004661,0.001805,-0.000041,-0.001354,-0.006483
234.000000,-0.007739,0.000081,0.001554,-0.001954,0.009709
235.000000,0.000799,-0.001582,0.002619,-0.001278,0.009615
236.000000,0.000646,-0.001599,0.001680,-0.001574,-0.010421
237.000000,-0.004575,-0.002691,0.000041,-0.001718,-0.025297
238.000000,-0.004273,-0.004467,-0.000660,-0.001250,-0.004971
239.000000,-0.005221,-0.006480,-0.002064,-0.001770,0.004971
240.000000,-0.001762,-0.000482,0.000444,0.000732,0.026907
241.000000,0.005876,0.003261,0.001630,0.000899,0.027769
242.000000,0.012649,0.004037,0.001978,0.001454,0.008570
243.000000,0.010043,0.002885,0.002345,0.000935,-0.018004
244.000000,0.012183,0.003481,0.001781,0.002196,0.015674
245.000000,0.007578,0.002908,0.000663,0.002715,0.003880
246.000000,0.008877,0.007376,0.002889,0.003579,0.034263
247.000000,0.002927,0.007788,0.002549,0.002624,-0.021181
248.000000,0.006527,0.008285,0.001909,0.002322,0.000000
249.000000,-0.001718,0.005233,-0.000624,0.000368,-0.025553
250.000000,-0.002494,0.002542,0.001030,0.001144,0.000000
251.000000,-0.012988,-0.002055,0.000603,0.000402,-0.018204
252.000000,-0.004954,-0.001014,0.001512,0.000981,0.018988
253.000000,-0.009231,-0.001352,0.000766,0.001113,-0.021387
254.000000,-0.002208,-0.001963,0.000759,0.000533,0.009562
255.000000,-0.004762,-0.003628,-0.000360,-0.000768,-0.012770
256.000000,-0.005671,-0.009329,-0.000976,-0.001184,-0.022747
257.000000,-0.012282,-0.008618,-0.000415,-0.001174,-0.014067
258.000000,-0.013924,-0.011578,-0.001646,-0.002587,-0.029600
259.000000,-0.011590,-0.006899,-0.000833,-0.002715,0.021232
260.000000,-0.008365,-0.006564,-0.002011,-0.001501,0.003356
261.000000,-0.006344,-0.006008,-0.004031,-0.001601,-0.012642
262.000000,-0.005406,-0.008844,-0.004929,-0.001940,-0.009374
263.000000,0.000514,-0.006705,-0.004028,-0.001724,0.000000
264.000000,-0.003219,-0.007405,-0.004684,-0.001962,0.002565
265.000000,-0.005089,-0.006727,-0.005178,-0.002483,-0.005996
266.000000,-0.013690,-0.010017,-0.009673,-0.003990,-0.055643
267.000000,-0.014007,-0.009706,-0.009162,-0.003512,-0.010959
268.000000,-0.005380,-0.002433,-0.007005,-0.001909,0.043133
269.000000,-0.011603,-0.007411,-0.007155,-0.003026,-0.028548
270.000000,-0.007172,-0.006131,-0.006347,-0.003384,0.016158
271.000000,0.006611,-0.003539,-0.004773,-0.003867,0.013269
272.000000,0.002010,-0.005998,-0.007421,-0.005285,-0.033962
273.000000,-0.009363,-0.007371,-0.007038,-0.005143,-0.013730
274.000000,-0.004577,-0.008090,-0.007747,-0.005819,-0.004619
275.000000,-0.027650,-0.017411,-0.012069,-0.009255,-0.099207
276.000000,-0.028877,-0.011133,-0.010575,-0.010160,0.007132
277.000000,-0.027644,-0.012817,-0.011261,-0.010380,-0.027794
278.000000,-0.023027,-0.016195,-0.009314,-0.010069,0.009351
279.000000,-0.016596,-0.010586,-0.008999,-0.008299,0.027539
280.000000,0.009778,-0.008936,-0.007533,-0.007210,0.032660
281.000000,0.006000,-0.011438,-0.007489,-0.006995,-0.011753
282.000000,0.013520,-0.007062,-0.006530,-0.007301,0.009804
283.000000,0.012623,-0.005202,-0.006287,-0.006426,0.004866
284.000000,0.010007,-0.003294,-0.005692,-0.006263,0.014458
285.000000,0.005759,0.007768,-0.004821,-0.005457,0.011418
286.000000,0.008109,0.007055,-0.002039,-0.004698,0.000000
287.000000,0.007092,0.010306,-0.001255,-0.004072,0.004719
288.000000,0.010588,0.011606,-0.002295,-0.002341,0.022347
289.000000,0.012249,0.011128,0.000271,-0.002290,0.022759
290.000000,0.008157,0.006958,-0.000989,-0.002703,-0.009042
291.000000,0.006698,0.007404,-0.002017,-0.002525,-0.007293
292.000000,0.012058,0.009575,0.001257,-0.001162,0.031520
293.000000,0.008120,0.009354,0.002076,-0.001073,0.002656
294.000000,0.005504,0.008876,0.002791,-0.000836,0.009679
295.000000,0.013690,0.010923,0.009346,0.000427,0.031886
296.000000,0.014639,0.010668,0.008862,0.002197,-0.002548
297.000000,0.004558,0.008308,0.009307,0.001932,-0.018885
298.000000,0.004546,0.006333,0.008969,0.000581,0.002596
299.000000,-0.004606,0.000449,0.005788,0.000330,-0.036080
300.000000,-0.008667,0.002511,0.004735,0.000178,0.011581
301.000000,-0.004471,0.005084,0.006244,0.000350,0.018430
302.000000,0.003777,0.004167,0.006871,0.002227,0.022357
303.000000,0.000518,0.002532,0.005943,0.002228,-0.013699
304.000000,0.008078,0.001736,0.005306,0.002439,0.001723
305.000000,0.006963,-0.000852,0.005036,0.005946,0.006006
306.000000,0.002592,-0.000940,0.004864,0.005594,-0.003428
307.000000,-0.001880,0.000949,0.004628,0.006521,0.000000
308.000000,-0.004887,-0.002184,0.002074,0.005251,-0.028735
309.000000,-0.010059,-0.000991,-0.000271,0.003529,-0.024141
310.000000,-0.011986,-0.002511,0.000000,0.002319,-0.003626
311.000000,-0.007343,-0.002376,0.001354,0.003371,0.019785
312.000000,-0.002592,-0.002236,0.000966,0.003836,0.023758
313.000000,0.004023,-0.000432,0.001050,0.003818,0.004338
314.000000,0.005005,-0.002527,-0.000396,0.002695,-0.019231
315.000000,-0.004780,-0.008383,-0.004617,0.000563,-0.052548
316.000000,-0.017289,-0.012316,-0.006628,-0.000863,-0.042762
317.000000,-0.015922,-0.009257,-0.004154,0.000000,0.030595
318.000000,-0.015102,-0.005539,-0.003862,-0.000464,0.008439
319.000000,-0.016937,-0.005966,-0.003478,-0.002169,-0.028411
320.000000,-0.005661,-0.005220,-0.003866,-0.001740,0.003835
321.000000,0.007807,-0.004741,-0.003558,-0.000678,0.024576
322.000000,0.006485,-0.004718,-0.003477,-0.000929,0.023986
323.000000,0.008411,-0.003345,-0.001889,-0.000415,0.018067
324.000000,0.015698,-0.000620,-0.001574,-0.000470,0.008025
325.000000,0.018801,0.006570,-0.000906,-0.000888,0.019350
326.000000,0.014060,0.010933,-0.000691,-0.000774,0.000871
327.000000,0.005041,0.005763,-0.001747,-0.000848,-0.021109
328.000000,0.000000,0.004205,-0.000667,-0.001173,-0.007137
329.000000,-0.012269,0.001714,-0.002126,-0.001748,-0.053321
330.000000,-0.014822,0.001990,-0.001615,-0.001914,0.006588
331.000000,-0.019934,-0.002937,-0.003839,-0.003351,-0.024693
332.000000,-0.010212,-0.002586,-0.003652,-0.003180,0.027503
333.000000,-0.012753,-0.006376,-0.004861,-0.003385,-0.019840
334.000000,-0.003621,-0.007945,-0.004282,-0.003697,-0.007663
335.000000,-0.001129,-0.007975,-0.000703,-0.003263,0.019048
336.000000,0.003810,-0.008062,0.001436,-0.003148,0.000000
337.000000,0.001491,-0.004360,0.000701,-0.002618,0.015910
338.000000,0.003781,-0.004486,-0.000140,-0.001940,-0.008392
339.000000,-0.005854,-0.004737,-0.001512,-0.002997,-0.055837
340.000000,-0.005160,-0.003145,-0.000577,-0.002125,0.022517
341.000000,-0.009268,-0.002729,-0.002833,-0.003469,-0.020539
342.000000,-0.026362,-0.012435,-0.007510,-0.006580,-0.069558
343.000000,-0.032901,-0.014560,-0.010468,-0.008094,-0.041087
344.000000,-0.027557,-0.016705,-0.012325,-0.008423,-0.029117
345.000000,-0.029576,-0.017368,-0.012672,-0.006258,0.012423
346.000000,-0.020371,-0.014819,-0.011441,-0.003983,0.025486
347.000000,0.003361,-0.011500,-0.007930,-0.003366,0.049103
348.000000,0.019743,-0.006579,-0.005532,-0.002286,0.040822
349.000000,0.029919,0.001181,-0.001778,-0.000614,0.021761
350.000000,0.019449,-0.005063,-0.004104,-0.002073,-0.039925
351.000000,0.008147,-0.006112,-0.004421,-0.003926,-0.031026
352.000000,-0.000835,0.001263,-0.005586,-0.004586,0.004193
353.000000,-0.007956,0.005894,-0.004333,-0.005014,0.005216
354.000000,-0.002560,0.013679,-0.001513,-0.003657,0.048741
355.000000,0.009545,0.014497,-0.001436,-0.003615,0.020599
356.000000,0.011233,0.009690,-0.002565,-0.004397,-0.022583
357.000000,0.021782,0.010474,-0.000513,-0.001796,0.056938
358.000000,0.021861,0.006953,0.000187,-0.001371,0.005613
359.000000,0.015810,0.006625,0.003903,0.001023,0.018485
360.000000,0.008738,0.009141,0.002039,0.000311,-0.014760
361.000000,0.008934,0.010083,0.001986,0.000414,-0.021607
362.000000,-0.004171,0.008806,0.005034,-0.000789,-0.008584
363.000000,-0.000373,0.010744,0.008319,0.000693,0.024599
364.000000,-0.008225,0.003792,0.008736,0.000255,-0.020775
365.000000,-0.001305,0.003716,0.009107,0.000282,0.019840
366.000000,0.007274,0.008104,0.008897,0.000991,0.021287
367.000000,0.010995,0.003412,0.006943,0.000795,0.010023
368.000000,0.005894,0.002760,0.004856,0.001045,-0.000907
369.000000,0.008042,-0.000092,0.003267,0.002571,-0.010032
370.000000,-0.003587,-0.002446,0.003348,0.000544,-0.038305
371.000000,-0.009950,-0.001338,0.004372,0.000878,-0.010531
372.000000,-0.008899,0.001048,0.004927,0.003706,0.015282
373.000000,-0.005894,0.000000,0.005372,0.005546,0.014118
374.000000,-0.003514,0.002264,0.003028,0.006579,0.001867
375.000000,0.011114,0.003764,0.003740,0.007326,0.034834
376.000000,0.011410,0.000730,0.004417,0.006174,-0.009050
377.000000,0.010704,0.000903,0.002157,0.004929,0.011749
378.000000,0.005712,-0.000091,0.001335,0.003207,-0.010840
379.000000,0.005157,0.000822,0.000365,0.002452,-0.000909
380.000000,-0.005480,0.002817,0.000186,0.003171,-0.018349
381.000000,-0.006655,0.002378,0.000520,0.003708,-0.014926
382.000000,-0.008817,0.000943,0.000996,0.003599,0.000939
383.000000,-0.001276,0.002218,0.001109,0.004321,0.026866
384.000000,-0.001826,0.001665,0.001965,0.002574,-0.003663
385.000000,0.003852,-0.000814,0.001475,0.002222,0.010041
386.000000,0.006655,0.000000,0.000365,0.002944,-0.000909
387.000000,0.008277,-0.000270,0.000316,0.001348,0.009050
388.000000,0.001094,-0.000091,-0.000091,0.000859,-0.009050
389.000000,0.001098,-0.000364,0.000229,0.000122,-0.003643
390.000000,0.000906,0.002379,0.002598,0.000917,0.009083
391.000000,0.001810,0.004232,0.003305,0.001757,0.003610
392.000000,-0.000903,0.003687,0.002315,0.001893,-0.004515
393.000000,0.000363,0.000729,0.001473,0.000982,-0.002719
394.000000,0.001273,0.001186,0.001425,0.001705,0.000907
395.000000,-0.000362,0.000272,-0.000271,0.001074,0.000906
396.000000,-0.002356,-0.000273,-0.000137,0.000152,-0.006361
397.000000,-0.003469,-0.002186,-0.001228,-0.000518,-0.010078
398.000000,0.001086,0.000725,0.000317,0.000181,0.020055
399.000000,0.001445,0.001359,0.000498,0.000606,0.002704
400.000000,0.008685,0.004162,0.003270,0.003119,0.037107
401.000000,0.008215,0.002930,0.003581,0.003180,-0.008711
402.000000,0.014901,0.005716,0.004701,0.003449,0.023347
403.000000,-0.001449,-0.000182,0.000273,0.000922,-0.061694
404.000000,-0.000360,0.000542,0.000864,0.001131,0.008149
405.000000,-0.008867,-0.000091,0.000091,-0.000211,-0.005425
406.000000,-0.002111,0.003052,0.001390,0.000926,0.025068
407.000000,-0.005898,0.004501,0.001158,0.000682,0.004411
408.000000,0.012168,0.005359,0.003042,0.001998,0.028635
409.000000,0.014770,0.007205,0.004282,0.002733,0.021160
410.000000,0.012477,0.001805,0.002983,0.002782,-0.016892
411.000000,0.005580,0.001735,0.002332,0.002966,-0.009414
412.000000,0.002624,-0.001637,0.002039,0.002589,-0.010372
413.000000,0.000683,0.006425,0.003122,0.002324,0.018933
414.000000,-0.001682,0.006544,0.003543,0.002757,0.009334
415.000000,0.008831,0.010654,0.005282,0.003612,0.035674
416.000000,0.012014,0.008797,0.005925,0.003859,0.006499
417.000000,0.015861,0.009243,0.006872,0.003853,0.008867
418.000000,0.012235,0.006459,0.005909,0.004181,0.000802
419.000000,0.011647,0.004983,0.006094,0.004516,0.006395
420.000000,0.004990,0.006911,0.004358,0.004292,0.002388
421.000000,0.004958,0.008486,0.005110,0.004383,0.006339
422.000000,0.004758,0.010310,0.004336,0.004796,0.007868
423.000000,0.004598,0.008417,0.007421,0.004887,0.000000
424.000000,0.001587,0.006617,0.006581,0.004568,-0.008658
425.000000,0.002528,0.003759,0.007206,0.004774,0.007089
426.000000,-0.001905,0.001527,0.005162,0.004459,-0.015823
427.000000,0.002182,0.003470,0.006356,0.005738,0.028304
428.000000,0.001094,0.002846,0.004653,0.004888,-0.005441
429.000000,0.003604,0.002596,0.003789,0.004928,0.003890
430.000000,0.003270,0.002899,0.004905,0.003871,0.005420
431.000000,-0.000160,-0.001032,0.003727,0.003063,-0.032970
432.000000,-0.007101,-0.002459,0.003925,0.002071,-0.006405
433.000000,-0.008437,-0.003672,0.002372,0.003723,-0.012121
434.000000,-0.013488,-0.004942,0.000838,0.002740,-0.021365
435.000000,-0.016743,-0.006737,-0.001489,0.002559,-0.010856
436.000000,-0.005010,-0.002585,-0.000529,0.002580,0.025696
437.000000,-0.013283,-0.010192,-0.003361,0.000840,-0.047768
438.000000,-0.017491,-0.012964,-0.005059,-0.001220,-0.033162
439.000000,-0.018796,-0.016142,-0.006773,-0.002855,-0.027892
440.000000,-0.009280,-0.013012,-0.005056,-0.001067,0.036726
441.000000,-0.014771,-0.009891,-0.005461,-0.000812,-0.001761
442.000000,-0.003289,-0.008286,-0.005373,-0.000145,0.009645
443.000000,0.000177,-0.008657,-0.006164,-0.001304,-0.015831
444.000000,0.005045,-0.006876,-0.005909,-0.001733,-0.003552
445.000000,-0.008260,-0.008770,-0.007753,-0.003916,-0.029799
446.000000,-0.008275,-0.011523,-0.007054,-0.004194,-0.001835
447.000000,-0.009470,-0.006379,-0.008286,-0.004367,0.003666
448.000000,-0.007773,-0.003798,-0.008381,-0.004639,-0.007346
449.000000,-0.001787,0.001629,-0.007257,-0.003973,0.026377
450.000000,0.009137,0.000439,-0.006286,-0.003225,0.024824
451.000000,0.008275,0.000000,-0.004945,-0.003641,-0.006148
452.000000,0.011899,0.001214,-0.003536,-0.003177,0.021787
453.000000,0.016448,0.004337,-0.002160,-0.002664,0.015398
454.000000,0.002143,0.000178,-0.003349,-0.003880,-0.045147
455.000000,0.001570,0.005354,-0.001708,-0.003384,0.021960
456.000000,0.003147,0.005711,-0.002906,-0.002799,0.001736
457.000000,0.001888,0.006893,0.000257,-0.003226,0.015491
458.000000,0.014251,0.015349,0.005776,-0.000471,0.077214
459.000000,0.027039,0.014591,0.008110,0.000026,0.018795
460.000000,0.026184,0.013877,0.007158,0.000435,0.017686
461.000000,0.023845,0.013496,0.006748,0.001202,-0.009958
462.000000,0.020901,0.011394,0.006304,0.001441,0.000770
463.000000,0.002514,0.008382,0.006360,0.001354,-0.014723
464.000000,0.001083,0.014061,0.007119,0.002454,0.011642
465.000000,-0.015362,0.005411,0.005382,0.000665,-0.064539
466.000000,-0.020065,0.001890,0.003800,-0.001307,-0.033476
467.000000,-0.016009,0.002446,0.004670,0.000987,0.021053
468.000000,-0.015917,-0.006702,0.004324,0.001616,-0.014268
469.000000,-0.017908,-0.008412,0.003089,0.002603,0.001689
470.000000,-0.009783,-0.012572,0.000652,0.000581,-0.023912
471.000000,-0.000511,-0.010288,0.001604,0.001069,0.012881
472.000000,-0.008512,-0.012260,-0.000433,0.000116,-0.018950
473.000000,-0.002552,-0.009235,-0.000426,0.001162,0.015531
474.000000,-0.014887,-0.016397,-0.001168,-0.000719,-0.059983
475.000000,-0.008294,-0.009038,-0.001814,0.000576,0.009050
476.000000,-0.012680,-0.006596,-0.002353,0.000335,-0.009050
477.000000,-0.002274,-0.005393,-0.001473,0.001316,0.033083
478.000000,-0.008571,-0.005562,-0.006132,0.001029,-0.015958
479.000000,0.001810,-0.006538,-0.007475,-0.000120,-0.008075
480.000000,-0.004372,-0.006333,-0.009453,-0.001676,-0.021859
481.000000,-0.002378,-0.007529,-0.008909,-0.001440,0.000920
482.000000,-0.005167,-0.003721,-0.007990,-0.001529,0.019135
483.000000,0.003894,-0.002339,-0.005787,-0.001064,0.029348
484.000000,0.009672,0.005741,-0.005328,0.001135,0.020816
485.000000,0.016094,0.005861,-0.001589,0.000745,0.010248
486.000000,0.010397,0.004009,-0.001293,-0.000232,-0.027564
487.000000,0.013606,0.004219,-0.000587,0.000424,0.035182
488.000000,-0.002647,0.000624,-0.002469,-0.003880,-0.051915
489.000000,-0.004339,0.002667,-0.001936,-0.004095,0.012357
490.000000,-0.010823,0.002635,-0.001849,-0.005423,-0.022174
491.000000,-0.006209,0.002094,-0.002718,-0.005241,-0.004494
492.000000,-0.009143,0.002231,-0.000745,-0.004583,0.020509
493.000000,0.006466,0.001910,-0.000215,-0.003221,0.026134
494.000000,0.011422,0.003542,0.004641,-0.002371,0.037135
495.000000,0.016188,0.002682,0.004272,-0.000165,0.001656
496.000000,0.019226,0.006508,0.005259,0.001307,0.010695
497.000000,0.019014,0.004935,0.004577,0.001254,0.019450
498.000000,0.013144,0.009805,0.005214,0.001622,-0.003215
499.000000,0.009070,0.010246,0.006456,0.002125,0.016767
500.000000,0.010631,0.013409,0.008022,0.003237,0.009456
501.000000,0.006283,0.012755,0.007424,0.002440,-0.011041
502.000000,0.006320,0.012667,0.007449,0.003726,0.019632
503.000000,0.008512,0.010828,0.006369,0.003466,0.007746
504.000000,0.004540,0.006805,0.005174,0.005363,-0.003091
505.000000,-0.001101,0.004765,0.003724,0.004436,-0.018751
506.000000,-0.002875,0.001704,0.004106,0.004074,-0.019913
507.000000,-0.003293,0.001513,0.003224,0.003556,0.017544
508.000000,-0.012250,-0.001869,0.003968,0.002853,-0.037041
509.000000,-0.013942,-0.004701,0.002773,0.002737,-0.011551
510.000000,-0.010192,-0.005647,0.003881,0.003466,0.000000
511.000000,-0.002265,-0.002570,0.005092,0.004093,0.019721
512.000000,-0.006263,-0.004778,0.003944,0.003373,-0.002444
513.000000,0.006616,-0.002817,0.004005,0.003307,0.027355
514.000000,0.006370,-0.003786,0.001510,0.002187,-0.012780
515.000000,0.003619,-0.003287,0.000739,0.001387,-0.013760
516.000000,-0.001142,-0.001704,0.000000,0.002169,-0.004083
517.000000,0.008933,0.001335,0.001424,0.002595,0.047932
518.000000,0.007478,0.007047,0.002589,0.004994,0.020078
519.000000,0.011405,0.008888,0.002093,0.004811,0.006857
520.000000,0.010014,0.006816,0.000585,0.004860,-0.020714
521.000000,0.015429,0.007143,0.002286,0.005776,0.022990
522.000000,-0.003145,0.002894,-0.000942,0.003594,-0.044934
523.000000,-0.008113,-0.000318,-0.001568,0.002564,-0.004766
524.000000,-0.004143,0.003631,-0.000077,0.002217,0.026710
525.000000,-0.002182,0.003916,0.000314,0.001798,-0.010912
526.000000,-0.005064,0.005183,0.001739,0.001728,0.008584
527.000000,0.003301,0.000078,0.000706,0.000975,-0.003113
528.000000,0.002374,-0.002870,0.002089,0.000769,-0.009397
529.000000,-0.001869,-0.003006,0.002941,0.000394,0.005492
530.000000,-0.011616,-0.006899,-0.000042,-0.001910,-0.059647
531.000000,-0.009875,-0.007469,-0.000163,-0.000965,0.017291
532.000000,-0.011221,-0.003960,-0.000533,-0.001948,-0.009844
533.000000,-0.009341,-0.003484,-0.001901,-0.002206,0.000000
534.000000,-0.010935,-0.006402,-0.001386,-0.002186,-0.002476
535.000000,0.000994,-0.005311,-0.000698,-0.001561,0.000000
536.000000,-0.006808,-0.008342,-0.001580,-0.001621,-0.021722
537.000000,-0.009453,-0.010337,-0.005130,-0.002975,-0.023068
538.000000,-0.014530,-0.011936,-0.007403,-0.002586,-0.025384
539.000000,-0.012621,-0.011778,-0.007392,-0.001966,0.007067
540.000000,-0.013150,-0.006078,-0.006489,-0.002054,-0.002644
541.000000,-0.004960,-0.005884,-0.006677,-0.002070,0.019231
542.000000,0.000690,-0.004381,-0.004171,-0.001816,0.005181
543.000000,0.001413,-0.006558,-0.005021,-0.003453,-0.021768
544.000000,-0.000352,-0.006487,-0.006445,-0.003086,-0.001762
545.000000,0.001932,-0.005609,-0.005460,-0.002335,0.008780
546.000000,-0.009213,-0.007086,-0.007714,-0.003415,-0.036497
547.000000,-0.008624,-0.003967,-0.007152,-0.004742,0.008126
548.000000,-0.007352,-0.002969,-0.007452,-0.005925,-0.015406
549.000000,-0.008650,-0.004501,-0.008140,-0.006429,-0.008253
550.000000,-0.004419,-0.001243,-0.003661,-0.004740,0.029934
551.000000,0.005190,-0.002011,-0.003948,-0.005122,0.011551
552.000000,0.004094,-0.002265,-0.003323,-0.003536,0.002647
553.000000,0.007879,0.000264,-0.003147,-0.003259,0.003518
554.000000,0.009178,0.000264,-0.003111,-0.004208,-0.001757
555.000000,0.005291,0.000436,-0.002586,-0.003495,0.010499
556.000000,0.007286,0.006238,-0.000424,-0.003063,0.021525
557.000000,0.009632,0.006863,0.001448,-0.002480,0.014377
558.000000,0.009432,0.008655,0.002843,-0.002083,0.002516
559.000000,0.000527,0.004853,0.000176,-0.003809,-0.046281
560.000000,-0.007990,-0.001350,-0.001296,-0.002890,-0.032088
561.000000,-0.008171,-0.000443,-0.001227,-0.002779,0.020619
562.000000,-0.008052,0.000790,-0.000738,-0.001952,0.014972
563.000000,-0.011195,-0.000882,-0.000309,-0.002392,-0.013199
564.000000,0.006728,0.003627,0.001946,-0.000865,0.043334
565.000000,0.013992,0.003001,0.001718,-0.000724,0.004232
566.000000,0.009360,0.000594,0.003416,-0.000085,-0.002537
567.000000,-0.002286,-0.005169,0.000847,-0.000758,-0.043259
568.000000,0.007646,-0.001774,0.003441,0.001304,0.036462
569.000000,0.001352,0.004040,0.004446,0.001464,0.011865
570.000000,-0.001696,0.006148,0.002399,0.001185,-0.011012
571.000000,-0.003072,0.003144,0.001351,0.000230,-0.009414
572.000000,0.006438,0.002076,0.001433,0.000200,0.004290
573.000000,0.002373,0.005010,0.002064,0.001464,0.016136
574.000000,0.000841,0.001097,0.002362,0.001663,0.004203
575.000000,-0.006757,-0.004227,-0.000613,-0.000263,-0.049000
576.000000,0.003072,0.000000,0.000297,0.002278,0.039729
577.000000,0.000513,0.003476,-0.000847,0.001723,-0.008503
578.000000,-0.001352,0.000510,-0.000632,0.002464,0.006809
579.000000,-0.000336,0.000252,0.002146,0.003048,0.009287
580.000000,0.009128,0.001185,0.003667,0.001995,-0.001682
581.000000,0.000507,0.001790,0.002467,0.001497,-0.003373
582.000000,0.012416,0.006465,0.004270,0.003110,0.051040
583.000000,0.006015,0.002331,0.003671,0.002153,-0.025194
584.000000,0.002339,0.001002,0.001049,0.001909,-0.009095
585.000000,0.004495,0.006811,0.001292,0.001862,0.009095
586.000000,0.005826,0.003167,0.001583,0.001254,0.003287
587.000000,-0.008358,0.002029,0.002752,0.000112,-0.019885
588.000000,-0.006185,-0.000085,0.000213,-0.000450,-0.014328
589.000000,-0.007274,-0.002467,-0.001107,0.000608,-0.014536
590.000000,-0.007890,-0.001698,-0.000256,0.001878,0.006011
591.000000,-0.008890,-0.001532,0.000129,0.001134,-0.001714
592.000000,-0.006809,-0.007584,-0.000560,0.000319,-0.009479
593.000000,-0.004290,-0.005238,-0.001453,0.000701,-0.001733
594.000000,0.003247,-0.002013,-0.000506,0.000028,0.023147
595.000000,0.008383,0.000247,0.003529,0.000944,0.031696
596.000000,0.015507,0.003308,0.003238,0.002158,0.033902
597.000000,0.016128,0.004660,0.003344,0.003388,-0.006369
598.000000,0.016954,0.006332,0.003123,0.002252,0.002393
599.000000,0.007485,0.005366,0.001449,0.001050,-0.024195
600.000000,-0.002645,0.002869,0.000586,0.000786,-0.018954
601.000000,-0.016194,-0.000344,-0.000938,-0.000029,-0.033844
602.000000,-0.014920,0.000604,-0.003490,-0.000172,0.000000
603.000000,-0.008963,0.003995,-0.000621,0.000363,0.032179
604.000000,-0.005294,0.001096,-0.000459,0.000028,-0.005850
605.000000,0.000166,-0.001239,-0.000496,0.001940,0.008347
606.000000,0.011212,-0.002491,0.000408,0.001328,0.021382
607.000000,0.017932,0.001506,0.003083,0.002732,0.033603
608.000000,0.006558,-0.001202,0.002565,0.001681,-0.024693
609.000000,0.009654,0.002180,0.003773,0.001693,0.009631
610.000000,0.006542,0.003354,0.003112,0.001509,-0.007214
611.000000,0.000488,0.005850,0.002753,0.001325,-0.008889
612.000000,0.002657,0.010295,0.005450,0.001105,0.044452
613.000000,0.010065,0.008311,0.006153,0.002356,0.012346
614.000000,0.009971,0.009813,0.005454,0.002965,0.009160
615.000000,0.007578,0.007060,0.002910,0.002022,-0.019180
616.000000,0.001295,0.000891,-0.000800,0.000569,-0.040306
617.000000,-0.009378,-0.003360,-0.000927,0.000935,-0.008911
618.000000,-0.009582,0.000242,-0.000480,0.001790,0.011327
619.000000,-0.010932,-0.000480,0.000850,0.002355,0.002411
620.000000,-0.008061,-0.000242,0.001556,0.001994,-0.004827
621.000000,0.000000,0.000647,0.003248,0.002051,0.000000
622.000000,0.000488,-0.004445,0.002925,0.002151,-0.006473
623.000000,-0.003244,-0.006413,0.000949,0.001965,-0.007332
624.000000,-0.003400,-0.007166,0.001323,0.001248,0.001634
625.000000,-0.010599,-0.009330,-0.001135,-0.001170,-0.040822
626.000000,-0.011451,-0.005725,-0.002417,-0.002442,-0.004261
627.000000,-0.006937,-0.003225,-0.003293,-0.001693,0.016095
628.000000,-0.003298,-0.003271,-0.001515,-0.001411,0.010865
629.000000,-0.010388,-0.006894,-0.003687,-0.001731,-0.033816
630.000000,-0.002051,-0.006325,-0.003283,-0.001071,0.000859
631.000000,-0.003793,-0.007622,-0.003487,-0.000375,-0.012970
632.000000,-0.005107,-0.006022,-0.005234,-0.000057,0.009528
633.000000,-0.002509,-0.002904,-0.004658,-0.000335,0.023851
634.000000,0.004422,-0.002983,-0.005074,-0.000112,0.000841
635.000000,0.000857,-0.000597,-0.004963,-0.000956,-0.016964
636.000000,-0.001047,-0.002420,-0.004073,-0.002418,-0.022492
637.000000,-0.001037,-0.003072,-0.003148,-0.003219,0.009578
638.000000,-0.005807,-0.004158,-0.003715,-0.002396,0.000000
639.000000,-0.010711,-0.003144,-0.005019,-0.003506,-0.023675
640.000000,-0.006786,-0.002964,-0.004645,-0.003177,0.002658
641.000000,-0.003531,-0.002289,-0.004955,-0.003088,-0.006214
642.000000,-0.007595,-0.004316,-0.005169,-0.004928,-0.010743
643.000000,-0.013255,-0.009531,-0.006217,-0.006283,-0.028299
644.000000,-0.011881,-0.011296,-0.007139,-0.007148,-0.016807
645.000000,-0.016023,-0.011405,-0.006001,-0.007111,-0.018053
646.000000,-0.015742,-0.009636,-0.006028,-0.005927,-0.004805
647.000000,-0.003817,-0.005706,-0.004389,-0.004001,0.048882
648.000000,0.023886,0.005315,0.000579,-0.000705,0.110211
649.000000,0.030507,0.009313,0.003084,-0.000242,0.016300
650.000000,0.033308,0.008642,0.002839,-0.000216,-0.004050
651.000000,0.036046,0.010152,0.003932,0.000081,0.008889
652.000000,0.024492,0.010338,0.003011,0.000000,-0.008889
653.000000,-0.000658,0.011614,0.001041,-0.000274,-0.015542
654.000000,-0.005574,0.012466,0.000585,-0.000604,-0.008278
655.000000,-0.009644,0.011832,0.000213,-0.000057,-0.024402
656.000000,-0.009726,0.013160,0.001762,0.000368,0.008482
657.000000,-0.004100,0.010196,0.002245,0.000473,0.019239
658.000000,0.001642,0.000492,0.002904,0.000550,0.013169
659.000000,0.007345,0.000885,0.005099,0.002351,0.020235
660.000000,0.011583,0.000969,0.004806,0.002216,-0.003210
661.000000,0.008434,-0.000646,0.004753,0.002406,-0.007261
662.000000,0.007321,0.001610,0.005974,0.002544,0.013671
663.000000,0.010046,0.005844,0.008729,0.002642,0.026794
664.000000,-0.000160,0.003592,0.008029,0.001588,-0.030796
665.000000,-0.001614,0.004984,0.008408,0.001804,-0.010480
666.000000,0.000162,0.004298,0.008729,0.002607,0.001619
667.000000,-0.006659,0.000331,0.005263,0.001607,-0.020434
668.000000,-0.010046,0.000000,0.000246,0.001936,0.009860
669.000000,-0.004214,-0.002187,-0.000651,0.002670,-0.001637
670.000000,-0.008272,-0.004943,-0.001987,0.001556,-0.030772
671.000000,-0.002278,-0.001058,-0.000852,0.002816,0.031590
672.000000,0.001317,-0.002671,-0.000530,0.003092,-0.002458
673.000000,0.000163,-0.004941,0.000451,0.004172,0.004093
674.000000,0.002765,-0.000724,0.001434,0.005111,0.011373
675.000000,0.004675,-0.001799,0.001593,0.005006,-0.021225
676.000000,-0.002968,-0.002623,0.000838,0.004945,-0.006623
677.000000,-0.005320,-0.002002,-0.000835,0.002842,-0.014220
678.000000,-0.003961,-0.001899,-0.000949,-0.000469,0.010892
679.000000,-0.002602,0.000082,-0.001053,-0.000407,0.018167
680.000000,0.004245,0.004460,-0.000242,0.000162,0.013008
681.000000,0.009092,0.003062,0.001002,0.000453,0.017615
682.000000,0.001176,-0.002072,-0.002372,-0.001044,-0.053803
683.000000,0.001494,-0.001233,-0.003087,-0.000110,0.012485
684.000000,-0.011798,-0.007200,-0.003962,-0.001444,-0.048294
685.000000,-0.016494,-0.006124,-0.003962,-0.000980,-0.010471
686.000000,-0.019841,-0.005374,-0.003999,-0.001233,0.000877
687.000000,-0.020070,-0.009447,-0.005724,-0.003706,-0.054944
688.000000,-0.005025,-0.001765,-0.001832,-0.001221,0.087706
689.000000,0.009659,-0.001070,-0.000494,-0.001058,0.025127
690.000000,0.015847,-0.000324,0.002068,-0.000269,0.020467
691.000000,0.013389,-0.003226,-0.000082,-0.000407,-0.011410
692.000000,0.023557,0.001744,-0.000164,-0.001000,-0.004107
693.000000,0.011375,0.003175,0.000971,-0.001000,0.026798
694.000000,0.003119,0.006389,-0.000406,-0.000512,-0.016155
695.000000,-0.000162,0.007842,0.000859,-0.000027,0.004063
696.000000,0.004538,0.008964,0.001795,0.000322,0.012092
697.000000,0.006319,0.014938,0.002745,0.001163,0.004796
698.000000,-0.000964,0.005206,0.001720,0.000514,-0.009615
699.000000,-0.000326,0.001396,0.000163,0.000136,-0.012966
700.000000,-0.002448,-0.001305,-0.000814,0.000944,-0.006547
701.000000,0.000000,0.002269,-0.000478,0.000702,0.024332
702.000000,-0.005170,0.000574,0.001159,0.000082,-0.021053
703.000000,-0.005221,-0.003092,0.000041,-0.000383,-0.009869
704.000000,0.004037,0.001856,0.004122,0.000348,0.033323
705.000000,0.002934,0.000243,0.004043,0.000654,-0.012063
706.000000,-0.000321,-0.000160,0.004402,0.001143,0.008058
707.000000,0.009274,0.002052,0.008495,0.002514,0.026922
708.000000,0.009994,0.002387,0.003796,0.001942,-0.006270
709.000000,-0.008992,-0.002477,-0.000541,-0.000717,-0.061608
710.000000,0.004954,0.003944,0.001320,0.000772,0.057669
711.000000,-0.000321,-0.000321,0.000974,-0.000426,-0.018320
712.000000,-0.001726,0.003774,0.002174,0.002031,0.019897
713.000000,0.001254,0.005624,0.001266,0.001902,0.008631
714.000000,0.014511,0.002759,0.002307,0.003668,0.004677
715.000000,0.006675,0.005815,0.003029,0.004633,0.018491
716.000000,0.015910,0.007794,0.003817,0.005532,0.027853
717.000000,0.016481,0.007377,0.004715,0.008122,0.022753
718.000000,0.012125,0.006689,0.004538,0.004761,-0.013148
719.000000,0.010453,0.012482,0.005002,0.003800,-0.003683
720.000000,0.005422,0.006049,0.004996,0.002896,-0.006664
721.000000,-0.004809,0.005550,0.002615,0.002500,-0.023301
722.000000,-0.013353,0.001564,0.002669,0.001971,-0.019970
723.000000,-0.009024,0.001550,0.003587,0.001361,0.008498
724.000000,-0.009058,0.000697,0.001728,0.001771,-0.003854
725.000000,-0.000595,0.002413,0.004114,0.002824,0.035650
726.000000,0.005105,0.000148,0.003971,0.002594,0.005203
727.000000,0.011897,-0.000728,0.003324,0.002900,0.013986
728.000000,0.009611,0.000294,0.003492,0.003123,-0.002928
729.000000,0.014733,0.002838,0.007660,0.004281,0.021756
730.000000,0.018899,0.009152,0.007600,0.006382,0.056481
731.000000,0.017859,0.011482,0.008516,0.005571,0.000000
732.000000,0.013428,0.012662,0.007113,0.006000,-0.008169
733.000000,0.015376,0.012494,0.007022,0.006556,0.006812
734.000000,0.009936,0.012334,0.006516,0.005264,-0.005446
735.000000,-0.004525,0.007187,0.004800,0.005138,-0.015824
736.000000,-0.004525,0.006667,0.003408,0.004870,0.000000
737.000000,-0.005123,0.004152,0.001712,0.003600,-0.011158
738.000000,-0.005786,0.004795,0.002544,0.003926,0.003500
739.000000,-0.007228,0.001354,0.002096,0.005558,-0.012658
740.000000,-0.003780,-0.004153,0.002500,0.003683,0.001414
741.000000,-0.009370,-0.006948,0.002267,0.003362,-0.027949
742.000000,-0.005690,-0.005407,0.003628,0.002940,0.007241
743.000000,-0.003525,-0.004655,0.003919,0.003130,0.014327
744.000000,0.002392,-0.002418,0.004958,0.003538,0.016926
745.000000,-0.002990,-0.003385,0.001901,0.002072,-0.025497
746.000000,0.005731,-0.001820,0.002424,0.001665,0.015659
747.000000,0.002153,-0.001769,0.001192,0.000552,-0.010650
748.000000,-0.001141,-0.002333,0.001231,0.000919,-0.002144
749.000000,0.002916,0.002654,0.002004,0.002282,0.037210
750.000000,0.018879,0.007944,0.001896,0.004315,0.054321
751.000000,0.009381,0.007556,0.000304,0.004030,-0.031833
752.000000,0.015514,0.008833,0.001713,0.005363,0.020014
753.000000,0.011400,0.005129,0.000237,0.004323,-0.022713
754.000000,0.003958,0.003437,0.000509,0.004451,0.000000
755.000000,-0.024702,-0.002911,-0.003148,0.000297,-0.088979
756.000000,-0.019076,-0.004847,-0.003333,0.000000,-0.003700
757.000000,-0.038003,-0.011244,-0.006507,-0.002954,-0.074621
758.000000,-0.039954,-0.014277,-0.008305,-0.003938,-0.032470
759.000000,-0.040284,-0.018163,-0.007755,-0.004719,-0.001652
760.000000,-0.022158,-0.023430,-0.007743,-0.006546,0.001652
761.000000,-0.026431,-0.022753,-0.007599,-0.007382,-0.025064
762.000000,-0.020682,-0.029342,-0.010254,-0.008639,-0.045876
763.000000,-0.011723,-0.025839,-0.010355,-0.008455,0.012324
764.000000,-0.014390,-0.027337,-0.011950,-0.008773,-0.014985
765.000000,-0.017582,-0.019870,-0.011391,-0.008722,-0.014312
766.000000,-0.008115,-0.017273,-0.011060,-0.007980,0.022273
767.000000,0.001060,-0.009811,-0.010528,-0.007608,0.000000
768.000000,-0.001934,-0.006829,-0.010553,-0.007813,-0.002647
769.000000,-0.010016,-0.012203,-0.015183,-0.009237,-0.055393
770.000000,-0.002904,-0.010243,-0.016837,-0.008576,0.021248
771.000000,-0.013296,-0.010705,-0.016729,-0.008634,-0.029687
772.000000,-0.010120,-0.004530,-0.016936,-0.008346,0.015881
773.000000,-0.000177,-0.001055,-0.013447,-0.007255,0.047068
774.000000,0.012662,0.001323,-0.013007,-0.007526,0.008803
775.000000,0.003264,0.000180,-0.009845,-0.007534,-0.025745
776.000000,0.009021,-0.002137,-0.009705,-0.008086,-0.000900
777.000000,0.006205,-0.001957,-0.005884,-0.007671,0.001799
778.000000,-0.003568,-0.001873,-0.004351,-0.007659,-0.001799
779.000000,0.000525,0.006594,-0.002804,-0.007924,0.029270
780.000000,0.001255,0.002259,-0.003992,-0.010471,-0.022095
781.000000,0.010349,0.009685,-0.000510,-0.007925,0.044568
782.000000,0.008961,0.007583,0.001527,-0.008763,-0.005141
783.000000,0.014242,0.005337,0.002141,-0.007186,0.024609
784.000000,0.012536,0.006531,0.003927,-0.006494,0.020739
785.000000,0.019889,0.010572,0.005376,-0.003039,0.014670
786.000000,0.008861,0.009605,0.003734,-0.003269,-0.010574
787.000000,0.005925,0.007443,0.002743,-0.001442,-0.019819
788.000000,-0.001177,0.006533,0.002330,-0.000723,-0.010902
789.000000,-0.006000,0.003268,0.004931,-0.000780,-0.003378
790.000000,-0.007922,0.005984,0.004122,-0.000667,0.005063
791.000000,-0.007158,0.000851,0.005268,-0.000056,-0.006757
792.000000,0.000500,0.003212,0.005398,0.002088,0.018472
793.000000,0.003013,0.000918,0.003127,0.001733,0.001663
794.000000,0.014362,0.004181,0.005356,0.004012,0.053368
795.000000,0.023631,0.007855,0.009213,0.006202,0.051411
796.000000,0.024384,0.008613,0.009109,0.005360,-0.002996
797.000000,0.018577,0.009539,0.008491,0.005008,-0.010558
798.000000,0.033564,0.018288,0.012410,0.007649,0.076596
799.000000,0.017048,0.015705,0.009486,0.008522,-0.029215
800.000000,0.009922,0.016777,0.011380,0.008340,0.015782
801.000000,0.004451,0.014417,0.007634,0.008318,-0.030349
802.000000,0.013059,0.015818,0.009515,0.008871,0.032482
803.000000,0.003205,0.018384,0.009651,0.008213,0.027322
804.000000,0.009600,0.013324,0.008752,0.008012,0.002761
805.000000,0.009045,0.009483,0.008669,0.009303,0.013009
806.000000,0.017818,0.011134,0.009873,0.009784,0.013514
807.000000,0.007800,0.010430,0.009984,0.009137,-0.017604
808.000000,0.003154,0.003179,0.010734,0.009333,0.004090
809.000000,0.001784,0.005692,0.010698,0.008221,-0.004090
810.000000,-0.005938,0.001554,0.009165,0.008105,-0.025598
811.000000,-0.004205,0.006806,0.010612,0.007358,0.022177
812.000000,-0.001784,0.003008,0.009413,0.007346,-0.005498
813.000000,0.000000,0.001577,0.009981,0.006960,0.013009
814.000000,0.000954,0.001369,0.007346,0.006291,0.000680
815.000000,0.004024,-0.000957,0.004263,0.005460,-0.010249
816.000000,0.002046,-0.001080,0.005027,0.006222,0.012287
817.000000,-0.001244,-0.001514,0.004458,0.006151,-0.021949
818.000000,-0.008761,-0.004380,-0.000601,0.005696,-0.024571
819.000000,-0.006214,-0.002630,0.001531,0.006256,0.013414
820.000000,-0.010143,-0.003060,-0.000753,0.005090,-0.029895
821.000000,-0.011591,-0.004773,0.001017,0.005484,0.005045
822.000000,-0.007345,-0.004295,-0.000643,0.004844,-0.000719
823.000000,0.003243,-0.002759,-0.000591,0.005734,0.028371
824.000000,0.003338,-0.001438,-0.000034,0.004418,0.013889
825.000000,0.004430,-0.002856,-0.001907,0.001890,-0.024434
826.000000,0.005670,-0.002961,-0.002020,0.002365,0.011244
827.000000,0.009963,0.001309,-0.000103,0.003408,0.020748
828.000000,0.004836,0.004040,-0.000170,0.000946,0.002734
829.000000,0.001648,0.002493,-0.000068,0.001852,-0.002050
830.000000,0.005025,0.004728,0.000834,0.001074,-0.007552
831.000000,0.004150,0.004910,0.000068,0.002314,0.006868
832.000000,-0.003174,0.003395,-0.000450,0.000703,-0.015868
833.000000,-0.002888,0.000974,-0.000892,-0.000069,0.004164
834.000000,0.001091,0.001370,-0.000034,0.000434,0.017845
835.000000,-0.000690,0.002167,-0.000345,-0.000549,-0.016461
836.000000,-0.004850,-0.000350,-0.001655,-0.001463,-0.013928
837.000000,-0.001676,-0.002425,-0.000558,-0.000877,0.000000
838.000000,-0.009212,-0.006050,-0.001005,-0.002130,-0.033515
839.000000,-0.004124,-0.001516,0.000488,-0.000551,0.043285
840.000000,0.000966,0.000138,0.002433,0.000602,0.008987
841.000000,0.002370,-0.001240,0.001835,-0.000368,-0.006906
842.000000,-0.002399,-0.002037,0.000679,-0.000979,-0.023844
843.000000,0.013053,0.001920,0.001447,0.000045,0.043742
844.000000,0.004803,0.000340,0.000855,0.000091,0.002036
845.000000,0.003547,0.002257,0.002212,0.000522,0.002708
846.000000,-0.001112,0.000629,0.000140,-0.000894,-0.030201
847.000000,0.011045,0.004323,0.000949,0.001069,0.036940
848.000000,0.004965,0.009009,0.001480,0.002333,0.013342
849.000000,0.009790,0.007297,0.002890,0.002758,0.026162
850.000000,0.002820,0.003183,0.001661,0.002683,-0.032144
851.000000,0.008860,0.003874,0.001317,0.002515,0.000000
852.000000,0.002933,0.006989,0.002476,0.002782,0.007307
853.000000,0.004067,0.004516,0.003218,0.002470,0.019011
854.000000,0.005225,0.007508,0.003924,0.003072,0.031952
855.000000,0.015269,0.009044,0.005650,0.004489,0.018075
856.000000,0.022308,0.015584,0.008107,0.005288,0.035198
857.000000,0.016507,0.009720,0.007022,0.003873,-0.021701
858.000000,0.012094,0.008081,0.008545,0.003680,-0.003052
859.000000,0.009098,0.007161,0.007229,0.004314,0.016970
860.000000,0.000494,0.007881,0.005532,0.003734,-0.024948
861.000000,-0.005563,0.008373,0.006123,0.003669,0.004917
862.000000,0.000000,0.008253,0.007621,0.004402,0.006112
863.000000,0.001462,0.006778,0.005647,0.004405,0.004257
864.000000,-0.001932,0.003583,0.005545,0.003810,0.000000
865.000000,0.000369,0.000431,0.004738,0.003911,-0.013439
866.000000,-0.005470,-0.005516,0.005034,0.003566,-0.024278
867.000000,-0.009996,-0.004998,0.002361,0.003015,-0.016519
868.000000,-0.006914,-0.002726,0.002677,0.004788,0.019664
869.000000,-0.008175,-0.005053,0.001054,0.003135,-0.006301
870.000000,-0.004352,-0.001991,0.002945,0.003024,0.005673
871.000000,0.005470,0.000000,0.004186,0.004082,0.024831
872.000000,0.008282,-0.000857,0.003698,0.004795,-0.002455
873.000000,0.002497,-0.002209,0.002285,0.003028,-0.009262
874.000000,0.008417,0.000121,0.001852,0.003737,0.023300
875.000000,-0.011380,-0.007866,-0.003717,0.000537,-0.093312
876.000000,-0.026024,-0.010277,-0.007897,-0.000070,-0.048391
877.000000,-0.020159,-0.005938,-0.005468,-0.000405,0.026870
878.000000,-0.017087,-0.007295,-0.005011,-0.000647,0.006100
879.000000,-0.019864,-0.005723,-0.005388,-0.001205,0.009415
880.000000,0.004604,-0.003388,-0.002690,0.000834,0.029026
881.000000,0.011004,-0.007510,-0.003755,0.000288,-0.016388
882.000000,0.006422,-0.006869,-0.003863,0.000176,0.003958
883.000000,0.004410,-0.006338,-0.004273,-0.000590,-0.003958
884.000000,0.009924,-0.004970,-0.002424,-0.000422,0.036981
885.000000,0.003864,0.004234,-0.001816,-0.001067,-0.001275
886.000000,0.005990,0.008497,-0.000890,-0.002432,-0.005756
887.000000,0.003394,0.004908,-0.000515,-0.002009,-0.009021
888.000000,0.007269,0.005840,-0.000728,-0.001394,0.015415
889.000000,0.000509,0.005216,-0.000253,-0.001853,0.003182
890.000000,0.002030,0.002947,-0.000220,-0.000811,0.006333
891.000000,0.005691,0.005841,-0.000835,-0.000556,0.012547
892.000000,0.007246,0.005320,-0.000774,-0.000802,-0.001248
893.000000,0.007751,0.007510,0.000586,-0.000346,0.017940
894.000000,0.007849,0.004179,-0.000395,-0.000223,0.003672
895.000000,0.010214,0.006122,0.005178,0.000830,0.018160
896.000000,0.013732,0.009712,0.009104,0.002644,0.030135
897.000000,0.013632,0.010439,0.007674,0.003136,-0.001748
898.000000,0.004606,0.006179,0.006009,0.001574,-0.027188
899.000000,0.003752,0.005801,0.005508,0.001765,-0.000599
900.000000,0.008227,0.009221,0.006084,0.002927,0.040534
901.000000,0.007539,0.010636,0.008238,0.002989,0.026699
902.000000,0.001857,0.007745,0.006532,0.002065,-0.030159
903.000000,0.006020,0.005313,0.006411,0.002162,-0.006375
904.000000,0.010169,0.006960,0.005570,0.002056,0.020145
905.000000,0.005340,0.006783,0.006453,0.005713,0.016389
906.000000,-0.002028,0.002756,0.006234,0.006988,-0.010141
907.000000,0.001382,0.001619,0.006029,0.005656,-0.013109
908.000000,0.003115,0.004568,0.005373,0.005529,0.002292
909.000000,-0.002869,0.003650,0.004725,0.004889,-0.009779
910.000000,-0.005455,-0.000058,0.004582,0.004037,0.003462
911.000000,-0.005861,-0.003944,0.003346,0.004177,-0.012171
912.000000,-0.003239,-0.000929,0.003408,0.004045,0.000000
913.000000,-0.005337,-0.001111,0.002101,0.003904,-0.008197
914.000000,-0.004442,-0.003656,0.001652,0.002495,-0.005305
915.000000,-0.004427,-0.004941,0.000921,0.002655,0.003540
916.000000,0.000698,-0.002581,0.000087,0.003295,0.013454
917.000000,0.001857,-0.000691,0.000464,0.003789,0.005794
918.000000,0.002802,-0.001267,0.001650,0.003160,-0.003472
919.000000,0.010253,0.002905,0.003277,0.004118,0.031948
920.000000,0.008983,0.002278,0.001110,0.003814,-0.002811
921.000000,0.011844,0.006271,0.001163,0.004321,0.027764
922.000000,0.000231,0.001044,0.000058,0.002620,-0.052274
923.000000,0.004811,0.003807,0.001348,0.002670,0.019429
924.000000,-0.001239,0.004507,0.000426,0.002604,0.001696
925.000000,0.002685,0.005834,0.000446,0.002559,0.016807
926.000000,0.000000,0.005922,0.001671,0.002032,0.014341
927.000000,0.010564,0.005398,0.002353,0.002109,0.000547
928.000000,-0.000680,0.002065,0.000399,0.001789,-0.036793
929.000000,0.001014,-0.000112,0.001397,0.002148,0.010170
930.000000,-0.004381,-0.000848,0.000715,0.000457,-0.010170
931.000000,-0.005328,-0.002664,0.001804,-0.000112,0.009607
932.000000,0.000983,0.005774,0.003409,0.001963,0.032100
933.000000,0.007905,0.003613,0.003710,0.002103,-0.002181
934.000000,0.007611,0.004312,0.004410,0.001721,0.008696
935.000000,0.008777,0.002198,0.004016,0.001030,-0.004338
936.000000,0.011794,0.003233,0.004578,0.002191,0.024693
937.000000,0.007063,0.004023,0.004710,0.002910,0.008448
938.000000,0.006022,0.006964,0.004515,0.002587,-0.007388
939.000000,0.002046,0.004828,0.002358,0.002540,-0.011185
940.000000,-0.001090,0.003843,0.001498,0.001758,-0.020017
941.000000,-0.003423,0.004186,0.000761,0.002598,0.013030
942.000000,-0.009805,-0.001371,0.002201,0.001816,-0.023466
943.000000,-0.005150,0.000436,0.002024,0.002618,0.015886
944.000000,-0.002805,-0.000380,0.001966,0.002813,0.000543
945.000000,-0.000657,-0.000873,0.000662,0.002386,-0.009277
946.000000,-0.002169,-0.002796,0.000219,0.002120,0.005467
947.000000,0.000441,-0.004682,-0.000329,0.001580,-0.010414
948.000000,-0.002957,-0.004054,0.001455,0.001659,-0.001103
949.000000,-0.000109,-0.001457,0.001686,0.001086,0.014783
950.000000,-0.001100,-0.000878,0.001483,0.000706,-0.014231
951.000000,-0.000437,-0.001303,0.001441,0.000073,0.008782
952.000000,-0.004908,-0.002233,-0.001802,0.000723,-0.032772
953.000000,-0.002777,-0.002867,-0.001216,0.000394,0.009553
954.000000,-0.002846,-0.001477,-0.000928,0.000818,0.014437
955.000000,-0.005931,-0.003515,-0.002194,-0.000730,-0.029653
956.000000,-0.000438,-0.000437,-0.001617,0.000000,0.036246
957.000000,0.005128,0.000110,-0.002286,-0.000183,-0.004941
958.000000,0.001449,-0.000664,-0.002359,0.000749,-0.008845
959.000000,0.002193,-0.000327,-0.000892,0.001015,0.018157
960.000000,0.005047,-0.000442,-0.000660,0.000841,-0.015385
961.000000,-0.000329,-0.000383,-0.000843,0.000833,0.009369
962.000000,-0.048182,-0.021527,-0.011880,-0.008377,-0.244209
963.000000,-0.042667,-0.020609,-0.011738,-0.007680,0.018731
964.000000,-0.042621,-0.020214,-0.010846,-0.007357,0.018387
965.000000,-0.042947,-0.018950,-0.011233,-0.007780,-0.017013
966.000000,-0.046890,-0.023610,-0.012023,-0.008948,-0.010348
967.000000,0.003196,-0.022493,-0.011192,-0.009022,0.006222
968.000000,0.001915,-0.020376,-0.010520,-0.008365,0.012329
969.000000,-0.001354,-0.021988,-0.011157,-0.007924,0.002040
970.000000,0.003672,-0.019637,-0.010040,-0.006986,0.008119
971.000000,0.007620,-0.019635,-0.010009,-0.007107,0.009390
972.000000,0.011516,0.007356,-0.007086,-0.005468,0.025702
973.000000,0.014569,0.008242,-0.006184,-0.005078,0.027592
974.000000,0.015171,0.006908,-0.006653,-0.004928,0.005051
975.000000,0.014927,0.009300,-0.004825,-0.004388,0.006903
976.000000,0.013799,0.010709,-0.006450,-0.004446,0.003745
977.000000,0.012851,0.012183,-0.005155,-0.003400,0.020963
978.000000,0.003140,0.008854,-0.005761,-0.004062,-0.020963
979.000000,0.000629,0.007900,-0.007044,-0.004805,-0.007505
980.000000,0.001619,0.008273,-0.005682,-0.003935,0.011857
981.000000,-0.002382,0.005708,-0.006963,-0.004770,-0.016261
982.000000,-0.004817,0.004017,0.005686,-0.003385,0.008789
983.000000,-0.001375,0.000882,0.004562,-0.003828,-0.003757
984.000000,0.002123,0.001376,0.004142,-0.003977,0.009988
985.000000,-0.003126,-0.000753,0.004273,-0.003468,-0.014389
986.000000,0.001758,-0.000312,0.005199,-0.004404,0.008158
987.000000,-0.001758,-0.003287,0.004448,-0.004532,-0.008789
988.000000,0.006177,0.002401,0.005628,-0.003040,0.035917
989.000000,0.010408,0.006265,0.007083,-0.002608,0.031140
990.000000,0.020807,0.008841,0.008557,-0.000841,0.037609
991.000000,0.024775,0.013266,0.009487,-0.000220,0.027997
992.000000,0.024200,0.011221,0.007619,0.007531,-0.011664
993.000000,0.019680,0.012929,0.006905,0.007351,0.013319
994.000000,0.014771,0.012589,0.006983,0.006958,0.006593
995.000000,0.001809,0.011308,0.005277,0.006618,-0.027201
996.000000,-0.003566,0.010605,0.005146,0.007001,0.001125
997.000000,-0.001120,0.011540,0.004126,0.006812,0.000562
998.000000,-0.002329,0.008676,0.005538,0.006644,0.007277
999.000000,-0.000658,0.007056,0.006661,0.007074,0.014946
1000.000000,0.006096,0.003953,0.006397,0.007022,0.006572
1001.000000,-0.000789,-0.002177,0.005545,0.005599,-0.033299
1002.000000,-0.000450,-0.000785,0.005218,0.004818,0.002255
1003.000000,0.000000,-0.001164,0.005882,0.004216,0.009527
1004.000000,-0.005684,-0.003171,0.004709,0.003598,-0.013476
1005.000000,-0.007565,-0.000734,0.005287,0.003274,-0.002830
1006.000000,-0.000339,-0.000564,0.005021,0.003243,0.002830
1007.000000,-0.001810,-0.001130,0.005205,0.002374,-0.005101
1008.000000,0.001001,0.000501,0.004588,0.003859,0.023583
1009.000000,0.001127,-0.002279,0.002389,0.003681,-0.012846
1010.000000,0.001356,-0.003104,0.000424,0.003230,-0.001688
1011.000000,-0.001134,-0.000736,-0.001457,0.003451,-0.009618
1012.000000,0.003827,0.001008,0.000112,0.003815,0.019702
1013.000000,-0.001001,0.000000,-0.000582,0.003921,-0.000558
1014.000000,-0.004548,-0.001710,-0.002441,0.002569,-0.030580
1015.000000,-0.003751,-0.001198,-0.000966,0.003125,0.002298
1016.000000,-0.009190,-0.005162,-0.002863,0.001626,-0.036814
1017.000000,-0.008425,-0.002299,-0.001714,0.002704,0.023530
1018.000000,-0.009129,-0.005065,-0.002282,0.001370,-0.004078
1019.000000,-0.006784,-0.005666,-0.003972,-0.000296,-0.018857
1020.000000,-0.008198,-0.005975,-0.004539,-0.001709,-0.004770
1021.000000,0.000832,-0.004179,-0.002458,-0.002364,0.008333
1022.000000,-0.003993,-0.006209,-0.002600,-0.001995,-0.000593
1023.000000,-0.004367,-0.006748,-0.003374,-0.002637,-0.005949
1024.000000,0.000713,-0.003036,-0.002373,-0.002639,0.006542
1025.000000,-0.005453,-0.006826,-0.004012,-0.002919,-0.035600
1026.000000,-0.005529,-0.002349,-0.003755,-0.002692,0.007954
1027.000000,-0.000713,-0.002353,-0.002326,-0.001927,0.023488
1028.000000,-0.003006,-0.003687,-0.004376,-0.002750,-0.017413
1029.000000,-0.002866,-0.001077,-0.003371,-0.003007,0.007242
1030.000000,0.002685,-0.001384,-0.003679,-0.003488,-0.007848
1031.000000,-0.000244,-0.002887,-0.003533,-0.002601,-0.006689
1032.000000,-0.003604,-0.002158,-0.004184,-0.002453,0.006689
1033.000000,0.004314,0.000654,-0.003047,-0.002031,0.022177
1034.000000,0.005340,0.001237,-0.000899,-0.001170,0.012371
1035.000000,0.008426,0.005555,-0.000635,-0.000823,0.007582
1036.000000,0.007308,0.003532,0.000592,-0.001326,-0.012277
1037.000000,0.006558,0.001477,-0.000438,-0.001058,0.002937
1038.000000,0.000710,0.002512,-0.000587,-0.002080,-0.007063
1039.000000,0.003597,0.004469,0.001696,-0.000758,0.026808
1040.000000,-0.001868,0.003279,0.000947,-0.001360,-0.019745
1041.000000,0.002223,0.004766,0.000940,-0.000767,0.008178
1042.000000,-0.001059,0.002750,0.000296,-0.001873,-0.013470
1043.000000,-0.000118,0.000296,0.000475,-0.001933,-0.002361
1044.000000,-0.006072,-0.001237,0.000000,-0.001012,-0.002959
1045.000000,-0.001886,-0.001877,0.001839,-0.001049,0.001185
1046.000000,0.009764,0.005993,0.004763,0.002392,0.066424
1047.000000,0.020813,0.009877,0.005677,0.003000,0.041774
1048.000000,0.023189,0.011535,0.007024,0.003454,0.009519
1049.000000,0.020918,0.007423,0.005946,0.003605,-0.014312
1050.000000,0.021533,0.009824,0.006551,0.003906,0.004262
1051.000000,0.006540,0.008152,0.006459,0.003344,-0.008542
1052.000000,-0.006810,0.007001,0.004876,0.002531,-0.024974
1053.000000,-0.003719,0.009735,0.005015,0.003562,0.024974
1054.000000,0.002652,0.011785,0.005274,0.003928,0.017540
1055.000000,0.001483,0.011508,0.004816,0.005062,-0.001582
1056.000000,0.006021,0.006281,0.006137,0.005269,0.014147
1057.000000,0.009868,0.001529,0.005703,0.004294,-0.005740
1058.000000,0.002663,-0.000528,0.005504,0.004507,-0.011050
1059.000000,-0.001269,0.000692,0.004057,0.004194,-0.002119
1060.000000,-0.008517,-0.003517,0.003154,0.003195,-0.037822
1061.000000,-0.011236,-0.002607,0.002772,0.003437,0.000551
1062.000000,-0.011081,-0.000607,0.003197,0.003048,-0.004966
1063.000000,-0.007438,-0.002388,0.003674,0.002548,0.007165
1064.000000,-0.009668,-0.005468,0.003158,0.001693,-0.013267
1065.000000,-0.001659,-0.005088,0.003210,0.001515,0.002223
1066.000000,0.000988,-0.005124,0.000578,0.002383,0.013786
1067.000000,0.003509,-0.003786,-0.001128,0.002540,0.007638
1068.000000,-0.000770,-0.004104,-0.002316,0.002301,-0.014231
1069.000000,-0.001340,-0.005504,-0.002406,0.000870,-0.016116
1070.000000,-0.008971,-0.005315,-0.004416,0.000331,-0.035932
1071.000000,-0.009764,-0.004388,-0.003498,0.000386,0.009824
1072.000000,-0.011061,-0.003776,-0.002191,0.000873,0.001149
1073.000000,-0.007756,-0.004263,-0.003325,0.001028,0.002295
1074.000000,-0.004992,-0.003166,-0.004317,0.001050,-0.002295
1075.000000,0.003226,-0.002873,-0.003980,0.001183,0.005156
1076.000000,-0.000115,-0.004939,-0.005032,-0.001261,-0.006881
1077.000000,-0.002776,-0.006919,-0.005352,-0.003059,-0.012156
1078.000000,-0.000804,-0.004280,-0.004192,-0.002971,0.012156
1079.000000,0.000115,-0.002438,-0.003971,-0.002417,0.002299
1080.000000,0.003736,0.003481,-0.000917,-0.001784,0.023263
1081.000000,0.010862,0.005373,0.000493,-0.000541,0.028747
1082.000000,0.013620,0.005422,0.000823,0.000346,0.001634
1083.000000,0.017191,0.008194,0.001965,0.000514,0.030013
1084.000000,0.019250,0.009682,0.003258,0.000349,0.012592
1085.000000,0.014075,0.008906,0.003017,0.000315,-0.002610
1086.000000,0.012567,0.011714,0.003388,0.000550,0.021206
1087.000000,0.012955,0.013288,0.003184,0.000861,0.003576
1088.000000,0.009285,0.013238,0.004479,0.001618,0.011660
1089.000000,0.008972,0.014111,0.005836,0.002056,0.011028
1090.000000,0.008795,0.011435,0.007458,0.003200,-0.003496
1091.000000,-0.011480,0.000543,0.002958,0.000510,-0.080168
1092.000000,-0.014156,-0.000600,0.002411,0.000348,-0.009804
1093.000000,-0.018137,-0.004426,0.001884,-0.000165,-0.008244
1094.000000,-0.019461,-0.005245,0.002219,0.000424,0.004405
1095.000000,-0.021083,-0.006144,0.001381,-0.000037,-0.011606
1096.000000,-0.008752,-0.010116,0.000799,-0.001114,-0.018514
1097.000000,-0.010103,-0.012130,0.000579,-0.001920,-0.016558
1098.000000,-0.006735,-0.012436,0.000401,-0.001159,0.008599
1099.000000,-0.007844,-0.013653,0.000229,-0.000660,-0.001142
1100.000000,-0.015962,-0.018523,-0.003544,-0.001202,-0.052196
1101.000000,-0.016642,-0.012697,-0.006077,-0.002260,-0.021912
1102.000000,-0.012839,-0.011471,-0.006036,-0.002216,0.002459
1103.000000,-0.013456,-0.010096,-0.007261,-0.002109,0.005510
1104.000000,-0.013839,-0.010842,-0.008043,-0.002135,-0.003057
1105.000000,-0.006610,-0.011286,-0.008715,-0.002842,-0.016050
1106.000000,-0.006251,-0.011446,-0.010781,-0.003283,-0.020114
1107.000000,-0.007633,-0.010236,-0.011183,-0.003026,-0.004454
1108.000000,-0.009886,-0.011671,-0.012054,-0.003623,-0.005756
1109.000000,-0.010950,-0.012394,-0.013024,-0.003979,-0.008374
1110.000000,-0.003642,-0.005126,-0.011824,-0.004071,0.020487
1111.000000,0.001392,-0.002429,-0.007563,-0.004861,0.005057
1112.000000,-0.000767,-0.004200,-0.007835,-0.005424,-0.015248
1113.000000,-0.004279,-0.007083,-0.008589,-0.007201,-0.023317
1114.000000,-0.002735,-0.006842,-0.008842,-0.007643,-0.000656
1115.000000,-0.007227,-0.005434,-0.008360,-0.007622,-0.001969
1116.000000,-0.007975,-0.003292,-0.007369,-0.008285,0.001313
1117.000000,-0.003097,-0.001932,-0.006084,-0.008099,0.009144
1118.000000,-0.000394,-0.002336,-0.007004,-0.008814,-0.009801
1119.000000,-0.002109,-0.002422,-0.007408,-0.009490,-0.009235
1120.000000,-0.005057,-0.006142,-0.005634,-0.009930,-0.016706
1121.000000,-0.008307,-0.008141,-0.005285,-0.007756,-0.014936
1122.000000,-0.011095,-0.007096,-0.005648,-0.007589,-0.004799
1123.000000,-0.011625,-0.006009,-0.006546,-0.007729,-0.012448
1124.000000,-0.010335,-0.006222,-0.006532,-0.007969,-0.002787
1125.000000,-0.005742,-0.005399,-0.005417,-0.007373,0.006261
1126.000000,0.000683,-0.003812,-0.003552,-0.006183,0.017188
1127.000000,0.009004,-0.001046,-0.001489,-0.004404,0.036806
1128.000000,0.008047,-0.001789,-0.002062,-0.005265,-0.017230
1129.000000,0.015309,0.002487,0.000032,-0.004110,0.033523
1130.000000,0.013020,0.003639,-0.001251,-0.002543,-0.005185
1131.000000,0.009842,0.005263,-0.001439,-0.001769,0.001299
1132.000000,0.004547,0.006775,-0.000160,-0.001507,0.010329
1133.000000,0.003315,0.005681,-0.000164,-0.002470,-0.023393
1134.000000,-0.009126,0.003092,-0.001565,-0.003324,-0.028678
1135.000000,-0.002616,0.005202,-0.000099,-0.001877,0.027362
1136.000000,-0.000911,0.004466,0.000327,-0.000879,0.009826
1137.000000,-0.002196,0.001176,0.000065,-0.000601,0.003904
1138.000000,0.001180,0.002247,0.000229,-0.000626,-0.006515
1139.000000,0.006916,-0.001105,0.000691,-0.000347,0.000000
1140.000000,0.003265,0.000324,0.001982,-0.000726,0.009109
1141.000000,0.004129,0.001609,0.003436,-0.000423,0.014148
1142.000000,0.003731,0.000768,0.003772,0.000149,0.001914
1143.000000,0.009197,0.005188,0.005435,0.001620,0.020814
1144.000000,0.011555,0.009235,0.006164,0.002035,0.011790
1145.000000,0.000517,0.001891,0.003547,0.000565,-0.046079
1146.000000,0.000765,0.002447,0.003456,0.001034,0.015385
1147.000000,0.000763,0.002247,0.001712,0.000792,0.001907
1148.000000,-0.005185,0.002006,0.002127,0.000821,-0.008929
1149.000000,-0.008314,0.001621,0.000258,0.001001,-0.003851
1150.000000,-0.002601,-0.001042,-0.000359,0.000974,-0.017516
1151.000000,-0.005940,-0.002587,-0.000489,0.001428,-0.001310
1152.000000,-0.005928,-0.002582,-0.000907,0.001654,0.001964
1153.000000,-0.006246,-0.005716,-0.000264,0.001718,-0.010519
1154.000000,0.017477,0.004582,0.006909,0.005636,0.114768
1155.000000,0.019442,0.008421,0.005156,0.005171,-0.007690
1156.000000,0.021360,0.007710,0.005079,0.004874,0.008279
1157.000000,0.019312,0.006692,0.004469,0.003372,-0.008279
1158.000000,0.020344,0.007049,0.004527,0.003767,-0.005359
1159.000000,-0.004891,0.006293,0.003957,0.002270,-0.011408
1160.000000,-0.006641,0.006401,0.002679,0.001894,-0.016439
1161.000000,-0.005130,0.008115,0.002764,0.002379,0.015835
1162.000000,-0.005539,0.006886,0.002152,0.001691,-0.010325
1163.000000,-0.003736,0.008304,0.001294,0.002592,0.003656
1164.000000,-0.005634,-0.005263,-0.000340,0.002851,-0.020898
1165.000000,-0.001232,-0.003936,0.002242,0.002125,0.005574
1166.000000,-0.004893,-0.005012,0.001349,0.001715,-0.002474
1167.000000,-0.003946,-0.004743,0.000975,0.001399,-0.005588
1168.000000,-0.005426,-0.004581,0.001234,0.001491,-0.003743
1169.000000,-0.001121,-0.003378,0.001458,0.001512,0.000625
1170.000000,-0.000247,-0.000739,0.002831,0.001540,0.009944
1171.000000,0.002094,-0.001399,0.003358,0.001376,0.009234
1172.000000,0.002967,-0.000490,0.003198,0.001271,-0.001226
1173.000000,0.004328,-0.000549,0.003877,0.000680,0.003063
1174.000000,0.006755,0.002817,-0.001223,0.000712,0.012762
1175.000000,0.007167,0.003460,-0.000238,0.002648,0.012005
1176.000000,0.000245,0.001170,-0.001921,0.001289,-0.025379
1177.000000,0.002560,0.002763,-0.000990,0.001571,0.010350
1178.000000,0.002673,0.003501,-0.000540,0.001989,0.003628
1179.000000,0.000603,0.003679,0.000151,0.002198,0.002411
1180.000000,-0.000358,0.003405,0.001333,0.003022,0.007199
1181.000000,0.009092,0.004669,0.001635,0.003795,0.021875
1182.000000,0.009579,0.006070,0.002790,0.004155,0.012783
1183.000000,0.010235,0.006454,0.002952,0.004736,0.006905
1184.000000,0.016184,0.008394,0.005605,0.001983,0.032161
1185.000000,0.012511,0.006077,0.004768,0.001867,-0.011167
1186.000000,0.013455,0.011274,0.006222,0.002477,0.026594
1187.000000,0.007368,0.008474,0.005619,0.002165,-0.017651
1188.000000,0.008531,0.009383,0.006442,0.002767,0.012718
1189.000000,0.006662,0.011423,0.007551,0.003908,0.022815
1190.000000,0.014613,0.013562,0.008483,0.005409,0.028589
1191.000000,0.012812,0.013134,0.008901,0.005468,0.017590
1192.000000,0.016854,0.012111,0.009091,0.005897,0.002561
1193.000000,0.014515,0.011523,0.008988,0.005809,0.001022
1194.000000,0.012390,0.009526,0.008960,0.006912,0.012189
1195.000000,0.014396,0.014505,0.010291,0.008014,0.038619
1196.000000,0.016245,0.014529,0.012901,0.008991,0.026834
1197.000000,0.023523,0.020188,0.014331,0.010475,0.038948
1198.000000,0.025039,0.019777,0.014580,0.010887,0.008603
1199.000000,0.015254,0.013822,0.012623,0.009641,-0.036735
1200.000000,0.009021,0.011709,0.012635,0.009558,0.007456
1201.000000,0.004950,0.010598,0.011866,0.009467,0.006479
1202.000000,-0.002287,0.010618,0.011365,0.009600,0.002764
1203.000000,-0.002906,0.011066,0.011295,0.009681,0.005505
1204.000000,0.006081,0.010667,0.010097,0.009529,0.008201
1205.000000,0.005133,0.007077,0.010791,0.009219,0.002719
1206.000000,0.004018,0.004484,0.009506,0.010096,0.000905
1207.000000,0.008642,0.003178,0.011683,0.010613,0.025883
1208.000000,0.004791,0.000942,0.010360,0.010034,-0.013750
1209.000000,0.001447,0.003764,0.008793,0.009670,-0.008522
1210.000000,-0.000272,0.002431,0.007070,0.009234,-0.005873
1211.000000,0.002248,0.003133,0.006865,0.008955,0.013502
1212.000000,-0.001681,0.003481,0.007049,0.008737,0.006239
1213.000000,-0.000537,0.002127,0.006597,0.008239,-0.008029
1214.000000,0.000090,0.000768,0.005718,0.006987,-0.005388
1215.000000,-0.004028,-0.002150,0.002464,0.006477,-0.026461
1216.000000,0.003281,0.002764,0.003624,0.007259,0.050044
1217.000000,-0.002773,-0.002227,0.000475,0.007046,-0.024033
1218.000000,-0.006926,-0.003731,-0.001394,0.005663,-0.028789
1219.000000,0.000180,0.000135,0.001949,0.005907,0.030139
1220.000000,0.004571,0.000271,0.001351,0.004804,-0.004509
1221.000000,-0.007619,-0.002169,0.000482,0.003854,-0.010904
1222.000000,-0.003545,-0.003159,0.000161,0.003646,-0.003661
1223.000000,-0.000650,-0.003788,-0.000830,0.003135,-0.014316
1224.000000,-0.005935,-0.002878,-0.001055,0.002853,0.003714
1225.000000,-0.003372,0.000599,-0.000775,0.001842,0.008306
1226.000000,-0.001283,-0.004451,-0.000843,0.000932,-0.000460
1227.000000,-0.009195,-0.006370,-0.004299,-0.001806,-0.043220
1228.000000,0.001852,0.000601,-0.001565,-0.000729,0.040918
1229.000000,0.000463,-0.002736,-0.001301,0.000388,-0.003231
1230.000000,0.004004,0.000316,0.000294,0.001006,0.026011
1231.000000,0.009166,0.003941,0.000886,0.001635,0.025352
1232.000000,0.013997,0.002401,-0.000379,0.000907,-0.019065
1233.000000,0.006974,0.004413,0.000313,0.000917,0.005802
1234.000000,0.009569,0.005016,0.001069,0.000969,0.009743
1235.000000,0.007515,0.005759,0.003179,0.001403,0.015741
1236.000000,0.003224,0.006195,0.000872,0.001503,0.003897
1237.000000,0.004252,0.009124,0.001377,0.000176,-0.013925
1238.000000,-0.005322,0.000826,0.000713,-0.000768,-0.042064
1239.000000,-0.008186,0.000691,-0.001023,-0.000637,-0.004581
1240.000000,-0.012994,-0.002740,-0.001212,-0.000718,-0.008299
1241.000000,-0.016947,-0.006862,-0.001460,-0.001696,-0.015866
1242.000000,-0.011081,-0.003415,-0.000507,-0.001391,0.015403
1243.000000,-0.002576,-0.003949,0.000232,-0.001108,0.000463
