0.000000,-1234.000000,-1234.000000,-1234.000000,-1234.000000,-1234.000000
1.000000,-1234.000000,-1234.000000,-1234.000000,-1234.000000,-1234.000000
2.000000,0.003831,0.002026,0.000825,0.000558,0.005946
3.000000,0.004134,0.002308,0.001114,0.000662,0.004732
4.000000,0.003808,0.002346,0.001092,0.000648,0.001179
5.000000,0.003629,0.003016,0.001187,0.000831,0.005095
6.000000,0.003469,0.003216,0.001266,0.000844,0.000391
7.000000,0.003293,0.003562,0.001781,0.001080,0.005067
8.000000,0.002113,0.003123,0.001823,0.000908,-0.001167
9.000000,0.000157,0.001983,0.001353,0.000634,-0.008601
10.000000,-0.000626,0.001501,0.001432,0.000794,0.001177
11.000000,-0.000862,0.001304,0.001272,0.000768,-0.000785
12.000000,-0.002583,0.000355,0.001191,0.000668,-0.003538
13.000000,-0.003139,-0.000513,0.000898,0.000572,-0.003946
14.000000,-0.002290,-0.001067,0.000639,0.000373,-0.004359
15.000000,-0.002288,-0.001457,0.000780,0.000306,0.001191
16.000000,-0.002607,-0.001734,0.000741,0.000266,-0.002383
17.000000,-0.003737,-0.003160,0.000201,0.000134,-0.009187
18.000000,-0.003028,-0.003083,0.000020,0.000188,-0.000401
19.000000,-0.002076,-0.002183,-0.000100,0.000174,0.000401
20.000000,-0.001114,-0.001701,-0.000100,0.000388,0.006001
21.000000,-0.000797,-0.001702,-0.000199,0.000281,-0.000798
22.000000,0.001120,-0.001308,-0.000477,0.000358,0.000399
23.000000,0.001918,-0.000555,-0.000534,0.000413,0.003585
24.000000,0.001758,-0.000159,-0.000613,0.000373,-0.000398
25.000000,0.001352,0.000119,-0.000669,0.000559,0.003970
26.000000,0.000717,-0.000040,-0.000887,0.000481,-0.003970
27.000000,0.000796,0.000958,-0.001101,0.000454,0.000795
28.000000,0.000556,0.001237,-0.000923,0.000426,0.002382
29.000000,0.000635,0.001197,-0.000493,0.000332,0.000000
30.000000,0.000238,0.000795,-0.000453,0.000198,0.001981
31.000000,0.000635,0.000676,-0.000513,0.000093,-0.001981
32.000000,0.001110,0.000953,-0.000178,0.000000,0.003167
33.000000,0.000317,0.000436,-0.000059,-0.000210,-0.001582
34.000000,0.000396,0.000516,0.000178,-0.000237,0.000396
35.000000,0.001184,0.000711,0.000415,-0.000209,0.005918
36.000000,-0.001512,-0.000439,-0.000239,-0.000738,-0.015461
37.000000,-0.002066,-0.000478,0.000240,-0.000893,0.000399
38.000000,-0.001670,-0.000676,0.000280,-0.000841,0.000399
39.000000,-0.001909,-0.000756,0.000220,-0.000581,-0.000799
40.000000,-0.003092,-0.000954,-0.000080,-0.000620,0.000000
41.000000,-0.000080,-0.000796,-0.000060,-0.000607,-0.000400
42.000000,-0.000320,-0.001193,-0.000120,-0.000516,-0.000800
43.000000,-0.000640,-0.001155,-0.000359,-0.000424,-0.001201
44.000000,-0.000560,-0.001234,-0.000359,-0.000293,-0.000401
45.000000,-0.000401,-0.001746,-0.000518,-0.000306,0.000797
46.000000,-0.000400,-0.000240,-0.000339,-0.000239,-0.000396
47.000000,-0.000320,-0.000320,-0.000399,0.000053,-0.000401
48.000000,0.000320,-0.000160,-0.000418,0.000134,0.002001
49.000000,-0.000562,-0.000561,-0.000659,-0.000040,-0.004810
50.000000,-0.000721,-0.000561,-0.000758,-0.000240,0.000000
51.000000,-0.000803,-0.000601,-0.000699,-0.000240,-0.000804
52.000000,-0.000722,-0.000521,-0.000857,-0.000254,0.000000
53.000000,-0.000882,-0.000281,-0.000718,-0.000333,0.001206
54.000000,0.000080,-0.000241,-0.000738,-0.000320,0.000000
55.000000,0.000401,-0.000160,-0.000953,-0.000399,0.001605
56.000000,0.000963,0.000080,-0.000080,-0.000199,0.002003
57.000000,0.001043,0.000160,-0.000080,-0.000213,0.000400
58.000000,0.000882,0.000000,-0.000080,-0.000279,0.000400
59.000000,0.000962,0.000521,-0.000020,-0.000265,0.000400
60.000000,0.000800,0.000601,0.000020,-0.000305,0.000799
61.000000,0.000400,0.000681,0.000040,-0.000239,0.000000
62.000000,0.000320,0.000681,0.000080,-0.000344,0.000000
63.000000,0.000479,0.000680,0.000200,-0.000252,0.001197
64.000000,0.000080,0.000521,0.000140,-0.000318,-0.001597
65.000000,0.000797,0.000799,0.000319,-0.000369,0.004385
66.000000,0.000558,0.000479,0.000280,0.000106,-0.001194
67.000000,0.000639,0.000479,0.000320,0.000106,0.000402
68.000000,0.000955,0.000717,0.000359,0.000186,0.002779
69.000000,0.001354,0.000717,0.000619,0.000226,0.000397
70.000000,0.000556,0.000677,0.000639,0.000239,0.000397
71.000000,0.000874,0.000716,0.000699,0.000265,0.000397
72.000000,0.000873,0.000756,0.000719,0.000305,0.000396
73.000000,0.001108,0.001032,0.000856,0.000477,0.003956
74.000000,0.000396,0.000875,0.000698,0.000385,-0.003163
75.000000,0.000238,0.000397,0.000598,0.000345,-0.000396
76.000000,0.001107,0.000991,0.000735,0.000517,0.004743
77.000000,0.000317,0.000595,0.000537,0.000411,-0.003555
78.000000,0.000000,0.000554,0.000636,0.000424,0.002372
79.000000,0.000237,0.000317,0.000517,0.000518,-0.001976
80.000000,0.000870,0.000554,0.000615,0.000610,0.002765
81.000000,0.001101,0.001104,0.000910,0.000834,0.005900
82.000000,0.002471,0.001394,0.001075,0.000944,0.003297
83.000000,0.002199,0.001099,0.001066,0.000937,0.001008
84.000000,0.002906,0.001572,0.001223,0.000989,0.001561
85.000000,0.003984,0.002427,0.001412,0.001207,0.008154
86.000000,0.003807,0.002454,0.001722,0.001308,0.005014
87.000000,0.002299,0.002385,0.001490,0.001153,-0.004241
88.000000,0.002406,0.002303,0.001428,0.001191,0.001544
89.000000,0.001096,0.002001,0.001159,0.001012,-0.004989
90.000000,-0.001631,0.001176,0.000865,0.000802,-0.005482
91.000000,-0.003258,0.000274,0.000689,0.000698,-0.003124
92.000000,-0.002254,0.000023,0.000708,0.000724,0.000782
93.000000,-0.002250,0.000078,0.000589,0.000736,0.001562
94.000000,-0.001096,0.000000,0.000786,0.000816,0.000780
95.000000,0.001631,0.000000,0.001213,0.000941,0.008154
96.000000,0.001791,-0.000734,0.000860,0.000904,-0.002323
97.000000,0.001635,-0.000310,0.001038,0.000890,0.000000
98.000000,0.000701,-0.000775,0.000764,0.000694,-0.003106
99.000000,-0.000390,-0.000743,0.000629,0.000525,-0.004677
100.000000,-0.005675,-0.002022,-0.000423,-0.000097,-0.018271
101.000000,-0.005820,-0.002015,-0.000870,-0.000212,-0.003048
102.000000,-0.007342,-0.002854,-0.001416,-0.000479,-0.007611
103.000000,-0.008498,-0.003899,-0.001910,-0.000907,-0.008885
104.000000,-0.006753,-0.003572,-0.001786,-0.000667,0.004049
105.000000,-0.008007,-0.006841,-0.003421,-0.001472,-0.024541
106.000000,-0.007067,-0.006444,-0.003589,-0.001574,0.001655
107.000000,-0.004226,-0.005784,-0.003047,-0.001236,0.006593
108.000000,-0.003685,-0.006092,-0.003433,-0.001521,-0.006179
109.000000,-0.010365,-0.008559,-0.004651,-0.002434,-0.029352
110.000000,-0.009932,-0.008970,-0.005496,-0.003272,-0.022376
111.000000,-0.007154,-0.007110,-0.004563,-0.002950,0.015544
112.000000,-0.005496,-0.004861,-0.003857,-0.002564,0.014884
113.000000,-0.002914,-0.003299,-0.003599,-0.002373,0.006731
114.000000,0.001188,-0.004589,-0.004080,-0.002720,-0.008844
115.000000,0.004049,-0.002941,-0.004891,-0.003261,-0.008070
116.000000,-0.001289,-0.004222,-0.005333,-0.003800,-0.011149
117.000000,-0.005044,-0.005270,-0.005527,-0.003788,-0.003889
118.000000,-0.008567,-0.005740,-0.005916,-0.004202,-0.010882
119.000000,-0.006885,-0.002849,-0.005704,-0.004050,-0.000438
120.000000,-0.001198,0.001426,-0.003772,-0.003189,0.020369
121.000000,0.001717,0.000214,-0.003448,-0.002970,0.003426
122.000000,0.000778,-0.002133,-0.003497,-0.003283,-0.008587
123.000000,0.003126,-0.002720,-0.003010,-0.003306,0.000862
124.000000,0.004588,-0.001149,-0.002869,-0.003103,0.006870
125.000000,-0.000258,-0.000728,-0.001834,-0.003503,-0.003859
126.000000,-0.004322,-0.001302,-0.002762,-0.003989,-0.016894
127.000000,-0.005243,-0.002233,-0.003751,-0.004429,-0.013193
128.000000,-0.004004,-0.000439,-0.003089,-0.004090,0.007058
129.000000,-0.005114,-0.000263,-0.001556,-0.003890,0.001318
130.000000,-0.002159,-0.001208,0.000109,-0.002917,0.010915
131.000000,0.002518,-0.000902,-0.000344,-0.002599,0.006492
132.000000,0.004032,-0.000606,-0.001369,-0.002533,-0.005624
133.000000,0.001227,-0.001388,-0.002054,-0.002469,-0.006966
134.000000,0.000876,-0.002119,-0.001634,-0.002619,-0.000437
135.000000,-0.001832,-0.001996,-0.001362,-0.001888,-0.002626
136.000000,-0.004097,-0.000789,-0.001046,-0.002104,-0.004832
137.000000,-0.003413,0.000309,-0.000962,-0.002398,-0.002204
138.000000,-0.002108,-0.000441,-0.000440,-0.002206,-0.000441
139.000000,-0.004508,-0.001816,-0.001040,-0.001643,-0.012439
140.000000,-0.004520,-0.003176,-0.002192,-0.000986,-0.002686
141.000000,-0.003644,-0.003870,-0.002386,-0.001519,-0.000448
142.000000,-0.004499,-0.003956,-0.002281,-0.002231,-0.006478
143.000000,-0.005215,-0.003662,-0.002525,-0.002590,-0.004025
144.000000,-0.002791,-0.003650,-0.002884,-0.002306,-0.000317
145.000000,-0.003801,-0.004161,-0.003078,-0.002295,-0.007736
146.000000,-0.004352,-0.003998,-0.002394,-0.002030,-0.003203
147.000000,-0.004436,-0.004467,-0.002079,-0.002130,-0.006898
148.000000,-0.002802,-0.004009,-0.002225,-0.001629,0.004145
149.000000,-0.004122,-0.003456,-0.002636,-0.001845,-0.006917
150.000000,-0.002205,-0.003003,-0.003090,-0.002463,0.001849
151.000000,-0.000367,-0.002359,-0.003115,-0.002377,0.005987
152.000000,0.000553,-0.001941,-0.002949,-0.002168,-0.002298
153.000000,-0.001291,-0.002046,-0.002854,-0.002365,-0.005075
154.000000,-0.003265,-0.003693,-0.003672,-0.003154,-0.016787
155.000000,-0.006764,-0.004485,-0.004323,-0.003547,-0.015649
156.000000,-0.009882,-0.005125,-0.004561,-0.003304,-0.009602
157.000000,-0.011849,-0.005648,-0.005058,-0.003269,-0.012133
158.000000,-0.009568,-0.005430,-0.004719,-0.003293,0.006328
159.000000,-0.007477,-0.005371,-0.004414,-0.003548,-0.006328
160.000000,-0.002887,-0.004826,-0.003914,-0.003668,0.007298
161.000000,0.004106,-0.002888,-0.002624,-0.003039,0.025366
162.000000,0.007852,-0.001999,-0.001970,-0.002632,0.006594
163.000000,0.006492,-0.001538,-0.001792,-0.002415,-0.000470
164.000000,0.003773,-0.001852,-0.002773,-0.003065,-0.019925
165.000000,0.003078,0.000096,-0.002195,-0.002850,0.003826
166.000000,-0.002281,0.000912,-0.002106,-0.002737,-0.001433
167.000000,-0.004027,0.001912,-0.001868,-0.002734,-0.002134
168.000000,-0.004946,0.000773,-0.002328,-0.002888,-0.005062
169.000000,-0.001250,0.001262,-0.002055,-0.002522,-0.001445
170.000000,-0.002365,0.000357,-0.002235,-0.002491,-0.001752
171.000000,-0.002792,-0.002537,-0.002712,-0.002595,-0.003566
172.000000,-0.001591,-0.002809,-0.002404,-0.002250,0.003870
173.000000,-0.000675,-0.002810,-0.002174,-0.002132,-0.000483
174.000000,-0.001938,-0.001594,-0.001723,-0.002380,-0.007759
175.000000,-0.000713,-0.001539,-0.000722,-0.001976,0.004372
176.000000,0.000890,-0.000951,-0.000019,-0.001721,0.004450
177.000000,-0.000222,-0.000907,0.000503,-0.001547,-0.001690
178.000000,0.003353,0.001339,0.001056,-0.001106,0.017395
179.000000,0.003188,0.000625,0.000943,-0.001161,-0.008588
180.000000,0.001353,0.000320,0.000338,-0.001383,-0.004803
181.000000,-0.000019,0.000435,-0.001051,-0.001663,-0.002410
182.000000,-0.000068,-0.000145,-0.001477,-0.001651,-0.001932
183.000000,-0.002871,0.000241,-0.001285,-0.001369,0.003379
184.000000,0.000192,0.001690,0.000048,-0.000585,0.006724
185.000000,0.000000,0.000676,-0.000431,-0.000256,-0.005761
186.000000,0.000578,0.000280,-0.000336,0.000080,0.000481
187.000000,0.000869,0.000400,-0.000253,0.000469,-0.000481
188.000000,-0.000096,-0.001484,-0.000072,0.000210,-0.001445
189.000000,-0.001827,-0.000818,-0.000097,0.000356,-0.001931
190.000000,-0.000579,-0.000289,0.000015,0.000129,0.000483
191.000000,-0.001643,-0.000532,-0.000048,-0.000878,-0.004840
192.000000,-0.001838,-0.000485,-0.000315,-0.001146,-0.001457
193.000000,-0.003208,-0.001652,-0.000705,-0.001407,-0.008295
194.000000,-0.003117,-0.002472,-0.000391,-0.000792,-0.001476
195.000000,-0.003032,-0.001805,-0.000564,-0.000889,0.000907
196.000000,-0.002834,-0.002239,-0.000980,-0.000970,-0.003851
197.000000,-0.003727,-0.002783,-0.001191,-0.001096,-0.005923
198.000000,-0.001474,-0.002341,-0.001912,-0.000829,0.002971
199.000000,0.000001,-0.001558,-0.001188,-0.000584,0.005901
200.000000,0.000896,-0.001068,-0.000679,-0.000346,0.005383
201.000000,0.001959,-0.000438,-0.000485,-0.000178,0.001463
202.000000,0.005373,0.000823,0.000169,0.000064,0.011146
203.000000,0.005260,0.001893,0.000120,0.000161,0.002407
204.000000,0.004731,0.002366,-0.000053,0.000528,0.003254
205.000000,0.003099,0.001998,0.000096,0.000290,-0.002774
206.000000,0.002229,0.002094,-0.000072,0.000045,-0.002887
207.000000,-0.000966,0.002203,-0.000290,-0.000060,-0.004831
208.000000,-0.000674,0.002293,-0.000024,-0.000511,0.003867
209.000000,-0.001325,0.001703,0.000072,-0.000224,0.000000
210.000000,-0.000674,0.001213,0.000072,-0.000048,0.000482
211.000000,0.000193,0.001211,0.000387,0.000080,0.001445
212.000000,-0.000485,-0.000726,0.000049,-0.000129,-0.008219
213.000000,0.000096,-0.000289,0.000802,-0.000016,0.006773
214.000000,0.000386,-0.000470,0.000948,-0.000192,0.001445
215.000000,0.000000,-0.000337,0.000830,-0.000048,-0.001445
216.000000,-0.000579,-0.000193,0.000951,-0.000112,-0.001448
217.000000,0.001355,0.000435,0.001319,-0.000048,0.001448
218.000000,0.000000,0.000048,0.001171,0.000000,0.000000
219.000000,-0.001353,-0.000484,0.000610,-0.000113,-0.005318
220.000000,-0.001064,-0.000532,0.000340,-0.000129,0.000000
221.000000,-0.000483,-0.000531,0.000340,0.000081,0.001453
222.000000,-0.000579,0.000388,-0.000169,0.000162,0.000968
223.000000,-0.001258,-0.000629,-0.000459,0.000325,-0.003391
224.000000,0.001256,-0.000048,-0.000259,0.000616,0.007252
225.000000,0.001834,0.000385,0.000024,0.000682,0.002886
226.000000,0.005066,0.002291,0.001049,0.001397,0.017615
227.000000,0.003452,0.001436,0.000936,0.001358,-0.007104
228.000000,0.005645,0.002194,0.001121,0.001512,0.007576
229.000000,0.003154,0.002205,0.000861,0.001141,-0.005202
230.000000,0.001340,0.001587,0.000528,0.000756,-0.006183
231.000000,-0.003619,0.000723,0.000096,0.000468,-0.007182
232.000000,-0.002872,0.000290,0.000339,-0.000016,-0.003369
233.000000,-0.005936,-0.000146,-0.000387,-0.000354,-0.007744
234.000000,-0.004314,-0.000580,-0.000314,-0.000366,0.002911
235.000000,-0.003465,-0.001062,-0.000339,-0.000338,-0.001940
236.000000,-0.002807,-0.003213,-0.000461,-0.000372,-0.003891
237.000000,-0.004092,-0.003482,-0.001023,-0.000537,-0.009794
238.000000,-0.003727,-0.004832,-0.001319,-0.000863,-0.005923
239.000000,-0.002437,-0.003375,-0.000585,-0.000551,0.009362
240.000000,-0.005014,-0.004239,-0.001326,-0.001061,-0.014822
241.000000,-0.004136,-0.003471,-0.001374,-0.001093,0.000498
242.000000,-0.003776,-0.003934,-0.001822,-0.001085,-0.007992
243.000000,-0.003899,-0.003813,-0.001979,-0.001529,-0.006541
244.000000,-0.003064,-0.002751,-0.001665,-0.001126,0.013537
245.000000,-0.001098,-0.003056,-0.002059,-0.001244,-0.004993
246.000000,-0.001794,-0.002965,-0.003089,-0.001296,-0.002982
247.000000,-0.001712,-0.002744,-0.003113,-0.001597,-0.007584
248.000000,0.003105,-0.000397,-0.002614,-0.001012,0.017549
249.000000,0.001686,-0.000689,-0.002032,-0.000620,0.006440
250.000000,0.003178,0.001040,-0.001600,-0.000538,0.002466
251.000000,0.005638,0.001922,-0.000775,-0.000275,0.009316
252.000000,0.009000,0.003644,-0.000145,0.000000,0.009230
253.000000,0.008371,0.005738,0.000962,0.000593,0.014403
254.000000,0.007464,0.004575,0.000912,0.000415,0.001905
255.000000,0.007351,0.005264,0.001104,0.000382,0.001901
256.000000,0.009623,0.007630,0.002333,0.000484,0.020677
257.000000,0.007870,0.008435,0.002846,0.000736,0.000465
258.000000,0.005917,0.007144,0.003374,0.000638,0.004638
259.000000,0.004236,0.005850,0.002581,0.000595,-0.006500
260.000000,0.004321,0.005836,0.003438,0.000879,0.002326
261.000000,0.000279,0.004951,0.003436,0.001134,0.000465
262.000000,-0.000932,0.003469,0.003557,0.001060,-0.005589
263.000000,-0.000371,0.002773,0.004256,0.001566,0.007445
264.000000,0.002223,0.003230,0.003902,0.001685,0.006470
265.000000,0.000927,0.002624,0.003944,0.001611,-0.004154
266.000000,0.000464,0.000371,0.004001,0.001679,-0.001852
267.000000,0.001447,0.000258,0.004346,0.001983,-0.000672
268.000000,0.000185,-0.000093,0.003526,0.002218,0.001135
269.000000,-0.003625,-0.000701,0.002575,0.001487,-0.012585
270.000000,-0.000556,0.000186,0.003011,0.002354,0.011194
271.000000,0.000092,0.000278,0.002614,0.002384,0.001386
272.000000,-0.000515,0.000466,0.001968,0.002526,-0.003708
273.000000,-0.000650,-0.000232,0.001271,0.002760,0.000465
274.000000,0.002517,-0.000554,0.001338,0.002417,0.003248
275.000000,0.000741,0.000092,0.001358,0.002660,0.002313
276.000000,0.001202,0.000647,0.000509,0.002883,0.003690
277.000000,0.002953,0.001219,0.000738,0.003304,0.005052
278.000000,0.003501,0.001426,0.000667,0.002826,0.003201
279.000000,0.002851,0.002684,0.000992,0.002611,0.000000
280.000000,0.004659,0.002700,0.001443,0.002907,0.011351
281.000000,0.004552,0.002877,0.001577,0.002702,0.003155
282.000000,0.003811,0.003382,0.001924,0.002439,0.001349
283.000000,0.002631,0.003066,0.001417,0.001869,-0.002700
284.000000,0.002721,0.002786,0.001116,0.001821,0.000451
285.000000,0.000000,0.002329,0.001211,0.001682,-0.002255
286.000000,-0.000902,0.001825,0.001236,0.000948,-0.001355
287.000000,-0.000811,0.001500,0.001360,0.000992,0.001807
288.000000,-0.002905,-0.000137,0.000644,0.000399,-0.013173
289.000000,-0.002356,0.000182,0.001433,0.000722,0.003196
290.000000,-0.000814,-0.000407,0.001146,0.000826,0.005455
291.000000,-0.001361,-0.001131,0.000873,0.000674,-0.004088
292.000000,-0.002178,-0.001494,0.000944,0.000785,-0.002278
293.000000,-0.000458,-0.001681,0.000692,0.000384,-0.004572
294.000000,-0.001832,-0.002094,0.000346,0.000046,-0.003673
295.000000,-0.004585,-0.002700,-0.000185,-0.000093,-0.008314
296.000000,-0.005071,-0.003216,-0.000695,-0.000248,-0.006515
297.000000,-0.005270,-0.003724,-0.001112,-0.000335,-0.003273
298.000000,-0.003981,-0.002219,-0.001178,-0.000310,0.001872
299.000000,-0.003246,-0.002539,-0.001178,0.000109,0.000000
300.000000,-0.000371,-0.002478,-0.001443,-0.000062,0.006059
301.000000,0.002505,-0.001283,-0.001207,0.000154,0.007869
302.000000,0.003988,-0.000641,-0.001067,0.000416,0.004141
303.000000,0.003430,-0.000275,-0.000978,0.000370,-0.000919
304.000000,0.002786,-0.000230,-0.001162,0.000154,-0.003222
305.000000,0.002126,0.000877,-0.000911,0.000169,0.002762
306.000000,0.000552,0.001529,-0.000843,0.000046,0.000000
307.000000,-0.000920,0.001534,-0.001095,-0.000230,-0.003224
308.000000,-0.000184,0.001623,-0.000298,-0.000244,0.002764
309.000000,-0.000369,0.001208,-0.000665,-0.000383,-0.004148
310.000000,-0.000092,0.001017,-0.000731,-0.000623,0.004148
311.000000,-0.000184,0.000184,-0.000549,-0.000743,-0.000460
312.000000,0.000555,-0.000183,-0.000412,-0.000773,0.000469
313.000000,0.000643,0.000230,-0.000023,-0.000576,0.003205
314.000000,0.001839,0.000735,0.000252,-0.000530,0.001832
315.000000,0.000826,0.000367,0.000622,-0.000485,-0.000916
316.000000,0.000827,0.000321,0.000925,-0.000455,-0.000458
317.000000,0.000549,0.000552,0.001043,-0.000546,-0.000917
318.000000,0.000549,0.000596,0.001110,0.000000,0.003206
319.000000,0.000274,0.001057,0.001132,-0.000091,0.000457
320.000000,0.000183,0.000505,0.000761,-0.000319,-0.001372
321.000000,0.000275,0.000551,0.000367,-0.000183,0.000000
322.000000,0.000550,0.000550,0.000183,-0.000091,0.000458
323.000000,0.000000,0.000275,0.000252,0.000076,0.000457
324.000000,-0.002114,-0.000920,-0.000092,-0.000138,-0.010110
325.000000,-0.000275,-0.000046,0.000161,0.000400,0.007822
326.000000,-0.000092,0.000092,0.000206,0.000647,0.000916
327.000000,0.000091,0.000321,0.000436,0.000802,0.001373
328.000000,0.000730,0.000365,0.000481,0.000861,0.003651
329.000000,0.003843,0.000865,0.000961,0.001043,0.005452
330.000000,0.003453,0.001589,0.001047,0.001037,0.005873
331.000000,0.005064,0.002486,0.001518,0.001074,0.008969
332.000000,0.006832,0.003462,0.002006,0.001276,0.010216
333.000000,0.007160,0.003945,0.002110,0.001483,0.005289
334.000000,0.004923,0.004383,0.001732,0.001399,-0.005731
335.000000,0.004543,0.003998,0.001976,0.001440,0.003971
336.000000,0.002661,0.003862,0.001977,0.001425,-0.000440
337.000000,0.001672,0.004252,0.002286,0.001708,0.005272
338.000000,0.001140,0.004150,0.002257,0.001704,0.002626
339.000000,0.002897,0.003910,0.002387,0.001944,0.003055
340.000000,0.002103,0.003323,0.002456,0.001805,0.000000
341.000000,0.002278,0.002469,0.002478,0.001835,0.000436
342.000000,0.002006,0.001839,0.002650,0.001950,0.003912
343.000000,0.001229,0.001184,0.002565,0.001801,-0.001259
344.000000,0.001020,0.001958,0.003171,0.001807,0.002009
345.000000,0.001994,0.002048,0.003023,0.002000,0.004874
346.000000,0.002259,0.002268,0.003065,0.002074,0.001759
347.000000,0.000606,0.001306,0.002779,0.001960,-0.004350
348.000000,0.000165,0.000697,0.002423,0.001737,-0.003466
349.000000,-0.000411,0.000305,0.002107,0.001693,-0.000868
350.000000,-0.000778,0.000608,0.001965,0.001840,0.003036
351.000000,-0.004361,-0.001051,0.000709,0.001301,-0.016154
352.000000,-0.003051,-0.001222,0.000308,0.001360,0.002198
353.000000,-0.002270,-0.001052,0.000066,0.001359,0.000439
354.000000,-0.001482,-0.000946,0.000506,0.001798,0.003068
355.000000,-0.004467,-0.002623,-0.000287,0.001141,-0.011887
356.000000,-0.005172,-0.004766,-0.001249,0.000455,-0.019679
357.000000,-0.005702,-0.004376,-0.001535,0.000394,-0.000452
358.000000,-0.005149,-0.003709,-0.001506,0.000379,0.003203
359.000000,-0.005322,-0.003402,-0.001549,0.000271,0.002205
360.000000,-0.003575,-0.004021,-0.001706,-0.000030,-0.003151
361.000000,0.000721,-0.002225,-0.001638,-0.000269,0.001802
362.000000,0.002336,-0.001683,-0.001453,-0.000355,0.007622
363.000000,0.001069,-0.002040,-0.001546,-0.000636,-0.003131
364.000000,0.001968,-0.001677,-0.001312,-0.000222,0.006698
365.000000,0.003084,-0.000245,-0.001434,-0.000273,0.002431
366.000000,0.003568,0.002145,-0.001311,-0.000118,0.004222
367.000000,0.003014,0.002675,-0.000851,-0.000132,0.004851
368.000000,0.003904,0.002487,-0.000611,-0.000175,0.001319
369.000000,0.002916,0.002442,-0.000480,-0.000219,0.001756
370.000000,0.003130,0.003107,-0.000457,-0.000102,0.003503
371.000000,0.002198,0.002883,0.000329,-0.000131,-0.000437
372.000000,0.001665,0.002340,0.000328,-0.000189,0.002184
373.000000,0.002011,0.002958,0.000459,-0.000045,0.003049
374.000000,0.001834,0.002375,0.000349,-0.000083,0.000870
375.000000,0.001827,0.002479,0.001117,-0.000130,0.003471
376.000000,0.001828,0.002013,0.002079,-0.000203,-0.000433
377.000000,-0.000437,0.000614,0.001645,-0.000362,-0.009140
378.000000,0.000348,0.001179,0.001833,-0.000014,0.006972
379.000000,0.000000,0.000917,0.001679,-0.000014,-0.000869
380.000000,0.000346,0.001087,0.002097,0.000058,0.005202
381.000000,-0.000434,0.000697,0.001790,0.000452,-0.004333
382.000000,0.003468,0.001516,0.001928,0.000724,0.010367
383.000000,0.001039,0.000694,0.001826,0.000537,-0.005170
384.000000,0.000521,0.000260,0.001318,0.000319,-0.003462
385.000000,-0.002086,-0.000870,0.000804,0.000455,-0.007833
386.000000,-0.001832,-0.001133,0.000440,0.001008,-0.003063
387.000000,-0.004081,-0.000307,0.000154,0.000994,-0.000877
388.000000,-0.002084,-0.000522,0.000328,0.001048,0.004813
389.000000,-0.002092,-0.000785,0.000066,0.000858,-0.003498
390.000000,0.000454,-0.000816,0.000135,0.001126,0.004894
391.000000,0.000991,-0.000421,0.000138,0.001053,-0.000379
392.000000,0.001573,-0.001254,0.000131,0.000867,0.002034
393.000000,0.000610,-0.000737,-0.000022,0.000971,0.000000
394.000000,0.001223,-0.000434,-0.000087,0.000734,-0.000435
395.000000,0.000157,0.000305,-0.000282,0.000638,-0.000435
396.000000,-0.002663,-0.000836,-0.000984,0.000015,-0.014477
397.000000,-0.004222,-0.001325,-0.000816,-0.000339,-0.005761
398.000000,-0.004756,-0.002073,-0.001298,-0.000472,-0.002670
399.000000,-0.005383,-0.002080,-0.001433,-0.000650,-0.003571
400.000000,-0.003692,-0.001768,-0.001292,-0.000499,0.008018
401.000000,0.000265,-0.001199,-0.000810,-0.000307,0.005310
402.000000,0.002561,-0.000830,-0.001042,-0.000190,0.005721
403.000000,0.004930,0.000087,-0.000325,0.000014,0.009172
404.000000,0.005296,-0.000044,-0.000239,-0.000073,-0.001741
405.000000,0.004735,0.000521,0.000413,-0.000014,0.005213
406.000000,0.003846,0.002056,0.000610,0.000029,0.000866
407.000000,0.002875,0.002718,0.000697,0.000362,0.000865
408.000000,0.002592,0.003761,0.000844,0.000389,0.007755
409.000000,0.002166,0.003731,0.000825,0.000288,-0.003870
410.000000,0.000260,0.002497,0.000365,-0.000029,-0.004318
411.000000,-0.000868,0.001489,0.000145,-0.000043,-0.004771
412.000000,-0.000173,0.001351,0.000260,-0.000244,0.004338
413.000000,-0.001638,0.000477,0.000282,-0.000058,0.000433
414.000000,0.000258,0.001212,0.000584,0.000245,0.005610
415.000000,-0.000780,-0.000260,0.000130,0.000189,-0.009512
416.000000,-0.000261,-0.000564,0.000746,0.000218,-0.002174
417.000000,-0.000173,-0.000173,0.001273,0.000407,0.004777
418.000000,-0.002088,-0.001863,0.000949,-0.000058,-0.009140
419.000000,-0.003210,-0.001476,0.001128,0.000058,0.000000
420.000000,-0.003594,-0.002187,0.000155,-0.000486,-0.011434
421.000000,-0.003957,-0.002109,-0.000310,-0.000606,-0.003988
422.000000,-0.005090,-0.002632,-0.000640,-0.000704,-0.000888
423.000000,-0.003173,-0.002631,-0.001077,-0.000689,0.000444
424.000000,-0.003084,-0.003147,-0.000967,-0.000660,0.000444
425.000000,-0.000975,-0.002285,-0.001273,-0.000675,-0.000888
426.000000,-0.001726,-0.002841,-0.001703,-0.000450,-0.007741
427.000000,-0.001426,-0.003258,-0.001716,-0.000238,0.000609
428.000000,-0.002773,-0.002973,-0.002418,-0.000358,-0.006291
429.000000,-0.002233,-0.002659,-0.002067,-0.000134,0.003148
430.000000,-0.001427,-0.001201,-0.001694,-0.000297,0.003138
431.000000,0.000121,-0.000803,-0.001456,-0.000474,0.000000
432.000000,-0.000718,-0.001072,-0.001852,-0.000784,-0.003587
433.000000,0.001168,-0.000803,-0.001717,-0.000985,0.003140
434.000000,0.001111,-0.000561,-0.001854,-0.000832,0.002862
435.000000,0.000447,-0.000490,-0.001387,-0.001012,-0.000179
436.000000,0.000893,0.000507,-0.001167,-0.000966,0.002231
437.000000,0.001878,0.000580,-0.001339,-0.000951,0.001336
438.000000,0.002404,0.001786,-0.000594,-0.001017,0.005769
439.000000,0.001211,0.001161,-0.000749,-0.000991,-0.003102
440.000000,0.000980,0.000714,-0.000244,-0.000892,-0.001332
441.000000,0.000534,0.000714,-0.000044,-0.000733,0.000000
442.000000,0.000799,0.001339,0.000133,-0.000788,0.002663
443.000000,-0.000443,0.000980,0.000089,-0.000818,-0.000443
444.000000,0.001062,0.001137,0.000288,-0.000857,0.004425
445.000000,0.000266,0.000623,0.000067,-0.000717,-0.005312
446.000000,0.000612,0.000573,0.000540,-0.000587,0.001730
447.000000,-0.000444,0.000178,0.000379,-0.000834,-0.002618
448.000000,-0.000266,-0.000355,0.000716,-0.000514,0.000444
449.000000,-0.000442,0.000310,0.000735,-0.000396,0.003546
450.000000,0.001856,0.001061,0.000887,0.000191,0.006176
451.000000,0.003087,0.001849,0.001282,0.000587,0.007884
452.000000,0.003173,0.001365,0.001352,0.000544,-0.002184
453.000000,0.004044,0.001889,0.001435,0.000689,0.004798
454.000000,0.003422,0.001490,0.001313,0.000689,0.000435
455.000000,0.002274,0.002065,0.001344,0.000733,0.000435
456.000000,0.001218,0.002152,0.001363,0.001078,0.002605
457.000000,0.001828,0.002501,0.001339,0.001086,0.000867
458.000000,0.000348,0.002196,0.000921,0.001209,-0.002603
459.000000,0.000261,0.001841,0.001076,0.001104,0.000000
460.000000,0.001179,0.001726,0.001394,0.001167,0.005026
461.000000,0.000000,0.000609,0.001229,0.001057,-0.003290
462.000000,0.000519,0.001174,0.001269,0.001292,0.003463
463.000000,0.000973,0.000661,0.001275,0.001177,-0.000333
464.000000,0.001385,0.000823,0.001156,0.001150,0.002060
465.000000,0.000552,0.000866,0.001465,0.001185,0.000862
466.000000,0.002414,0.001207,0.001680,0.001311,0.006016
467.000000,0.001892,0.001206,0.001853,0.001295,0.000857
468.000000,0.002216,0.001595,0.001895,0.001145,0.001283
469.000000,0.002572,0.001979,0.001910,0.001377,0.003840
470.000000,0.002995,0.001774,0.001750,0.001520,0.002977
471.000000,0.002723,0.002569,0.001589,0.001676,0.004660
472.000000,0.003227,0.002560,0.001867,0.001699,0.003376
473.000000,0.002802,0.002509,0.001585,0.001686,-0.000843
474.000000,0.002202,0.002387,0.001605,0.001567,0.000843
475.000000,0.000509,0.001752,0.001309,0.001561,-0.005491
476.000000,-0.000254,0.001235,0.001221,0.001531,0.000847
477.000000,-0.000844,0.001192,0.001199,0.001633,0.000423
478.000000,-0.002802,0.000000,0.000797,0.001263,-0.010632
479.000000,-0.003056,-0.000427,0.000776,0.001131,-0.000428
480.000000,-0.001616,-0.000554,0.000610,0.000982,0.001709
481.000000,-0.002464,-0.001359,0.000605,0.000606,-0.003392
482.000000,-0.003499,-0.002172,0.000194,0.000521,-0.004754
483.000000,-0.002236,-0.002519,-0.000005,0.000217,-0.004314
484.000000,-0.003713,-0.003384,-0.000499,-0.000058,-0.007813
485.000000,-0.003706,-0.002661,-0.000455,-0.000014,0.001741
486.000000,-0.002941,-0.002702,-0.000734,-0.000087,0.000435
487.000000,-0.002862,-0.003180,-0.000994,-0.000261,-0.004357
488.000000,-0.002261,-0.002248,-0.001124,-0.000218,-0.001311
489.000000,-0.000436,-0.002074,-0.001251,-0.000174,0.001311
490.000000,-0.001580,-0.002643,-0.001598,-0.000474,-0.003977
491.000000,-0.003509,-0.003225,-0.002292,-0.000672,-0.009210
492.000000,-0.002726,-0.002794,-0.002483,-0.000802,-0.000443
493.000000,-0.002198,-0.002230,-0.002374,-0.000747,0.001327
494.000000,-0.000876,-0.000656,-0.002020,-0.000551,0.007922
495.000000,0.000446,-0.000567,-0.001614,-0.000492,0.002633
496.000000,0.002899,-0.000305,-0.001504,-0.000591,0.003057
497.000000,0.003249,0.000262,-0.001459,-0.000576,0.001307
498.000000,0.001585,-0.000307,-0.001277,-0.000852,-0.006993
499.000000,0.000527,-0.000175,-0.001125,-0.000892,0.002628
500.000000,0.000000,0.000223,-0.001210,-0.000991,0.000000
501.000000,0.000957,0.001928,-0.000648,-0.000885,0.007843
502.000000,0.000696,0.001972,-0.000411,-0.000998,0.000000
503.000000,0.003392,0.002489,0.000130,-0.000753,0.006489
504.000000,0.002866,0.001697,0.000520,-0.000781,0.000000
505.000000,0.003641,0.001821,0.000627,-0.000469,0.003873
506.000000,0.001987,0.001472,0.000584,-0.000512,-0.000430
507.000000,0.002244,0.001470,0.000866,-0.000483,0.001288
508.000000,0.001531,0.002462,0.001078,-0.000031,0.002923
509.000000,0.003336,0.003101,0.001463,0.000284,0.009023
510.000000,0.003069,0.003355,0.001789,0.000312,0.002541
511.000000,0.003324,0.002655,0.002292,0.000453,0.000846
512.000000,0.002643,0.002444,0.002208,0.000541,-0.002116
513.000000,0.002059,0.001795,0.002142,0.000685,0.000000
514.000000,0.000253,0.001794,0.001745,0.000945,-0.000004
515.000000,0.001517,0.002293,0.002057,0.001182,0.008859
516.000000,0.001851,0.002588,0.002030,0.001252,0.002516
517.000000,0.003193,0.002918,0.002194,0.001550,0.004596
518.000000,0.003610,0.002834,0.002648,0.001663,0.002082
519.000000,0.004109,0.002181,0.002641,0.001702,0.002493
520.000000,0.002752,0.002134,0.002745,0.001904,0.002073
521.000000,0.001834,0.001843,0.002249,0.002142,-0.002073
522.000000,0.001081,0.002137,0.002290,0.002184,0.000830
523.000000,-0.000083,0.001763,0.001779,0.002016,-0.003738
524.000000,0.000166,0.002138,0.001966,0.001876,0.003738
525.000000,-0.001998,0.000377,0.001335,0.001497,-0.008745
526.000000,-0.000998,0.000418,0.001503,0.001492,0.002923
527.000000,-0.002671,-0.000795,0.001062,0.001198,-0.007535
528.000000,-0.001001,-0.000542,0.001146,0.001585,0.004611
529.000000,-0.002168,-0.001001,0.000590,0.001427,-0.002093
530.000000,0.000418,-0.000790,0.000672,0.001567,0.004182
531.000000,0.000167,-0.000416,0.000713,0.001361,0.001668
532.000000,0.001507,-0.000582,0.000777,0.001333,-0.000834
533.000000,-0.001006,-0.001004,0.000380,0.000851,-0.007955
534.000000,-0.003296,-0.002732,-0.000297,0.000400,-0.013542
535.000000,-0.004901,-0.002242,-0.000932,0.000143,-0.003842
536.000000,-0.004466,-0.002150,-0.000866,0.000285,0.003842
537.000000,-0.003025,-0.000759,-0.000777,0.000455,0.006371
538.000000,0.000000,-0.000503,-0.000523,0.000596,0.007172
539.000000,0.000765,-0.001265,-0.001133,-0.000028,-0.009715
540.000000,0.002381,-0.001260,-0.001025,0.000028,0.004235
541.000000,0.001782,-0.001342,-0.000879,0.000028,0.000845
542.000000,0.001014,-0.001006,-0.000794,0.000183,0.002531
543.000000,-0.000169,-0.000085,-0.000544,0.000225,0.001259
544.000000,0.002866,0.001816,-0.000458,0.000407,0.005458
545.000000,0.002353,0.002367,0.000063,0.000168,0.001672
546.000000,-0.001526,0.000128,-0.001011,-0.000535,-0.018550
547.000000,-0.003484,-0.001235,-0.000997,-0.000930,-0.007260
548.000000,-0.002284,-0.001226,-0.000865,-0.000757,0.007260
549.000000,-0.002987,-0.000061,-0.000663,-0.000776,0.001943
550.000000,-0.002607,-0.000127,-0.000693,-0.000726,0.003574
551.000000,0.001103,-0.000211,-0.000777,-0.000656,0.000000
552.000000,0.003316,-0.000084,-0.000545,-0.000557,0.003801
553.000000,0.002116,-0.000084,-0.000084,-0.000391,0.001264
554.000000,0.002182,-0.000402,0.000707,-0.000440,0.002271
555.000000,0.001686,-0.000461,0.000953,-0.000112,0.001092
556.000000,0.003107,0.002105,0.001117,0.000028,0.007109
557.000000,0.002680,0.002998,0.000881,0.000334,0.001665
558.000000,0.002427,0.002272,0.000523,0.000181,0.000000
559.000000,0.001473,0.001828,0.000883,0.000167,-0.002499
560.000000,0.001838,0.001762,0.000817,0.000125,0.002915
561.000000,0.000167,0.001637,0.000713,0.000028,-0.001248
562.000000,0.000499,0.001589,0.000753,0.000166,0.003325
563.000000,0.000830,0.001629,0.000773,0.000487,0.001658
564.000000,0.001330,0.001402,0.000500,0.000938,0.000000
565.000000,0.000913,0.001375,0.000457,0.001094,0.000828
566.000000,0.001402,0.000784,0.001445,0.001006,0.001200
567.000000,0.002392,0.001445,0.002222,0.001069,0.008275
568.000000,0.002716,0.001773,0.002022,0.000939,0.003275
569.000000,0.002796,0.002063,0.001945,0.001277,0.000404
570.000000,0.003366,0.002139,0.001950,0.001258,0.003674
571.000000,0.002473,0.001938,0.001787,0.001121,-0.003261
572.000000,0.002202,0.002297,0.001943,0.001267,0.006918
573.000000,0.002276,0.002496,0.002062,0.001347,0.003643
574.000000,0.001385,0.002091,0.001746,0.001030,-0.004049
575.000000,-0.000571,0.001397,0.001386,0.000771,-0.006104
576.000000,0.000815,0.001644,0.001214,0.001511,0.003667
577.000000,-0.000406,0.000898,0.001172,0.001780,0.000813
578.000000,-0.001053,0.000611,0.001192,0.001552,0.000406
579.000000,-0.000162,0.000611,0.001337,0.001501,0.000406
580.000000,0.001869,0.000649,0.001394,0.001517,0.004052
581.000000,0.001135,0.000975,0.001457,0.001517,0.000000
582.000000,0.000406,0.000000,0.001149,0.001295,-0.002835
583.000000,-0.000488,-0.000771,0.000862,0.001118,-0.004063
584.000000,-0.001876,-0.001019,0.000536,0.000824,-0.006536
585.000000,-0.003426,-0.000779,0.000309,0.000665,-0.003695
586.000000,-0.003261,-0.001063,0.000291,0.000455,0.000822
587.000000,-0.003601,-0.001597,-0.000350,0.000249,-0.004531
588.000000,-0.007129,-0.003808,-0.001599,-0.000475,-0.021704
589.000000,-0.004895,-0.003386,-0.001387,-0.000237,0.004631
590.000000,-0.000990,-0.002208,-0.000779,0.000193,0.015834
591.000000,-0.004489,-0.003875,-0.001450,-0.000321,-0.016674
592.000000,-0.002660,-0.003130,-0.001565,-0.000278,0.004613
593.000000,0.002932,-0.002098,-0.001435,-0.000125,0.006257
594.000000,0.002670,-0.001113,-0.001066,-0.000014,0.003321
595.000000,0.000248,-0.000371,-0.000575,0.000083,0.003723
596.000000,0.003583,-0.000453,-0.000758,0.000043,0.000000
597.000000,0.002495,-0.000083,-0.000840,-0.000261,-0.000826
598.000000,0.002233,0.002582,-0.000613,-0.000205,0.004946
599.000000,0.002880,0.002775,-0.000305,0.000000,0.006557
600.000000,0.002217,0.001233,-0.000488,-0.000109,0.000408
601.000000,0.002544,0.003063,-0.000406,0.000054,0.001632
602.000000,0.000989,0.001742,-0.000694,-0.000463,-0.008598
603.000000,-0.000989,0.000622,-0.000738,-0.000749,-0.004946
604.000000,-0.003212,-0.000166,-0.000639,-0.000766,-0.004556
605.000000,-0.003211,-0.000497,-0.000434,-0.000549,0.000415
606.000000,-0.004452,-0.000954,-0.000704,-0.000823,-0.004575
607.000000,-0.004323,-0.001667,-0.000875,-0.001116,-0.007951
608.000000,-0.004091,-0.002540,0.000021,-0.001255,-0.003789
609.000000,-0.002927,-0.003070,-0.000147,-0.001227,0.001264
610.000000,-0.003516,-0.003363,-0.001065,-0.001446,-0.002531
611.000000,-0.003787,-0.004120,-0.000528,-0.001644,-0.005930
612.000000,-0.002793,-0.003558,-0.000908,-0.001649,-0.002978
613.000000,-0.001100,-0.002595,-0.000987,-0.001357,0.004676
614.000000,-0.001098,-0.002013,-0.001089,-0.001097,0.001271
615.000000,-0.000381,-0.001949,-0.001223,-0.000939,0.001054
616.000000,0.000763,-0.001512,-0.001233,-0.000973,-0.000207
617.000000,0.001105,-0.000844,-0.001255,-0.000864,-0.001270
618.000000,-0.000935,-0.001017,-0.001779,-0.000325,-0.005524
619.000000,-0.001019,-0.001059,-0.002064,-0.000451,0.000852
620.000000,-0.001400,-0.000891,-0.002127,-0.001007,-0.000852
621.000000,-0.001956,-0.000597,-0.002358,-0.000551,-0.002987
622.000000,-0.002044,-0.000470,-0.002014,-0.000762,-0.001711
623.000000,-0.002175,-0.001555,-0.002075,-0.001176,-0.006175
624.000000,-0.002657,-0.001838,-0.001925,-0.001339,-0.001560
625.000000,-0.003178,-0.002289,-0.002119,-0.001578,-0.003457
626.000000,-0.002062,-0.002009,-0.001761,-0.001492,0.002594
627.000000,-0.001461,-0.001753,-0.001298,-0.001421,0.001294
628.000000,0.000119,-0.001028,-0.001023,-0.001528,0.001723
629.000000,0.000086,-0.001285,-0.001172,-0.001805,-0.001723
630.000000,0.002581,-0.000299,-0.000595,-0.001518,0.009015
631.000000,0.001377,-0.000342,-0.000469,-0.001686,-0.003425
632.000000,0.002315,0.000427,-0.000021,-0.001200,0.005985
633.000000,0.002226,0.001172,-0.000191,-0.000993,0.001278
634.000000,0.002145,0.001115,-0.000361,-0.000912,-0.002131
635.000000,0.001108,0.001844,-0.000222,-0.000798,0.003832
636.000000,0.003148,0.002263,0.000127,-0.000419,0.006777
637.000000,0.004051,0.003183,0.000715,0.000196,0.010498
638.000000,0.004795,0.003511,0.001241,0.000488,0.005000
639.000000,0.004305,0.003225,0.000970,0.000294,-0.004582
640.000000,0.003622,0.002365,0.001033,0.000392,0.000417
641.000000,0.000971,0.002060,0.000859,0.000374,-0.006478
642.000000,-0.001594,0.001229,0.000828,0.000395,-0.002326
643.000000,-0.001312,0.001742,0.001457,0.000453,0.006409
644.000000,-0.000753,0.001776,0.001446,0.000351,-0.001788
645.000000,-0.000753,0.001435,0.001639,0.000330,0.000419
646.000000,0.001379,0.001175,0.001719,0.000476,0.004181
647.000000,0.003919,0.001163,0.002173,0.000864,0.010376
648.000000,0.002472,0.000580,0.002045,0.001021,-0.000826
649.000000,0.003408,0.001327,0.002276,0.001089,0.002888
650.000000,0.003270,0.001259,0.001812,0.001108,-0.000268
651.000000,0.001827,0.001603,0.001831,0.001107,-0.003034
652.000000,0.000660,0.002289,0.001759,0.001315,0.004537
653.000000,0.001400,0.001936,0.001839,0.001617,0.002877
654.000000,0.001396,0.002402,0.002089,0.001764,0.002868
655.000000,0.001940,0.002605,0.002020,0.001961,0.002452
656.000000,0.002302,0.002064,0.001620,0.001834,-0.001225
657.000000,0.001149,0.000904,0.001034,0.001750,-0.001227
658.000000,0.001716,0.001558,0.001069,0.001883,0.005712
659.000000,0.000164,0.000780,0.001054,0.001777,-0.004894
660.000000,-0.001064,0.000438,0.000848,0.001354,-0.003686
661.000000,-0.000409,0.000946,0.001275,0.001536,0.002050
662.000000,-0.001067,0.000041,0.001165,0.001186,-0.004515
663.000000,-0.002505,-0.000395,0.000771,0.001094,-0.001482
664.000000,-0.004633,-0.002235,0.000084,0.000648,-0.015532
665.000000,-0.002560,-0.001812,0.000396,0.000742,0.006676
666.000000,-0.001810,-0.001110,0.000477,0.000710,0.005802
667.000000,-0.000907,-0.000987,-0.000041,0.000360,0.000000
668.000000,-0.002938,-0.002722,-0.000582,-0.000195,-0.011638
669.000000,-0.000754,-0.002693,-0.000957,-0.000195,-0.004609
670.000000,-0.002425,-0.002493,-0.001027,-0.000265,-0.001681
671.000000,-0.003754,-0.002782,-0.000918,-0.000078,-0.000842
672.000000,-0.003333,-0.002120,-0.001040,0.000070,0.002103
673.000000,-0.000838,-0.001888,-0.001141,-0.000116,0.000840
674.000000,-0.001518,-0.001136,-0.001685,-0.000323,-0.008008
675.000000,-0.000826,-0.001626,-0.001719,-0.000278,0.001776
676.000000,0.000589,-0.001583,-0.001346,-0.000209,0.006233
677.000000,-0.000168,-0.001751,-0.001369,-0.000611,-0.001681
678.000000,-0.001263,-0.001051,-0.001886,-0.000738,-0.004636
679.000000,0.000457,-0.000531,-0.001612,-0.000815,0.000591
680.000000,-0.000355,-0.000591,-0.001542,-0.000882,-0.002283
681.000000,-0.000926,-0.000169,-0.001475,-0.000668,0.003380
682.000000,0.001007,0.000419,-0.000850,-0.000553,0.007982
683.000000,0.002101,0.000419,-0.000735,-0.000621,0.000836
684.000000,0.001565,0.001011,-0.000063,-0.000787,-0.002092
685.000000,0.003773,0.001709,0.000042,-0.000576,0.008759
686.000000,0.004091,0.001583,0.000000,-0.000370,0.004971
687.000000,0.002908,0.001957,0.000103,-0.000260,0.002064
688.000000,0.001084,0.001593,0.000271,-0.000727,-0.008282
689.000000,0.001170,0.001367,0.000418,-0.000619,-0.001665
690.000000,-0.000499,0.001637,0.000523,-0.000482,0.000416
691.000000,-0.001910,0.001091,0.000461,-0.000620,-0.002084
692.000000,-0.002881,0.000013,0.000216,-0.000563,-0.002791
693.000000,0.000995,0.001040,0.000729,-0.000143,0.011100
694.000000,0.001801,0.001485,0.001248,0.000453,0.002364
695.000000,0.001658,0.000580,0.001144,0.000221,-0.000297
696.000000,0.002735,0.000412,0.000998,0.000137,0.003298
697.000000,0.003785,0.000452,0.001205,0.000220,0.002462
698.000000,0.002712,0.001854,0.001723,0.000799,0.005735
699.000000,0.001913,0.001857,0.001612,0.000898,-0.001634
700.000000,0.002462,0.002060,0.001849,0.001035,0.002450
701.000000,0.003993,0.003364,0.002227,0.001429,0.010951
702.000000,0.003500,0.003643,0.001828,0.001358,0.000000
703.000000,0.001953,0.002333,0.001686,0.001264,-0.002003
704.000000,0.003164,0.002538,0.002012,0.001678,0.004420
705.000000,0.002835,0.002648,0.001614,0.001646,0.000805
706.000000,0.000564,0.002278,0.001345,0.001424,-0.000402
707.000000,0.000805,0.002153,0.001302,0.001521,0.001206
708.000000,0.000642,0.001298,0.001576,0.001581,-0.002816
709.000000,-0.000887,0.001138,0.001498,0.001454,-0.003228
710.000000,0.000000,0.001417,0.001739,0.001705,0.005241
711.000000,0.000080,0.000322,0.001843,0.001592,0.000000
712.000000,0.000401,0.000603,0.002123,0.001420,0.002807
713.000000,0.001605,0.001124,0.001728,0.001499,0.003207
714.000000,0.001851,0.000482,0.001510,0.001502,-0.002000
715.000000,0.001602,0.000801,0.001725,0.001343,0.003997
716.000000,0.002715,0.001398,0.001838,0.001363,0.005565
717.000000,0.000721,0.000561,0.001357,0.001055,-0.007162
718.000000,-0.000962,0.000322,0.000810,0.001158,-0.005207
719.000000,-0.000722,0.000564,0.000851,0.001186,-0.000804
720.000000,-0.000767,0.000417,0.000917,0.001298,0.003771
721.000000,-0.001281,0.000717,0.000520,0.001468,0.002999
722.000000,0.000080,0.000401,0.000502,0.001549,-0.000359
723.000000,0.000641,-0.000160,0.000482,0.001099,-0.002403
724.000000,0.000482,-0.000120,0.000181,0.000967,-0.001599
725.000000,-0.000192,-0.000480,0.000161,0.000990,0.000401
726.000000,-0.000392,-0.000836,0.000281,0.000947,0.002002
727.000000,0.000000,0.000040,0.000300,0.000918,0.001599
728.000000,0.000560,0.000601,0.000461,0.000740,0.000399
729.000000,0.001199,0.000841,0.000702,0.000848,0.001596
730.000000,-0.000724,-0.000458,-0.000020,0.000459,-0.009213
731.000000,-0.000400,-0.000396,0.000161,0.000214,0.003618
732.000000,-0.001041,-0.000521,-0.000060,0.000161,-0.001604
733.000000,-0.001041,-0.000240,-0.000200,0.000241,0.000401
734.000000,-0.002325,-0.000563,-0.000342,-0.000067,-0.004827
735.000000,-0.000886,-0.000805,-0.000642,-0.000161,-0.002018
736.000000,-0.001163,-0.000782,-0.000809,-0.000073,0.002232
737.000000,-0.001046,-0.001044,-0.000502,-0.000148,-0.001020
738.000000,-0.001369,-0.001205,-0.000302,-0.000094,-0.001211
739.000000,0.000081,-0.001122,-0.000141,0.000094,0.002421
740.000000,0.000645,-0.000120,-0.000289,-0.000054,0.000806
741.000000,-0.000446,-0.000805,-0.000600,-0.000161,-0.003227
742.000000,-0.005316,-0.003181,-0.001851,-0.001100,-0.025370
743.000000,-0.003095,-0.002232,-0.001236,-0.000877,0.009897
744.000000,-0.002515,-0.001217,-0.000890,-0.000633,0.005320
745.000000,0.000081,0.000363,-0.000221,-0.000307,0.013782
746.000000,0.000323,-0.000062,-0.000422,-0.000560,-0.002015
747.000000,0.007004,0.000844,-0.000100,-0.000053,0.008035
748.000000,0.004464,0.000685,-0.000260,0.000027,-0.002805
749.000000,0.004200,0.000843,-0.000140,0.000187,0.004005
750.000000,0.001604,0.000842,0.000361,0.000088,0.000799
751.000000,0.002246,0.001285,0.000240,0.000028,0.001197
752.000000,0.001197,0.004100,0.000460,0.000133,0.002788
753.000000,0.002552,0.003508,0.000638,0.000345,0.003970
754.000000,0.001830,0.003015,0.000899,0.000412,0.000396
755.000000,0.001987,0.001795,0.001079,0.000451,0.001583
756.000000,0.003323,0.002785,0.001361,0.000647,0.007877
757.000000,0.002765,0.001981,0.001412,0.000594,0.000000
758.000000,0.001421,0.001987,0.001336,0.000489,-0.002750
759.000000,0.001263,0.001547,0.001195,0.000422,-0.000393
760.000000,-0.000008,0.000989,0.000916,0.000570,-0.004773
761.000000,-0.001417,0.000953,0.001119,0.000478,0.000830
762.000000,-0.001259,0.000753,0.002427,0.000557,0.000790
763.000000,-0.001025,0.000198,0.001853,0.000491,-0.001580
764.000000,-0.002455,-0.000596,0.001210,0.000401,-0.007541
765.000000,-0.003116,-0.001562,0.000117,0.000199,-0.008080
766.000000,-0.005122,-0.003270,-0.000243,-0.000182,-0.009200
767.000000,-0.004714,-0.002986,-0.000503,-0.000054,0.002833
768.000000,-0.002467,-0.001746,0.000120,0.000308,0.009654
769.000000,-0.002486,-0.002470,-0.000462,-0.000027,-0.007635
770.000000,0.000096,-0.001510,-0.000260,0.000107,0.004829
771.000000,0.003695,-0.000714,0.000120,0.000508,0.008793
772.000000,0.005108,0.000197,0.000475,0.001684,0.009899
773.000000,0.002704,0.000119,0.000158,0.001275,-0.002367
774.000000,0.004152,0.000833,0.000119,0.001084,-0.000395
775.000000,0.003028,0.001562,0.000000,0.000598,-0.000791
776.000000,0.000636,0.002165,-0.000552,0.000560,-0.003168
777.000000,-0.000869,0.002120,-0.000433,0.000371,0.002377
778.000000,-0.000950,0.000877,-0.000435,0.000372,-0.002774
779.000000,-0.002145,0.001003,-0.000733,0.000027,-0.006369
780.000000,-0.003752,-0.000362,-0.000936,-0.000294,-0.008825
781.000000,-0.000954,-0.000159,-0.000437,0.000027,0.010820
782.000000,-0.007664,-0.004266,-0.002035,-0.001105,-0.031170
783.000000,-0.006534,-0.003742,-0.001812,-0.001142,0.002874
784.000000,-0.000961,-0.001553,-0.000360,-0.000439,0.021497
785.000000,0.001605,-0.001073,0.000244,-0.000358,0.004005
786.000000,0.000319,-0.000318,0.000924,-0.000474,0.004387
787.000000,0.007505,-0.000079,0.001020,-0.000315,0.004764
788.000000,0.007010,0.000238,0.000557,-0.000210,0.000396
789.000000,0.002552,0.000796,0.000899,-0.000224,-0.000792
790.000000,0.002147,0.001876,0.000757,0.000001,0.001979
791.000000,0.000318,0.000318,0.000080,-0.000185,-0.004756
792.000000,-0.001431,0.003037,-0.000614,-0.000344,-0.003981
793.000000,-0.002871,0.002069,-0.000836,-0.000518,-0.006804
794.000000,-0.000159,0.001197,-0.000178,0.000159,0.012770
795.000000,-0.001588,0.000279,-0.000397,0.000256,-0.005168
796.000000,-0.001040,-0.000361,-0.000339,0.000496,-0.002015
797.000000,0.000876,-0.000278,-0.000178,0.000588,0.005595
798.000000,0.001759,-0.000556,-0.000159,0.000186,-0.002386
799.000000,-0.001313,-0.000736,0.000030,0.000354,-0.002591
800.000000,-0.000048,-0.000818,0.000529,0.000232,0.001157
801.000000,0.000562,-0.000239,0.000040,-0.000027,0.001036
802.000000,0.000236,0.000556,0.001796,-0.000224,0.003963
803.000000,0.000715,0.001237,0.001653,-0.000145,0.000012
804.000000,0.000757,-0.000278,0.000459,-0.000211,-0.002383
805.000000,0.001165,0.000559,0.000419,-0.000078,0.003200
806.000000,0.001112,0.000837,0.000238,0.000053,0.000769
807.000000,0.000550,0.000393,0.000058,0.000012,0.001152
808.000000,0.001108,0.000911,0.000178,0.000198,0.002801
809.000000,0.001268,0.001013,0.000138,0.000358,-0.001579
810.000000,0.001023,0.001094,0.000138,0.000717,0.001974
811.000000,0.000869,0.000991,0.000376,0.000357,0.000000
812.000000,0.000954,0.000752,0.000654,0.001448,0.001576
813.000000,0.000945,0.001026,0.001132,0.001444,0.002752
814.000000,0.001260,0.001264,0.000493,0.000728,0.000000
815.000000,0.000944,0.000984,0.000771,0.000607,0.000393
816.000000,-0.000790,0.000040,0.000438,0.000172,-0.008672
817.000000,-0.001264,-0.000155,0.000119,-0.000013,-0.000792
818.000000,-0.001419,-0.000237,0.000337,0.000039,0.001975
819.000000,-0.001577,-0.000158,0.000427,0.000040,-0.000787
820.000000,-0.001814,-0.000435,0.000330,-0.000053,-0.000792
821.000000,0.000158,-0.000316,0.000337,0.000145,0.001187
822.000000,0.001106,-0.000079,0.000337,0.000410,0.003948
823.000000,0.001026,-0.000197,0.000415,0.000689,0.001575
824.000000,0.001734,0.000078,0.000671,0.000355,0.002750
825.000000,0.001185,-0.000314,0.000335,0.000409,-0.003537
826.000000,0.001890,0.001024,0.000532,0.000634,0.004713
827.000000,0.001335,0.001221,0.000533,0.000486,0.001175
828.000000,0.001177,0.001101,0.000432,0.000592,0.000782
829.000000,0.000548,0.001141,0.000491,0.000665,-0.000391
830.000000,0.001020,0.001102,0.000334,0.000587,-0.001178
831.000000,0.000470,0.001180,0.000432,0.000618,0.001960
832.000000,-0.000627,0.000354,0.000138,0.000342,-0.004310
833.000000,-0.000157,0.000510,0.000157,0.000446,0.003132
834.000000,0.000156,0.000352,0.000215,0.000565,0.001177
835.000000,0.000235,0.000628,0.000157,0.000432,-0.000786
836.000000,0.000313,0.000391,0.000708,0.000485,0.002349
837.000000,0.001408,0.000391,0.000806,0.000486,0.001170
838.000000,0.000782,0.000312,0.000707,0.000392,0.000000
839.000000,0.000234,0.000195,0.000668,0.000393,-0.001561
840.000000,0.000001,0.000118,0.000610,0.000262,-0.001954
841.000000,0.000390,0.000351,0.000765,0.000405,0.004294
842.000000,0.000467,0.000938,0.000646,0.000404,0.001557
843.000000,0.000777,0.000780,0.000645,0.000364,0.001551
844.000000,0.000935,0.000585,0.000469,0.000339,-0.000773
845.000000,0.000703,0.000352,0.000490,0.000222,-0.003114
846.000000,0.000078,0.000234,0.000313,0.000550,0.001169
847.000000,0.000621,0.000544,0.000467,0.000719,0.004274
848.000000,0.000776,0.000777,0.000545,0.000730,0.002324
849.000000,0.000078,0.000506,0.000351,0.000614,-0.004264
850.000000,-0.000468,0.000117,0.000118,0.000446,-0.005845
851.000000,-0.000702,-0.000312,0.000020,0.000406,0.000000
852.000000,-0.000233,0.000194,0.000566,0.000495,0.006621
853.000000,-0.000465,0.000156,0.000468,0.000482,0.001164
854.000000,0.000388,0.000233,0.000409,0.000390,0.000000
855.000000,-0.000783,-0.000626,-0.000137,0.000118,-0.011701
856.000000,-0.001019,-0.000860,-0.000313,-0.000078,-0.001178
857.000000,-0.002500,-0.001366,-0.000411,-0.000144,-0.000786
858.000000,-0.002890,-0.001677,-0.000450,-0.000196,-0.000786
859.000000,-0.002183,-0.000898,-0.000196,-0.000065,0.003534
860.000000,0.001952,0.000584,0.000351,0.000273,0.008976
861.000000,0.000314,-0.000352,-0.000332,-0.000104,-0.009368
862.000000,0.000941,-0.000779,-0.000293,0.000118,0.002350
863.000000,-0.000473,-0.001681,-0.000763,-0.000249,-0.007855
864.000000,-0.000707,-0.001445,-0.000606,-0.000209,0.002363
865.000000,-0.002659,-0.000354,-0.000490,-0.000209,-0.000787
866.000000,-0.000628,-0.000157,-0.000509,-0.000261,0.000787
867.000000,-0.001256,-0.000157,-0.000762,-0.000326,-0.000787
868.000000,0.000709,0.000118,-0.000780,-0.000261,0.001967
869.000000,-0.000157,-0.000432,-0.000665,-0.000274,-0.001967
870.000000,0.000870,-0.000895,-0.000155,-0.000064,0.004349
871.000000,0.001567,0.000469,0.000059,-0.000065,0.004275
872.000000,0.001647,0.000195,-0.000292,-0.000130,-0.000390
873.000000,0.001644,0.001176,-0.000253,-0.000117,0.001950
874.000000,0.002271,0.001057,-0.000194,-0.000052,0.001168
875.000000,0.001323,0.001096,0.000371,0.000039,-0.000389
876.000000,0.000390,0.000979,0.000411,-0.000013,-0.000389
877.000000,0.001478,0.001563,0.000703,0.000013,0.005051
878.000000,0.001088,0.001366,0.000742,-0.000065,0.000000
879.000000,0.001242,0.001756,0.000662,0.000142,0.001936
880.000000,0.001397,0.001360,0.000233,0.000350,0.000387
881.000000,0.001398,0.000894,0.000682,0.000337,-0.000387
882.000000,-0.000039,0.000720,0.000458,0.000045,-0.002130
883.000000,0.000232,0.000660,0.000918,0.000052,0.001356
884.000000,0.000618,0.000930,0.000993,0.000180,0.003864
885.000000,0.000309,0.000853,0.000975,0.000532,-0.001158
886.000000,0.000232,0.000815,0.000897,0.000545,-0.000772
887.000000,0.000349,0.000155,0.000859,0.000520,-0.001547
888.000000,0.000232,0.000232,0.000799,0.000572,0.000774
889.000000,0.000077,0.000348,0.001052,0.000557,0.003089
890.000000,0.000771,0.000540,0.000950,0.000335,0.002310
891.000000,0.000540,0.000386,0.000640,0.000583,-0.001925
892.000000,0.000741,0.000545,0.000632,0.000487,-0.000544
893.000000,0.000541,0.000386,0.000523,0.000741,-0.000228
894.000000,0.000308,0.000193,0.000561,0.000726,0.001926
895.000000,0.000538,0.000654,0.000754,0.000868,0.003458
896.000000,0.001535,0.001037,0.000926,0.000944,0.003060
897.000000,0.001261,0.001001,0.000578,0.000906,-0.001910
898.000000,0.001307,0.000924,0.000578,0.000841,0.000000
899.000000,0.001457,0.000883,0.000615,0.000995,0.002678
900.000000,0.000918,0.000728,0.000634,0.000876,0.000764
901.000000,0.000077,0.000806,0.000596,0.000695,-0.001146
902.000000,0.000994,0.001128,0.000836,0.000797,0.002672
903.000000,0.001298,0.001303,0.000845,0.000783,0.001524
904.000000,0.000687,0.001072,0.000632,0.000732,-0.000381
905.000000,0.001597,0.001258,0.000956,0.000922,0.005317
906.000000,0.002054,0.001065,0.001051,0.000973,0.001136
907.000000,0.001216,0.001105,0.001053,0.000754,-0.001515
908.000000,0.000608,0.000953,0.000939,0.000703,-0.001517
909.000000,0.001517,0.001102,0.000992,0.000777,0.004162
910.000000,-0.000987,0.000305,0.000517,0.000524,-0.007203
911.000000,-0.002054,0.000000,0.000403,0.000397,-0.004196
912.000000,-0.000835,0.000190,0.000659,0.000621,0.004577
913.000000,-0.000989,-0.000191,0.000556,0.000500,-0.002286
914.000000,-0.002126,-0.000305,0.000384,0.000320,-0.001523
915.000000,-0.000152,-0.000570,0.000344,0.000447,0.002666
916.000000,0.000763,-0.000645,0.000210,0.000486,0.000381
917.000000,0.000075,-0.000380,0.000362,0.000575,0.001138
918.000000,0.000609,-0.000190,0.000382,0.000562,0.000384
919.000000,0.001370,-0.000378,0.000362,0.000535,0.002279
920.000000,-0.001606,-0.000879,-0.000287,0.000051,-0.012214
921.000000,-0.002144,-0.000690,-0.000345,0.000039,-0.002307
922.000000,-0.001833,-0.000879,-0.000344,0.000146,0.002691
923.000000,-0.001834,-0.000612,-0.000401,0.000167,0.000380
924.000000,-0.001906,-0.000268,-0.000286,0.000166,0.001921
925.000000,0.000920,-0.000343,-0.000457,0.000115,0.001913
926.000000,0.000154,-0.000995,-0.000820,-0.000192,-0.006135
927.000000,-0.000077,-0.000955,-0.000668,-0.000077,0.001537
928.000000,-0.005998,-0.003916,-0.002053,-0.001051,-0.029225
929.000000,-0.005750,-0.003828,-0.002103,-0.001035,0.003158
930.000000,-0.006369,-0.002725,-0.001802,-0.001100,-0.001183
931.000000,-0.005064,-0.002455,-0.001573,-0.001048,0.000395
932.000000,-0.004505,-0.002291,-0.001585,-0.000993,0.004330
933.000000,0.000237,-0.002880,-0.001746,-0.001228,-0.005514
934.000000,-0.000265,-0.003008,-0.001638,-0.001193,0.000647
935.000000,0.001180,-0.002595,-0.001469,-0.001169,0.006044
936.000000,0.001454,-0.001805,-0.001400,-0.001148,0.001764
937.000000,0.001487,-0.001509,-0.001232,-0.000948,0.004494
938.000000,0.002979,0.001608,-0.001154,-0.000833,0.001947
939.000000,0.000973,0.000354,-0.001737,-0.001284,-0.009382
940.000000,-0.000572,0.000304,-0.001210,-0.001100,-0.001682
941.000000,-0.001375,0.000039,-0.001208,-0.001035,-0.002253
942.000000,-0.003937,-0.001225,-0.001758,-0.001465,-0.008315
943.000000,-0.004565,-0.000793,-0.001837,-0.001429,-0.001194
944.000000,-0.002848,-0.000937,-0.001973,-0.001404,-0.000796
945.000000,-0.003470,-0.002021,-0.002308,-0.001653,-0.004792
946.000000,-0.001028,-0.001202,-0.001503,-0.001334,0.009958
947.000000,0.000477,-0.001730,-0.001620,-0.001398,-0.000793
948.000000,0.000795,-0.001885,-0.000139,-0.001398,0.000397
949.000000,0.000954,-0.000947,-0.000297,-0.001474,0.000000
950.000000,0.000958,-0.001256,-0.000476,-0.001226,-0.004769
951.000000,-0.000794,-0.000911,-0.000436,-0.001109,0.001195
952.000000,-0.000079,0.000199,-0.000513,-0.001106,0.002782
953.000000,-0.000159,0.000318,-0.000238,-0.001118,0.000000
954.000000,0.000475,0.000715,-0.000111,-0.001077,0.003170
955.000000,0.002927,0.001943,-0.000039,-0.000891,0.007488
956.000000,0.002137,0.000672,-0.000265,-0.000778,-0.002752
957.000000,0.002053,0.000987,-0.000372,-0.000751,0.002359
958.000000,0.003228,0.001535,-0.000175,0.000419,0.005874
959.000000,0.002672,0.001574,0.000313,0.000327,0.000390
960.000000,0.000705,0.001816,0.000280,0.000288,-0.002345
961.000000,0.001178,0.001657,0.000373,0.000262,-0.000391
962.000000,0.000079,0.001066,0.000632,0.000013,-0.003136
963.000000,-0.002357,0.000436,0.000377,-0.000013,-0.006302
964.000000,-0.002119,0.000277,0.000496,0.000018,0.001579
965.000000,-0.002916,-0.001105,0.000419,-0.000395,-0.006332
966.000000,-0.003554,-0.001188,-0.000258,-0.000573,-0.003579
967.000000,-0.003725,-0.001823,-0.000418,-0.000856,-0.003992
968.000000,-0.001827,-0.002092,-0.000279,-0.000814,0.003191
969.000000,-0.002527,-0.002323,-0.000375,-0.000566,-0.001924
970.000000,-0.001274,-0.002095,-0.000140,-0.000512,-0.000068
971.000000,-0.001680,-0.002617,-0.000480,-0.000624,-0.005609
972.000000,-0.005351,-0.004538,-0.001736,-0.001091,-0.022345
973.000000,-0.007391,-0.004609,-0.002087,-0.001285,-0.007009
974.000000,-0.014596,-0.008561,-0.004142,-0.002523,-0.037947
975.000000,-0.008404,-0.004839,-0.002972,-0.001334,0.030889
976.000000,-0.005210,-0.003445,-0.002317,-0.001321,0.010363
977.000000,-0.001485,-0.003418,-0.002621,-0.001418,-0.003718
978.000000,-0.003759,-0.005575,-0.003833,-0.002044,-0.018380
979.000000,0.005761,-0.004417,-0.003370,-0.001722,0.009650
980.000000,0.001246,-0.003579,-0.002837,-0.001286,0.008316
981.000000,-0.000909,-0.003060,-0.002838,-0.001340,-0.000414
982.000000,0.000083,-0.000701,-0.002619,-0.001391,0.001242
983.000000,0.002680,-0.000539,-0.002574,-0.001571,-0.005393
984.000000,0.000250,0.003006,-0.002778,-0.001760,-0.002499
985.000000,-0.002920,-0.000837,-0.002838,-0.002261,-0.007535
986.000000,-0.006398,-0.003654,-0.003549,-0.002762,-0.017805
987.000000,-0.007761,-0.003839,-0.003629,-0.003027,-0.005576
988.000000,-0.007804,-0.002562,-0.004068,-0.003409,-0.005607
989.000000,-0.006527,-0.003139,-0.003778,-0.003293,0.003885
990.000000,-0.003835,-0.003377,-0.003478,-0.003017,0.005928
991.000000,-0.001460,-0.003929,-0.003494,-0.003202,-0.005928
992.000000,0.000000,-0.003881,-0.002291,-0.003040,0.001722
993.000000,-0.002174,-0.004989,-0.002764,-0.003379,-0.016479
994.000000,-0.001992,-0.004260,-0.000627,-0.003272,0.004798
995.000000,-0.004662,-0.004249,-0.002543,-0.003308,-0.007425
996.000000,-0.003740,-0.002600,-0.003127,-0.003233,-0.001316
997.000000,-0.003471,-0.001735,-0.002787,-0.002997,0.003068
998.000000,0.000873,-0.000651,-0.001606,-0.002929,0.005238
999.000000,0.001301,-0.000345,-0.001742,-0.002634,0.006941
1000.000000,0.005278,0.000308,-0.001535,-0.002216,0.012460
1001.000000,0.005883,0.001071,-0.001429,-0.001972,0.001706
1002.000000,0.004842,0.000686,-0.001597,-0.001299,-0.002134
1003.000000,0.002423,0.001648,-0.001671,-0.001294,-0.006858
1004.000000,0.000173,0.000737,-0.001761,-0.000172,-0.004310
1005.000000,-0.003619,0.000830,-0.001710,-0.001419,-0.006501
1006.000000,-0.003961,0.000961,-0.000819,-0.001764,0.000000
1007.000000,-0.000513,0.002165,0.000215,-0.001137,0.015103
1008.000000,0.004928,0.003676,0.001512,0.000154,0.020348
1009.000000,0.006126,0.003149,0.001402,-0.000112,0.001677
1010.000000,0.006165,0.001273,0.000790,-0.000599,-0.006304
1011.000000,0.005912,0.000976,0.001023,-0.000627,-0.001266
1012.000000,0.003734,0.001610,0.001148,-0.000528,0.004212
1013.000000,0.001422,0.003175,0.002411,-0.000056,0.008789
1014.000000,0.000502,0.003314,0.002025,-0.000070,-0.002921
1015.000000,0.001596,0.003880,0.002355,0.000154,-0.000836
1016.000000,0.002366,0.004139,0.002550,0.000833,0.002586
1017.000000,0.001924,0.002829,0.002497,0.001086,0.002005
1018.000000,-0.000501,0.000461,0.002068,0.001162,-0.003336
1019.000000,-0.001258,-0.000378,0.001386,0.000809,-0.006706
1020.000000,0.000251,0.000923,0.001098,0.000835,0.006706
1021.000000,-0.000183,0.001092,0.001034,0.001046,0.000418
1022.000000,-0.003698,-0.000887,0.000362,0.000470,-0.015569
1023.000000,-0.001111,-0.000806,0.001185,0.001339,0.009598
1024.000000,0.000084,-0.000587,0.001364,0.001155,-0.000731
1025.000000,0.000000,0.000125,0.002003,0.001612,0.006285
1026.000000,-0.000418,-0.000300,0.001919,0.001600,-0.001672
1027.000000,0.002361,-0.000668,0.001080,0.001442,-0.001675
1028.000000,0.001528,0.000209,0.000335,0.001448,0.005434
1029.000000,0.001758,0.000921,0.000272,0.001231,0.000417
1030.000000,0.000584,0.000292,0.000608,0.000829,0.000417
1031.000000,0.001418,0.000500,0.000796,0.000856,0.002496
1032.000000,0.003078,0.002719,0.000916,0.001148,0.006625
1033.000000,0.001412,0.001470,0.000332,0.001280,-0.002893
1034.000000,0.001792,0.001775,0.000594,0.001501,0.002315
1035.000000,0.002812,0.001698,0.000912,0.001901,0.005518
1036.000000,0.003541,0.002479,0.001090,0.002106,0.006141
1037.000000,0.002135,0.002606,0.000969,0.001589,-0.000408
1038.000000,0.002468,0.001940,0.001074,0.000870,-0.001226
1039.000000,0.002087,0.001939,0.001430,0.000828,0.000409
1040.000000,0.002287,0.002549,0.001421,0.001255,0.006517
1041.000000,0.001626,0.002584,0.001542,0.001392,0.002838
1042.000000,0.002596,0.002366,0.002542,0.001399,0.004444
1043.000000,0.001304,0.001886,0.001678,0.000850,-0.007688
1044.000000,0.000245,0.001166,0.001470,0.000785,-0.004886
1045.000000,0.000081,0.001184,0.001441,0.001002,0.005698
1046.000000,-0.000974,0.000326,0.001403,0.000835,-0.002438
1047.000000,-0.002923,-0.000163,0.001221,0.000591,-0.005303
1048.000000,-0.002617,-0.000656,0.000642,0.000498,-0.006154
1049.000000,-0.002051,-0.000903,0.000518,0.000652,-0.002060
1050.000000,-0.004017,-0.001968,0.000291,0.000291,-0.004132
1051.000000,-0.005527,-0.003251,-0.000333,-0.000056,-0.009988
1052.000000,-0.005978,-0.004451,-0.001043,0.000211,-0.007557
1053.000000,-0.003571,-0.003094,-0.000604,0.000088,0.005882
1054.000000,-0.004083,-0.003067,-0.000951,-0.000042,-0.004619
1055.000000,-0.004353,-0.004185,-0.001501,-0.000434,-0.005486
1056.000000,0.000084,-0.002722,-0.001198,0.000028,0.012198
1057.000000,0.003003,-0.001487,-0.000825,0.000318,0.007040
1058.000000,0.003241,-0.000165,-0.000411,0.000373,0.007074
1059.000000,0.004495,0.000206,-0.000349,0.000414,0.001647
1060.000000,0.005510,0.000578,-0.000695,0.000386,-0.000412
1061.000000,0.003399,0.001741,-0.000755,0.000358,0.001645
1062.000000,0.002155,0.002579,-0.000936,0.000165,0.000822
1063.000000,0.000864,0.002053,-0.000521,0.000282,0.000616
1064.000000,0.000575,0.002535,-0.000266,0.000211,0.000205
1065.000000,0.001722,0.003616,-0.000285,0.000205,0.005320
1066.000000,0.000493,0.001946,-0.000388,-0.000150,-0.004500
1067.000000,0.000328,0.001242,-0.000123,-0.000136,0.000000
1068.000000,0.001187,0.001025,0.000430,0.000068,0.004908
1069.000000,0.002528,0.001552,0.000879,0.000285,0.006912
1070.000000,0.002353,0.002038,0.001308,0.000216,0.004447
1071.000000,0.002607,0.001550,0.001646,0.000013,-0.003232
1072.000000,0.003656,0.001992,0.002286,0.000040,0.005247
1073.000000,0.002110,0.001649,0.001851,0.000202,-0.002822
1074.000000,0.000809,0.001668,0.002102,0.000379,0.000404
1075.000000,-0.000727,0.000813,0.002214,0.000081,-0.003234
1076.000000,0.000727,0.001667,0.001806,0.000297,0.004040
1077.000000,-0.000242,0.001707,0.001475,0.000487,0.000403
1078.000000,-0.000323,0.000894,0.000959,0.000585,-0.003230
1079.000000,-0.000647,0.000081,0.000816,0.000613,-0.001214
1080.000000,-0.000324,-0.000526,0.000756,0.000697,-0.001621
1081.000000,-0.000242,0.000243,0.000896,0.001178,0.004451
1082.000000,0.000644,0.000201,0.001097,0.001591,0.004833
1083.000000,0.000485,0.000081,0.000865,0.001261,-0.004026
1084.000000,0.000808,0.000081,0.000875,0.001428,0.000403
1085.000000,-0.000162,-0.000243,0.000285,0.001395,-0.006473
1086.000000,0.000000,-0.000121,0.000773,0.001164,0.005262
1087.000000,-0.000483,0.000081,0.000894,0.001010,0.002419
1088.000000,-0.000081,0.000202,0.000548,0.000707,-0.002016
1089.000000,0.000242,0.000525,0.000303,0.000719,0.002016
1090.000000,0.002501,0.001169,0.000322,0.000894,0.004821
1091.000000,0.000645,0.000322,0.000282,0.000705,-0.004016
1092.000000,0.000780,0.000149,0.000175,0.000781,0.003094
1093.000000,0.001448,0.000683,0.000382,0.000804,0.001323
1094.000000,0.000964,0.000603,0.000342,0.000784,-0.000401
1095.000000,0.000400,0.001450,0.000604,0.000673,0.002002
1096.000000,0.001284,0.000965,0.000422,0.000837,0.000404
1097.000000,0.001064,0.000922,0.000501,0.000903,0.001993
1098.000000,0.000640,0.001044,0.000623,0.000713,-0.000798
1099.000000,0.000800,0.000882,0.000704,0.000496,0.000399
1100.000000,-0.000240,0.000080,0.000625,0.000241,-0.003199
1101.000000,-0.000081,0.000602,0.000462,0.000389,0.001201
1102.000000,-0.000319,0.000372,0.000260,0.000241,0.000800
1103.000000,0.000718,0.000679,0.000681,0.000481,0.004387
1104.000000,0.000319,0.000560,0.000581,0.000414,-0.001593
1105.000000,0.001436,0.000598,0.001024,0.000602,0.002385
1106.000000,0.001355,0.000637,0.000801,0.000494,0.000799
1107.000000,-0.001283,-0.000801,0.000060,0.000067,-0.012393
1108.000000,-0.002563,-0.000923,0.000060,0.000108,-0.002013
1109.000000,-0.002083,-0.000882,0.000000,0.000175,0.000806
1110.000000,-0.001951,-0.000257,-0.000089,0.000331,0.003048
1111.000000,-0.002077,-0.000361,0.000121,0.000188,0.000169
1112.000000,0.000883,-0.000200,0.000086,0.000107,0.002406
1113.000000,0.001526,-0.000519,0.000080,0.000281,0.001201
1114.000000,0.001924,-0.000080,0.000240,0.000361,0.002796
1115.000000,0.001155,-0.000398,0.000100,0.000550,-0.000798
1116.000000,0.000721,-0.000678,-0.000020,0.000308,-0.001998
1117.000000,0.000240,0.000562,-0.000120,0.000227,0.000000
1118.000000,-0.000240,0.000643,-0.000140,0.000255,-0.001201
1119.000000,-0.000639,0.000642,-0.000120,0.000214,0.000801
1120.000000,0.000080,0.000617,0.000180,0.000147,0.002797
1121.000000,0.000719,0.000720,0.000180,0.000320,0.001196
1122.000000,0.000559,0.000400,0.000100,0.000191,-0.000797
1123.000000,0.000480,0.000120,-0.000199,0.000093,-0.001597
1124.000000,0.000480,-0.000080,-0.000080,0.000133,0.000799
1125.000000,-0.000240,-0.000080,-0.000239,0.000040,-0.000799
1126.000000,-0.000239,0.000240,-0.000219,0.000066,0.001198
1127.000000,0.000000,0.000280,0.000421,0.000013,0.000399
1128.000000,0.000559,0.000519,0.000581,0.000080,0.001196
1129.000000,0.000558,0.000519,0.000581,0.000093,0.000796
1130.000000,0.000559,0.000159,0.000388,0.000173,-0.000796
1131.000000,0.000717,0.000239,0.000479,0.000199,0.001990
1132.000000,0.000876,0.000438,0.000419,0.000212,0.001192
1133.000000,0.000080,0.000319,0.000220,-0.000027,-0.002784
1134.000000,-0.000159,0.000199,0.000060,0.000013,-0.000398
1135.000000,-0.000399,0.000080,0.000000,-0.000133,-0.001994
1136.000000,-0.000797,-0.000040,0.000100,-0.000159,0.000000
1137.000000,-0.001515,-0.000320,-0.000020,0.000174,-0.002398
1138.000000,-0.000478,-0.000199,0.000160,0.000321,0.002398
1139.000000,-0.000798,-0.000479,0.000020,0.000227,-0.001998
1140.000000,-0.000320,-0.000359,-0.000100,0.000139,0.000400
1141.000000,-0.000240,-0.000518,-0.000140,0.000147,0.000400
1142.000000,0.001276,-0.000119,0.000159,0.000239,0.005182
1143.000000,0.000797,0.000159,0.000239,0.000199,0.000000
1144.000000,0.000400,-0.000199,0.000000,-0.000027,-0.003984
1145.000000,-0.001445,-0.000882,-0.000401,-0.000294,-0.008821
1146.000000,-0.000962,-0.000601,-0.000320,-0.000134,0.002815
1147.000000,-0.002400,-0.000562,-0.000441,-0.000201,-0.002010
1148.000000,-0.001837,-0.000520,-0.000360,-0.000067,0.002813
1149.000000,-0.000480,-0.000040,-0.000259,0.000000,0.002805
1150.000000,0.001285,-0.000080,-0.000220,-0.000093,0.000000
1151.000000,0.000962,0.000000,-0.000259,-0.000093,0.001200
1152.000000,0.001894,-0.000253,-0.000186,0.000022,0.002654
1153.000000,0.001360,-0.000239,-0.000040,0.000080,0.000140
1154.000000,0.000878,0.000199,0.000000,0.000066,0.000398
1155.000000,0.000878,0.001081,0.000100,0.000093,-0.000004
1156.000000,0.000479,0.000720,0.000060,0.000027,-0.000793
1157.000000,-0.000371,0.000762,0.000100,-0.000040,-0.001596
1158.000000,-0.000559,0.000400,-0.000060,-0.000106,-0.000799
1159.000000,-0.001039,-0.000080,-0.000060,-0.000200,-0.002000
1160.000000,0.000001,0.000439,0.000180,0.000000,0.005193
1161.000000,0.000080,0.000279,0.000140,-0.000080,-0.000398
1162.000000,0.000638,0.000133,-0.000060,-0.000080,0.001195
1163.000000,0.000798,0.000119,-0.000060,0.000013,0.000000
1164.000000,0.001039,0.000000,0.000100,0.000000,-0.000796
1165.000000,-0.000159,-0.000079,0.000501,0.000040,-0.000797
1166.000000,0.000478,0.000279,0.000500,0.000133,0.002787
1167.000000,0.000636,0.000637,0.000699,0.000279,0.001986
1168.000000,0.000676,0.000737,0.000569,0.000206,0.000198
1169.000000,0.000493,0.000766,0.000343,0.000215,-0.001711
1170.000000,0.000557,0.000199,0.000319,0.000186,-0.000473
1171.000000,0.000080,0.000279,0.000279,0.000186,0.000398
1172.000000,-0.001914,-0.000639,-0.000253,-0.000253,-0.007981
1173.000000,-0.001074,-0.000199,-0.000040,-0.000106,0.004397
1174.000000,-0.000732,-0.000120,-0.000060,0.000027,0.000000
1175.000000,-0.001196,-0.000319,-0.000199,0.000227,-0.002796
1176.000000,-0.001436,-0.000678,-0.000200,0.000107,-0.000800
1177.000000,0.000320,-0.000797,-0.000080,0.000201,0.000800
1178.000000,-0.000559,-0.000817,-0.000040,0.000107,0.000000
1179.000000,-0.001281,-0.001006,-0.000120,-0.000107,-0.003606
1180.000000,0.000240,-0.000478,-0.000140,0.000053,0.004806
1181.000000,-0.000160,-0.000798,-0.000260,-0.000080,-0.002801
1182.000000,0.000160,0.000240,-0.000199,-0.000088,0.002401
1183.000000,0.000240,-0.000160,-0.000179,-0.000080,0.000400
1184.000000,0.001520,0.000120,0.000000,0.000000,0.002793
1185.000000,0.000638,0.000439,0.000060,0.000013,0.000398
1186.000000,0.001039,0.000439,-0.000119,0.000013,-0.000797
1187.000000,0.000798,0.000479,-0.000159,0.000106,0.001195
1188.000000,0.000319,0.000280,-0.000269,0.000067,-0.001992
1189.000000,-0.000479,0.000521,-0.000243,0.000093,-0.001197
1190.000000,-0.000676,-0.000019,-0.000249,-0.000099,-0.000587
1191.000000,-0.000479,0.000280,-0.000259,-0.000080,0.000188
1192.000000,-0.000398,0.000200,0.000220,-0.000066,0.001597
1193.000000,0.000637,0.000478,0.000159,0.000040,0.003186
1194.000000,-0.000160,-0.000319,-0.000100,-0.000106,-0.005182
1195.000000,0.000070,-0.000303,0.000068,-0.000061,0.000559
1196.000000,-0.000080,-0.000279,0.000080,-0.000173,-0.000559
1197.000000,0.000080,-0.000159,0.000160,-0.000159,0.002395
1198.000000,-0.000637,0.000000,0.000140,-0.000179,-0.000399
1199.000000,-0.000240,-0.000200,0.000160,-0.000229,-0.003196
1200.000000,-0.000833,-0.000382,-0.000200,-0.000293,-0.002404
1201.000000,-0.000320,-0.000200,0.000040,-0.000239,0.002004
1202.000000,-0.000799,-0.000360,-0.000080,0.000027,0.000000
1203.000000,-0.000160,-0.000398,0.000040,-0.000027,0.002798
1204.000000,0.000240,0.000000,-0.000160,-0.000067,-0.001198
1205.000000,0.000561,-0.000136,-0.000220,0.000000,-0.000800
1206.000000,0.000799,0.000240,-0.000020,0.000133,0.003195
1207.000000,0.000480,-0.000160,-0.000159,0.000053,-0.001596
1208.000000,0.000239,0.000040,0.000020,0.000106,0.001596
1209.000000,0.001909,0.001075,0.000437,0.000465,0.007151
1210.000000,0.001514,0.001038,0.000328,0.000212,-0.002775
1211.000000,0.000440,0.000619,0.000210,0.000233,-0.002178
1212.000000,-0.000240,0.000120,-0.000120,-0.000013,-0.004994
1213.000000,-0.000559,-0.000160,-0.000279,-0.000027,0.000000
1214.000000,-0.001670,0.000120,0.000060,-0.000066,0.001598
1215.000000,-0.000716,0.000399,0.000132,-0.000013,0.001994
1216.000000,-0.000839,-0.000200,0.000020,-0.000080,-0.002793
1217.000000,0.000420,0.000090,-0.000035,-0.000076,0.001302
1218.000000,0.000718,0.000080,0.000060,0.000040,0.001491
1219.000000,0.000399,-0.000635,0.000220,0.000080,0.000000
1220.000000,-0.000159,-0.000438,0.000300,0.000073,-0.000797
1221.000000,0.000877,0.000019,0.000319,0.000146,0.002389
1222.000000,0.000458,0.000439,0.000279,0.000066,-0.000796
1223.000000,-0.000319,0.000200,0.000020,-0.000119,-0.002391
1224.000000,0.000080,0.000239,0.000180,0.000120,0.001993
1225.000000,-0.000080,-0.000120,0.000140,0.000048,-0.001594
1226.000000,-0.000877,0.000000,-0.000100,0.000013,-0.001597
1227.000000,-0.000478,-0.000010,0.000040,-0.000027,0.001198
1228.000000,0.000080,-0.000120,-0.000020,0.000000,0.000399
1229.000000,0.001112,0.000596,-0.000020,0.000345,0.007154
1230.000000,0.000955,0.000438,0.000000,0.000346,-0.002379
1231.000000,0.001671,0.000397,0.000208,0.000345,0.001983
1232.000000,0.000876,0.000199,0.000319,0.000253,-0.002777
1233.000000,0.001272,0.000676,0.000438,0.000239,0.002381
1234.000000,-0.000396,0.000358,0.000299,0.000239,-0.001190
1235.000000,0.000476,0.000715,0.000298,0.000332,0.001982
1236.000000,-0.001911,-0.000120,-0.000060,-0.000106,-0.009950
1237.000000,-0.001435,-0.000280,-0.000145,-0.000067,-0.000400
1238.000000,-0.001113,0.000080,-0.000020,0.000013,0.003994
1239.000000,-0.001114,-0.000755,-0.000080,-0.000265,-0.001196
1240.000000,-0.000396,0.000040,0.000239,0.000013,0.005571
1241.000000,0.001594,-0.000159,0.000119,0.000086,0.000000
1242.000000,0.001753,0.000159,0.000179,0.000265,0.000397
1243.000000,0.000239,-0.000437,0.000120,0.000146,-0.003576
