0.000000,-0.000991,0.000652,0.003645,0.003801,-0.040807
1.000000,0.001451,0.003051,0.004557,0.003669,0.004575
2.000000,-0.001761,-0.001337,0.005055,0.003370,-0.011092
3.000000,-0.004794,-0.002472,0.004174,0.003631,-0.001155
4.000000,-0.011786,-0.003028,0.002167,0.002658,-0.010451
5.000000,0.000076,-0.000457,0.002768,0.003430,0.018505
6.000000,-0.000305,0.000573,0.003695,0.003477,0.002670
7.000000,0.000844,-0.000459,0.004213,0.002629,-0.005348
8.000000,0.004794,0.000000,0.004460,0.002796,0.018593
9.000000,0.001859,-0.004963,0.001786,0.002218,-0.025125
10.000000,-0.000076,0.000000,0.000326,0.002430,0.008828
11.000000,-0.002685,-0.001495,0.000778,0.002540,-0.010371
12.000000,0.004918,0.002881,0.000772,0.004330,0.032665
13.000000,0.001274,0.003034,0.000281,0.003794,0.000374
14.000000,0.006075,0.003967,0.000470,0.002767,-0.001121
15.000000,0.002128,0.001026,0.000284,0.002187,-0.010904
16.000000,0.004127,0.000721,0.000647,0.002704,-0.000378
17.000000,0.000597,0.002757,0.001149,0.003728,0.015015
18.000000,-0.001575,-0.000150,-0.000075,0.002923,-0.010487
19.000000,0.002822,0.004449,-0.000257,0.002673,0.020865
20.000000,0.008294,0.005211,0.002606,0.001954,0.016457
21.000000,0.001732,0.002930,0.000718,0.001495,-0.033189
22.000000,-0.003230,-0.001317,0.000782,0.000076,-0.009797
23.000000,0.000226,-0.000675,0.001180,-0.000038,0.006792
24.000000,-0.001555,0.000634,0.002300,0.000524,0.011963
25.000000,-0.002702,0.002796,0.001911,0.001122,0.010719
26.000000,0.006710,0.004221,0.002471,0.001839,0.013874
27.000000,0.011549,0.004160,0.003459,0.002153,0.014399
28.000000,0.007890,0.004058,0.001954,0.001303,-0.011503
29.000000,0.004701,0.001573,0.003011,0.000353,-0.003985
30.000000,0.006439,0.001869,0.003540,0.002360,0.019411
31.000000,0.003308,0.005009,0.003969,0.002148,-0.001782
32.000000,-0.004482,0.003534,0.001109,0.001700,-0.024550
33.000000,-0.004756,0.001567,0.000446,0.001309,-0.012875
34.000000,0.000869,0.002785,0.001709,0.002462,0.024142
35.000000,-0.007841,-0.000701,0.001048,0.001040,-0.024142
36.000000,-0.005496,-0.001094,0.001564,0.001283,0.009947
37.000000,-0.002353,-0.003417,0.000371,0.001167,-0.008837
38.000000,-0.003737,-0.004247,-0.000094,-0.000113,-0.019795
39.000000,-0.008716,-0.003924,-0.001175,0.000699,-0.000755
40.000000,-0.002984,-0.005413,-0.001772,0.000556,0.004520
41.000000,-0.000440,-0.002968,0.001021,0.001657,0.022665
42.000000,0.005472,0.001559,0.002547,0.001259,0.020724
43.000000,0.009431,0.002847,0.002207,0.001246,0.000000
44.000000,0.009366,0.000325,0.001555,0.001248,-0.001080
45.000000,0.004239,0.000627,-0.000037,0.000908,-0.021115
46.000000,-0.003035,-0.001738,-0.001416,0.000463,-0.013706
47.000000,-0.005916,-0.000222,-0.001820,0.000173,0.006321
48.000000,-0.003485,0.002973,-0.000637,0.000928,0.012157
49.000000,-0.005552,0.001907,-0.001008,-0.000148,-0.011416
50.000000,-0.002592,0.000823,-0.002295,-0.000907,-0.006316
51.000000,0.001042,-0.000997,-0.001982,0.000348,0.004463
52.000000,0.000370,-0.002773,-0.000607,0.000773,0.002964
53.000000,-0.003025,-0.003255,-0.000204,0.000386,-0.004821
54.000000,-0.000148,-0.002850,-0.001263,0.000087,0.002970
55.000000,0.003766,0.000587,0.000607,0.000171,0.013255
56.000000,0.004911,0.002977,0.000619,0.000048,0.010189
57.000000,0.002792,0.001581,0.000680,-0.000686,-0.007632
58.000000,-0.002996,-0.003011,-0.000019,-0.001428,-0.033763
59.000000,-0.005715,-0.002931,-0.000512,-0.001649,-0.010622
60.000000,-0.007604,-0.001919,-0.000548,-0.002169,0.003807
61.000000,-0.012937,-0.004013,-0.002505,-0.002659,-0.016472
62.000000,-0.009795,-0.003501,-0.003137,-0.001572,0.008079
63.000000,-0.002048,-0.002522,-0.002889,-0.000977,0.004968
64.000000,0.001520,-0.002097,-0.002474,-0.001541,0.007218
65.000000,0.000455,-0.003574,-0.001494,-0.000787,-0.001515
66.000000,0.004658,-0.004140,-0.000582,-0.000967,0.004539
67.000000,0.003042,-0.003376,-0.000898,-0.000672,0.000000
68.000000,0.001822,-0.000113,-0.001562,-0.000050,-0.001133
69.000000,-0.004982,-0.001731,-0.002331,-0.000919,-0.026801
70.000000,-0.003364,-0.001454,-0.001687,-0.000850,0.006575
71.000000,-0.002659,0.000999,-0.001507,-0.001337,0.008063
72.000000,-0.001287,0.000877,-0.001312,-0.001799,0.006860
73.000000,-0.005515,-0.001847,-0.002185,-0.002541,-0.022274
74.000000,-0.001558,-0.003270,-0.002684,-0.002739,-0.007015
75.000000,0.001230,-0.001067,-0.002321,-0.001352,0.020516
76.000000,0.001220,-0.000720,-0.002430,-0.000628,0.008014
77.000000,-0.003602,-0.002445,-0.002911,-0.001413,-0.017252
78.000000,-0.004318,-0.004917,-0.002515,-0.002680,-0.025853
79.000000,-0.000156,-0.000857,-0.001294,-0.001840,0.013793
80.000000,-0.005752,-0.002261,-0.001858,-0.001878,-0.007464
81.000000,-0.013603,-0.006192,-0.002596,-0.003068,-0.031240
82.000000,-0.008210,-0.005906,-0.002514,-0.002843,0.009717
83.000000,0.004318,0.000000,-0.000923,-0.001456,0.036785
84.000000,0.005406,0.002625,-0.000323,-0.000914,0.019231
85.000000,0.006822,0.000535,-0.000266,-0.001369,-0.000381
86.000000,0.014891,0.000644,-0.000038,-0.001405,0.009105
87.000000,0.011736,0.001763,-0.000341,-0.001353,-0.006061
88.000000,0.004303,0.004311,-0.000303,-0.000240,-0.000380
89.000000,0.001669,0.003537,0.001340,0.000316,0.006063
90.000000,0.003026,0.004924,0.001331,0.000403,0.006402
91.000000,0.001355,0.008123,0.000966,0.000977,0.000750
92.000000,0.001966,0.006851,0.000473,0.000607,-0.003005
93.000000,0.004361,0.004332,0.002166,0.000828,0.011595
94.000000,0.003446,0.002557,0.002591,0.000637,0.001486
95.000000,0.002536,0.002781,0.001658,0.000750,0.001855
96.000000,-0.001582,-0.000113,0.000265,-0.000063,-0.019840
97.000000,0.000226,0.001096,0.001429,0.000138,0.006031
98.000000,0.002145,0.003253,0.003782,0.000882,0.021194
99.000000,0.005349,0.004398,0.003968,0.002359,0.017506
100.000000,0.002358,0.002447,0.003686,0.001703,-0.013101
101.000000,0.006253,0.002336,0.005229,0.001422,-0.000366
102.000000,0.003280,0.001753,0.004302,0.000899,-0.008833
103.000000,0.002341,0.002243,0.003288,0.002192,0.016499
104.000000,-0.007290,-0.000970,0.000794,0.001404,-0.030647
105.000000,-0.003250,-0.000446,0.001168,0.000957,0.007099
106.000000,-0.003400,0.001426,0.000657,0.000652,-0.001118
107.000000,-0.001857,0.000711,0.000904,0.001190,-0.001119
108.000000,-0.003226,-0.000442,0.001405,0.002374,0.009655
109.000000,0.001940,-0.002675,0.000861,0.001753,-0.004816
110.000000,-0.002699,-0.002974,-0.000263,0.001466,-0.016096
111.000000,0.001633,-0.000883,0.000726,0.003192,0.020542
112.000000,-0.002176,-0.002016,-0.000132,0.002196,-0.020165
113.000000,-0.003129,-0.003177,-0.000467,0.001133,0.004892
114.000000,0.002216,0.002078,0.000554,0.001222,0.021905
115.000000,-0.002812,-0.002755,-0.001601,-0.000140,-0.041235
116.000000,-0.013218,-0.005793,-0.002183,-0.001493,-0.031489
117.000000,-0.011011,-0.006593,-0.002941,-0.001595,-0.009125
118.000000,-0.012388,-0.007758,-0.004100,-0.001649,-0.001995
119.000000,-0.011488,-0.004636,-0.003655,-0.000971,0.026405
120.000000,-0.003942,-0.003377,-0.003176,-0.001301,-0.003507
121.000000,0.004761,-0.004229,-0.002556,-0.000925,0.012027
122.000000,0.008658,-0.001176,-0.001596,-0.000480,0.010359
123.000000,0.008292,-0.002048,-0.002613,-0.000994,-0.003824
124.000000,0.000156,-0.005666,-0.001794,-0.001519,-0.014278
125.000000,0.000000,-0.001971,-0.002363,-0.001724,-0.004284
126.000000,0.000770,0.002766,-0.001514,-0.000534,0.015876
127.000000,-0.001072,0.003793,-0.001400,-0.000696,0.001152
128.000000,-0.001153,0.003570,-0.002094,-0.001544,-0.004230
129.000000,0.005822,0.002989,-0.000824,-0.001441,0.020596
130.000000,0.008782,0.004391,0.000507,-0.000653,0.010515
131.000000,0.007835,0.004303,0.000037,-0.000270,0.011144
132.000000,0.009517,0.004223,0.001523,0.000343,0.009559
133.000000,0.012401,0.005624,0.001788,0.000133,0.010193
134.000000,0.007047,0.006434,0.000384,0.000949,-0.006176
135.000000,0.005526,0.007154,0.002591,0.000809,0.002911
136.000000,0.004312,0.006074,0.004420,0.001016,0.005074
137.000000,0.004343,0.006930,0.005362,0.001377,0.009714
138.000000,0.001228,0.006814,0.005192,0.000875,-0.005385
139.000000,0.000437,0.003742,0.003365,0.000698,-0.010130
140.000000,0.003744,0.004635,0.004513,0.001883,0.019446
141.000000,-0.000145,0.002084,0.003193,0.000719,-0.014368
142.000000,-0.002377,0.000983,0.002603,0.001343,-0.001448
143.000000,0.000431,0.000830,0.003227,0.001469,0.008658
144.000000,0.002816,0.001627,0.004031,0.000798,0.001794
145.000000,0.000428,0.002086,0.004620,0.002423,0.007501
146.000000,0.003941,0.001898,0.003986,0.003579,0.003198
147.000000,0.006488,0.002055,0.004493,0.004260,0.011288
148.000000,0.003701,0.002066,0.004440,0.004150,-0.005275
149.000000,0.002848,0.002832,0.003287,0.003188,-0.002471
150.000000,0.000427,0.000427,0.002531,0.003151,-0.004606
151.000000,-0.001925,0.001008,0.001546,0.002465,-0.008559
152.000000,-0.004972,0.000758,0.000871,0.001988,-0.003948
153.000000,-0.005723,-0.001011,-0.000091,0.001814,-0.009030
154.000000,-0.007271,-0.002211,-0.000292,0.001950,-0.010212
155.000000,-0.011323,-0.005448,-0.001681,0.001264,-0.024867
156.000000,-0.010817,-0.006371,-0.002237,0.000534,-0.006031
157.000000,-0.014617,-0.009794,-0.003870,-0.000270,-0.022946
158.000000,-0.010733,-0.008228,-0.003081,0.000218,0.010391
159.000000,-0.008461,-0.007866,-0.002517,-0.000431,0.001148
160.000000,0.000000,-0.005662,-0.002617,-0.000200,0.017438
161.000000,0.003151,-0.003833,-0.001413,-0.000247,0.009723
162.000000,0.006920,-0.003849,-0.001545,-0.000703,-0.004102
163.000000,0.004168,-0.003283,-0.002147,-0.001155,-0.003369
164.000000,0.006472,-0.000995,-0.001603,-0.000526,0.012668
165.000000,0.002539,0.001270,-0.002089,-0.000698,-0.002224
166.000000,-0.005432,-0.001141,-0.003756,-0.001871,-0.030134
167.000000,-0.005609,0.000655,-0.004569,-0.002361,-0.004984
168.000000,-0.003632,0.000268,-0.003980,-0.001965,0.006512
169.000000,-0.009788,-0.001658,-0.004762,-0.002231,-0.018109
170.000000,-0.006870,-0.002165,-0.003913,-0.002467,0.012365
171.000000,0.001372,-0.002030,-0.002932,-0.001619,0.011075
172.000000,0.006429,0.000410,-0.001719,-0.000894,0.020301
173.000000,0.002580,-0.000526,-0.001904,-0.001607,-0.012734
174.000000,0.005522,-0.002133,-0.001564,-0.001780,-0.003398
175.000000,0.002443,-0.002214,-0.000472,-0.002131,-0.003030
176.000000,-0.002446,-0.000537,-0.000839,-0.002683,-0.013367
177.000000,-0.000970,0.002730,0.001692,-0.002136,0.027679
178.000000,0.007835,0.005208,0.002738,-0.000918,0.031293
179.000000,0.007789,0.006655,0.002499,-0.000956,-0.003631
180.000000,0.013708,0.008075,0.002955,0.000083,0.026563
181.000000,0.018425,0.007990,0.002980,0.000709,0.010220
182.000000,0.012819,0.005924,0.003167,0.000829,-0.000351
183.000000,0.006420,0.007128,0.003301,0.001106,-0.000702
184.000000,0.006302,0.007045,0.002456,0.001306,-0.004221
185.000000,-0.001565,0.006071,0.001929,0.001709,-0.012771
186.000000,-0.003537,0.007444,0.003453,0.001922,0.000357
187.000000,-0.002897,0.004961,0.003845,0.002782,0.002851
188.000000,-0.004472,0.000974,0.003091,0.002150,-0.008578
189.000000,-0.008276,-0.000987,0.002834,0.001337,-0.023240
190.000000,-0.004477,-0.003021,0.002527,0.000963,0.006226
191.000000,-0.005573,-0.004555,0.001717,0.000468,-0.005124
192.000000,-0.002723,-0.002810,0.001557,0.001175,0.017101
193.000000,0.001003,-0.001735,0.002696,0.001622,0.010050
194.000000,0.009961,0.000842,0.003944,0.001918,0.021552
195.000000,0.010594,0.003059,0.004565,0.002306,0.009393
196.000000,0.010438,0.002433,0.004938,0.003113,-0.005904
197.000000,0.004706,0.000992,0.002976,0.002894,-0.011561
198.000000,0.003118,0.002060,0.001517,0.002747,0.002112
199.000000,0.002915,0.006438,0.002725,0.004035,0.020533
200.000000,0.005734,0.008164,0.002572,0.004406,0.023490
201.000000,0.007184,0.008811,0.002128,0.004082,0.001345
202.000000,0.006790,0.005748,0.001469,0.002954,-0.013532
203.000000,0.007522,0.005320,0.001793,0.003571,0.005773
204.000000,0.002941,0.002928,0.001885,0.003605,-0.002373
205.000000,0.000135,0.002934,0.002997,0.004022,0.009460
206.000000,0.000738,0.003961,0.003197,0.004612,0.004362
207.000000,0.004513,0.005651,0.003321,0.003868,0.005342
208.000000,0.001552,0.004537,0.003299,0.002524,-0.009032
209.000000,-0.008530,-0.002794,0.001822,0.000885,-0.052780
210.000000,-0.009926,-0.004896,0.001634,0.000083,0.002477
211.000000,-0.010869,-0.005066,0.001873,-0.000270,-0.000353
212.000000,-0.012646,-0.004067,0.000841,-0.000376,-0.003541
213.000000,-0.009778,-0.004113,0.000603,-0.000176,0.005307
214.000000,-0.003935,-0.006232,-0.001652,-0.000821,-0.023564
215.000000,-0.002131,-0.006029,-0.001547,-0.000012,0.011494
216.000000,-0.004143,-0.007506,-0.001773,-0.000371,-0.010411
217.000000,-0.003002,-0.007824,-0.001086,-0.000394,0.002163
218.000000,-0.003560,-0.006669,-0.001066,-0.000024,0.002518
219.000000,-0.000869,-0.002402,-0.002598,0.000414,-0.010108
220.000000,-0.003095,-0.002613,-0.003755,0.000218,0.000363
221.000000,-0.001740,-0.002941,-0.004004,0.000268,-0.003634
222.000000,-0.003634,-0.003318,-0.003692,-0.000546,-0.007307
223.000000,-0.005831,-0.004696,-0.004404,-0.001163,-0.008470
224.000000,-0.000654,-0.000762,-0.003497,-0.001355,0.015777
225.000000,0.002165,-0.000465,-0.003247,-0.001187,0.014456
226.000000,0.002748,0.000504,-0.003501,-0.001014,-0.000718
227.000000,0.001607,-0.001013,-0.004419,-0.001062,-0.013011
228.000000,0.002426,-0.001703,-0.004186,-0.001278,-0.004375
229.000000,-0.000073,-0.000364,-0.001383,-0.001853,0.003283
230.000000,-0.010837,-0.004336,-0.003475,-0.003949,-0.039366
231.000000,-0.005312,-0.001282,-0.002112,-0.003096,0.026907
232.000000,-0.005757,-0.002075,-0.002696,-0.003153,-0.015233
233.000000,-0.000732,0.000847,-0.001924,-0.002654,0.020749
234.000000,0.003537,0.001732,0.000485,-0.001754,0.024630
235.000000,0.009902,-0.000468,-0.000466,-0.002321,-0.007542
236.000000,-0.000148,-0.002730,-0.001113,-0.003244,-0.023342
237.000000,0.003856,-0.000950,-0.000982,-0.003263,0.004786
238.000000,0.001898,0.000583,-0.000560,-0.002596,0.010957
239.000000,-0.003101,0.000218,-0.000073,-0.000849,-0.000363
240.000000,0.000288,0.005095,0.000379,-0.000618,0.009403
241.000000,0.008241,0.004047,0.001382,-0.000059,0.016423
242.000000,0.011835,0.007846,0.002885,0.000818,0.022756
243.000000,0.001448,0.001673,0.001260,-0.000725,-0.040981
244.000000,0.009647,0.003273,0.002503,0.001415,0.040634
245.000000,0.012218,0.006253,0.002893,0.001773,0.022257
246.000000,0.011223,0.009732,0.003501,0.002502,0.011448
247.000000,0.005867,0.008851,0.003950,0.002296,-0.004026
248.000000,0.015136,0.008292,0.004437,0.002391,0.005364
249.000000,0.006138,0.007892,0.004055,0.002582,-0.004356
250.000000,0.001753,0.006986,0.006040,0.002581,0.000336
251.000000,-0.005774,0.002725,0.003386,0.001830,-0.026188
252.000000,-0.005867,0.000000,0.003923,0.001924,-0.004490
253.000000,-0.007009,0.004063,0.002868,0.002194,-0.000346
254.000000,-0.004276,0.000931,0.002102,0.001979,0.009306
255.000000,-0.005100,-0.001673,0.002290,0.001371,-0.003781
256.000000,0.000688,-0.002543,0.003595,0.001486,0.002751
257.000000,0.000829,-0.002519,0.003166,0.001794,-0.003785
258.000000,0.000898,-0.003055,0.002618,0.001940,0.000000
259.000000,-0.000687,-0.002482,0.002705,0.001876,0.001378
260.000000,0.000000,-0.002550,0.002218,0.003177,-0.000344
261.000000,-0.001033,-0.000172,0.001276,0.002200,-0.002413
262.000000,-0.000069,0.000380,0.000190,0.002742,0.001035
263.000000,0.003146,0.002022,0.003043,0.002586,0.016077
264.000000,0.002327,0.000820,0.000875,0.001675,-0.002718
265.000000,0.004023,0.002011,0.000169,0.002197,0.008133
266.000000,0.000276,-0.000378,-0.001461,0.002270,-0.021147
267.000000,0.001100,0.000516,-0.001002,0.002283,0.005157
268.000000,-0.006694,-0.001774,-0.002414,0.001154,-0.022894
269.000000,-0.007276,-0.002474,-0.002478,0.000979,-0.005630
270.000000,-0.005335,-0.000656,-0.001603,0.001260,0.017836
271.000000,-0.002777,-0.001250,-0.000711,0.000434,-0.008354
272.000000,-0.006270,-0.002585,-0.001102,-0.000735,-0.012309
273.000000,-0.002400,-0.004547,-0.001262,0.000513,-0.003545
274.000000,-0.002986,-0.005131,-0.002156,-0.001127,-0.008559
275.000000,-0.005767,-0.005551,-0.001770,-0.001738,0.003932
276.000000,-0.003882,-0.003330,-0.001854,-0.002084,0.001070
277.000000,-0.002995,-0.004632,-0.002058,-0.002212,-0.007871
278.000000,0.004217,0.000908,-0.000433,-0.001307,0.032512
279.000000,0.006067,0.001541,-0.000467,-0.001139,0.000695
280.000000,0.004166,-0.000800,-0.000728,-0.001336,-0.005575
281.000000,0.004092,0.000105,-0.000573,-0.000439,0.000699
282.000000,0.006919,0.001962,-0.000311,-0.000081,0.006265
283.000000,-0.003933,0.000142,-0.002203,-0.000794,-0.021748
284.000000,0.003786,0.004927,-0.000102,0.000205,0.039289
285.000000,0.006463,0.005315,-0.000118,0.000592,0.007811
286.000000,0.011071,0.007581,0.002126,0.001291,0.023735
287.000000,0.010675,0.008797,0.002082,0.001560,0.004285
288.000000,0.013306,0.004687,0.002797,0.001274,-0.008589
289.000000,0.003180,0.003483,0.002512,0.000850,-0.011345
290.000000,0.000203,0.003333,0.001266,0.000625,-0.007072
291.000000,-0.006309,0.002381,0.001243,0.000412,-0.008826
292.000000,-0.000329,0.005173,0.003567,0.001517,0.034186
293.000000,-0.004496,0.004405,0.002274,0.000000,-0.029424
294.000000,-0.006272,-0.001546,0.001690,-0.000584,-0.020223
295.000000,-0.007858,-0.003827,0.000744,-0.001355,-0.015001
296.000000,-0.005321,-0.005815,0.000883,-0.000521,0.003859
297.000000,-0.012859,-0.006594,0.001101,-0.000810,-0.003508
298.000000,-0.004183,-0.004340,0.000174,0.000418,0.013957
299.000000,0.001449,-0.002411,0.000536,0.000871,0.007938
300.000000,0.007384,-0.000237,0.001548,0.000765,0.014674
301.000000,0.001535,-0.001893,0.000244,0.000197,-0.025387
302.000000,0.005886,-0.003487,0.000843,0.001216,0.018248
303.000000,-0.001182,-0.002682,0.000861,0.000622,-0.021380
304.000000,-0.002212,-0.000382,-0.000964,0.001000,0.002785
305.000000,-0.004453,0.001465,-0.001181,0.000984,0.003470
306.000000,0.001454,0.001494,-0.002160,0.001087,0.004148
307.000000,-0.000684,0.002601,-0.001997,0.001601,0.007560
308.000000,0.000279,-0.000451,-0.002396,-0.000035,-0.016569
309.000000,0.001316,-0.000448,-0.001430,0.000208,0.007974
310.000000,0.000277,-0.002088,-0.001162,0.000336,-0.001728
311.000000,0.003894,0.002674,0.000391,0.001054,0.022235
312.000000,0.002044,0.000680,-0.001403,0.000789,-0.001693
313.000000,0.002353,0.001316,-0.000683,0.001013,-0.015022
314.000000,0.000758,0.001037,0.000328,-0.000297,0.000000
315.000000,-0.001528,-0.000625,0.000420,-0.000996,-0.013158
316.000000,-0.006463,-0.001285,0.000105,-0.001868,-0.002443
317.000000,-0.004732,-0.001344,0.000628,-0.001779,0.006964
318.000000,-0.000344,0.001004,0.000276,-0.001262,0.006916
319.000000,-0.003820,-0.001531,-0.000989,-0.001463,-0.017380
320.000000,-0.002596,-0.002062,-0.002075,-0.001462,-0.007037
321.000000,-0.001543,-0.004003,-0.000665,-0.001074,0.002821
322.000000,-0.002655,-0.003693,-0.001507,-0.002167,0.001407
323.000000,-0.002218,-0.001281,0.000017,-0.000883,0.009101
324.000000,0.001328,-0.001246,-0.000104,-0.000197,0.000348
325.000000,0.003222,0.000313,-0.000156,0.000384,0.002435
326.000000,0.004250,0.001353,0.000034,0.000521,0.007960
327.000000,0.003278,0.000312,-0.000516,0.000523,-0.003453
328.000000,0.000418,-0.000900,0.000052,-0.000116,-0.005202
329.000000,-0.001258,0.000035,-0.000748,-0.000648,-0.008029
330.000000,-0.003293,-0.000035,-0.001049,-0.001395,-0.007741
331.000000,-0.012444,-0.004097,-0.004050,-0.001809,-0.037795
332.000000,-0.011974,-0.004348,-0.004020,-0.002454,-0.001101
333.000000,-0.012408,-0.005995,-0.003638,-0.001987,-0.007372
334.000000,-0.015140,-0.008199,-0.004723,-0.002803,-0.021691
335.000000,-0.014046,-0.008670,-0.004178,-0.002994,-0.002271
336.000000,-0.007399,-0.009921,-0.004284,-0.003284,-0.004558
337.000000,-0.004156,-0.008065,-0.003877,-0.003032,0.015112
338.000000,-0.004263,-0.008335,-0.004618,-0.002744,-0.007905
339.000000,0.003523,-0.005809,-0.002887,-0.002435,0.017235
340.000000,0.004496,-0.004775,-0.002405,-0.002291,0.002597
341.000000,0.001819,-0.002790,-0.003443,-0.003630,-0.017944
342.000000,-0.005165,-0.004661,-0.004504,-0.004234,-0.019810
343.000000,-0.004510,-0.004386,-0.005191,-0.003887,-0.004628
344.000000,-0.005651,-0.001064,-0.004632,-0.003503,0.011530
345.000000,-0.006553,-0.001028,-0.004849,-0.003128,-0.001912
346.000000,-0.002735,-0.000458,-0.005190,-0.003009,0.001148
347.000000,0.000615,-0.002275,-0.005170,-0.003343,-0.003064
348.000000,0.000926,-0.001792,-0.005064,-0.003676,-0.003073
349.000000,0.000991,-0.002330,-0.004069,-0.002701,0.011857
350.000000,0.005885,-0.000334,-0.002554,-0.001715,0.022557
351.000000,0.004387,0.000826,-0.000982,-0.002020,-0.006340
352.000000,0.004626,0.002620,-0.001020,-0.002129,-0.001872
353.000000,0.007921,0.004423,0.000018,-0.001986,0.013403
354.000000,0.003019,0.002005,0.000470,-0.002419,-0.012654
355.000000,-0.005197,0.000344,-0.000342,-0.003118,-0.018523
356.000000,-0.002940,0.000724,0.000133,-0.003218,0.004948
357.000000,0.003566,0.004096,0.000910,-0.002081,0.030657
358.000000,0.000369,0.004145,0.001177,-0.001994,-0.002581
359.000000,0.004737,0.003878,0.000774,-0.001420,0.009186
360.000000,0.006457,0.000630,0.000148,-0.001493,-0.009925
361.000000,0.003761,0.000411,0.000619,-0.000518,-0.008533
362.000000,-0.001256,0.001155,0.001888,-0.000295,0.005573
363.000000,-0.001705,-0.000668,0.001878,-0.000210,-0.004828
364.000000,-0.005338,-0.000300,0.000852,0.000214,-0.008975
365.000000,-0.002154,0.002151,0.001248,0.000489,0.005993
366.000000,0.000521,0.002141,0.001432,0.000802,0.004843
367.000000,-0.000668,-0.000962,0.001567,0.000286,-0.000372
368.000000,-0.000746,-0.001226,0.001460,0.000376,-0.005218
369.000000,0.003500,-0.000919,0.001480,0.000210,0.012256
370.000000,0.002228,0.000037,0.000333,0.000111,-0.000369
371.000000,0.003609,0.002065,0.001238,0.001101,0.011748
372.000000,0.001408,0.000370,0.000763,0.001382,-0.011378
373.000000,0.003409,0.001331,0.000332,0.001696,0.004787
374.000000,0.000810,0.002155,0.000928,0.001287,-0.000735
375.000000,0.003078,0.002653,0.002402,0.001716,0.010969
376.000000,-0.000658,0.001475,0.001808,0.001447,-0.006933
377.000000,0.000000,0.000704,-0.000129,0.001279,-0.008088
378.000000,-0.001994,0.000708,-0.000259,0.001209,-0.005181
379.000000,0.000734,0.000772,-0.000073,0.001244,0.012903
380.000000,-0.003004,0.000037,0.000037,0.000235,-0.007722
381.000000,-0.004293,-0.002476,-0.000205,0.000000,-0.013378
382.000000,-0.004329,-0.002164,-0.000897,-0.000213,-0.008265
383.000000,-0.001864,-0.001929,-0.000299,-0.000422,0.007142
384.000000,-0.005120,-0.002193,-0.000019,-0.000113,-0.003376
385.000000,0.006107,0.001552,0.002102,0.002119,0.048414
386.000000,0.008353,0.002030,0.001753,0.001882,-0.002151
387.000000,0.012714,0.004193,0.002448,0.001312,0.013543
388.000000,0.005468,0.001802,0.001255,0.000428,-0.029092
389.000000,0.006725,0.000803,0.000787,0.000219,0.002911
390.000000,-0.004343,0.000882,0.000459,0.000319,-0.006928
391.000000,-0.004720,0.001817,-0.000330,0.000469,-0.004033
392.000000,-0.011361,0.000677,-0.000744,-0.000373,-0.019663
393.000000,-0.003307,0.001080,-0.000424,0.000161,0.011177
394.000000,-0.004706,0.001010,-0.000592,0.000324,-0.004084
395.000000,-0.005490,-0.004917,-0.001683,-0.000237,-0.010847
396.000000,-0.003035,-0.003878,-0.000924,-0.000124,0.008240
397.000000,-0.000300,-0.005830,-0.000819,-0.000311,-0.005986
398.000000,-0.004724,-0.004015,-0.001107,-0.000502,-0.010941
399.000000,-0.009446,-0.007076,-0.003137,-0.001834,-0.027694
400.000000,-0.004796,-0.005143,-0.002130,-0.001408,0.012403
401.000000,-0.007990,-0.005513,-0.001848,-0.002057,-0.007734
402.000000,-0.004324,-0.002312,-0.000818,-0.001267,0.012346
403.000000,-0.002059,-0.003391,-0.001156,-0.001413,0.000383
404.000000,0.001322,-0.004062,-0.001526,-0.001748,-0.010790
405.000000,-0.002169,-0.003482,-0.004199,-0.002282,-0.005050
406.000000,0.002085,-0.002953,-0.003415,-0.001600,0.013537
407.000000,-0.002858,-0.003591,-0.004711,-0.001743,-0.012370
408.000000,-0.001153,-0.001606,-0.002811,-0.001273,0.008906
409.000000,0.001544,0.001433,-0.002822,-0.001614,0.002695
410.000000,0.003398,0.000614,-0.002264,-0.001215,0.004220
411.000000,0.003805,0.002945,-0.001284,-0.000250,0.015575
412.000000,0.002781,-0.000038,-0.001175,-0.000558,-0.017491
413.000000,0.004649,0.001748,-0.000822,-0.000188,0.018245
414.000000,0.004937,0.003240,-0.000411,0.000063,0.004135
415.000000,0.006923,0.005160,0.000839,-0.001079,0.014153
416.000000,0.004030,0.003918,0.000483,-0.000971,0.001109
417.000000,0.009513,0.006147,0.001278,-0.001091,0.009925
418.000000,0.008192,0.006420,0.002407,0.000266,0.011636
419.000000,0.008086,0.006512,0.003972,0.000289,0.003609
420.000000,0.004027,0.005475,0.003045,0.000316,-0.006143
421.000000,0.006756,0.005393,0.004169,0.000942,0.014751
422.000000,0.004771,0.007142,0.003552,0.001597,0.000000
423.000000,0.000722,0.004457,0.003102,0.000938,-0.008608
424.000000,-0.000866,0.003610,0.003425,0.000929,-0.004332
425.000000,0.000362,0.002195,0.003678,0.001291,0.000000
426.000000,-0.005064,0.000846,0.002382,0.000604,-0.012377
427.000000,-0.005430,-0.000330,0.002909,0.000742,-0.001833
428.000000,-0.001882,-0.000580,0.002920,0.001411,0.009132
429.000000,-0.000217,-0.000542,0.002985,0.002467,0.003992
430.000000,0.000650,0.000506,0.002991,0.002199,0.004337
431.000000,0.000220,-0.002422,0.001485,0.001972,-0.014530
432.000000,-0.001843,-0.003637,0.001753,0.001156,-0.012148
433.000000,-0.007182,-0.004532,-0.000038,0.000557,-0.017561
434.000000,-0.004246,-0.002232,0.000689,0.001540,0.018671
435.000000,-0.005336,-0.002343,-0.000074,0.001671,-0.001110
436.000000,-0.001101,-0.000441,0.000203,0.001441,0.006645
437.000000,0.001696,-0.000073,-0.000202,0.001915,0.001838
438.000000,0.002547,-0.002318,-0.001449,0.001174,-0.013309
439.000000,-0.001933,-0.003090,-0.001816,0.000960,-0.003729
440.000000,0.001108,-0.002114,-0.000804,0.001289,0.014095
441.000000,0.000881,-0.000110,-0.001266,0.000954,0.005510
442.000000,-0.000810,0.000443,-0.001597,0.001316,-0.006615
443.000000,0.002662,0.002604,-0.000964,0.000843,0.004048
444.000000,0.009056,0.003561,0.000665,0.001647,0.028242
445.000000,0.000000,0.000554,-0.000894,0.000135,-0.031185
446.000000,0.002403,0.001642,0.000601,0.000683,0.017525
447.000000,0.012991,0.006091,0.003009,0.001896,0.046323
448.000000,0.014380,0.008521,0.003102,0.001874,0.010997
449.000000,0.008116,0.008586,0.002748,0.001651,-0.003081
450.000000,0.014147,0.007073,0.002480,0.001822,-0.001029
451.000000,0.004580,0.003491,0.001691,0.000320,-0.030311
452.000000,-0.002504,0.005244,0.002844,0.000683,0.010906
453.000000,-0.006319,0.004031,0.003318,0.000701,-0.008080
454.000000,-0.005069,0.001524,0.002542,0.000951,0.003170
455.000000,-0.004301,0.004923,0.002738,0.001045,0.002809
456.000000,0.001058,0.002819,0.002231,0.001340,-0.003512
457.000000,0.003675,0.000586,0.003338,0.002201,0.023989
458.000000,0.009573,0.001627,0.005074,0.002610,0.021411
459.000000,0.009745,0.002338,0.005462,0.002611,0.004027
460.000000,0.014144,0.004921,0.005997,0.003294,0.024807
461.000000,0.023478,0.012268,0.007880,0.005217,0.043158
462.000000,0.017299,0.010487,0.007865,0.005391,-0.006907
463.000000,0.014085,0.011829,0.007930,0.006155,0.005342
464.000000,0.011074,0.010409,0.005966,0.005165,-0.011029
465.000000,0.003754,0.008949,0.006936,0.004809,-0.011793
466.000000,-0.003472,0.010003,0.006411,0.004821,0.007029
467.000000,-0.006468,0.005416,0.003001,0.004031,-0.021887
468.000000,-0.006109,0.003988,0.002808,0.004712,0.007134
469.000000,-0.003387,0.003843,0.003091,0.004922,0.002581
470.000000,-0.005263,-0.000754,0.002084,0.003747,-0.021170
471.000000,-0.008387,-0.005930,0.003169,0.003277,-0.008595
472.000000,-0.002225,-0.004346,0.003070,0.003795,0.008924
473.000000,-0.003586,-0.004848,0.003491,0.003671,0.000329
474.000000,-0.007620,-0.005504,0.002453,0.002143,-0.017588
475.000000,-0.001653,-0.003458,0.002746,0.003471,0.008667
476.000000,-0.002069,-0.005228,0.002388,0.002531,-0.010677
477.000000,-0.000395,-0.001310,0.002053,0.001564,0.017293
478.000000,-0.001386,-0.002486,0.000751,0.001043,-0.004627
479.000000,0.005286,-0.001167,0.001338,0.001671,0.015774
480.000000,-0.001265,-0.001459,-0.001107,0.000903,-0.024090
481.000000,-0.004341,-0.003205,-0.004567,0.001045,-0.026055
482.000000,-0.002655,-0.001525,-0.002936,0.001538,0.025721
483.000000,-0.004624,-0.003005,-0.003926,0.001325,-0.014471
484.000000,-0.009276,-0.001995,-0.003749,0.000970,-0.007486
485.000000,0.001398,0.000066,-0.001696,0.001853,0.029280
486.000000,0.004877,0.000268,-0.002480,0.001681,-0.008661
487.000000,0.007605,0.002475,0.000582,0.002193,0.039362
488.000000,0.005549,0.000463,-0.001012,0.000655,-0.024749
489.000000,0.005591,-0.001843,-0.001505,0.000278,-0.007280
490.000000,-0.002268,-0.000435,-0.000947,-0.000883,-0.010013
491.000000,0.002196,0.003536,0.000166,-0.001866,0.013660
492.000000,0.004390,0.005998,0.002236,0.000042,0.050333
493.000000,0.012276,0.008913,0.002954,0.000353,0.014681
494.000000,0.017114,0.011352,0.004679,0.001285,0.016910
495.000000,0.012924,0.005328,0.002697,0.000646,-0.030962
496.000000,0.013375,0.007785,0.004027,0.000942,0.015910
497.000000,0.002128,0.003259,0.002867,0.001475,-0.005898
498.000000,0.000928,0.006602,0.003532,0.001526,0.008680
499.000000,-0.001838,0.007638,0.002898,0.001543,0.003082
500.000000,0.006619,0.009772,0.004668,0.002626,0.011320
501.000000,0.003071,0.008223,0.005880,0.002851,-0.001827
502.000000,0.000000,0.001064,0.003531,0.001846,-0.021254
503.000000,-0.001674,-0.000373,0.004270,0.001845,0.000311
504.000000,-0.000431,-0.001134,0.005109,0.002741,0.009294
505.000000,-0.005240,0.000689,0.003009,0.002028,-0.012723
506.000000,-0.003133,-0.000031,0.003877,0.002674,0.008707
507.000000,0.004738,0.002369,0.002814,0.002701,0.018101
508.000000,0.000435,-0.000619,0.002991,0.002149,-0.021202
509.000000,0.002086,0.000827,0.004233,0.002208,0.017547
510.000000,0.005240,0.000000,0.004886,0.003112,0.003047
511.000000,0.006758,0.001812,0.005018,0.004524,0.016295
512.000000,-0.001771,0.001483,0.001274,0.002848,-0.024543
513.000000,0.008154,0.004295,0.001961,0.004278,0.028426
514.000000,0.007839,0.004963,0.001914,0.005060,0.015972
515.000000,0.011239,0.008239,0.004464,0.004752,0.020044
516.000000,0.008726,0.007742,0.003856,0.005165,0.003732
517.000000,0.015801,0.007015,0.004692,0.004214,0.010829
518.000000,0.011921,0.010038,0.004709,0.005340,0.009029
519.000000,0.006126,0.006983,0.003905,0.005149,-0.013006
520.000000,-0.004655,0.003292,0.001646,0.004354,-0.033862
521.000000,0.000801,0.004764,0.003288,0.004933,0.031012
522.000000,-0.008749,0.003526,0.002505,0.002025,-0.036917
523.000000,-0.008903,0.001509,0.002902,0.001810,0.008257
524.000000,-0.002520,0.001803,0.003383,0.001877,0.018910
525.000000,-0.000767,-0.002711,0.002764,0.002073,-0.025096
526.000000,-0.003745,-0.001472,0.003135,0.002080,0.016122
527.000000,-0.001904,-0.005326,0.000844,0.001352,-0.027714
528.000000,-0.006325,-0.007614,0.001212,0.000602,-0.013847
529.000000,-0.006741,-0.004630,0.001176,0.001060,0.016832
530.000000,-0.005452,-0.003109,0.000091,0.000061,-0.018653
531.000000,-0.007647,-0.005696,-0.000466,0.000293,0.005149
532.000000,-0.004535,-0.003220,0.000153,0.000597,-0.012158
533.000000,-0.001827,-0.004076,-0.001283,0.000576,-0.000306
534.000000,-0.002701,-0.004721,-0.001459,0.000682,0.012464
535.000000,0.000364,-0.002544,-0.002628,0.000995,-0.003329
536.000000,-0.011695,-0.009671,-0.005571,-0.001134,-0.055146
537.000000,-0.008496,-0.006516,-0.005921,-0.001609,0.003836
538.000000,-0.006466,-0.004147,-0.005880,-0.000574,0.009843
539.000000,-0.004769,-0.003735,-0.004183,-0.000461,0.020948
540.000000,0.000061,0.000212,-0.001449,0.000132,0.020821
541.000000,0.012539,0.000422,-0.002637,-0.000170,0.007246
542.000000,0.007269,-0.000613,-0.001917,-0.000102,-0.022514
543.000000,0.003135,-0.001666,-0.002871,-0.001411,-0.010828
544.000000,-0.003118,-0.003944,-0.004332,-0.002287,-0.010317
545.000000,-0.004412,-0.002176,-0.002360,-0.002477,0.014353
546.000000,-0.010183,0.001178,-0.004246,-0.003322,-0.021607
547.000000,-0.000863,0.003203,-0.001656,-0.002880,0.024082
548.000000,-0.001561,0.000787,-0.001680,-0.003658,-0.014317
549.000000,0.000188,-0.001465,-0.002600,-0.003277,-0.001569
550.000000,0.006042,0.000815,0.000514,-0.000694,0.043619
551.000000,0.009580,-0.000301,0.000060,-0.001858,-0.003915
552.000000,0.004884,0.002010,0.000698,-0.000608,0.000603
553.000000,0.008890,0.003665,0.000999,-0.000692,0.005713
554.000000,0.009982,0.005085,0.000571,-0.001193,0.003890
555.000000,0.004458,0.005250,0.001537,0.000177,0.016000
556.000000,0.004003,0.006792,0.003985,-0.000567,-0.006192
557.000000,0.003349,0.004117,0.003660,0.000268,-0.002665
558.000000,-0.007329,0.000781,0.000784,-0.000860,-0.047679
559.000000,-0.021351,-0.005684,-0.003575,-0.003628,-0.066220
560.000000,-0.023094,-0.009318,-0.004251,-0.002764,0.007285
561.000000,-0.023313,-0.009655,-0.004978,-0.003178,-0.007285
562.000000,-0.017144,-0.006897,-0.002443,-0.001833,0.028180
563.000000,-0.007867,-0.007598,-0.001967,-0.001866,-0.001293
564.000000,0.008650,-0.006350,-0.000633,-0.001736,0.016365
565.000000,0.005403,-0.008846,-0.001798,-0.001924,-0.008951
566.000000,0.004144,-0.009584,-0.001396,-0.000538,-0.013579
567.000000,-0.002144,-0.009644,-0.002763,-0.000775,-0.003261
568.000000,-0.005510,-0.006688,-0.002954,-0.001707,-0.018125
569.000000,-0.009583,-0.000466,-0.003075,-0.002539,-0.003999
570.000000,-0.007126,-0.000862,-0.005090,-0.003121,0.003333
571.000000,-0.006081,-0.000968,-0.005312,-0.003642,-0.008354
572.000000,-0.007656,-0.004900,-0.005899,-0.003262,-0.011136
573.000000,-0.009466,-0.007488,-0.007543,-0.003807,-0.027173
574.000000,-0.002351,-0.005967,-0.006159,-0.002411,0.031574
575.000000,-0.007804,-0.007465,-0.008155,-0.003687,-0.023933
576.000000,0.001870,-0.002105,-0.005845,-0.001633,0.040019
577.000000,0.000880,-0.003388,-0.006516,-0.002972,-0.016086
578.000000,0.006517,-0.001474,-0.004081,-0.002461,0.001013
579.000000,0.002551,0.000100,-0.000183,-0.002017,0.011743
580.000000,0.010186,0.001191,0.000165,-0.002996,0.014241
581.000000,-0.000333,0.000769,-0.000100,-0.003285,-0.012575
582.000000,0.005990,0.003435,-0.000732,-0.002787,0.015530
583.000000,0.002148,0.004333,-0.001578,-0.003584,-0.018197
584.000000,-0.004930,-0.001189,-0.003578,-0.004502,-0.023650
585.000000,-0.003115,0.003535,-0.001965,-0.004258,0.023316
586.000000,0.002843,0.001255,-0.000425,-0.003478,0.017219
587.000000,-0.007346,-0.000678,-0.002033,-0.004570,-0.035420
588.000000,-0.001407,0.000371,-0.000552,-0.002597,0.011498
589.000000,0.001973,-0.001479,-0.000689,-0.000615,-0.006748
590.000000,-0.003368,-0.003242,-0.001025,-0.000971,-0.003391
591.000000,-0.007016,-0.002086,-0.000659,-0.000762,-0.001020
592.000000,0.003440,-0.001953,0.000741,-0.001139,0.016858
593.000000,-0.000741,-0.001074,0.001629,-0.001410,-0.009406
594.000000,0.002824,0.002398,0.000604,-0.001586,0.011076
595.000000,0.002162,-0.000603,0.001466,-0.001511,-0.006698
596.000000,0.004372,-0.001322,-0.000033,-0.000724,0.010030
597.000000,0.001399,0.002419,0.000871,-0.000549,0.001994
598.000000,0.002282,0.000770,0.000570,-0.000111,-0.004993
599.000000,0.000200,0.001512,0.000017,0.000044,0.000667
600.000000,0.002338,0.002250,-0.000496,0.000066,0.003993
601.000000,-0.003761,0.000306,-0.000890,-0.000337,-0.020467
602.000000,-0.001199,0.000100,-0.000927,0.000527,0.014805
603.000000,-0.000134,0.001074,0.000000,0.001444,0.000334
604.000000,0.000865,0.000533,0.001465,0.000581,0.005660
605.000000,0.002377,0.002358,0.000877,0.001763,0.011553
606.000000,0.005219,0.000729,-0.000296,0.000221,-0.006255
607.000000,0.002192,0.000497,0.001458,0.000746,-0.000330
608.000000,-0.000535,-0.000334,0.000218,0.000269,-0.013302
609.000000,-0.000732,0.000067,0.000789,0.000033,0.004676
610.000000,-0.001317,0.000530,0.001390,-0.000154,0.008626
611.000000,0.000264,0.002742,0.001524,0.000320,0.001650
612.000000,0.000396,0.001294,0.000697,-0.000186,0.000330
613.000000,0.003583,0.001524,0.001299,0.000508,0.002634
614.000000,0.004155,0.001712,0.001122,0.001548,0.007535
615.000000,-0.000264,-0.000791,0.000783,0.000321,-0.013472
616.000000,0.000921,0.000593,0.000661,0.000000,0.007580
617.000000,0.001445,0.000921,0.000709,0.001279,0.002950
618.000000,0.006916,0.005250,0.002458,0.001895,0.029988
619.000000,-0.000196,0.001980,0.001023,0.001186,-0.028026
620.000000,0.002368,0.001052,0.000791,0.001277,-0.000654
621.000000,0.006206,0.003564,0.003153,0.002204,0.026771
622.000000,0.007264,0.004355,0.002825,0.001916,0.008241
623.000000,-0.000700,0.003108,0.002316,0.001902,-0.009834
624.000000,0.004969,0.002386,0.002049,0.001544,0.000319
625.000000,0.000522,0.001445,0.000327,0.001004,-0.022886
626.000000,-0.004702,0.000752,0.000672,0.000691,0.000652
627.000000,-0.005375,0.000945,0.000933,0.000787,0.004876
628.000000,-0.003732,-0.002216,0.001517,0.000900,-0.001623
629.000000,-0.004382,0.000294,0.001137,0.000780,-0.002927
630.000000,0.000976,0.000749,0.000900,0.000777,0.003901
631.000000,0.000065,-0.002318,0.000623,0.001329,-0.003901
632.000000,-0.002283,-0.003829,0.000263,0.000607,-0.006864
633.000000,0.000649,-0.001542,0.000783,0.001030,0.013034
634.000000,0.004254,-0.000064,0.001161,0.001345,0.015101
635.000000,0.002002,0.001489,0.001467,0.000714,-0.007361
636.000000,0.001945,0.001005,0.000879,0.000783,-0.004185
637.000000,0.005052,0.001385,0.001165,0.001083,0.008672
638.000000,0.002765,0.001707,-0.000255,0.001580,0.001598
639.000000,-0.002697,0.000779,0.000536,0.001017,-0.012207
640.000000,-0.004352,-0.001175,-0.000213,0.000209,-0.015635
641.000000,-0.004370,-0.001213,-0.001765,0.000011,-0.004277
642.000000,-0.010302,-0.002625,-0.003227,-0.000700,-0.020990
643.000000,-0.009347,-0.003291,-0.002416,-0.000575,0.006377
644.000000,-0.006037,-0.004367,-0.002215,-0.000681,0.004340
645.000000,-0.003310,-0.003831,-0.001171,-0.000299,-0.002001
646.000000,-0.003325,-0.003847,-0.001421,-0.000697,-0.004349
647.000000,0.002742,-0.003780,-0.001198,-0.000484,0.009343
648.000000,-0.000268,-0.004807,-0.001550,-0.001772,-0.008673
649.000000,-0.005608,-0.005822,-0.002522,-0.001583,-0.022359
650.000000,-0.006100,-0.004705,-0.002940,-0.001710,-0.004464
651.000000,-0.003995,-0.003660,-0.002436,-0.002397,0.006175
652.000000,-0.007099,-0.002178,-0.002402,-0.002877,-0.006175
653.000000,-0.002834,-0.001551,-0.002421,-0.002128,0.012652
654.000000,0.000411,-0.002598,-0.003483,-0.002343,-0.006135
655.000000,0.003952,-0.001074,-0.002452,-0.001139,0.013245
656.000000,0.002785,-0.000605,-0.002226,-0.001149,0.000337
657.000000,0.003277,-0.001911,-0.002846,-0.001436,-0.003717
658.000000,0.003169,0.000167,-0.002320,-0.000978,0.012113
659.000000,0.007186,0.003798,-0.001012,-0.000415,0.013949
660.000000,0.005261,0.004607,-0.000049,-0.000424,0.003621
661.000000,0.004667,0.003726,0.000033,-0.000382,-0.002632
662.000000,0.002490,0.002883,0.000352,-0.000640,-0.014604
663.000000,-0.001612,0.000778,-0.000386,-0.001354,-0.008394
664.000000,-0.011610,-0.002212,-0.002405,-0.003059,-0.036043
665.000000,-0.015932,-0.005336,-0.003205,-0.003413,-0.017987
666.000000,-0.011878,-0.003606,-0.002105,-0.002686,0.017637
667.000000,-0.009939,-0.003725,-0.002818,-0.003139,-0.004907
668.000000,-0.005607,-0.003610,-0.001721,-0.002750,0.013264
669.000000,0.000907,-0.005352,-0.000777,-0.002459,-0.003473
670.000000,-0.000142,-0.008037,-0.001715,-0.002712,-0.023232
671.000000,-0.002180,-0.007029,-0.001651,-0.002321,0.007451
672.000000,-0.003045,-0.006492,-0.001804,-0.001929,-0.009233
673.000000,-0.007850,-0.006728,-0.002975,-0.002500,-0.010761
674.000000,-0.004860,-0.001977,-0.002095,-0.002263,0.011474
675.000000,-0.000857,-0.000499,-0.002917,-0.002303,-0.003214
676.000000,-0.001348,-0.001764,-0.002685,-0.001992,0.004995
677.000000,0.002129,-0.000458,-0.002091,-0.002031,0.008152
678.000000,0.005337,-0.001256,-0.002433,-0.001566,0.005281
679.000000,0.004023,-0.000418,-0.002885,-0.000657,0.004904
680.000000,0.008610,0.003877,-0.002080,0.000149,0.019720
681.000000,0.011882,0.005267,-0.000881,0.000655,0.021353
682.000000,0.011389,0.006759,0.000134,0.001050,0.005685
683.000000,0.010599,0.007968,0.000620,0.000673,0.001333
684.000000,0.011144,0.007584,0.002804,0.001132,0.007630
685.000000,0.011192,0.009901,0.004701,0.001355,0.019958
686.000000,0.004706,0.008294,0.003265,0.000975,-0.011075
687.000000,0.001528,0.006458,0.003000,0.000759,-0.010206
688.000000,0.002843,0.006721,0.002733,0.000619,0.007910
689.000000,0.000857,0.006001,0.002791,0.000077,-0.002301
690.000000,-0.000779,0.005206,0.004542,0.000349,0.011776
691.000000,0.004726,0.004716,0.004992,0.000985,0.016449
692.000000,0.005226,0.003377,0.005068,0.001215,-0.007707
693.000000,0.007475,0.005159,0.006564,0.002133,0.019158
694.000000,0.004426,0.002642,0.005113,0.002750,-0.017547
695.000000,0.002585,0.000903,0.005402,0.003435,0.002572
696.000000,0.007411,0.006068,0.007181,0.004200,0.040578
697.000000,0.006221,0.005723,0.006091,0.003908,-0.013656
698.000000,0.007267,0.007371,0.007046,0.004279,0.024388
699.000000,0.009061,0.006743,0.006372,0.004109,-0.008576
700.000000,0.004884,0.003734,0.004470,0.004273,-0.018315
701.000000,0.002207,0.004809,0.004762,0.004931,0.027196
702.000000,0.003715,0.004968,0.004172,0.005035,-0.006116
703.000000,0.000913,0.004090,0.004625,0.005739,0.010375
704.000000,0.004261,0.006661,0.004651,0.005629,0.008163
705.000000,0.004951,0.004917,0.002910,0.005240,-0.014865
706.000000,0.002906,0.002556,0.004312,0.005640,0.016970
707.000000,0.006043,0.004879,0.005301,0.005687,0.009569
708.000000,0.001873,0.001393,0.004382,0.005162,-0.010471
709.000000,-0.001329,0.001466,0.004105,0.004737,-0.007850
710.000000,0.005784,0.005367,0.004551,0.004769,0.020700
711.000000,-0.007969,-0.002532,0.001139,0.002331,-0.051793
712.000000,-0.011453,-0.002705,0.001132,0.001880,-0.007848
713.000000,-0.017397,-0.007762,-0.001836,0.000496,-0.040192
714.000000,-0.016682,-0.009005,-0.001172,0.000099,-0.004274
715.000000,-0.021812,-0.008014,-0.001549,-0.000731,-0.004955
716.000000,-0.011255,-0.009612,-0.003528,-0.000329,0.000993
717.000000,-0.017374,-0.014413,-0.004767,-0.001270,-0.038440
718.000000,-0.010507,-0.013952,-0.006280,-0.001729,-0.005861
719.000000,-0.008756,-0.012719,-0.005626,-0.001503,0.004485
720.000000,-0.006735,-0.014274,-0.004453,-0.001724,0.005150
721.000000,-0.009970,-0.010613,-0.006572,-0.002778,-0.015183
722.000000,-0.004379,-0.010876,-0.006791,-0.002871,-0.010486
723.000000,-0.003066,-0.006787,-0.007274,-0.003486,0.000702
724.000000,-0.000621,-0.004688,-0.006847,-0.002344,0.016713
725.000000,0.001501,-0.002617,-0.005316,-0.001905,0.015759
726.000000,0.008109,-0.000931,-0.005271,-0.002662,0.017855
727.000000,0.012464,0.004042,-0.005185,-0.001831,0.011288
728.000000,0.010865,0.003899,-0.005026,-0.002887,-0.007290
729.000000,0.005651,0.002515,-0.005102,-0.002912,-0.009355
730.000000,0.000543,0.001022,-0.006626,-0.002628,-0.009783
731.000000,0.000667,0.004388,-0.003112,-0.002919,0.018472
732.000000,0.000528,0.006496,-0.002190,-0.002362,0.010593
733.000000,0.000797,0.005831,-0.000478,-0.002906,-0.005945
734.000000,0.000201,0.002926,-0.000881,-0.003589,-0.012331
735.000000,0.001149,0.000846,-0.000885,-0.003262,-0.005043
736.000000,-0.001135,-0.000234,-0.000582,-0.003592,0.007053
737.000000,-0.005949,-0.002711,0.000666,-0.004360,-0.013477
738.000000,-0.004692,-0.001948,0.000976,-0.004000,0.000339
739.000000,-0.003246,-0.001522,0.000497,-0.003908,-0.005099
740.000000,-0.007136,-0.002994,-0.000986,-0.005415,-0.024497
741.000000,-0.015585,-0.008360,-0.001986,-0.004862,-0.035191
742.000000,-0.009802,-0.007875,-0.000690,-0.004085,0.015437
743.000000,-0.005919,-0.005306,0.000263,-0.002087,0.019754
744.000000,0.003313,0.000034,0.001480,-0.000576,0.041059
745.000000,0.008212,0.000538,0.000692,-0.000411,0.000000
746.000000,0.013093,-0.001246,-0.000740,-0.000804,-0.010785
747.000000,0.010209,0.000203,-0.001254,0.000512,0.001016
748.000000,0.010080,0.002081,0.000066,0.001344,0.019112
749.000000,0.000936,0.002125,0.000301,0.001039,-0.004660
750.000000,0.002267,0.005239,0.001123,0.001089,0.006651
751.000000,0.006534,0.009813,0.000727,0.001947,0.010551
752.000000,0.007116,0.008663,0.000394,0.002428,0.003928
753.000000,0.002770,0.006425,0.000560,0.002317,-0.002617
754.000000,-0.002147,-0.000605,-0.000286,0.000785,-0.029248
755.000000,-0.005171,-0.001452,-0.000457,-0.000023,-0.008467
756.000000,-0.006466,0.000034,-0.000606,-0.000482,0.004073
757.000000,-0.008407,-0.000645,-0.000221,-0.001051,-0.005775
758.000000,-0.006322,-0.001776,0.000152,-0.000548,0.007806
759.000000,-0.000947,-0.001547,0.000289,-0.000315,-0.002369
760.000000,0.002300,-0.001436,0.001902,0.000270,0.007764
761.000000,0.001955,-0.002255,0.003779,-0.000267,0.002351
762.000000,0.001831,-0.003288,0.002687,-0.000834,-0.006394
763.000000,0.002620,-0.001851,0.002287,-0.000244,0.011747
764.000000,-0.001087,-0.001017,-0.000811,-0.000530,-0.020904
765.000000,0.000872,0.001586,0.000067,0.000224,0.017562
766.000000,0.002666,0.002310,0.001172,0.000366,0.011318
767.000000,0.005067,0.003449,0.001402,0.001002,0.005612
768.000000,0.005918,0.004269,0.001246,0.001524,0.016000
769.000000,0.003512,0.001213,-0.000167,0.000597,-0.032930
770.000000,0.002660,0.001766,0.000165,0.001857,0.013302
771.000000,0.001780,0.002223,-0.000016,0.003260,0.006914
772.000000,0.007050,0.006058,0.001385,0.003811,0.031964
773.000000,0.010905,0.008412,0.003280,0.004329,0.035278
774.000000,0.015395,0.009454,0.004218,0.002610,-0.010484
775.000000,0.014340,0.008500,0.005043,0.002878,0.008027
776.000000,0.012279,0.007029,0.004670,0.003125,-0.003388
777.000000,0.005763,0.006407,0.004928,0.003070,-0.000617
778.000000,-0.003278,0.003814,0.004041,0.002102,-0.009929
779.000000,0.007901,0.011648,0.006430,0.003771,0.045414
780.000000,0.003958,0.009149,0.005458,0.003160,-0.011689
781.000000,0.003487,0.007883,0.005053,0.002617,-0.005745
782.000000,0.003792,0.004778,0.005418,0.002516,0.000909
783.000000,0.003278,0.000000,0.004206,0.002187,-0.012498
784.000000,0.000000,0.003951,0.006702,0.004129,0.029023
785.000000,0.000060,0.002009,0.005255,0.004032,-0.011388
786.000000,0.003308,0.003397,0.005213,0.004246,0.010493
787.000000,0.011650,0.007721,0.007064,0.005859,0.042622
788.000000,0.022216,0.012747,0.008280,0.006943,0.040330
789.000000,0.017507,0.008753,0.010201,0.007205,0.005475
790.000000,0.019347,0.009704,0.009426,0.006873,-0.002186
791.000000,0.019695,0.011502,0.009692,0.007202,0.012237
792.000000,0.004912,0.008281,0.006529,0.006372,-0.031295
793.000000,-0.000935,0.010640,0.005320,0.006351,0.011093
794.000000,-0.001975,0.007766,0.005858,0.007057,0.000276
795.000000,0.004491,0.011919,0.006964,0.007476,0.030145
796.000000,-0.000487,0.009604,0.006501,0.006677,-0.012653
797.000000,0.007283,0.006098,0.006910,0.006742,0.007557
798.000000,0.003932,0.001498,0.007123,0.006020,-0.005663
799.000000,0.004633,0.001329,0.005041,0.007243,0.003779
800.000000,0.000641,0.002566,0.006135,0.007139,0.010185
801.000000,0.003065,0.001289,0.006395,0.006891,-0.000533
802.000000,-0.003581,0.001851,0.005066,0.004970,-0.025674
803.000000,-0.006095,-0.001081,0.004779,0.003186,-0.018233
804.000000,-0.005075,-0.000221,0.003772,0.003832,0.008882
805.000000,-0.008498,-0.003928,0.003995,0.003333,-0.006932
806.000000,-0.006508,-0.001722,0.003941,0.003760,0.009416
807.000000,-0.005158,-0.004369,0.000864,0.003150,-0.018921
808.000000,-0.002864,-0.004480,-0.001491,0.003255,-0.006764
809.000000,-0.004358,-0.004716,-0.001694,0.001789,0.001413
810.000000,-0.002689,-0.005594,-0.001514,0.002225,0.001411
811.000000,-0.002831,-0.004670,-0.001690,0.002707,0.008704
812.000000,0.000617,-0.002270,-0.000210,0.002621,-0.001679
813.000000,0.004972,0.001054,-0.000014,0.003538,0.015009
814.000000,0.008460,0.002051,0.000915,0.003199,0.018856
815.000000,0.004958,0.001134,-0.001397,0.003042,-0.016101
816.000000,0.004642,0.000905,-0.000408,0.002929,0.007127
817.000000,0.005850,0.003234,-0.000568,0.001654,0.004361
818.000000,0.000881,0.002926,-0.000777,-0.000018,-0.009839
819.000000,-0.002726,0.002867,-0.000924,-0.000173,0.000824
820.000000,0.001589,0.003274,-0.001160,0.000082,0.005473
821.000000,-0.001041,0.001801,-0.001434,-0.000527,-0.006022
822.000000,-0.003678,0.001086,-0.000592,0.000222,-0.008825
823.000000,-0.001821,-0.000470,0.000292,-0.000166,-0.000554
824.000000,-0.002374,-0.002550,-0.000249,-0.000240,-0.001942
825.000000,-0.000875,0.000357,0.000746,-0.000812,0.012967
826.000000,0.004131,0.001545,0.001225,0.000243,0.019007
827.000000,0.007610,0.001966,0.002600,0.000277,0.008570
828.000000,0.009473,0.003826,0.003376,0.000758,0.008762
829.000000,0.002977,0.000301,0.001584,-0.000516,-0.034421
830.000000,-0.001928,-0.001402,0.000936,-0.001241,-0.011558
831.000000,-0.005011,-0.000440,0.000680,-0.001103,0.003592
832.000000,-0.008776,-0.000583,0.000251,-0.000589,-0.010257
833.000000,-0.004059,0.002707,0.001118,0.001097,0.032349
834.000000,0.000273,0.001625,-0.000462,0.000376,-0.012760
835.000000,-0.012153,-0.007040,-0.003342,-0.001850,-0.073688
836.000000,-0.010474,-0.007742,-0.003099,-0.001764,0.011987
837.000000,-0.005766,-0.007271,-0.002653,-0.000691,0.013280
838.000000,-0.013964,-0.009012,-0.002593,-0.000753,-0.008641
839.000000,-0.010086,-0.004906,-0.002302,-0.000579,0.006631
840.000000,-0.000884,-0.006518,-0.003960,-0.001549,-0.027678
841.000000,-0.000233,-0.005353,-0.002897,-0.001331,0.015245
842.000000,-0.003121,-0.004444,-0.002514,-0.001314,-0.001164
843.000000,0.001154,-0.006405,-0.001849,-0.001389,0.012735
844.000000,-0.004651,-0.007369,-0.002872,-0.002764,-0.022394
845.000000,0.000884,0.000000,-0.003520,-0.002228,0.000000
846.000000,-0.002400,-0.001316,-0.004529,-0.002505,-0.001177
847.000000,-0.000993,-0.002057,-0.004664,-0.002454,0.005872
848.000000,-0.011848,-0.005347,-0.007179,-0.003511,-0.041542
849.000000,-0.008042,-0.006347,-0.005627,-0.003651,-0.003362
850.000000,-0.006638,-0.002877,-0.004698,-0.003599,0.007018
851.000000,-0.007195,-0.004798,-0.005075,-0.003530,-0.003960
852.000000,-0.005761,-0.003377,-0.003911,-0.002801,0.013040
853.000000,0.011388,-0.000230,-0.003318,-0.001310,0.044203
854.000000,0.007335,-0.000354,-0.003861,-0.002032,-0.023627
855.000000,0.009732,0.001547,0.000773,-0.001831,0.019004
856.000000,0.009770,0.001287,-0.000015,-0.002590,-0.003772
857.000000,0.007684,0.000961,-0.000548,-0.002789,0.002613
858.000000,0.001608,0.006498,0.000575,-0.002620,0.013821
859.000000,0.004437,0.005886,-0.000230,-0.001789,-0.009481
860.000000,0.002989,0.006361,0.001742,-0.001012,0.011767
861.000000,0.003858,0.006814,0.001008,-0.001112,0.000570
862.000000,0.004246,0.005965,0.001294,-0.000619,0.004552
863.000000,0.004132,0.002870,0.001320,-0.001255,0.013253
864.000000,0.010461,0.007449,0.003548,-0.000091,0.022162
865.000000,0.014418,0.008704,0.005125,0.003417,0.031552
866.000000,0.015046,0.009452,0.005370,0.003141,0.003710
867.000000,0.015295,0.009771,0.005366,0.002892,0.005802
868.000000,0.010051,0.007092,0.006795,0.002747,-0.012968
869.000000,0.010149,0.010305,0.008095,0.003281,0.022650
870.000000,-0.001760,0.006329,0.006345,0.003271,-0.027992
871.000000,-0.002127,0.006459,0.006636,0.002825,0.001873
872.000000,-0.004091,0.005602,0.005784,0.002730,-0.004018
873.000000,-0.002952,0.003550,0.003210,0.002063,-0.007273
874.000000,-0.006350,0.001900,0.004674,0.002998,0.005661
875.000000,-0.002479,-0.002119,0.003292,0.002710,-0.008639
876.000000,0.001915,-0.000106,0.004673,0.003544,0.023846
877.000000,0.003723,-0.000184,0.004793,0.003516,0.005018
878.000000,0.005913,0.001481,0.004286,0.005023,0.003681
879.000000,0.011390,0.002520,0.006412,0.006237,0.033044
880.000000,0.008078,0.002799,0.004564,0.005163,-0.025201
881.000000,0.006768,0.004342,0.005400,0.005872,0.017297
882.000000,0.004120,0.003921,0.004762,0.005163,-0.008224
883.000000,0.000157,0.003035,0.003293,0.003152,-0.016129
884.000000,-0.004884,0.003253,0.002576,0.004200,0.007837
885.000000,0.000987,0.004532,0.001206,0.003705,0.004155
886.000000,-0.002421,0.002174,0.001034,0.003840,0.000259
887.000000,-0.000879,0.001620,0.000718,0.003735,-0.000518
888.000000,0.003226,0.001692,0.001586,0.003421,0.004397
889.000000,0.004681,-0.000102,0.001209,0.004241,0.015111
890.000000,0.002062,0.001525,0.002162,0.003551,-0.008937
891.000000,0.001959,-0.000231,0.002056,0.003523,-0.000257
892.000000,0.004460,0.001790,0.002856,0.003771,0.011985
893.000000,0.004390,0.003808,0.003422,0.003464,0.004048
894.000000,0.007827,0.006254,0.004753,0.003802,0.032293
895.000000,0.011075,0.006569,0.005551,0.002994,0.007306
896.000000,0.010932,0.006446,0.004310,0.002838,-0.000971
897.000000,0.007464,0.005962,0.003791,0.002466,-0.005358
898.000000,0.013613,0.009002,0.005347,0.004058,0.034797
899.000000,0.006966,0.007396,0.003647,0.003272,-0.000944
900.000000,0.001932,0.006504,0.004014,0.003609,-0.017864
901.000000,-0.000486,0.005223,0.002496,0.003111,-0.013063
902.000000,-0.003200,0.002132,0.001961,0.002614,-0.018926
903.000000,-0.012656,0.000479,0.002143,0.002441,-0.012485
904.000000,-0.011916,-0.002475,0.001889,0.002344,0.002760
905.000000,-0.010307,-0.004187,0.001191,0.002305,-0.009820
906.000000,-0.005830,-0.003158,0.001644,0.001820,0.009319
907.000000,-0.001845,-0.002522,0.001720,0.001686,0.001002
908.000000,0.000452,-0.006102,0.001450,0.001530,-0.001002
909.000000,0.002242,-0.004837,0.001280,0.000819,0.011714
910.000000,0.001161,-0.004573,0.000965,0.001152,-0.015229
911.000000,-0.004564,-0.005197,0.000013,-0.000068,-0.019305
912.000000,-0.002469,-0.002157,-0.000013,0.000588,0.011475
913.000000,0.006996,0.003724,0.002101,0.002670,0.046324
914.000000,0.006820,0.004531,0.001028,0.002770,0.010834
915.000000,0.014365,0.007763,0.001788,0.003381,0.022494
916.000000,0.018787,0.007111,0.001976,0.003466,0.002806
917.000000,0.018351,0.007941,0.002709,0.003793,0.009296
918.000000,0.012980,0.009988,0.001943,0.004296,0.019471
919.000000,0.014945,0.010882,0.003023,0.004481,0.020656
920.000000,0.006405,0.010385,0.002906,0.004105,-0.020203
921.000000,0.000978,0.009882,0.002343,0.003303,-0.024330
922.000000,-0.002514,0.007918,0.002881,0.002631,-0.008165
923.000000,-0.008433,0.002274,0.002999,0.002159,-0.010124
924.000000,-0.009186,0.002880,0.003705,0.001645,0.016894
925.000000,-0.002786,0.001810,0.004786,0.001795,0.011796
926.000000,0.009040,0.005009,0.006060,0.002987,0.034798
927.000000,0.011205,0.004346,0.006143,0.003255,0.002661
928.000000,0.000331,-0.004051,0.002969,-0.000055,-0.064494
929.000000,-0.002482,-0.005834,0.002524,0.000071,0.002831
930.000000,-0.011207,-0.006997,0.001694,-0.000395,-0.031832
931.000000,-0.016472,-0.003716,0.003083,0.000323,0.008476
932.000000,-0.014417,-0.001606,0.003156,0.001385,0.012937
933.000000,0.000613,0.000472,0.001373,0.002157,0.010655
934.000000,0.005484,0.001501,0.002190,0.002971,0.027183
935.000000,0.011942,0.000367,0.001089,0.003313,0.000458
936.000000,0.016072,-0.000200,0.002404,0.003973,0.029125
937.000000,0.020996,0.003290,0.003818,0.005192,0.037559
938.000000,0.012330,0.006472,0.001210,0.004136,-0.032676
939.000000,0.005159,0.005321,-0.000256,0.003457,-0.008673
940.000000,0.003092,0.007517,0.000260,0.003635,-0.009877
941.000000,-0.003185,0.006443,0.001364,0.004203,-0.002258
942.000000,-0.013062,0.003967,0.001181,0.003427,-0.011826
943.000000,-0.006664,0.002833,0.001652,0.001860,-0.000687
944.000000,-0.006032,-0.000436,0.000532,0.001315,-0.005510
945.000000,-0.009896,-0.003402,-0.001517,-0.000408,-0.029197
946.000000,-0.008734,-0.005960,-0.003080,-0.000384,0.003549
947.000000,-0.003694,-0.008378,-0.002544,-0.000248,0.013373
948.000000,-0.006515,-0.006590,-0.000059,-0.001390,-0.014791
949.000000,-0.001618,-0.003825,0.000748,-0.001446,0.018977
950.000000,0.001699,-0.004098,0.001709,-0.001193,-0.012611
951.000000,0.004207,-0.002264,0.002090,0.000155,0.016086
952.000000,0.000651,-0.001521,0.001223,0.000280,-0.004404
953.000000,0.003238,-0.001639,0.000597,0.000555,-0.001860
954.000000,0.000232,-0.000693,-0.000565,0.000124,0.003948
955.000000,0.004738,0.003219,-0.000092,0.000061,0.009918
956.000000,0.002345,0.003276,-0.001342,-0.000961,0.004123
957.000000,0.005001,0.002826,-0.002776,-0.000754,0.008875
958.000000,0.005825,0.004532,-0.001029,0.001471,0.002263
959.000000,0.008086,0.004159,0.000167,0.001885,0.015254
960.000000,0.006414,0.005576,0.000739,0.002998,0.001557
961.000000,0.004073,0.003209,0.000473,0.002463,-0.007586
962.000000,0.029244,0.017123,0.007801,0.006523,0.134734
963.000000,0.028361,0.017093,0.007727,0.006096,-0.002155
964.000000,0.024327,0.016207,0.007757,0.005026,-0.004916
965.000000,0.016463,0.011439,0.007329,0.003752,-0.037763
966.000000,0.017406,0.010739,0.007008,0.002685,-0.002870
967.000000,-0.008967,0.010139,0.006482,0.001529,0.002870
968.000000,-0.008782,0.009790,0.007161,0.002577,-0.001229
969.000000,-0.005556,0.009385,0.006772,0.003240,0.011210
970.000000,0.003047,0.009755,0.007666,0.003744,0.005256
971.000000,0.000246,0.008826,0.006017,0.003257,-0.016875
972.000000,-0.003636,-0.006301,0.005411,0.003100,-0.016540
973.000000,0.000369,-0.004207,0.006443,0.003749,0.018792
974.000000,0.000607,-0.002475,0.006866,0.004346,0.012402
975.000000,0.001926,0.002487,0.006963,0.005715,0.011851
976.000000,0.007920,0.004083,0.007411,0.006033,0.013093
977.000000,0.017284,0.006824,0.008481,0.006596,0.030282
978.000000,0.016825,0.008597,0.009193,0.007639,0.016498
979.000000,0.015844,0.008225,0.008805,0.007257,0.007495
980.000000,0.021702,0.011814,0.010785,0.009048,0.041143
981.000000,0.010069,0.008995,0.008910,0.007010,-0.045071
982.000000,0.008937,0.013111,0.003405,0.007977,0.024619
983.000000,0.010906,0.013866,0.004830,0.008917,0.026346
984.000000,0.006429,0.011136,0.004331,0.008289,-0.014892
985.000000,-0.007856,0.006923,0.004705,0.006950,-0.030280
986.000000,0.003382,0.006726,0.005404,0.007183,0.011117
987.000000,-0.000696,0.004120,0.005472,0.007028,0.004229
988.000000,-0.003848,0.003529,0.006063,0.007305,0.010586
989.000000,-0.000217,0.003106,0.005666,0.006906,0.003263
990.000000,0.007102,-0.000377,0.005719,0.007064,0.006314
991.000000,0.007700,0.005541,0.007268,0.007787,0.014106
992.000000,0.007879,0.003592,0.008351,0.003467,0.005129
993.000000,0.004168,0.000160,0.007013,0.003273,-0.007970
994.000000,0.001981,0.000882,0.006009,0.003181,-0.007675
995.000000,-0.004290,0.001406,0.004165,0.003605,-0.025038
996.000000,-0.005865,0.000917,0.003821,0.003909,0.006227
997.000000,-0.005146,0.001367,0.002744,0.004104,0.008726
998.000000,-0.000962,0.001603,0.002566,0.004576,0.012947
999.000000,0.002705,0.002343,0.002724,0.004558,0.010663
1000.000000,0.004505,0.000108,-0.000135,0.003848,-0.016037
1001.000000,0.002432,-0.001717,0.001912,0.004273,-0.004140
1002.000000,0.003089,-0.001028,0.001282,0.005225,0.012013
1003.000000,0.002345,0.000691,0.000426,0.004906,0.009225
1004.000000,-0.002311,0.000197,0.000539,0.004072,-0.012617
1005.000000,0.002428,0.003467,0.002436,0.003932,0.007660
1006.000000,0.001939,0.002185,0.001551,0.003276,-0.006588
1007.000000,-0.003488,-0.000199,0.000584,0.001763,-0.015119
1008.000000,-0.004753,-0.001204,0.000199,0.001309,0.002898
1009.000000,-0.007618,-0.004965,-0.001311,0.000161,-0.026942
1010.000000,-0.017341,-0.007456,-0.003674,-0.002575,-0.040954
1011.000000,-0.016916,-0.007489,-0.004603,-0.001222,-0.004461
1012.000000,-0.015296,-0.009392,-0.005210,-0.002276,-0.007023
1013.000000,-0.014238,-0.009496,-0.004402,-0.002881,0.008189
1014.000000,-0.010409,-0.009014,-0.004408,-0.002645,-0.007797
1015.000000,-0.002258,-0.009799,-0.003166,-0.001642,-0.000196
1016.000000,-0.002977,-0.009946,-0.003881,-0.002281,-0.008057
1017.000000,-0.004314,-0.009805,-0.005002,-0.002879,-0.013708
1018.000000,-0.009463,-0.011851,-0.006527,-0.003817,-0.017557
1019.000000,-0.008434,-0.009421,-0.007193,-0.004014,-0.002650
1020.000000,-0.006202,-0.004230,-0.005843,-0.003859,0.010962
1021.000000,0.001690,-0.000644,-0.004066,-0.003283,0.031402
1022.000000,0.007075,0.001380,-0.004006,-0.003013,0.013217
1023.000000,0.009191,-0.000136,-0.004816,-0.002980,-0.006975
1024.000000,0.005198,-0.001618,-0.005316,-0.003478,-0.022614
1025.000000,-0.001378,-0.003790,-0.006795,-0.003374,-0.021917
1026.000000,-0.003992,-0.001151,-0.005549,-0.002971,0.018331
1027.000000,-0.009976,-0.001451,-0.005628,-0.003818,-0.016706
1028.000000,-0.007933,0.000629,-0.005611,-0.004142,0.003242
1029.000000,0.001466,0.003332,-0.003045,-0.003685,0.024382
1030.000000,0.000892,-0.000243,-0.002236,-0.003976,-0.024786
1031.000000,-0.003829,-0.003910,-0.002277,-0.004014,-0.005276
1032.000000,-0.002163,-0.006070,-0.002345,-0.004694,-0.008377
1033.000000,-0.003099,-0.005516,-0.002826,-0.005049,-0.001437
1034.000000,-0.004957,-0.001745,-0.001682,-0.004126,0.015090
1035.000000,0.000485,0.000689,-0.001551,-0.004300,0.002426
1036.000000,0.000285,-0.001772,-0.001462,-0.004290,-0.006279
1037.000000,0.002082,-0.000041,-0.000746,-0.003766,0.000609
1038.000000,0.002003,-0.000548,0.000041,-0.003923,-0.001829
1039.000000,-0.003100,-0.004029,-0.000348,-0.003373,-0.010428
1040.000000,-0.003257,-0.001386,-0.000814,-0.001953,0.001643
1041.000000,-0.001550,-0.000633,-0.002272,-0.001729,0.002255
1042.000000,-0.006019,-0.001968,-0.004019,-0.002219,-0.021733
1043.000000,-0.003488,-0.000742,-0.003129,-0.002131,0.010822
1044.000000,-0.003609,-0.003355,-0.002550,-0.002239,-0.011031
1045.000000,-0.000823,-0.002040,-0.000675,-0.001714,0.015575
1046.000000,0.000899,-0.000326,-0.001049,-0.001083,0.010862
1047.000000,0.010079,0.002030,0.000995,0.000180,0.024165
1048.000000,0.000248,-0.001620,-0.001084,-0.000513,-0.038330
1049.000000,0.003403,-0.000103,-0.002066,-0.000266,0.004744
1050.000000,-0.003954,-0.002388,-0.001887,-0.001339,-0.021211
1051.000000,-0.010332,-0.004716,-0.002675,-0.003086,-0.021027
1052.000000,-0.017149,-0.003535,-0.002752,-0.003858,-0.009922
1053.000000,-0.004094,-0.001923,-0.001333,-0.002727,0.026948
1054.000000,-0.006610,-0.001603,-0.002479,-0.002234,-0.007838
1055.000000,-0.003178,-0.003566,-0.002803,-0.001639,-0.004049
1056.000000,0.007375,-0.001478,-0.000902,-0.001192,0.031735
1057.000000,0.005769,-0.005690,-0.001830,-0.001234,-0.017951
1058.000000,0.006069,0.000987,-0.000316,-0.000393,0.028446
1059.000000,0.003416,-0.001597,-0.000850,-0.001910,-0.021101
1060.000000,0.003765,0.000294,-0.001047,-0.001160,-0.002302
1061.000000,-0.005367,0.001004,-0.001856,-0.001448,-0.013927
1062.000000,-0.000422,0.002674,-0.000431,-0.000943,0.006777
1063.000000,-0.005437,0.000316,-0.000803,-0.000783,0.003371
1064.000000,0.000251,0.001833,0.000115,-0.001042,0.007335
1065.000000,0.000293,0.002029,-0.000768,-0.001192,-0.002090
1066.000000,0.002030,-0.001669,-0.001574,-0.001158,-0.005245
1067.000000,0.001472,0.000525,-0.002582,-0.001045,0.003989
1068.000000,0.002840,-0.001298,-0.000155,-0.000644,0.010214
1069.000000,-0.000418,-0.000084,-0.000840,-0.000595,-0.008957
1070.000000,-0.000084,0.000105,0.000199,-0.000663,-0.000419
1071.000000,0.000714,0.001372,0.001188,-0.000780,-0.001257
1072.000000,0.001253,0.001363,0.002018,0.000167,0.006685
1073.000000,-0.000582,0.001129,0.000723,-0.000159,0.001040
1074.000000,0.000752,0.000167,0.001000,0.000132,-0.002290
1075.000000,0.008243,0.004080,0.003054,0.000848,0.037037
1076.000000,0.008735,0.004725,0.001528,0.000526,0.001205
1077.000000,0.002812,0.002032,0.001279,-0.001044,-0.022934
1078.000000,0.004849,0.002134,0.000418,0.000608,0.011228
1079.000000,0.005429,0.003090,0.001503,0.000470,0.000609
1080.000000,-0.002425,0.002909,0.001507,0.001102,-0.002234
1081.000000,-0.000804,0.003966,0.002669,0.002114,0.009310
1082.000000,0.009776,0.006294,0.003828,0.003443,0.029966
1083.000000,0.007491,0.006170,0.003650,0.002539,-0.000196
1084.000000,0.009741,0.007585,0.003876,0.003195,0.011857
1085.000000,0.011113,0.004344,0.004212,0.003484,0.004627
1086.000000,-0.000242,-0.000523,0.002101,0.000844,-0.047464
1087.000000,-0.009243,0.000267,0.001149,0.000941,-0.015038
1088.000000,-0.008794,-0.000652,0.000741,0.000061,0.002045
1089.000000,-0.013261,-0.001760,0.000665,0.000416,-0.010476
1090.000000,-0.014517,-0.001702,0.000603,0.000437,-0.001653
1091.000000,-0.005646,-0.002944,0.000511,0.000798,-0.003107
1092.000000,-0.003137,-0.006190,0.000052,0.000489,-0.002493
1093.000000,-0.006817,-0.007806,-0.000818,-0.000169,-0.016356
1094.000000,-0.011429,-0.012345,-0.002380,-0.001531,-0.033537
1095.000000,-0.005494,-0.010005,-0.002831,-0.000527,0.028025
1096.000000,-0.003347,-0.004497,-0.002510,-0.000098,0.007624
1097.000000,0.001079,-0.001029,-0.000381,0.000423,0.019637
1098.000000,0.006244,-0.000286,-0.000469,0.000399,0.009471
1099.000000,0.014340,0.001455,-0.000152,0.000929,0.006943
1100.000000,0.004997,-0.000248,-0.000975,0.000319,-0.018692
1101.000000,0.000295,-0.001526,-0.002235,-0.000168,-0.015883
1102.000000,-0.004688,-0.001805,-0.003997,-0.000567,-0.005280
1103.000000,-0.003139,0.001552,-0.003127,-0.000028,0.017216
1104.000000,-0.004820,0.004760,-0.003792,0.000000,-0.001458
1105.000000,-0.002252,0.001372,-0.004316,-0.001430,-0.005854
1106.000000,0.001553,0.000924,-0.001786,-0.001365,0.003140
1107.000000,0.002776,-0.000956,-0.000993,-0.000573,0.000836
1108.000000,-0.001756,-0.002448,-0.001367,-0.001129,-0.005445
1109.000000,0.000292,-0.002264,-0.000404,-0.000856,0.008781
1110.000000,0.007773,0.002761,0.001256,0.000270,0.031554
1111.000000,0.012832,0.007192,0.002833,0.000907,0.028434
1112.000000,0.015777,0.009277,0.003736,0.000427,0.015561
1113.000000,0.014302,0.006273,0.003913,0.000007,-0.012821
1114.000000,0.013521,0.006906,0.005833,-0.000226,0.004876
1115.000000,0.009223,0.008498,0.004935,-0.000045,0.010066
1116.000000,0.006443,0.009637,0.005281,0.002022,0.014532
1117.000000,-0.000425,0.007676,0.003360,0.001897,-0.018778
1118.000000,0.005096,0.009699,0.003626,0.002322,0.014784
1119.000000,0.002667,0.008094,0.002915,0.002428,-0.007269
1120.000000,0.001535,0.005379,0.004070,0.002630,0.004406
1121.000000,0.001211,0.003827,0.005510,0.003164,0.012913
1122.000000,0.004324,0.001950,0.005613,0.003140,-0.003213
1123.000000,-0.004160,0.000468,0.003370,0.002764,-0.027636
1124.000000,-0.005133,-0.001233,0.002836,0.003478,-0.012138
1125.000000,-0.006093,-0.002279,0.003109,0.002530,-0.000394
1126.000000,-0.009505,-0.004147,0.002745,0.002138,-0.004147
1127.000000,-0.007090,-0.001383,0.003147,0.001779,0.008864
1128.000000,-0.008426,-0.006293,0.001703,0.000320,-0.034314
1129.000000,-0.003057,-0.004095,0.001999,0.000578,0.014708
1130.000000,-0.004665,-0.005379,0.000000,0.000920,-0.008435
1131.000000,-0.005456,-0.007480,-0.001827,0.001180,-0.008100
1132.000000,-0.004282,-0.005686,-0.001868,0.001847,0.014734
1133.000000,0.000122,-0.004152,-0.001842,0.000863,-0.012297
1134.000000,-0.006257,-0.004657,-0.002945,0.000339,-0.017185
1135.000000,-0.000161,-0.002413,-0.002346,0.001269,0.022042
1136.000000,-0.000652,-0.003054,-0.003600,0.000812,-0.010552
1137.000000,-0.004539,-0.004410,-0.002897,0.000628,-0.004703
1138.000000,-0.002901,-0.001390,-0.003841,0.000672,-0.004108
1139.000000,0.003437,-0.001410,-0.002752,0.000863,0.014506
1140.000000,-0.004120,-0.002141,-0.003760,-0.000714,-0.015742
1141.000000,-0.001515,-0.001084,-0.004282,-0.001579,0.002470
1142.000000,0.001185,-0.001677,-0.003681,-0.001804,0.008800
1143.000000,0.005040,0.001069,-0.001541,-0.000872,0.015166
1144.000000,0.005994,0.004716,0.000030,-0.000391,0.019279
1145.000000,0.011958,0.003919,0.000753,-0.000258,0.014074
1146.000000,0.005834,0.002159,-0.000447,-0.001680,-0.028149
1147.000000,0.006653,0.003919,-0.000246,-0.000625,0.012893
1148.000000,0.004131,0.004586,0.001598,-0.001032,0.002559
1149.000000,-0.009019,-0.001512,-0.001461,-0.002339,-0.046473
1150.000000,0.008698,0.010328,0.004094,0.000936,0.102659
1151.000000,0.010803,0.008318,0.003617,-0.000082,-0.017623
1152.000000,0.016886,0.011769,0.005046,0.001469,0.043308
1153.000000,0.012792,0.008462,0.004766,0.001793,-0.017910
1154.000000,0.025886,0.008433,0.006575,0.002831,0.018996
1155.000000,0.006796,0.007747,0.005833,0.003084,0.007211
1156.000000,0.005264,0.008033,0.005096,0.002380,-0.025286
1157.000000,-0.000145,0.008370,0.006145,0.002626,0.016263
1158.000000,0.007243,0.010018,0.007302,0.004405,0.019031
1159.000000,-0.001198,0.012344,0.005416,0.003141,-0.023209
1160.000000,-0.003991,0.001402,0.005865,0.003197,-0.006757
1161.000000,0.005559,0.005412,0.006865,0.004216,0.022469
1162.000000,0.000109,-0.000018,0.005876,0.003358,-0.010990
1163.000000,-0.005152,0.001046,0.004754,0.003526,-0.007273
1164.000000,-0.005275,-0.003236,0.002599,0.003304,-0.023822
1165.000000,-0.002768,-0.003380,0.002184,0.002762,0.005777
1166.000000,-0.005854,-0.000147,0.003943,0.003348,0.007036
1167.000000,-0.004915,-0.002403,0.002984,0.003295,-0.006293
1168.000000,-0.002460,-0.003806,0.003106,0.003599,0.005000
1169.000000,0.004253,-0.000511,0.005917,0.003440,0.009744
1170.000000,0.003682,0.000457,0.000930,0.004062,0.002923
1171.000000,0.002858,-0.001498,0.001957,0.004077,0.002914
1172.000000,0.003679,-0.000618,-0.000318,0.003711,-0.002185
1173.000000,0.003806,0.000673,0.000859,0.003393,0.005635
1174.000000,0.003050,0.003651,0.000208,0.002950,0.005964
1175.000000,0.000946,0.002314,-0.000533,0.002227,-0.007596
1176.000000,0.002674,0.002766,0.001309,0.003551,0.011552
1177.000000,0.003756,0.003718,0.000657,0.003228,0.003225
1178.000000,0.004268,0.004037,0.000115,0.003416,0.008195
1179.000000,0.004314,0.003682,0.001585,0.005172,0.006191
1180.000000,0.006291,0.003619,0.002038,0.001826,0.002290
1181.000000,-0.000575,0.001049,-0.000224,0.001654,-0.022777
1182.000000,-0.000645,0.001555,0.000469,0.000307,0.002876
1183.000000,0.000106,0.002187,0.001430,0.001302,0.011953
1184.000000,-0.001309,0.001502,0.002577,0.000639,-0.000887
1185.000000,-0.001058,0.002616,0.002465,0.000517,0.003544
1186.000000,0.004555,0.001990,0.002378,0.001536,0.005292
1187.000000,0.003839,0.001597,0.002657,0.000971,-0.000704
1188.000000,-0.001031,-0.000462,0.001787,-0.000077,-0.012401
1189.000000,0.001309,0.000000,0.001841,0.001057,0.010815
1190.000000,0.001340,0.000141,0.001880,0.001405,0.003696
1191.000000,0.000457,0.002506,0.001778,0.000686,0.000878
1192.000000,-0.000812,0.001514,0.001535,0.000817,-0.007046
1193.000000,0.004686,0.001827,0.002007,0.001563,0.015088
1194.000000,-0.000388,0.000460,0.000981,0.001871,-0.014558
1195.000000,0.002791,0.002066,0.002341,0.002332,0.019595
1196.000000,0.002200,0.001328,0.001659,0.002028,-0.002081
1197.000000,0.007767,0.003478,0.002537,0.002931,0.020789
1198.000000,0.007418,0.006052,0.002795,0.003209,0.013344
1199.000000,0.008102,0.003857,0.001928,0.002513,-0.011136
1200.000000,0.006545,0.004668,0.002404,0.002809,0.011807
1201.000000,0.010121,0.006161,0.004333,0.003239,0.015803
1202.000000,0.006951,0.007359,0.004436,0.003476,0.004939
1203.000000,0.005625,0.006521,0.004174,0.003512,0.006711
1204.000000,0.006510,0.007306,0.003883,0.003090,-0.006711
1205.000000,0.010262,0.008403,0.005234,0.004362,0.030568
1206.000000,0.008055,0.009088,0.005208,0.004135,0.004767
1207.000000,0.010431,0.008691,0.006084,0.004589,0.016820
1208.000000,0.012887,0.009256,0.007654,0.004949,0.018992
1209.000000,0.009117,0.007814,0.005835,0.003890,-0.025561
1210.000000,0.002532,0.006397,0.005533,0.003735,-0.002356
1211.000000,-0.002938,0.002558,0.004359,0.003742,-0.022587
1212.000000,-0.007626,0.001403,0.004381,0.003425,-0.006618
1213.000000,-0.010939,0.000974,0.003748,0.003108,0.002426
1214.000000,-0.001322,0.003897,0.005602,0.003888,0.022523
1215.000000,-0.009008,-0.003238,0.002583,0.002410,-0.040783
1216.000000,-0.009387,-0.006163,0.001463,0.001418,-0.024483
1217.000000,-0.005717,-0.006671,0.001010,0.001832,0.011733
1218.000000,-0.001981,-0.006460,0.001398,0.002949,0.021105
1219.000000,-0.005184,-0.003253,0.002280,0.002806,0.006505
1220.000000,0.003490,-0.002759,0.001819,0.002769,0.002590
1221.000000,0.010861,0.000737,0.001648,0.003152,0.012373
1222.000000,0.009693,0.001988,0.001695,0.003583,0.005891
1223.000000,0.005979,0.001999,0.001487,0.003165,0.002537
1224.000000,0.005121,-0.000032,0.001933,0.003724,0.002214
1225.000000,0.004761,0.004126,0.000444,0.003097,0.000790
1226.000000,0.005885,0.008373,0.001105,0.003766,0.017993
1227.000000,0.003462,0.006578,-0.000047,0.002866,-0.006222
1228.000000,0.007369,0.006674,0.000107,0.003157,0.022067
1229.000000,0.008173,0.006647,0.001697,0.003736,0.006238
1230.000000,0.008379,0.006570,0.001906,0.003403,0.001818
1231.000000,0.007994,0.006940,0.003839,0.003412,0.016070
1232.000000,0.006629,0.005046,0.003517,0.002812,-0.013047
1233.000000,0.002065,0.004717,0.003358,0.002563,-0.000755
1234.000000,0.003518,0.005846,0.002907,0.003237,0.013504
1235.000000,0.003452,0.005916,0.005021,0.002268,0.001489
1236.000000,0.002782,0.005388,0.006881,0.002533,0.012716
1237.000000,0.005596,0.006113,0.006345,0.002006,0.001028
1238.000000,0.002462,0.002264,0.004469,0.000826,-0.016427
1239.000000,-0.000687,0.001416,0.004031,0.001603,-0.002241
1240.000000,-0.004850,-0.000699,0.002936,0.001037,-0.019327
1241.000000,-0.009231,-0.003225,0.001857,0.001484,-0.009190
1242.000000,-0.008516,-0.001460,0.001793,0.001858,0.004605
1243.000000,-0.007603,-0.002571,0.001073,0.001382,-0.011864
