0.000000,-0.005337,-0.002116,0.000076,0.001280,-0.002288
1.000000,0.002801,-0.001692,0.000572,0.001442,0.006723
2.000000,0.006178,-0.002750,0.000510,0.001424,-0.002532
3.000000,0.001916,-0.002697,0.000316,0.000772,-0.003174
4.000000,0.000507,-0.001882,0.000413,0.000834,0.003807
5.000000,0.005597,0.000130,0.001380,0.001573,0.023162
6.000000,0.005732,0.004267,0.001370,0.001615,0.007398
7.000000,0.007951,0.007065,0.001988,0.001601,0.008563
8.000000,0.008342,0.005129,0.001706,0.001476,-0.001219
9.000000,0.005866,0.003187,0.001025,0.001201,-0.008573
10.000000,0.003800,0.004699,0.001292,0.001617,0.012832
11.000000,0.003531,0.004632,0.001470,0.001925,0.006053
12.000000,0.002421,0.005186,0.001218,0.002068,0.003013
13.000000,0.003506,0.005924,0.001614,0.002185,0.004203
14.000000,0.006057,0.005962,0.002040,0.002263,0.004185
15.000000,0.007039,0.005420,0.002775,0.002727,0.017741
16.000000,0.005594,0.004563,0.004415,0.002434,-0.001173
17.000000,0.005694,0.004058,0.005561,0.002678,0.003515
18.000000,0.004033,0.003770,0.004449,0.002394,-0.004102
19.000000,0.002608,0.004333,0.003760,0.002128,-0.002940
20.000000,0.001052,0.004046,0.004372,0.002210,0.009962
21.000000,-0.000941,0.002326,0.003479,0.001755,-0.011141
22.000000,0.000234,0.002964,0.004075,0.001800,0.009390
23.000000,-0.001296,0.001369,0.003646,0.001532,-0.011751
24.000000,0.000259,0.001434,0.003698,0.001838,0.004835
25.000000,-0.001639,-0.000294,0.002563,0.001752,0.000470
26.000000,0.000706,-0.000117,0.002223,0.002904,0.000588
27.000000,0.000467,0.000350,0.002204,0.003824,0.008192
28.000000,0.004095,0.001399,0.002584,0.003433,0.006390
29.000000,0.001617,0.000938,0.002635,0.002819,-0.007556
30.000000,0.001989,0.000175,0.002110,0.002973,0.002331
31.000000,0.005105,0.002905,0.002616,0.003288,0.016167
32.000000,0.002202,0.001335,0.002149,0.003162,-0.006320
33.000000,-0.002681,0.000707,0.001038,0.002666,-0.018029
34.000000,-0.000117,0.000750,0.001092,0.002715,0.005268
35.000000,-0.003760,-0.000886,-0.000590,0.001413,-0.015887
36.000000,-0.005458,-0.000176,-0.000147,0.001423,0.007681
37.000000,-0.003488,-0.000643,-0.000146,0.001255,0.003525
38.000000,0.000937,-0.000872,0.000264,0.001432,0.004097
39.000000,-0.001171,-0.000644,0.000147,0.001542,-0.005271
40.000000,0.001536,-0.001112,-0.000469,0.001036,-0.002352
41.000000,0.002108,-0.001675,0.000615,0.001186,0.010539
42.000000,0.002911,-0.000289,0.000523,0.001337,0.007543
43.000000,0.003589,0.002263,0.001485,0.001446,0.007486
44.000000,0.004528,0.001679,0.001214,0.001287,-0.000574
45.000000,0.003153,0.002345,0.000730,0.000389,-0.009227
46.000000,0.002891,0.002499,0.001161,0.000735,0.009227
47.000000,-0.000463,0.001224,0.000291,0.000310,-0.009227
48.000000,-0.001613,0.000988,0.000058,0.000505,0.001737
49.000000,-0.001730,0.001399,0.000378,0.000564,-0.001157
50.000000,-0.001629,0.000762,-0.000175,-0.000058,-0.008724
51.000000,-0.004646,-0.000877,-0.001276,0.000118,-0.005858
52.000000,-0.002918,-0.001691,-0.000990,-0.000215,-0.000588
53.000000,-0.005037,-0.003325,-0.000531,-0.000118,-0.008857
54.000000,-0.003387,-0.002558,-0.000440,-0.000043,0.007092
55.000000,-0.001524,-0.001577,0.000384,-0.000039,0.000589
56.000000,-0.000235,-0.002441,0.000029,-0.000039,0.000588
57.000000,-0.001416,-0.002167,-0.000471,-0.000529,-0.006492
58.000000,-0.000237,-0.002637,-0.000825,-0.000840,-0.002965
59.000000,-0.002251,-0.002819,-0.000710,-0.000688,-0.002974
60.000000,0.000353,-0.000586,0.000088,-0.000312,0.013606
61.000000,0.000000,-0.000118,-0.000498,-0.000890,-0.001176
62.000000,-0.000474,-0.000945,-0.001318,-0.000975,-0.008863
63.000000,-0.002269,-0.001253,-0.002289,-0.000772,-0.011940
64.000000,-0.001555,-0.001903,-0.002230,-0.000927,0.000600
65.000000,-0.003318,-0.001482,-0.001530,-0.000238,0.004790
66.000000,0.000235,0.000118,-0.001161,0.000059,0.016588
67.000000,0.004228,0.001877,-0.000145,0.000311,0.011101
68.000000,0.005452,0.001591,-0.000523,-0.000019,-0.005822
69.000000,0.003451,0.000948,-0.000935,-0.000157,-0.009401
70.000000,0.005770,0.001226,0.000320,0.000468,0.016384
71.000000,-0.002602,-0.001183,-0.000651,-0.000726,-0.025273
72.000000,-0.005777,-0.000775,-0.000860,-0.001137,-0.004773
73.000000,-0.003539,0.000956,-0.000149,-0.001207,0.005368
74.000000,-0.000828,0.001312,-0.000295,-0.001050,0.004156
75.000000,-0.002453,0.001659,0.000088,-0.000467,0.008260
76.000000,0.004590,0.000994,0.000556,-0.000443,0.009939
77.000000,0.005777,0.000000,0.000938,-0.000097,0.001163
78.000000,0.005399,0.000930,0.001261,-0.000039,0.003480
79.000000,0.005838,0.002505,0.001727,0.000212,0.006349
80.000000,0.004393,0.000970,0.001098,0.000537,0.001035
81.000000,0.001518,0.003054,0.000935,0.000584,-0.004436
82.000000,0.002540,0.004159,0.001692,0.000813,0.006273
83.000000,0.003217,0.004308,0.002632,0.001337,0.006861
84.000000,0.001719,0.003778,0.002545,0.001063,-0.001140
85.000000,0.003442,0.003918,0.002788,0.001365,0.009651
86.000000,0.006241,0.003880,0.002437,0.001664,0.009559
87.000000,0.004089,0.003315,0.001657,0.001730,-0.004487
88.000000,0.003053,0.003135,0.002033,0.001885,0.001685
89.000000,0.002945,0.002332,0.002418,0.001928,-0.001685
90.000000,0.001800,0.002621,0.001796,0.001606,0.003927
91.000000,-0.001348,0.002447,0.002750,0.001439,-0.006178
92.000000,-0.000450,0.001819,0.002989,0.001734,0.000000
93.000000,0.000695,0.001874,0.003091,0.002379,0.007409
94.000000,0.002347,0.002646,0.003212,0.002579,0.006577
95.000000,0.001117,0.001458,0.002688,0.002345,-0.002225
96.000000,0.002018,0.000335,0.002107,0.001736,-0.001672
97.000000,0.000787,0.000168,0.001742,0.001161,-0.006154
98.000000,-0.002272,-0.000789,0.001173,0.001092,-0.007887
99.000000,-0.002010,0.000168,0.001250,0.001668,0.007887
100.000000,-0.001902,-0.000393,0.001114,0.001066,-0.001685
101.000000,0.000779,0.001399,0.001923,0.002300,0.011735
102.000000,0.000224,0.000506,0.001163,0.002161,-0.008929
103.000000,0.003143,0.000435,0.001155,0.002206,0.006704
104.000000,0.000784,-0.000613,0.001016,0.001937,-0.003905
105.000000,-0.002477,-0.002190,-0.000366,0.001062,-0.017992
106.000000,-0.002347,-0.000784,-0.000224,0.001144,0.012387
107.000000,0.001563,0.000894,0.000531,0.001459,0.010624
108.000000,0.001442,0.002293,0.000752,0.001546,0.006099
109.000000,0.000112,0.000448,0.000308,0.000983,-0.010559
110.000000,0.003598,0.000561,0.000084,0.000930,-0.000559
111.000000,0.003566,0.000609,0.001004,0.001485,0.012222
112.000000,-0.000122,0.000720,0.000613,0.001015,-0.007816
113.000000,0.002527,0.001985,0.001210,0.001431,0.019345
114.000000,0.005944,0.003028,0.001208,0.001687,0.006529
115.000000,0.001726,0.002662,0.000236,0.000644,-0.021648
116.000000,-0.004354,-0.000394,-0.000589,-0.000281,-0.018180
117.000000,-0.005061,-0.002592,-0.000849,-0.000510,-0.011351
118.000000,-0.014956,-0.006215,-0.001961,-0.001570,-0.030130
119.000000,-0.014855,-0.004455,-0.002004,-0.001280,0.007034
120.000000,-0.007741,-0.003007,-0.001223,-0.000946,0.013921
121.000000,-0.003415,-0.003885,-0.001638,-0.000626,0.003450
122.000000,0.000911,-0.002075,-0.000677,-0.000283,0.010280
123.000000,0.007391,-0.003782,-0.000899,-0.000454,0.002270
124.000000,0.004619,-0.005118,-0.001045,-0.000901,-0.006826
125.000000,0.001606,-0.003067,-0.000202,-0.000865,-0.001142
126.000000,-0.001961,-0.002688,-0.001541,-0.001289,-0.014389
127.000000,-0.000455,0.000228,-0.001182,-0.000490,0.017811
128.000000,0.001131,0.004261,-0.000977,0.000113,0.010198
129.000000,0.001365,0.002992,-0.000732,-0.000338,-0.005653
130.000000,0.006632,0.004119,0.000556,0.000557,0.025190
131.000000,0.008845,0.003442,-0.000221,0.000056,-0.003322
132.000000,0.006720,0.003132,0.000529,0.000593,0.007184
133.000000,0.005120,0.003125,-0.000329,0.000442,0.002200
134.000000,0.007237,0.004301,-0.000408,0.000737,0.004933
135.000000,0.001980,0.004306,0.000619,0.001300,-0.001094
136.000000,0.002973,0.005909,0.001610,0.000942,0.001641
137.000000,0.001754,0.004237,0.002233,0.000624,0.001092
138.000000,0.001533,0.003326,0.003794,0.000458,0.001091
139.000000,0.000983,0.004110,0.003551,0.000882,0.002184
140.000000,0.001635,0.001808,0.002963,0.000973,0.002168
141.000000,0.000872,0.001923,0.002682,0.000493,-0.002174
142.000000,0.001414,0.001584,0.002358,0.000881,0.003801
143.000000,0.002493,0.002013,0.002569,0.000452,0.006483
144.000000,0.003023,0.002003,0.003152,0.000395,0.004835
145.000000,0.005673,0.003654,0.003980,0.001631,0.015422
146.000000,0.007580,0.004226,0.005068,0.002482,0.007361
147.000000,0.008801,0.005107,0.004672,0.003191,0.009904
148.000000,0.008436,0.005464,0.004395,0.004350,0.004657
149.000000,0.006537,0.004780,0.004445,0.003961,-0.004657
150.000000,0.006439,0.006056,0.003932,0.003994,0.014929
151.000000,0.006189,0.006885,0.004404,0.004083,0.006113
152.000000,0.003700,0.006250,0.003917,0.003656,-0.002543
153.000000,0.002972,0.005704,0.003858,0.003614,0.001018
154.000000,0.006632,0.006584,0.004294,0.004296,0.013640
155.000000,0.003545,0.004992,0.004323,0.004317,-0.000502
156.000000,0.000304,0.003247,0.003737,0.004461,-0.010091
157.000000,0.001421,0.002560,0.003834,0.003968,0.003038
158.000000,0.001116,0.002044,0.003754,0.003611,-0.000506
159.000000,-0.002525,0.002053,0.003417,0.003648,-0.004563
160.000000,0.000000,0.001773,0.003914,0.003212,0.012121
161.000000,0.002119,0.001212,0.004048,0.003340,0.000502
162.000000,0.001712,0.001566,0.003908,0.003134,0.001003
163.000000,-0.001931,-0.000408,0.002648,0.002436,-0.018721
164.000000,-0.001940,-0.002232,0.002176,0.002118,-0.004607
165.000000,-0.007884,-0.003942,0.000525,0.001568,-0.017599
166.000000,-0.008612,-0.003247,0.000000,0.001409,-0.003138
167.000000,-0.006004,-0.002146,0.000207,0.001841,0.014044
168.000000,-0.000307,-0.001119,0.000462,0.002130,0.009766
169.000000,-0.000103,-0.001021,0.000516,0.001937,-0.003587
170.000000,0.004237,-0.001824,-0.000026,0.002002,0.004098
171.000000,0.005579,-0.001517,-0.000153,0.002193,0.003572
172.000000,0.006104,0.000050,0.000808,0.002622,0.016671
173.000000,0.005449,0.002571,0.001082,0.002622,0.006492
174.000000,0.006565,0.003231,0.000499,0.002528,0.001989
175.000000,0.006241,0.005239,0.000648,0.002096,0.002481
176.000000,0.009453,0.007516,0.002135,0.002505,0.019633
177.000000,0.005534,0.005819,0.001836,0.002078,-0.002925
178.000000,0.006657,0.006053,0.002467,0.002326,0.012110
179.000000,0.005971,0.006268,0.002623,0.002433,-0.001445
180.000000,0.003342,0.004791,0.001484,0.001580,-0.010664
181.000000,-0.001660,0.003897,0.001190,0.001197,-0.005375
182.000000,-0.000293,0.002621,0.001335,0.001412,0.003912
183.000000,-0.003987,0.001335,0.001953,0.001166,-0.006365
184.000000,-0.002425,0.001773,0.002502,0.000924,0.006365
185.000000,-0.000097,0.001622,0.003430,0.000973,0.000976
186.000000,0.001756,0.000048,0.003782,0.001439,0.003893
187.000000,0.002136,0.000922,0.003370,0.001532,0.005811
188.000000,0.005044,0.000528,0.003291,0.001821,0.008175
189.000000,0.004154,0.000864,0.003566,0.002037,0.001914
190.000000,0.005293,0.002598,0.003694,0.001855,0.006670
191.000000,0.004324,0.003040,0.003468,0.001807,-0.000950
192.000000,0.002018,0.002077,0.002349,0.001583,-0.005720
193.000000,0.000956,0.003000,0.002167,0.002302,0.002864
194.000000,0.002565,0.003359,0.002566,0.002788,0.009960
195.000000,0.002360,0.003826,0.002724,0.003562,0.005647
196.000000,0.003580,0.003952,0.002000,0.003839,0.005149
197.000000,0.006027,0.004022,0.002472,0.003588,0.006515
198.000000,0.006749,0.003852,0.002190,0.003478,0.006473
199.000000,0.006134,0.004350,0.002607,0.003827,0.006889
200.000000,0.008723,0.005542,0.004070,0.004310,0.018590
201.000000,0.008232,0.005906,0.004473,0.004281,0.002692
202.000000,0.010481,0.008254,0.005165,0.004317,0.017762
203.000000,0.008393,0.007571,0.005285,0.003968,-0.003969
204.000000,0.008512,0.007323,0.005341,0.004152,0.007484
205.000000,0.004706,0.006715,0.005270,0.004054,-0.000439
206.000000,0.003464,0.005848,0.004900,0.003283,-0.003516
207.000000,-0.000529,0.004976,0.004499,0.003307,-0.002204
208.000000,0.000640,0.004516,0.004184,0.002966,0.001874
209.000000,-0.000967,0.003772,0.004061,0.002995,-0.000551
210.000000,-0.001851,0.001427,0.003484,0.003189,-0.004860
211.000000,-0.000971,0.001247,0.003576,0.003397,0.000885
212.000000,-0.002040,-0.001285,0.003485,0.003015,-0.007551
213.000000,-0.000905,-0.000133,0.003719,0.003479,0.007551
214.000000,-0.001682,-0.001325,0.002999,0.003119,-0.004435
215.000000,-0.000977,-0.001414,0.002650,0.003042,-0.001334
216.000000,-0.000976,-0.000973,0.002437,0.002942,0.000890
217.000000,0.000356,-0.000842,0.002067,0.002719,-0.000890
218.000000,-0.002135,-0.001520,0.001498,0.002283,-0.004907
219.000000,-0.001338,-0.001510,0.001131,0.002204,-0.000447
220.000000,-0.000446,-0.000711,0.000358,0.002086,0.003127
221.000000,0.001241,0.000133,0.000690,0.002428,0.009323
222.000000,0.001331,0.000844,-0.000221,0.002604,-0.000442
223.000000,0.001248,-0.000443,-0.000288,0.002332,-0.005319
224.000000,0.001870,0.000266,-0.000529,0.002088,0.002663
225.000000,0.000890,0.000222,-0.000596,0.001841,-0.001775
226.000000,-0.000708,0.000266,-0.000354,0.001714,0.001331
227.000000,-0.000265,0.000533,-0.000155,0.001556,0.001772
228.000000,0.001771,0.001510,-0.000005,0.001502,0.004862
229.000000,0.002992,0.002431,0.000461,0.001565,0.008768
230.000000,0.002471,0.001681,0.000485,0.000799,-0.004376
231.000000,0.000262,-0.000223,-0.000045,0.000385,-0.009714
232.000000,-0.002404,-0.001335,-0.000246,-0.000592,-0.011559
233.000000,-0.003736,-0.000983,-0.000713,-0.000520,-0.001798
234.000000,-0.004594,-0.000801,-0.000267,-0.000620,0.004478
235.000000,-0.003183,-0.000356,-0.000067,-0.000516,0.002677
236.000000,-0.001597,-0.000667,-0.000200,-0.000458,-0.001784
237.000000,0.001161,-0.000622,-0.000045,-0.000310,0.002230
238.000000,0.002675,-0.000530,0.000490,-0.000180,0.005774
239.000000,0.001869,-0.001363,0.000534,-0.000147,0.000447
240.000000,0.003095,-0.000044,0.000818,0.000309,0.008810
241.000000,0.002881,0.000642,0.000209,0.000184,-0.002856
242.000000,0.003270,0.002215,0.000440,0.000575,0.004176
243.000000,0.002814,0.002745,0.000881,0.000440,0.003495
244.000000,0.003510,0.002689,0.000944,0.000718,0.003922
245.000000,0.008420,0.005758,0.002701,0.001875,0.033365
246.000000,0.010417,0.006649,0.002991,0.002083,0.007126
247.000000,0.012237,0.007754,0.003566,0.002555,0.013278
248.000000,-0.027181,-0.012183,-0.006357,-0.003735,-0.193597
249.000000,-0.028568,-0.012529,-0.006946,-0.003820,-0.003011
250.000000,-0.035240,-0.013410,-0.006727,-0.003924,0.000005
251.000000,-0.044650,-0.017116,-0.008237,-0.005566,-0.039923
252.000000,-0.048668,-0.018215,-0.008000,-0.005778,-0.006812
253.000000,-0.008899,-0.018040,-0.007648,-0.005426,0.005244
254.000000,-0.007046,-0.017807,-0.007559,-0.005306,0.006257
255.000000,-0.008194,-0.021717,-0.007979,-0.005438,-0.005734
256.000000,-0.001046,-0.022848,-0.008099,-0.005622,-0.004185
257.000000,0.000944,-0.023862,-0.008054,-0.005577,0.003139
258.000000,-0.000314,-0.004607,-0.008395,-0.005773,-0.001047
259.000000,0.001078,-0.002984,-0.007756,-0.005625,0.013218
260.000000,0.004548,-0.001823,-0.007616,-0.005092,0.011615
261.000000,0.005793,0.002374,-0.007371,-0.004700,0.002042
262.000000,0.006183,0.003564,-0.007326,-0.004145,0.005086
263.000000,0.008311,0.003998,-0.007021,-0.003766,0.009594
264.000000,0.005064,0.003071,-0.007368,-0.004016,-0.003020
265.000000,0.002034,0.003291,-0.009213,-0.004223,-0.003534
266.000000,-0.004122,0.000836,-0.011006,-0.005121,-0.028735
267.000000,-0.007970,-0.000894,-0.012378,-0.005667,-0.014155
268.000000,-0.008521,-0.000105,-0.002356,-0.005632,0.006840
269.000000,-0.007393,-0.001165,-0.002074,-0.005559,0.002618
270.000000,-0.006791,-0.002379,-0.002101,-0.005870,-0.000523
271.000000,-0.003360,-0.003741,-0.000684,-0.006161,-0.011579
272.000000,-0.007313,-0.007641,-0.002039,-0.007431,-0.033920
273.000000,-0.009010,-0.008765,-0.002383,-0.007602,-0.001644
274.000000,-0.009533,-0.008463,-0.002696,-0.007733,0.000000
275.000000,-0.006487,-0.006639,-0.001674,-0.008355,0.014708
276.000000,-0.001488,-0.002424,-0.000794,-0.008145,0.013418
277.000000,0.005934,-0.000689,-0.000791,-0.008482,0.003190
278.000000,0.009638,0.000314,0.000105,-0.001466,0.016874
279.000000,0.011511,0.000989,-0.000088,-0.001053,0.009365
280.000000,0.010425,0.001969,-0.000205,-0.000744,0.009278
281.000000,0.010291,0.004401,0.000330,0.001011,0.012746
282.000000,0.009349,0.007641,0.000000,0.001188,-0.001521
283.000000,0.006480,0.008059,-0.000353,0.001097,0.002534
284.000000,0.003593,0.007552,-0.000456,0.000720,-0.005074
285.000000,-0.000308,0.005058,-0.000790,0.000570,-0.010225
286.000000,-0.002139,0.004076,0.000826,0.000829,0.003591
287.000000,-0.001221,0.004064,0.001687,0.000827,0.003067
288.000000,-0.001626,0.002427,0.001371,0.000879,0.000510
289.000000,-0.000611,0.001491,0.001240,0.000438,0.000000
290.000000,0.002045,0.000868,0.001419,0.000153,0.003057
291.000000,0.000000,-0.001070,0.001666,-0.000136,-0.006634
292.000000,0.000815,-0.000203,0.003719,-0.000068,0.007143
293.000000,0.001018,-0.000304,0.003878,-0.000337,0.001524
294.000000,0.002736,0.001062,0.004307,0.000050,0.008592
295.000000,0.002427,0.002236,0.003647,0.000218,0.001509
296.000000,0.001021,0.000511,0.002293,0.000721,-0.013661
297.000000,-0.001635,-0.000410,0.001827,0.000988,-0.006137
298.000000,-0.004206,-0.001594,0.000416,0.000382,-0.011335
299.000000,-0.010858,-0.004061,-0.001285,-0.000527,-0.024667
300.000000,-0.010735,-0.004154,-0.001643,-0.000439,0.002123
301.000000,-0.005684,-0.002331,-0.001700,0.000334,0.011597
302.000000,-0.001233,-0.001434,-0.000818,0.002001,0.016117
303.000000,-0.000935,-0.002571,-0.001437,0.001728,-0.009847
304.000000,0.005658,-0.002600,-0.000769,0.002005,0.008299
305.000000,0.005852,-0.002442,-0.000103,0.001618,0.003094
306.000000,-0.000210,-0.002947,-0.001218,0.000547,-0.018712
307.000000,-0.003538,-0.002385,-0.001398,0.000423,-0.000525
308.000000,-0.002305,-0.001620,-0.001607,-0.000262,-0.003681
309.000000,-0.002390,0.001634,-0.001214,-0.000312,0.007872
310.000000,-0.000826,0.002513,-0.000821,-0.000258,0.010918
311.000000,0.004154,0.001972,-0.000180,-0.000476,0.006186
312.000000,0.004464,0.000463,-0.000485,-0.000391,0.001027
313.000000,0.004728,0.001211,-0.000680,-0.000555,-0.002364
314.000000,0.003112,0.000361,-0.001120,-0.000392,-0.000206
315.000000,0.000103,-0.000361,-0.001401,-0.000189,-0.004126
316.000000,-0.001755,0.001199,-0.000874,-0.000412,-0.003106
317.000000,-0.002896,0.000784,-0.000801,-0.000670,-0.004677
318.000000,-0.002736,0.000996,-0.000312,-0.000739,-0.001564
319.000000,-0.003954,-0.000421,0.000606,-0.000949,-0.006300
320.000000,-0.004199,-0.002048,0.000233,-0.001230,-0.005348
321.000000,-0.005252,-0.003504,-0.000766,-0.001288,-0.008374
322.000000,-0.010149,-0.006522,-0.003030,-0.002498,-0.029160
323.000000,-0.007982,-0.005359,-0.002074,-0.002239,0.009272
324.000000,-0.004133,-0.004044,-0.001841,-0.002094,0.012945
325.000000,-0.001781,-0.002990,-0.001676,-0.001931,0.006410
326.000000,0.001801,-0.001726,-0.000263,-0.001158,0.009539
327.000000,0.007633,-0.001258,-0.000237,-0.000953,0.000000
328.000000,0.005990,-0.000996,0.000000,-0.000540,0.001054
329.000000,0.000856,-0.001639,-0.001030,-0.000142,-0.012726
330.000000,0.000480,-0.000651,-0.001349,-0.000062,0.004531
331.000000,-0.000528,0.000637,-0.001434,-0.000298,0.004500
332.000000,0.000316,0.003975,-0.001274,-0.000695,0.004222
333.000000,0.000316,0.003153,-0.001103,-0.000332,0.001053
334.000000,0.003806,0.002331,-0.000856,-0.000451,0.004723
335.000000,0.001428,0.000954,-0.001018,-0.000799,-0.007357
336.000000,-0.000636,-0.000582,-0.001154,-0.000369,-0.005819
337.000000,0.000316,0.000316,-0.000471,-0.000053,0.008978
338.000000,0.000525,0.000421,-0.000288,0.000140,0.002101
339.000000,-0.000524,0.001641,0.000001,-0.000140,-0.000525
340.000000,0.000737,0.001083,0.000216,-0.000539,-0.001050
341.000000,0.002426,0.000895,0.000766,-0.000657,0.002624
342.000000,0.000420,0.000368,0.002171,-0.000727,-0.001049
343.000000,-0.008358,-0.003916,-0.000382,-0.002041,-0.041790
344.000000,-0.008909,-0.004717,-0.001193,-0.002143,-0.003282
345.000000,-0.009640,-0.004452,-0.001749,-0.002163,-0.004704
346.000000,-0.010657,-0.004116,-0.002349,-0.002141,-0.002462
347.000000,-0.009235,-0.004407,-0.002046,-0.001783,0.006062
348.000000,-0.000316,-0.004337,-0.001958,-0.001638,0.002804
349.000000,0.001966,-0.003472,-0.000915,-0.001157,0.008131
350.000000,0.005927,-0.001856,-0.000387,-0.000475,0.015103
351.000000,0.008550,-0.001054,-0.000079,0.000159,0.010650
352.000000,0.007655,-0.000790,-0.000211,0.001184,0.001588
353.000000,0.007094,0.003389,-0.000264,0.000875,0.000000
354.000000,0.006628,0.004297,-0.000210,0.000637,0.005800
355.000000,0.003081,0.004504,0.000026,0.000336,-0.002632
356.000000,0.000423,0.004487,0.000185,-0.000070,-0.002639
357.000000,0.000634,0.004144,-0.000132,0.000018,0.002639
358.000000,0.002313,0.004704,0.000183,0.000262,0.008399
359.000000,0.001571,0.004100,0.000314,0.000756,0.002089
360.000000,0.001889,0.002485,0.000314,0.000570,-0.001044
361.000000,0.000949,0.000686,-0.000184,0.000176,-0.007338
362.000000,0.000842,0.000738,-0.000026,0.000105,0.002102
363.000000,-0.001048,0.000633,0.002011,0.000035,-0.001050
364.000000,-0.002837,-0.000633,0.001832,-0.000351,-0.006855
365.000000,-0.002522,-0.000317,0.002094,-0.000088,0.000529
366.000000,0.000105,0.000527,0.002507,0.000299,0.005800
367.000000,0.001152,0.000997,0.002570,0.000244,0.007334
368.000000,0.000420,-0.000314,0.002195,0.000017,-0.004708
369.000000,0.000528,-0.001154,0.001473,-0.000175,-0.006312
370.000000,-0.000848,-0.001685,0.000400,-0.000352,-0.006353
371.000000,-0.004466,-0.002180,-0.000747,-0.000849,-0.012290
372.000000,-0.006687,-0.002768,-0.001015,-0.000940,-0.003771
373.000000,-0.004883,-0.002232,-0.000800,0.000597,0.004308
374.000000,-0.002976,-0.001224,-0.000928,0.000813,0.003224
375.000000,0.000424,-0.000212,-0.000264,0.001325,0.010650
376.000000,0.001926,-0.001270,-0.000371,0.001248,-0.004781
377.000000,0.003954,-0.001366,-0.000185,0.001258,0.006369
378.000000,0.001946,-0.001469,-0.000891,0.000974,-0.005731
379.000000,-0.001722,-0.002349,-0.001752,0.000199,-0.015120
380.000000,-0.002131,-0.000853,-0.001269,-0.000018,0.008607
381.000000,-0.004088,-0.001081,-0.001631,-0.000858,-0.014567
382.000000,-0.006343,-0.001194,-0.001981,-0.001075,-0.004903
383.000000,-0.003565,-0.000809,-0.001521,-0.000803,0.008159
384.000000,-0.001301,-0.001512,-0.001368,-0.001123,-0.003799
385.000000,-0.003349,-0.002740,-0.001476,-0.001089,-0.001633
386.000000,-0.003177,-0.003633,-0.002451,-0.001459,-0.013710
387.000000,-0.001535,-0.003939,-0.002653,-0.001436,0.003308
388.000000,-0.006049,-0.004807,-0.003138,-0.002197,-0.014413
389.000000,-0.004509,-0.002905,-0.002627,-0.002136,0.003901
390.000000,-0.002742,-0.003045,-0.001949,-0.001861,0.007204
391.000000,0.000221,-0.001478,-0.001280,-0.001580,0.001104
392.000000,-0.001880,-0.001708,-0.001451,-0.001890,-0.007196
393.000000,-0.001457,-0.003753,-0.002281,-0.002265,-0.012298
394.000000,-0.003592,-0.004050,-0.002781,-0.002262,-0.006772
395.000000,-0.004693,-0.003717,-0.003229,-0.002223,0.001697
396.000000,-0.009719,-0.004749,-0.004191,-0.003217,-0.024029
397.000000,-0.012730,-0.007305,-0.005622,-0.004203,-0.022249
398.000000,-0.010982,-0.006220,-0.005513,-0.004165,-0.003559
399.000000,-0.011179,-0.007385,-0.005145,-0.004213,-0.007754
400.000000,-0.011159,-0.007926,-0.005486,-0.003942,0.001795
401.000000,-0.008396,-0.009058,-0.005268,-0.003872,-0.010213
402.000000,-0.001307,-0.007018,-0.004363,-0.003307,0.013198
403.000000,0.000356,-0.005313,-0.004533,-0.003292,0.004756
404.000000,0.001907,-0.004636,-0.004343,-0.003399,0.000000
405.000000,0.003555,-0.003802,-0.003760,-0.003420,0.010033
406.000000,0.006301,-0.001048,-0.002899,-0.003143,0.003517
407.000000,0.004129,0.001411,-0.002947,-0.003278,0.002338
408.000000,0.005269,0.002813,-0.001703,-0.002738,0.010459
409.000000,0.008136,0.005021,-0.001182,-0.001756,0.014333
410.000000,0.005901,0.004728,-0.001599,-0.002081,-0.001140
411.000000,0.005995,0.006148,-0.001455,-0.001463,0.003983
412.000000,0.004616,0.004373,-0.001323,-0.001451,-0.004553
413.000000,0.003094,0.004182,-0.000566,-0.001628,0.002848
414.000000,0.001475,0.004806,0.000085,-0.001294,0.006238
415.000000,0.001443,0.003672,-0.000065,-0.001283,-0.001301
416.000000,-0.000455,0.002770,0.000861,-0.001009,-0.005506
417.000000,0.000114,0.002365,0.001888,-0.001176,-0.001709
418.000000,-0.000342,0.001376,0.002095,-0.000677,0.000570
419.000000,0.000452,0.000963,0.002992,-0.000467,0.010204
420.000000,0.000486,0.000965,0.002846,-0.000744,-0.001129
421.000000,0.001700,0.000623,0.003385,-0.000762,0.000564
422.000000,-0.000183,-0.000034,0.002169,-0.000893,-0.011123
423.000000,0.000340,-0.000001,0.002091,-0.000377,0.003185
424.000000,-0.000791,-0.000170,0.002318,0.000000,0.004546
425.000000,-0.001700,-0.000607,0.001533,-0.000246,-0.005673
426.000000,-0.001928,-0.000114,0.001328,0.000536,-0.000575
427.000000,0.000068,-0.000057,0.001154,0.001240,-0.001140
428.000000,-0.001140,-0.000400,0.000488,0.001263,-0.002856
429.000000,-0.002393,-0.001592,-0.000314,0.001464,-0.001718
430.000000,0.000340,-0.000680,0.000142,0.001671,0.007991
431.000000,-0.000456,-0.001192,-0.000285,0.001859,-0.004558
432.000000,-0.000800,-0.000366,-0.000200,0.001324,-0.002860
433.000000,-0.002186,-0.001663,-0.000832,0.000839,-0.009784
434.000000,-0.002538,-0.002465,-0.001317,0.000724,-0.003476
435.000000,-0.009071,-0.004366,-0.002486,-0.000433,-0.024678
436.000000,-0.007210,-0.003833,-0.001974,-0.000392,0.004748
437.000000,-0.008901,-0.004850,-0.002454,-0.000847,-0.011313
438.000000,-0.006944,-0.004565,-0.002482,-0.001196,0.000000
439.000000,-0.007570,-0.005054,-0.003323,-0.001894,-0.006609
440.000000,-0.003359,-0.006215,-0.003448,-0.001977,-0.003623
441.000000,-0.005766,-0.006488,-0.003840,-0.002353,-0.007286
442.000000,-0.003625,-0.006263,-0.003315,-0.002221,-0.000610
443.000000,-0.004603,-0.005774,-0.003718,-0.002479,-0.004890
444.000000,-0.003650,-0.005610,-0.004038,-0.002748,-0.001840
445.000000,-0.009033,-0.006196,-0.005281,-0.003723,-0.030541
446.000000,-0.009996,-0.007881,-0.005857,-0.003943,-0.012098
447.000000,-0.014540,-0.009083,-0.006967,-0.004663,-0.023332
448.000000,-0.013038,-0.008821,-0.006693,-0.004595,0.002620
449.000000,-0.016101,-0.009875,-0.007465,-0.005507,-0.017151
450.000000,-0.008798,-0.008916,-0.007566,-0.005270,0.005970
451.000000,-0.001543,-0.005770,-0.006129,-0.004483,0.024176
452.000000,0.005944,-0.004298,-0.005281,-0.003642,0.014103
453.000000,0.008703,-0.002168,-0.003971,-0.003201,0.016415
454.000000,0.012258,-0.001921,-0.003766,-0.003332,0.000626
455.000000,0.016253,0.003727,-0.001235,-0.002278,0.025943
456.000000,0.010562,0.004509,-0.001686,-0.002402,-0.004277
457.000000,0.004904,0.005424,-0.001829,-0.002836,-0.014185
458.000000,0.004458,0.006580,-0.001120,-0.002268,0.014185
459.000000,0.004822,0.008540,-0.000667,-0.002130,0.002446
460.000000,0.000000,0.008126,-0.000395,-0.002335,0.001831
461.000000,0.004241,0.007402,0.000816,-0.001619,0.016929
462.000000,0.004666,0.004785,0.000243,-0.001926,-0.012063
463.000000,0.000977,0.002718,0.000275,-0.001741,-0.004257
464.000000,0.002429,0.003626,0.000852,-0.001302,0.009703
465.000000,0.001579,0.000790,0.002258,-0.000560,-0.002417
466.000000,-0.000841,0.001700,0.003105,-0.000557,0.004828
467.000000,0.002173,0.003419,0.004422,-0.000080,0.003006
468.000000,0.004340,0.002659,0.004620,0.000139,0.006581
469.000000,0.002757,0.002593,0.005567,0.000419,0.001787
470.000000,0.004191,0.002885,0.005506,0.000698,0.004751
471.000000,0.004046,0.001602,0.004502,0.001078,0.004103
472.000000,0.002505,0.002339,0.003562,0.000942,-0.004696
473.000000,0.003194,0.003767,0.003243,0.001439,0.010027
474.000000,0.002954,0.002856,0.003241,0.001520,0.000587
475.000000,0.002940,0.003565,0.002177,0.002694,0.004681
476.000000,0.005707,0.004876,0.003288,0.003695,0.017935
477.000000,0.007561,0.005033,0.004226,0.004625,0.004577
478.000000,0.006353,0.004774,0.003716,0.004671,0.003987
479.000000,0.007483,0.005219,0.003906,0.005451,0.006234
480.000000,0.007223,0.005082,0.003983,0.005364,0.003384
481.000000,0.002054,0.003880,0.002741,0.004295,-0.007914
482.000000,0.001705,0.004633,0.003486,0.003919,0.002834
483.000000,-0.000341,0.003006,0.003387,0.003164,-0.006245
484.000000,-0.001702,0.002890,0.002873,0.003124,-0.000570
485.000000,0.000338,0.003781,0.003673,0.002712,0.013583
486.000000,0.000227,0.001140,0.003008,0.002572,-0.008467
487.000000,-0.000340,0.000683,0.002858,0.003045,0.000000
488.000000,-0.000342,-0.000342,0.002216,0.002364,-0.006255
489.000000,0.000114,-0.000794,0.002212,0.002339,0.001710
490.000000,-0.007795,-0.003729,0.000677,0.001413,-0.025961
491.000000,-0.008098,-0.003936,-0.000028,0.000516,-0.009985
492.000000,-0.008453,-0.004396,0.000118,0.000859,-0.001773
493.000000,-0.006258,-0.003300,-0.000147,0.001158,0.004720
494.000000,-0.003099,-0.001493,0.000699,0.001418,0.017503
495.000000,0.000817,-0.003489,0.000146,0.001286,-0.006382
496.000000,0.008212,0.000057,0.000598,0.002024,0.026990
497.000000,0.009358,0.000452,0.000568,0.002056,0.003958
498.000000,0.010100,0.001921,0.000790,0.002118,0.008429
499.000000,0.009598,0.003250,0.001228,0.002558,0.014996
500.000000,-0.037117,-0.018150,-0.010939,-0.005599,-0.239960
501.000000,-0.045908,-0.018848,-0.011392,-0.006301,-0.016962
502.000000,-0.046614,-0.018628,-0.011512,-0.006130,0.000428
503.000000,-0.049959,-0.019930,-0.011615,-0.006741,-0.008299
504.000000,-0.059382,-0.024892,-0.013192,-0.007831,-0.032120
505.000000,-0.010798,-0.023958,-0.013723,-0.007889,0.002963
506.000000,-0.006079,-0.025993,-0.012968,-0.008265,0.006635
507.000000,-0.003536,-0.025075,-0.012311,-0.007980,0.013139
508.000000,-0.000864,-0.025412,-0.011745,-0.007944,0.005063
509.000000,0.005560,-0.026911,-0.011831,-0.008152,0.000000
510.000000,0.006405,-0.002196,-0.010173,-0.008025,0.007189
511.000000,0.004504,-0.000787,-0.009818,-0.007857,-0.002869
512.000000,0.002307,-0.000615,-0.009621,-0.007880,0.002153
513.000000,0.003716,0.001426,-0.009252,-0.007268,0.012106
514.000000,0.001151,0.003356,-0.010768,-0.007676,-0.012823
515.000000,0.003127,0.004766,-0.009596,-0.007560,0.017070
516.000000,0.004686,0.004595,-0.010699,-0.007114,0.004924
517.000000,0.002564,0.002436,-0.011320,-0.007396,-0.008457
518.000000,0.001553,0.002635,-0.011389,-0.006952,0.007052
519.000000,0.005379,0.003265,-0.011823,-0.006799,0.006305
520.000000,0.000703,0.001915,-0.000141,-0.006144,-0.006312
521.000000,0.004442,0.004564,0.001888,-0.005024,0.023619
522.000000,-0.001136,0.000714,0.000050,-0.006176,-0.036342
523.000000,-0.000281,0.000636,0.001031,-0.005956,0.011324
524.000000,0.000279,0.002829,0.003092,-0.006236,0.009107
525.000000,-0.000985,-0.000141,0.002313,-0.006444,-0.012632
526.000000,-0.000137,0.002152,0.003374,-0.006415,0.027857
527.000000,0.005476,0.002170,0.002303,-0.006823,-0.008276
528.000000,0.000422,0.000070,0.001352,-0.007569,-0.013947
529.000000,-0.000979,-0.000350,0.001458,-0.007999,0.002105
530.000000,0.001127,0.000071,0.000993,-0.000070,-0.002105
531.000000,-0.000826,-0.000482,0.002041,0.001098,0.018094
532.000000,0.003569,0.004523,0.002618,0.001541,0.013699
533.000000,0.006902,0.003662,0.002149,0.001908,0.002717
534.000000,0.007833,0.003427,0.003128,0.003204,0.006761
535.000000,0.008793,0.004960,0.002409,0.003195,0.002692
536.000000,0.006647,0.002911,0.002531,0.003219,0.007365
537.000000,0.006031,0.004800,0.003485,0.003135,0.010617
538.000000,0.007065,0.006984,0.003527,0.003229,0.007890
539.000000,0.005319,0.006576,0.003113,0.003164,-0.001967
540.000000,0.005043,0.006918,0.003494,0.002968,0.001311
541.000000,0.004616,0.005632,0.002575,0.003238,0.005229
542.000000,0.003533,0.004782,0.004652,0.003340,0.005202
543.000000,0.001175,0.004120,0.003891,0.002806,-0.003899
544.000000,0.000131,0.002725,0.003076,0.002994,-0.007187
545.000000,0.000524,0.002783,0.003872,0.002534,0.003273
546.000000,-0.002229,0.001194,0.002052,0.002085,-0.008533
547.000000,-0.002874,0.000329,0.002565,0.002433,0.001976
548.000000,-0.004786,-0.001805,0.002589,0.001749,-0.013459
549.000000,-0.001686,-0.000777,0.002900,0.001816,0.008314
550.000000,-0.001180,-0.000328,0.003295,0.002220,0.005802
551.000000,0.000329,-0.000950,0.002341,0.001400,-0.000987
552.000000,0.004166,0.000646,0.002714,0.003317,0.021157
553.000000,0.005566,0.000390,0.002255,0.002724,-0.006458
554.000000,0.004809,0.001562,0.002143,0.002571,0.004529
555.000000,0.000525,-0.000327,0.001228,0.002472,-0.015615
556.000000,0.004876,0.002603,0.001898,0.002236,0.020766
557.000000,0.001670,0.002918,0.001624,0.002682,0.005125
558.000000,0.003479,0.004522,0.001359,0.003234,0.002591
559.000000,0.002821,0.003815,0.001519,0.003205,0.001236
560.000000,0.003768,0.002146,0.000909,0.002912,-0.010880
561.000000,-0.001289,0.001794,0.000422,0.002158,-0.004515
562.000000,-0.000768,0.000451,0.000548,0.001959,0.007727
563.000000,-0.002444,0.000517,0.000454,0.001676,-0.005790
564.000000,-0.001405,0.000708,0.001135,0.001665,0.006431
565.000000,0.000129,0.001948,0.000810,0.001468,-0.003210
566.000000,0.006111,0.002411,0.002507,0.002069,0.025398
567.000000,0.005442,0.002337,0.002627,0.001861,0.004379
568.000000,0.004970,0.001263,0.002893,0.001327,-0.008148
569.000000,0.003375,0.000985,0.002400,0.001341,-0.001543
570.000000,0.005085,0.002607,0.002377,0.001475,0.005337
571.000000,-0.000754,0.002679,0.002236,0.001174,-0.003794
572.000000,-0.001378,0.002032,0.001241,0.001043,0.001258
573.000000,0.001380,0.003175,0.001846,0.001361,0.005641
574.000000,0.000057,0.001716,0.001212,0.001328,-0.008158
575.000000,-0.003357,0.000864,0.001406,0.000828,-0.011732
576.000000,-0.001897,-0.001325,0.000543,0.001230,0.003507
577.000000,0.001378,0.000000,0.001168,0.001751,0.017633
578.000000,-0.000375,0.000502,0.000883,0.002096,-0.003126
579.000000,0.000378,0.000217,0.000601,0.001672,-0.004393
580.000000,0.003352,-0.000003,0.001302,0.001584,0.003140
581.000000,0.006378,0.002240,0.002460,0.002238,0.018634
582.000000,0.000996,0.001187,0.001609,0.001223,-0.009274
583.000000,-0.000502,-0.000438,0.001368,0.001085,-0.010615
584.000000,-0.001135,-0.000379,0.000669,0.000682,-0.007561
585.000000,-0.001384,0.000984,0.000924,0.001265,0.001896
586.000000,-0.005111,0.000633,-0.000346,0.000573,0.000000
587.000000,-0.004396,-0.001700,-0.000850,0.000212,-0.005698
588.000000,-0.002146,-0.001324,-0.000411,0.000147,0.000635
589.000000,-0.000795,-0.000965,-0.000374,0.000079,-0.000806
590.000000,0.001760,0.000188,0.000093,0.000931,0.014669
591.000000,0.002385,-0.001363,0.000439,0.001185,0.003124
592.000000,0.002649,-0.000873,0.000157,0.000782,-0.004376
593.000000,0.001935,-0.000106,-0.000272,0.000877,-0.002937
594.000000,0.002181,0.000693,0.000157,0.000677,0.000427
595.000000,-0.001004,0.000378,0.000681,0.000742,-0.001257
596.000000,-0.001377,0.000504,0.000569,-0.000063,0.001257
597.000000,-0.000879,0.000885,-0.000407,-0.000272,-0.001886
598.000000,-0.000292,0.000821,-0.000251,0.000000,0.000000
599.000000,0.001003,0.001592,0.000313,0.000281,0.006899
600.000000,0.001753,0.000375,0.000281,0.000187,0.002497
601.000000,-0.002783,-0.002080,-0.001722,-0.000401,-0.021425
602.000000,-0.001770,-0.001325,-0.001099,-0.000337,0.003180
603.000000,-0.002661,-0.001476,-0.000791,-0.000673,-0.004454
604.000000,-0.005577,-0.002287,-0.000797,-0.000658,-0.007682
605.000000,-0.006462,-0.002355,-0.000988,-0.000331,-0.001930
606.000000,-0.001150,-0.001966,-0.000731,-0.000276,0.005138
607.000000,0.000760,-0.000505,0.000190,-0.000440,0.012731
608.000000,0.001018,-0.000821,0.000000,-0.000441,-0.003168
609.000000,0.000642,-0.002468,-0.000438,-0.000614,-0.009563
610.000000,-0.004691,-0.005577,-0.002601,-0.001671,-0.028592
611.000000,-0.008373,-0.004761,-0.003421,-0.002735,-0.013272
612.000000,-0.006166,-0.002703,-0.002014,-0.001634,0.023763
613.000000,-0.004622,-0.001802,-0.001639,-0.001128,0.004556
614.000000,-0.004535,-0.001947,-0.002117,-0.001180,-0.009132
615.000000,-0.000925,-0.002808,-0.002581,-0.001595,-0.010540
616.000000,0.000534,-0.003920,-0.002943,-0.001794,-0.005978
617.000000,-0.005288,-0.005727,-0.003116,-0.001782,-0.005344
618.000000,-0.004465,-0.004543,-0.002682,-0.001514,0.008670
619.000000,-0.003570,-0.004053,-0.003260,-0.001643,-0.004659
620.000000,0.004712,0.001894,-0.001841,-0.001103,0.030873
621.000000,0.005000,0.002767,-0.000997,-0.001358,-0.004538
622.000000,0.005027,-0.000131,-0.001417,-0.001386,-0.005212
623.000000,0.003684,-0.000390,-0.001096,-0.001223,0.001958
624.000000,0.005527,0.000978,-0.000484,-0.001085,0.004553
625.000000,-0.004183,0.000265,-0.001272,-0.001633,-0.017676
626.000000,-0.004070,0.000465,-0.001727,-0.001807,-0.003971
627.000000,0.000131,0.002579,-0.001574,-0.001218,0.015790
628.000000,-0.001834,0.000925,-0.001809,-0.001480,-0.007864
629.000000,-0.005927,-0.000200,-0.002127,-0.002240,-0.015915
630.000000,-0.002392,-0.003288,-0.000697,-0.002324,0.000000
631.000000,-0.006881,-0.005475,-0.001354,-0.002490,-0.026415
632.000000,-0.005963,-0.002916,-0.001523,-0.001916,0.020381
633.000000,0.002613,0.000390,-0.000000,-0.000601,0.035015
634.000000,0.005849,-0.000039,0.000470,-0.000336,0.000266
635.000000,0.006316,0.001962,0.001113,-0.000194,0.002334
636.000000,0.009516,0.001318,0.000891,-0.000712,-0.010417
637.000000,0.007948,0.000992,0.001786,-0.000719,0.012539
638.000000,0.001038,0.001825,0.001375,-0.000598,0.000465
639.000000,0.001629,0.003739,0.001770,-0.000171,0.003225
640.000000,0.001265,0.003791,0.000252,0.000799,0.000515
641.000000,0.003375,0.006445,0.000485,0.001246,0.000129
642.000000,-0.000295,0.003826,0.000455,0.000260,-0.005808
643.000000,-0.000777,0.000130,0.000260,0.000043,-0.001944
644.000000,-0.004915,-0.001643,-0.000841,-0.000235,-0.017467
645.000000,-0.002695,-0.000715,0.000624,0.000504,0.011613
646.000000,-0.003244,0.000065,0.000691,0.000616,-0.002613
647.000000,-0.001690,-0.000992,0.000000,0.000860,0.001960
648.000000,0.000128,-0.000324,0.000751,0.000809,0.007148
649.000000,0.005429,0.000257,0.001998,0.001265,0.009039
650.000000,0.004642,0.000973,0.002382,0.000492,0.007678
651.000000,0.006815,0.001786,0.004116,0.000919,0.008251
652.000000,0.006550,0.002430,0.003128,0.001113,0.000632
653.000000,0.003725,0.001927,0.001029,0.000816,-0.006973
654.000000,0.002299,0.003864,0.001111,0.000727,0.001907
655.000000,-0.001086,0.001778,0.000531,0.001008,-0.009249
656.000000,-0.005122,0.000847,0.000456,0.000743,-0.011926
657.000000,-0.005638,0.000456,-0.000268,0.000152,-0.001947
658.000000,-0.002303,0.000711,0.000193,0.000737,0.009699
659.000000,-0.002813,-0.000257,0.000000,0.001246,-0.000644
660.000000,-0.001221,-0.001154,-0.000090,0.001204,-0.001289
661.000000,0.000518,-0.002302,-0.000258,0.001976,-0.003229
662.000000,-0.002090,-0.003864,-0.000717,0.000797,-0.014989
663.000000,-0.010299,-0.006301,-0.002187,-0.001415,-0.031346
664.000000,-0.016643,-0.009728,-0.002932,-0.002502,-0.032361
665.000000,-0.012779,-0.007000,-0.002611,-0.001979,0.018031
666.000000,-0.006041,-0.002762,-0.000957,-0.000616,0.030459
667.000000,-0.004919,-0.003504,-0.001524,-0.001347,-0.009377
668.000000,0.001081,-0.004609,-0.001949,-0.001407,-0.001347
669.000000,0.008763,-0.003940,-0.002099,-0.001313,0.006046
670.000000,0.000960,-0.005909,-0.003532,-0.002030,-0.020982
671.000000,-0.001338,-0.003689,-0.002996,-0.001402,0.018971
672.000000,-0.000944,-0.002932,-0.003398,-0.001455,-0.007410
673.000000,-0.000946,0.000068,-0.003117,-0.001436,-0.001353
674.000000,-0.000940,0.003911,-0.002908,-0.000651,0.006075
675.000000,0.003526,0.002243,-0.002379,-0.000993,0.001345
676.000000,0.001338,0.000000,-0.001381,-0.000638,0.008032
677.000000,0.001803,0.000429,-0.001538,-0.000873,-0.005086
678.000000,0.001618,0.000336,-0.002136,-0.001187,-0.002274
679.000000,0.001609,0.000334,-0.001803,-0.001288,0.006026
680.000000,0.001740,0.002633,-0.001638,-0.001477,0.002001
681.000000,0.000666,0.001002,-0.001344,-0.001663,0.002661
682.000000,-0.000858,0.000472,-0.001230,-0.002108,-0.012705
683.000000,0.000938,0.001278,0.000673,-0.001652,0.006707
684.000000,-0.006238,-0.002315,0.000798,-0.002710,-0.029853
685.000000,-0.007881,-0.003071,-0.000414,-0.002609,-0.006218
686.000000,-0.007722,-0.003528,-0.001764,-0.002097,0.003459
687.000000,-0.003393,-0.002126,-0.000848,-0.001734,0.008938
688.000000,-0.007353,-0.003207,-0.001436,-0.002493,-0.013090
689.000000,-0.002077,-0.004157,-0.001911,-0.002588,-0.003473
690.000000,-0.000277,-0.004079,-0.000723,-0.002452,0.002780
691.000000,-0.000415,-0.004068,-0.001533,-0.002252,0.002772
692.000000,-0.001512,-0.002452,-0.000990,-0.001637,0.003454
693.000000,0.006011,-0.000671,0.000304,0.000225,0.024524
694.000000,0.008582,0.003252,0.000469,0.001616,0.009377
695.000000,0.008292,0.004007,0.000468,0.001060,0.001332
696.000000,0.008005,0.003795,0.000133,0.000089,0.001337
697.000000,0.011133,0.004811,0.001342,0.001038,0.019092
698.000000,0.007398,0.006705,0.001749,0.001278,0.005854
699.000000,0.003961,0.006271,0.001057,0.000816,-0.007813
700.000000,0.003039,0.005666,0.000793,0.001406,-0.003273
701.000000,0.003165,0.005585,0.000758,0.000839,0.001965
702.000000,-0.001572,0.004780,0.001164,0.000933,-0.004592
703.000000,-0.004592,0.001403,0.000366,0.000670,-0.009247
704.000000,-0.001180,0.001390,0.002321,0.000776,0.009247
705.000000,0.000655,0.001847,0.002927,0.000928,0.005900
706.000000,0.001824,0.002495,0.003145,0.000921,0.007813
707.000000,0.002223,0.000326,0.002568,0.001003,-0.002597
708.000000,0.003812,-0.000390,0.003158,0.001036,-0.001301
709.000000,0.002353,0.000587,0.003429,0.000900,0.001951
710.000000,0.000783,0.000719,0.003192,0.000768,-0.001951
711.000000,-0.001563,0.000131,0.002858,0.000549,-0.003914
712.000000,0.001554,0.001889,0.003335,0.001406,0.012987
713.000000,0.003613,0.003713,0.002558,0.001482,0.008992
714.000000,0.002197,0.002275,0.001833,0.002306,-0.005128
715.000000,0.000390,0.000587,0.001217,0.002147,-0.010986
716.000000,0.001822,0.000130,0.001312,0.002140,0.003244
717.000000,-0.002597,-0.000522,-0.000098,0.001538,-0.009109
718.000000,-0.007654,-0.002020,-0.001205,0.001432,-0.016289
719.000000,-0.006931,-0.002367,-0.000890,0.001497,-0.001516
720.000000,-0.004601,-0.002105,-0.000693,0.001426,0.000665
721.000000,-0.007120,-0.002649,-0.001259,0.001022,-0.009352
722.000000,-0.007593,-0.005095,-0.001603,0.000525,-0.011475
723.000000,-0.003251,-0.005452,-0.000870,-0.000112,0.005423
724.000000,-0.002140,-0.004536,-0.001130,-0.000290,0.004036
725.000000,-0.000799,-0.002700,-0.001057,-0.000089,0.007370
726.000000,0.002799,-0.002160,-0.001015,0.000155,0.008641
727.000000,0.005755,-0.000919,-0.000720,-0.000372,0.003304
728.000000,0.002148,-0.000552,-0.001286,-0.000987,-0.012612
729.000000,-0.000135,-0.001138,-0.001752,-0.000973,-0.007375
730.000000,0.001331,0.000266,-0.000920,-0.000374,0.014696
731.000000,0.000000,0.001400,-0.000625,-0.000373,0.001987
732.000000,-0.000132,0.002811,-0.001142,-0.000132,0.002644
733.000000,0.002918,0.002533,-0.001460,0.000264,0.002637
734.000000,0.003601,0.001733,-0.001401,-0.000176,-0.003958
735.000000,-0.000265,0.000533,-0.001084,-0.000527,-0.004637
736.000000,0.001319,0.000660,-0.000750,-0.000457,0.009911
737.000000,0.001840,0.000854,-0.000033,-0.000196,0.005246
738.000000,0.001312,0.002115,0.000782,-0.000152,0.000000
739.000000,0.000793,0.002197,0.000530,-0.000436,-0.006555
740.000000,0.002507,0.001121,0.000693,-0.000240,0.003936
741.000000,-0.005600,-0.002141,-0.000370,-0.001130,-0.030628
742.000000,-0.007463,-0.002811,0.000000,-0.001698,-0.004065
743.000000,-0.004899,-0.001793,0.000370,-0.001571,0.012816
744.000000,-0.000265,0.000264,0.000999,-0.000846,0.016617
745.000000,0.000785,0.001646,0.001090,-0.000174,0.009186
746.000000,0.004678,-0.000461,0.000099,-0.000654,-0.011166
747.000000,0.006413,-0.000525,0.000165,-0.000197,0.004613
748.000000,0.004638,-0.000131,0.000992,0.000478,0.003937
749.000000,0.002489,0.001112,0.001655,0.000724,0.005877
750.000000,0.000782,0.000784,0.000952,0.000723,0.000651
751.000000,0.002364,0.003521,0.000690,0.000927,-0.003258
752.000000,-0.007776,-0.000681,-0.001746,-0.000227,-0.046085
753.000000,-0.009111,-0.002237,-0.002015,-0.000499,-0.002738
754.000000,-0.008784,-0.003147,-0.001442,-0.000383,0.007511
755.000000,-0.014852,-0.007035,-0.002694,-0.001619,-0.029688
756.000000,-0.014200,-0.005918,-0.003190,-0.001907,0.000000
757.000000,-0.008233,-0.008004,-0.004264,-0.002558,-0.016249
758.000000,-0.013046,-0.011078,-0.005605,-0.003031,-0.026802
759.000000,-0.016588,-0.012686,-0.005787,-0.003125,-0.010199
760.000000,-0.009031,-0.011941,-0.005579,-0.003345,0.008097
761.000000,-0.010060,-0.012130,-0.004304,-0.003583,-0.005145
762.000000,-0.009182,-0.008707,-0.004694,-0.004067,-0.011861
763.000000,-0.001449,-0.007247,-0.004742,-0.003759,0.011861
764.000000,-0.010625,-0.013606,-0.008377,-0.005496,-0.056075
765.000000,-0.011622,-0.010326,-0.008680,-0.005238,0.003113
766.000000,-0.014516,-0.012288,-0.009103,-0.006222,-0.019616
767.000000,-0.011389,-0.010285,-0.009145,-0.006271,0.003773
768.000000,-0.009176,-0.005313,-0.008195,-0.005507,0.022928
769.000000,0.002786,-0.003919,-0.008302,-0.005164,0.003735
770.000000,0.006423,-0.002599,-0.007270,-0.004586,0.021294
771.000000,0.009592,-0.002462,-0.007296,-0.003690,-0.003769
772.000000,0.007473,-0.001958,-0.005333,-0.003782,-0.006821
773.000000,0.004101,-0.002537,-0.004892,-0.004007,0.006065
774.000000,0.004108,0.003447,-0.005079,-0.004435,0.003772
775.000000,-0.001511,0.002456,-0.003935,-0.004968,-0.006800
776.000000,-0.000272,0.004660,-0.003814,-0.004515,0.002423
777.000000,0.001062,0.004268,-0.003009,-0.004674,-0.000151
778.000000,-0.003508,0.000297,-0.002508,-0.005365,-0.016781
779.000000,-0.010512,-0.003202,-0.003561,-0.006602,-0.031253
780.000000,-0.014135,-0.007823,-0.005211,-0.007454,-0.024911
781.000000,-0.012837,-0.006555,-0.004508,-0.007049,0.008911
782.000000,-0.014101,-0.006520,-0.004239,-0.005728,-0.006473
783.000000,-0.009935,-0.006721,-0.004629,-0.005502,0.004050
784.000000,-0.001752,-0.006132,-0.001342,-0.005430,0.009662
785.000000,0.010307,-0.001914,0.000271,-0.003261,0.035387
786.000000,0.009912,-0.001463,0.001599,-0.003030,0.006931
787.000000,0.008735,-0.002683,0.000792,-0.002900,-0.012355
788.000000,0.009935,0.000000,0.000148,-0.001672,0.010050
789.000000,0.006427,0.002338,-0.000432,-0.001595,-0.007877
790.000000,-0.002645,0.003831,-0.001996,-0.002197,-0.009974
791.000000,-0.001541,0.004185,-0.001185,-0.001610,0.012452
792.000000,0.002931,0.005833,-0.000343,-0.000882,0.010004
793.000000,0.000154,0.005044,-0.000838,-0.001405,-0.003836
794.000000,0.007935,0.007181,0.000524,0.001499,0.031028
795.000000,0.009929,0.003642,0.000864,0.001395,0.000000
796.000000,0.007439,0.002949,0.000743,0.002049,0.000000
797.000000,0.007956,0.005444,0.001380,0.002343,0.012588
798.000000,0.007098,0.003626,0.001813,0.001307,-0.008127
799.000000,-0.000298,0.003818,0.003078,0.000985,-0.005952
800.000000,-0.000292,0.004819,0.004325,0.000276,0.000030
801.000000,-0.001184,0.003128,0.003657,0.000253,-0.004458
802.000000,0.001026,0.004491,0.005162,0.001268,0.023638
803.000000,0.004402,0.005750,0.005397,0.001358,0.008754
804.000000,0.003990,0.001846,0.004513,0.000965,-0.008015
805.000000,0.006022,0.002865,0.003253,0.001531,0.010189
806.000000,0.006752,0.002784,0.002867,0.001424,-0.000804
807.000000,0.001606,0.001316,0.003380,0.001359,-0.002097
808.000000,0.000355,0.002379,0.003002,0.002002,0.002502
809.000000,0.002038,0.003014,0.003416,0.003057,0.000398
810.000000,-0.000145,0.002938,0.003878,0.003863,-0.000724
811.000000,-0.002170,0.002291,0.002709,0.003201,-0.010929
812.000000,-0.001604,0.000001,0.002246,0.003442,0.000732
813.000000,-0.000065,0.000145,0.002948,0.003646,0.010197
814.000000,0.003161,0.002599,0.002223,0.003875,0.016529
815.000000,0.004159,0.002007,0.002436,0.002838,0.004267
816.000000,0.005777,0.001803,0.002294,0.002512,-0.002843
817.000000,0.004774,0.001585,0.001450,0.002781,-0.004280
818.000000,-0.001455,-0.000760,0.000809,0.001748,-0.020947
819.000000,-0.002438,0.000361,0.001688,0.002398,0.011611
820.000000,-0.005468,-0.000654,0.001142,0.002368,-0.010882
821.000000,-0.000857,0.002460,0.002375,0.002626,0.020210
822.000000,0.001708,0.003241,0.001621,0.002578,0.008548
823.000000,0.008014,0.003280,0.001712,0.003058,0.010582
824.000000,0.006809,0.002185,0.002392,0.002210,0.005587
825.000000,0.008427,0.001479,0.001743,0.002117,-0.002793
826.000000,0.003263,0.001203,0.001503,0.001930,-0.005610
827.000000,0.002115,0.001912,0.001748,0.001604,0.002809
828.000000,0.003612,0.005813,0.002527,0.002477,0.018069
829.000000,0.001943,0.004376,0.002369,0.002584,-0.002759
830.000000,0.000280,0.004353,0.001849,0.002212,-0.011111
831.000000,-0.000987,0.001138,0.001799,0.001963,-0.011943
832.000000,-0.002967,-0.000426,0.001408,0.000939,-0.007092
833.000000,-0.006012,-0.001200,0.001040,0.000742,0.002843
834.000000,-0.004328,-0.001193,0.000496,0.001197,0.005662
835.000000,-0.002813,-0.001267,0.000106,0.000740,-0.003535
836.000000,-0.001276,-0.001132,0.000036,0.000625,-0.004258
837.000000,0.002405,-0.000281,0.000815,0.001072,0.011316
838.000000,-0.000283,-0.003148,0.001333,0.000635,-0.010597
839.000000,-0.002557,-0.003443,0.000467,0.000432,-0.005709
840.000000,-0.002905,-0.002859,0.000747,0.000280,-0.005275
841.000000,-0.000855,-0.001066,0.000036,0.000844,0.005989
842.000000,-0.002833,-0.000214,-0.000320,0.000867,0.001428
843.000000,-0.000016,-0.000149,-0.000675,0.000644,0.003489
844.000000,0.000243,-0.001157,-0.001175,-0.000055,-0.004417
845.000000,0.001768,-0.000568,-0.000917,-0.000118,0.002353
846.000000,-0.000143,-0.000499,-0.000815,-0.000143,-0.003568
847.000000,0.000178,-0.001327,-0.000804,0.000101,0.003033
848.000000,-0.005791,-0.002903,-0.003025,-0.000079,-0.026355
849.000000,-0.005750,-0.002754,-0.003098,-0.000607,-0.004216
850.000000,-0.007992,-0.003112,-0.002985,-0.000539,-0.008856
851.000000,-0.006687,-0.003415,-0.002240,-0.001114,0.002961
852.000000,-0.007685,-0.003754,-0.001984,-0.001464,-0.001961
853.000000,-0.000256,-0.003023,-0.001586,-0.001458,0.010791
854.000000,0.001464,-0.002143,-0.001650,-0.001498,0.004386
855.000000,0.003963,-0.002014,-0.001291,-0.001283,0.003640
856.000000,0.003371,-0.001658,-0.001078,-0.001096,0.000000
857.000000,0.003443,-0.002121,-0.001724,-0.001243,-0.001600
858.000000,0.001169,0.000456,-0.001223,-0.001865,-0.000582
859.000000,0.001743,0.001604,-0.000575,-0.001531,0.007257
860.000000,0.001591,0.002777,-0.000167,-0.001065,0.002881
861.000000,0.002743,0.003057,-0.000179,-0.000475,0.005758
862.000000,0.004918,0.004181,0.000214,0.000071,0.009276
863.000000,0.005034,0.003102,0.000039,-0.000024,0.000000
864.000000,0.001154,0.001448,-0.000347,-0.000617,-0.012147
865.000000,-0.004077,-0.001243,-0.001629,-0.001275,-0.023274
866.000000,-0.008344,-0.002800,-0.002229,-0.001652,-0.015573
867.000000,-0.013819,-0.004450,-0.003286,-0.002633,-0.018100
868.000000,-0.014276,-0.004621,-0.002082,-0.002356,-0.002286
869.000000,-0.011847,-0.005346,-0.001871,-0.002166,0.000000
870.000000,-0.006735,-0.005406,-0.001314,-0.001914,0.002286
871.000000,0.001489,-0.003427,-0.000185,-0.001262,0.025546
872.000000,0.006293,-0.003763,0.000209,-0.001112,0.005917
873.000000,0.006897,-0.003689,-0.000294,-0.001204,0.000737
874.000000,0.012464,0.000309,0.000878,-0.000129,0.027833
875.000000,-0.001835,-0.004285,-0.002764,-0.002514,-0.069208
876.000000,-0.013820,-0.006165,-0.004483,-0.003541,-0.034378
877.000000,-0.013893,-0.003800,-0.004125,-0.003457,0.005549
878.000000,-0.011059,-0.002081,-0.003351,-0.002082,0.014908
879.000000,-0.009887,0.001288,-0.002029,-0.000818,0.033694
880.000000,0.001987,0.000076,-0.002665,-0.000851,-0.009837
881.000000,0.005952,-0.003934,-0.003681,-0.001435,-0.014554
882.000000,0.002358,-0.005768,-0.004766,-0.001783,-0.012423
883.000000,-0.001250,-0.006155,-0.004922,-0.002247,-0.003130
884.000000,-0.005033,-0.007460,-0.003576,-0.001901,0.014781
885.000000,-0.000609,0.000689,-0.001798,-0.001613,0.012280
886.000000,0.004577,0.005264,-0.000450,-0.001234,0.011377
887.000000,0.007212,0.004785,0.000492,-0.001155,0.000754
888.000000,0.010384,0.004567,0.001243,-0.000712,0.012729
889.000000,0.007130,0.001049,0.001169,-0.001003,-0.001489
890.000000,0.004077,0.001734,0.000905,-0.001199,-0.002985
891.000000,0.002399,0.003488,-0.000223,-0.001291,0.002985
892.000000,0.005353,0.006283,0.000257,-0.001083,0.015527
893.000000,0.002073,0.006228,0.000037,-0.001205,-0.003675
894.000000,0.003692,0.005411,-0.001025,-0.000580,0.006606
895.000000,0.003996,0.004036,0.002363,0.000147,-0.001464
896.000000,0.004567,0.003483,0.004374,0.000861,0.005844
897.000000,0.002334,0.003844,0.004314,0.001609,0.004360
898.000000,0.003937,0.003005,0.003786,0.001830,0.004342
899.000000,0.004342,0.004017,0.002533,0.002118,0.008627
900.000000,0.004348,0.004172,0.002953,0.001994,-0.001433
901.000000,0.001162,0.002865,0.003176,0.000806,-0.010087
902.000000,0.000145,0.001240,0.003761,0.000585,-0.000724
903.000000,-0.000288,0.001825,0.004027,0.000633,0.002179
904.000000,-0.001435,0.001453,0.003432,-0.000199,0.002888
905.000000,-0.000862,0.001743,0.002890,0.002156,0.001434
906.000000,0.004723,0.002942,0.003213,0.003897,0.017839
907.000000,0.004868,0.002506,0.003175,0.003712,0.000000
908.000000,0.005982,0.002847,0.002926,0.003473,0.007749
909.000000,0.005685,0.002125,0.003071,0.002397,0.001403
910.000000,0.006271,0.002704,0.003438,0.002870,0.004363
911.000000,0.002670,0.003696,0.003280,0.003350,-0.000167
912.000000,0.001970,0.003419,0.002329,0.003647,-0.003495
913.000000,0.001259,0.003621,0.002723,0.003891,0.004193
914.000000,0.000421,0.003053,0.002253,0.003306,-0.002786
915.000000,-0.000593,0.002839,0.002291,0.002873,-0.000707
916.000000,0.001183,0.001926,0.002434,0.002784,0.008709
917.000000,0.001674,0.001822,0.002164,0.002724,-0.001041
918.000000,-0.001119,0.000070,0.001459,0.001974,-0.009770
919.000000,-0.001688,-0.000633,0.000746,0.001836,-0.005633
920.000000,-0.000701,-0.000647,0.001029,0.002076,0.004229
921.000000,-0.002162,-0.000490,0.001603,0.002024,0.001404
922.000000,-0.001954,-0.000140,0.001639,0.001506,0.000000
923.000000,-0.000843,-0.000981,0.001320,0.001488,-0.004216
924.000000,0.001701,0.000006,0.001530,0.001504,0.007088
925.000000,0.001400,0.000349,0.001594,0.001644,0.002723
926.000000,0.002786,0.000312,0.001119,0.001727,0.008333
927.000000,0.001676,-0.000139,0.000842,0.001396,-0.005548
928.000000,-0.001130,-0.000987,-0.000458,0.000644,-0.018246
929.000000,-0.002123,-0.000211,-0.000422,0.000427,0.002122
930.000000,-0.005228,-0.001914,-0.001281,0.000048,-0.012802
931.000000,-0.006394,-0.001804,-0.001147,0.000467,0.002502
932.000000,-0.004217,-0.001270,-0.000705,0.000670,0.005341
933.000000,-0.003285,-0.002207,-0.001594,0.000144,-0.013586
934.000000,-0.002990,-0.002557,-0.001275,0.000168,0.003593
935.000000,0.001284,-0.001972,-0.000811,0.000405,0.008571
936.000000,0.000784,-0.002805,-0.001247,-0.000189,0.000000
937.000000,0.003241,-0.000488,-0.000313,0.000398,0.017625
938.000000,0.005398,0.001057,0.000035,0.000047,-0.002799
939.000000,0.001999,-0.000496,-0.000354,-0.000447,-0.013404
940.000000,-0.000998,0.000143,-0.000886,-0.000806,-0.006413
941.000000,0.001417,0.001101,-0.000352,-0.000398,0.012078
942.000000,-0.004095,-0.000427,-0.000849,-0.000613,-0.009936
943.000000,0.001118,0.003258,0.000525,0.000023,0.023265
944.000000,0.002821,0.002410,-0.000073,-0.000047,-0.004890
945.000000,0.003402,0.001202,-0.000385,-0.000140,-0.003508
946.000000,0.002038,0.001728,-0.000539,-0.000255,0.005257
947.000000,0.001847,-0.001124,-0.000806,-0.000584,-0.010887
948.000000,-0.003232,-0.001057,0.000000,-0.000329,-0.002129
949.000000,-0.000842,0.000989,0.000247,0.000094,0.007057
950.000000,-0.002546,0.000428,0.000286,-0.000448,-0.012027
951.000000,-0.005456,-0.001709,-0.000304,-0.000804,-0.009296
952.000000,-0.005446,-0.001799,-0.001113,-0.001166,-0.010834
953.000000,-0.004730,-0.003981,-0.000361,-0.000977,0.001451
954.000000,-0.007305,-0.004073,-0.000832,-0.001407,-0.005818
955.000000,-0.003426,-0.002986,-0.000892,-0.001252,0.007369
956.000000,-0.001297,-0.003377,-0.000825,-0.001485,0.001346
957.000000,0.001591,-0.001927,-0.001525,-0.001180,0.003609
958.000000,-0.000581,-0.002655,-0.001856,-0.000885,-0.009410
959.000000,0.000000,-0.003652,-0.001331,-0.001053,-0.002913
960.000000,-0.001561,-0.002493,-0.001033,-0.000641,-0.000438
961.000000,-0.003648,-0.002473,-0.002091,-0.001027,-0.009090
962.000000,-0.004517,-0.001463,-0.001631,-0.001230,-0.000737
963.000000,-0.001167,-0.000874,-0.002427,-0.000532,0.007342
964.000000,-0.002053,-0.001026,-0.002550,-0.000897,-0.007342
965.000000,-0.002408,-0.001985,-0.002485,-0.001256,-0.002213
966.000000,-0.002669,-0.003159,-0.003268,-0.001603,-0.010394
967.000000,-0.002671,-0.003594,-0.002761,-0.002215,-0.000747
968.000000,-0.004438,-0.002803,-0.002729,-0.002172,-0.001495
969.000000,-0.001183,-0.001618,-0.002635,-0.001427,0.008935
970.000000,-0.000592,-0.001500,-0.001997,-0.001188,0.000741
971.000000,0.002079,-0.000295,-0.001384,-0.001492,0.002959
972.000000,-0.000748,-0.001709,-0.001586,-0.001657,-0.014881
973.000000,-0.001202,-0.002820,-0.001847,-0.002558,-0.003763
974.000000,-0.007092,-0.004137,-0.002582,-0.003079,-0.020518
975.000000,-0.007548,-0.004070,-0.003027,-0.003013,-0.001537
976.000000,-0.009065,-0.003493,-0.003326,-0.003343,-0.004626
977.000000,-0.006434,-0.003591,-0.003593,-0.003037,-0.001725
978.000000,-0.005800,-0.003501,-0.003152,-0.002986,-0.000596
979.000000,-0.001387,-0.004240,-0.002929,-0.003170,0.001548
980.000000,0.000441,-0.003554,-0.002527,-0.002516,0.007604
981.000000,0.000154,-0.004455,-0.002375,-0.002408,-0.006059
982.000000,0.001424,-0.002505,-0.002107,-0.001892,0.004623
983.000000,0.001850,-0.001975,-0.002397,-0.001890,0.001536
984.000000,0.001080,-0.000154,-0.002146,-0.001773,-0.002305
985.000000,0.000480,0.000460,-0.001805,-0.001865,0.004605
986.000000,0.001078,0.000616,-0.001438,-0.002012,-0.003067
987.000000,-0.000616,0.000404,-0.001593,-0.002260,-0.003848
988.000000,-0.000307,0.000772,-0.001365,-0.001844,0.003079
989.000000,0.000614,0.000847,-0.001696,-0.001670,0.002303
990.000000,0.004093,0.002286,-0.000634,-0.000922,0.021996
991.000000,0.005006,0.003042,-0.000707,-0.000569,0.001499
992.000000,0.005924,0.002654,0.000075,-0.000520,0.000741
993.000000,0.005208,0.002450,0.000238,-0.000782,-0.000502
994.000000,0.006934,0.003774,0.001810,-0.000172,0.010934
995.000000,0.001495,0.002794,0.001627,-0.000272,-0.005199
996.000000,0.001641,0.003324,0.001970,0.000149,0.002231
997.000000,0.001344,0.003634,0.002019,0.000149,-0.000743
998.000000,0.000550,0.002879,0.001825,0.000050,-0.004471
999.000000,-0.001174,0.002880,0.001864,-0.000171,0.002312
1000.000000,0.000446,0.000971,0.001628,-0.000099,0.002902
1001.000000,0.000890,0.001265,0.002154,-0.000049,0.004448
1002.000000,0.002512,0.001928,0.002291,0.000692,0.007369
1003.000000,0.003406,0.001978,0.002214,0.000818,0.000000
1004.000000,-0.007919,-0.004546,-0.000386,-0.000309,-0.054312
1005.000000,-0.007417,-0.003485,-0.000346,-0.000077,0.005412
1006.000000,-0.006770,-0.002940,0.000192,0.000333,0.007681
1007.000000,-0.008091,-0.002789,0.000422,0.000416,0.000765
1008.000000,-0.007176,-0.001885,0.000497,0.000589,0.004577
1009.000000,0.004901,-0.001509,0.000685,0.000739,0.006070
1010.000000,0.004573,-0.001422,-0.000226,0.000612,0.003775
1011.000000,0.002736,-0.002017,-0.000376,0.000763,-0.001508
1012.000000,0.003035,-0.002528,-0.000300,0.000685,0.002262
1013.000000,0.003321,-0.001927,0.000025,0.000834,0.006006
1014.000000,0.001507,0.003204,-0.000671,0.000811,-0.002999
1015.000000,0.002992,0.003783,0.000149,0.001030,0.011198
1016.000000,0.003293,0.003015,0.000037,0.001133,0.000000
1017.000000,0.003434,0.003235,0.000223,0.001360,0.002965
1018.000000,0.002529,0.002925,0.000520,0.001306,0.001479
1019.000000,0.004161,0.002834,0.000662,0.001402,0.005160
1020.000000,0.002068,0.002530,0.000554,0.000693,0.000735
1021.000000,0.003094,0.003194,0.000588,0.000814,0.005130
1022.000000,0.005836,0.004635,0.001053,0.001345,0.016673
1023.000000,0.004531,0.003530,0.000801,0.001194,-0.005045
1024.000000,0.003499,0.003830,0.003517,0.000829,0.000000
1025.000000,0.002337,0.002203,0.002993,0.000833,-0.005071
1026.000000,0.000875,0.001985,0.002500,0.000686,-0.002181
1027.000000,-0.001588,0.002124,0.002679,0.000856,0.004357
1028.000000,-0.001305,0.001613,0.002269,0.000884,-0.003630
1029.000000,0.000144,0.001822,0.002328,0.001049,0.007246
1030.000000,-0.002191,0.000073,0.001302,0.000394,-0.016746
1031.000000,-0.001314,-0.000220,0.001487,0.000319,0.002200
1032.000000,-0.002180,-0.001884,0.001375,0.000074,0.000029
1033.000000,-0.000146,-0.000725,0.001402,0.000292,0.006542
1034.000000,-0.000868,-0.000362,0.001734,0.002224,0.003632
1035.000000,0.003060,0.000435,0.001319,0.002140,0.002896
1036.000000,0.003342,0.001014,0.001499,0.002004,0.003609
1037.000000,0.003768,0.000794,0.001459,0.002051,0.002159
1038.000000,0.002172,0.001013,0.001313,0.001850,-0.001439
1039.000000,0.000579,-0.000145,0.000839,0.001504,-0.004329
1040.000000,0.001297,0.002179,0.001126,0.001594,0.006487
1041.000000,0.002150,0.002746,0.001263,0.001907,0.007871
1042.000000,0.002145,0.002957,0.000536,0.001902,0.002136
1043.000000,0.000862,0.001517,0.000396,0.001440,-0.007854
1044.000000,0.002158,0.001368,0.000503,0.001612,0.002148
1045.000000,0.001859,0.001578,0.001007,0.001405,0.004995
1046.000000,0.001703,0.001927,0.001470,0.001642,0.007092
1047.000000,-0.000285,0.000930,0.000862,0.001283,-0.007804
1048.000000,0.002564,0.001713,0.001363,0.001446,0.006390
1049.000000,0.000429,0.001293,0.000574,0.000990,-0.008529
1050.000000,0.000142,0.001001,0.001590,0.001084,0.003563
1051.000000,-0.001276,0.000214,0.001480,0.000913,0.000000
1052.000000,0.000843,0.000279,0.001618,0.000451,0.002791
1053.000000,-0.000567,0.000999,0.001258,0.000597,-0.000660
1054.000000,0.001422,0.000926,0.001147,0.000644,0.001418
1055.000000,0.000568,0.000355,0.000967,0.000789,-0.000709
1056.000000,0.001966,0.000345,0.001136,0.001095,0.006990
1057.000000,0.001705,0.001274,0.001102,0.000999,0.001485
1058.000000,0.002399,0.000916,0.001314,0.001214,0.002809
1059.000000,0.002535,0.001979,0.001636,0.001042,0.002102
1060.000000,0.003515,0.002042,0.001521,0.001740,0.004190
1061.000000,0.000999,0.001483,0.000848,0.001481,-0.005591
1062.000000,0.002932,0.002318,0.001299,0.001851,0.011150
1063.000000,0.003338,0.002868,0.001933,0.001795,0.004839
1064.000000,0.003606,0.003071,0.001998,0.001788,0.003442
1065.000000,0.004411,0.003963,0.002159,0.001965,0.008214
1066.000000,0.005802,0.003400,0.001873,0.001891,0.001362
1067.000000,0.003163,0.003047,0.002161,0.001750,-0.002044
1068.000000,0.003690,0.003514,0.002215,0.002048,0.007475
1069.000000,0.003001,0.003304,0.002641,0.002192,0.000000
1070.000000,0.000681,0.002546,0.002294,0.001863,-0.003391
1071.000000,0.000276,0.003039,0.002261,0.001578,-0.000659
1072.000000,0.001630,0.002397,0.002357,0.001665,0.004727
1073.000000,0.001215,0.002452,0.002660,0.002106,0.005398
1074.000000,0.001887,0.002444,0.002757,0.002147,0.003359
1075.000000,0.002967,0.001824,0.002893,0.002047,0.002010
1076.000000,0.003500,0.001888,0.002644,0.001878,0.002006
1077.000000,0.002421,0.002026,0.002537,0.002116,-0.000668
1078.000000,0.000955,0.001085,0.002299,0.001838,-0.001934
1079.000000,-0.000268,0.000809,0.002056,0.002031,-0.002756
1080.000000,-0.001566,0.000701,0.001623,0.001763,-0.004476
1081.000000,-0.001206,0.001147,0.002093,0.001889,0.003804
1082.000000,-0.002015,0.000203,0.001300,0.001639,-0.004715
1083.000000,0.005664,0.003309,0.002881,0.002877,0.036464
1084.000000,0.009060,0.004396,0.003420,0.003303,0.014221
1085.000000,0.009441,0.003938,0.002881,0.003241,-0.002571
1086.000000,0.009322,0.004058,0.002973,0.003116,0.003212
1087.000000,0.010906,0.004445,0.003235,0.003173,0.003202
1088.000000,0.005142,0.005403,0.003244,0.003334,0.007643
1089.000000,0.002551,0.005805,0.003307,0.003306,0.001268
1090.000000,0.003940,0.006691,0.003696,0.003312,0.004376
1091.000000,0.005192,0.007257,0.004202,0.003814,0.009470
1092.000000,0.006789,0.008847,0.004525,0.003816,0.011187
1093.000000,0.004765,0.004953,0.004131,0.003572,-0.002475
1094.000000,0.004263,0.003407,0.003901,0.003416,-0.001240
1095.000000,0.002891,0.003416,0.003677,0.003059,-0.002484
1096.000000,0.000624,0.002908,0.003483,0.002951,-0.001867
1097.000000,-0.001240,0.002774,0.003610,0.003082,0.001867
1098.000000,0.001112,0.002939,0.004171,0.003142,0.009285
1099.000000,0.003444,0.003854,0.004830,0.003489,0.010420
1100.000000,0.002226,0.002559,0.004625,0.003317,-0.008573
1101.000000,0.001242,0.000933,0.004095,0.003112,-0.006788
1102.000000,0.003697,0.001229,0.005038,0.003426,0.014141
1103.000000,0.002693,0.001902,0.003428,0.003388,0.004264
1104.000000,0.000487,0.001966,0.002686,0.003256,-0.000608
1105.000000,0.002202,0.002214,0.002815,0.003189,0.000000
1106.000000,0.004893,0.003068,0.002988,0.003345,0.006669
1107.000000,0.001581,0.002639,0.002707,0.003286,-0.002420
1108.000000,0.002897,0.002795,0.002867,0.003712,0.010843
1109.000000,0.003497,0.001992,0.002923,0.003884,0.002394
1110.000000,0.003736,0.002969,0.002764,0.004073,0.001195
1111.000000,0.004893,0.004893,0.002913,0.004361,0.012453
1112.000000,0.005614,0.003598,0.002413,0.004558,0.001184
1113.000000,0.002974,0.002935,0.002419,0.003264,-0.002358
1114.000000,0.002259,0.002878,0.002422,0.002750,-0.001181
1115.000000,0.001783,0.002760,0.002487,0.002797,-0.001183
1116.000000,-0.001895,0.001499,0.002284,0.002492,-0.005935
1117.000000,-0.003206,0.001204,0.001922,0.002206,-0.005372
1118.000000,-0.002067,0.000453,0.001624,0.002062,0.003334
1119.000000,-0.001662,0.000298,0.001145,0.002048,0.000847
1120.000000,-0.003221,-0.000719,0.001125,0.001603,-0.008979
1121.000000,-0.001434,-0.001664,0.001615,0.001387,0.003002
1122.000000,0.001550,-0.000828,0.001385,0.001333,0.009547
1123.000000,0.001002,-0.000533,0.001201,0.001435,0.000594
1124.000000,0.000000,-0.000831,0.001024,0.001338,-0.004163
1125.000000,0.001836,-0.000692,0.001034,0.001427,0.000203
1126.000000,0.001076,-0.000179,0.000660,0.001463,-0.000799
1127.000000,-0.001072,0.000239,0.000722,0.001361,-0.001193
1128.000000,-0.000356,0.000323,0.000388,0.001190,0.004170
1129.000000,0.000361,0.000180,0.000239,0.000824,-0.000577
1130.000000,-0.001836,0.000000,-0.000359,0.000750,-0.010784
1131.000000,-0.001677,-0.000300,-0.000982,0.000976,0.000000
1132.000000,-0.000838,-0.000955,-0.000891,0.000605,0.003002
1133.000000,-0.001924,-0.001140,-0.000836,0.000421,-0.001260
1134.000000,-0.001676,-0.000658,-0.000744,0.000463,0.000660
1135.000000,0.001677,-0.000080,-0.000386,0.000662,0.005981
1136.000000,0.001796,0.000060,-0.000060,0.000460,0.000596
1137.000000,0.002621,0.000892,0.000565,0.000778,0.007126
1138.000000,0.003817,0.000947,0.000635,0.000574,0.004723
1139.000000,0.005210,0.001767,0.000974,0.000749,0.007627
1140.000000,0.005644,0.003660,0.001830,0.000980,0.008149
1141.000000,0.004944,0.003370,0.001535,0.000469,-0.002903
1142.000000,0.004216,0.003418,0.001232,0.000545,0.003482
1143.000000,0.003387,0.003602,0.001231,0.000643,0.000579
1144.000000,0.001776,0.003493,0.001418,0.000668,-0.000429
1145.000000,-0.002215,0.001714,0.000817,0.000314,-0.011806
1146.000000,-0.001752,0.001596,0.000828,0.000492,-0.000586
1147.000000,-0.002331,0.000942,0.000917,0.000691,0.000586
1148.000000,-0.001278,0.001054,0.001001,0.000775,0.005845
1149.000000,-0.001517,0.000130,0.000948,0.000692,-0.001621
1150.000000,0.002090,-0.000063,0.001799,0.001199,0.006226
1151.000000,0.001984,0.000116,0.001743,0.001062,-0.001114
1152.000000,0.003955,0.000812,0.002115,0.001092,0.010439
1153.000000,0.003810,0.001266,0.002434,0.001243,0.005119
1154.000000,0.004020,0.001252,0.002372,0.001362,-0.000572
1155.000000,0.004143,0.003116,0.002415,0.001584,0.006842
1156.000000,0.003910,0.002947,0.002272,0.001534,-0.002275
1157.000000,0.001936,0.002946,0.001944,0.001593,0.000569
1158.000000,-0.001262,0.001274,0.001164,0.001092,-0.010873
1159.000000,-0.006749,-0.001365,-0.000617,0.000177,-0.028006
1160.000000,-0.005779,-0.000818,-0.000440,0.000926,0.011689
1161.000000,-0.002983,0.000464,0.000290,0.001317,0.011704
1162.000000,-0.003097,-0.000580,0.000116,0.001217,0.000000
1163.000000,-0.000923,-0.001092,0.000087,0.001259,0.000000
1164.000000,0.003519,-0.001615,-0.000182,0.001043,-0.005797
1165.000000,0.002341,-0.001719,0.000698,0.001037,0.005797
1166.000000,0.000000,-0.001492,0.000728,0.001017,0.000000
1167.000000,0.001841,-0.000628,0.001159,0.001087,0.009206
1168.000000,0.001382,0.000230,0.000752,0.000853,-0.002294
1169.000000,0.003001,0.003260,0.000948,0.000675,0.002294
1170.000000,0.001956,0.002148,0.000665,0.000422,0.000573
1171.000000,0.003211,0.001606,0.001035,0.000728,0.006277
1172.000000,-0.001264,0.000289,-0.000146,0.000173,-0.013169
1173.000000,-0.000230,0.000576,-0.000258,0.000250,0.002878
1174.000000,0.000115,0.001558,-0.000029,0.000398,0.004015
1175.000000,0.002163,0.002060,0.000170,0.001152,0.010817
1176.000000,-0.000228,0.001492,0.000000,0.000982,-0.005679
1177.000000,0.003768,0.001252,0.000312,0.001190,0.006810
1178.000000,0.004546,0.002158,0.001194,0.001221,0.006764
1179.000000,0.004304,0.002209,0.002734,0.001368,0.002805
1180.000000,0.005032,0.003598,0.002873,0.001643,0.014461
1181.000000,0.006058,0.002915,0.002260,0.001661,-0.000552
1182.000000,0.002839,0.003304,0.001796,0.001004,-0.009280
1183.000000,0.001232,0.002889,0.001733,0.000791,-0.001272
1184.000000,0.002671,0.003487,0.002522,0.001143,0.010000
1185.000000,0.000882,0.002957,0.002508,0.001099,0.005513
1186.000000,0.001979,0.004018,0.002755,0.001339,0.004936
1187.000000,0.004163,0.003501,0.002377,0.001375,0.001640
1188.000000,0.005181,0.003206,0.002682,0.001865,0.003816
1189.000000,0.003724,0.003198,0.002703,0.002889,0.002717
1190.000000,0.002188,0.001535,0.002566,0.002427,-0.002167
1191.000000,0.000109,0.001044,0.001980,0.001855,-0.005458
1192.000000,-0.000766,0.001699,0.002501,0.001764,-0.002737
1193.000000,-0.001091,0.002045,0.002467,0.001837,0.002191
1194.000000,0.001514,0.002619,0.003053,0.002555,0.015740
1195.000000,0.001452,0.001820,0.002389,0.002279,-0.002475
1196.000000,0.003576,0.001843,0.002931,0.002451,0.005164
1197.000000,0.004339,0.001786,0.002644,0.002180,0.001074
1198.000000,0.003900,0.001405,0.002306,0.002256,0.000000
1199.000000,-0.000647,0.000433,0.001815,0.001947,-0.006999
1200.000000,0.000172,0.000812,0.001173,0.001982,0.001619
1201.000000,-0.000861,0.001358,0.001201,0.001772,0.000000
1202.000000,-0.001184,0.001577,0.001638,0.002193,-0.000540
1203.000000,0.000107,0.002004,0.002024,0.002313,0.006455
1204.000000,0.003109,0.001231,0.001925,0.002446,0.008011
1205.000000,0.002146,0.001159,0.001489,0.001979,-0.003197
1206.000000,0.002359,0.000749,0.001296,0.002203,0.001067
1207.000000,0.004588,0.001702,0.001744,0.002330,0.010605
1208.000000,0.000856,0.000482,0.000943,0.001698,-0.012205
1209.000000,-0.001067,0.001021,0.000727,0.001551,-0.001603
1210.000000,-0.001177,0.000484,0.000648,0.000944,-0.003750
1211.000000,-0.000641,0.000859,0.001108,0.001087,0.003750
1212.000000,-0.003834,0.000377,0.000977,0.001218,-0.005362
1213.000000,-0.001178,-0.000161,0.000921,0.001296,0.001075
1214.000000,0.000641,-0.000213,0.000509,0.001212,0.007491
1215.000000,0.002029,0.000426,0.000792,0.001135,0.003193
1216.000000,0.002022,0.000691,0.000720,0.001094,0.003713
1217.000000,0.005828,0.000997,0.001350,0.001495,0.013670
1218.000000,0.003830,0.001326,0.000904,0.001071,-0.008917
1219.000000,0.003383,0.002012,0.001516,0.001155,0.005255
1220.000000,0.002603,0.002316,0.001400,0.001204,-0.000708
1221.000000,0.000481,0.001251,0.001055,0.001156,-0.006894
1222.000000,-0.002100,0.001864,0.001121,0.001273,0.000765
1223.000000,-0.002332,0.000749,0.000294,0.000864,-0.010077
1224.000000,-0.004002,-0.000310,-0.000261,0.000236,-0.003096
1225.000000,-0.004417,-0.000907,-0.000241,0.000226,-0.002784
1226.000000,-0.002610,-0.001064,-0.000187,0.000125,0.002142
1227.000000,-0.000731,-0.001415,-0.000209,0.000428,0.010162
1228.000000,0.002332,0.000000,0.000663,0.000603,0.005235
1229.000000,0.003162,-0.000420,0.000796,0.000871,0.001053
1230.000000,0.005082,0.000332,0.001324,0.001044,0.006819
1231.000000,0.006112,0.001751,0.001501,0.001287,0.007292
1232.000000,0.004183,0.001726,0.001795,0.001323,0.000519
1233.000000,0.005098,0.003715,0.002232,0.001434,0.009807
1234.000000,0.006034,0.004598,0.002144,0.001358,0.005736
1235.000000,0.005463,0.005272,0.002183,0.001597,0.003960
1236.000000,0.004007,0.005060,0.001998,0.001562,0.000015
1237.000000,0.004513,0.004348,0.001467,0.001310,0.003047
1238.000000,0.003058,0.004078,0.002039,0.001801,0.002532
1239.000000,0.000490,0.003262,0.001421,0.001618,-0.007107
1240.000000,-0.000915,0.002274,0.001303,0.001641,-0.003061
1241.000000,-0.003179,0.000414,0.001083,0.001139,-0.011305
1242.000000,-0.002963,0.000775,0.001251,0.001455,0.004126
1243.000000,-0.003161,-0.000051,0.001832,0.001471,0.001543
