0.000000,0.008777,0.003897,0.002599,0.002029,0.002420
1.000000,0.007979,0.004336,0.002072,0.001238,0.003677
2.000000,0.007768,0.001794,0.002147,0.000925,-0.006559
3.000000,0.000401,0.000366,0.001157,0.000185,-0.021235
4.000000,0.000115,0.002949,0.001594,0.001015,0.022274
5.000000,-0.000854,0.003962,0.001051,0.001077,-0.002425
6.000000,0.000710,0.004344,0.002298,0.001580,0.011494
7.000000,0.001472,0.004620,0.002799,0.001652,-0.002747
8.000000,0.005651,0.003026,0.002812,0.001159,-0.000344
9.000000,-0.000693,-0.000289,0.002340,0.001519,-0.009445
10.000000,0.002002,0.000574,0.002235,0.001924,0.011049
11.000000,-0.000939,-0.000115,0.002111,0.001343,-0.003210
12.000000,-0.000390,0.000541,0.001168,0.001611,0.000000
13.000000,0.001029,0.003340,0.001853,0.001885,0.006752
14.000000,0.004712,0.002009,0.002479,0.001732,0.008970
15.000000,0.008142,0.005072,0.004517,0.002391,0.028196
16.000000,0.007748,0.003404,0.003874,0.002667,-0.005178
17.000000,0.010294,0.004952,0.004786,0.003516,0.012732
18.000000,0.007894,0.004462,0.003744,0.003362,-0.005249
19.000000,0.005749,0.005231,0.002471,0.003303,-0.001756
20.000000,0.002229,0.005185,0.002880,0.003219,0.010597
21.000000,0.001738,0.004743,0.002314,0.002988,-0.007636
22.000000,0.001781,0.006037,0.003289,0.002791,0.012947
23.000000,0.004209,0.006052,0.004696,0.003253,0.006894
24.000000,0.003354,0.004552,0.003281,0.003170,-0.006030
25.000000,0.002548,0.002389,0.003730,0.003807,0.006567
26.000000,0.003839,0.002789,0.003096,0.003512,-0.001181
27.000000,0.002279,0.002030,0.003491,0.003867,0.005143
28.000000,0.002539,0.003374,0.003918,0.003621,0.008195
29.000000,0.002874,0.003114,0.004172,0.002685,-0.004355
30.000000,0.001560,0.002054,0.003620,0.002605,0.000000
31.000000,0.003556,0.003698,0.004220,0.002775,0.008798
32.000000,-0.000192,0.001043,0.003540,0.002541,-0.013600
33.000000,-0.004871,-0.001166,0.002443,0.002742,-0.015198
34.000000,-0.001325,0.000775,0.002663,0.002445,0.013378
35.000000,-0.002744,-0.000592,0.000898,0.002289,-0.007098
36.000000,-0.003020,0.000268,0.001528,0.002154,0.007420
37.000000,-0.000321,-0.000257,0.000886,0.002242,-0.000107
38.000000,0.001816,-0.001527,0.000923,0.002103,-0.004510
39.000000,-0.002155,-0.001740,0.000687,0.002202,-0.006479
40.000000,-0.001473,-0.002109,-0.000027,0.001710,-0.003690
41.000000,-0.000515,-0.001767,0.000965,0.002224,0.012212
42.000000,0.000514,0.000096,0.000570,0.002392,0.005036
43.000000,0.002290,0.002053,0.000444,0.002313,0.004372
44.000000,0.005703,0.001774,0.001274,0.002367,0.010584
45.000000,0.007030,0.002778,0.001093,0.001525,0.002944
46.000000,0.003703,0.001594,0.000931,0.001550,-0.004419
47.000000,0.004314,0.002414,0.001078,0.001395,0.008086
48.000000,0.004753,0.003521,0.000997,0.001789,0.006568
49.000000,0.003610,0.004656,0.001458,0.002010,0.004872
50.000000,0.002462,0.004746,0.001319,0.001564,-0.002796
51.000000,0.003615,0.003659,0.000946,0.001863,0.001347
52.000000,0.003278,0.003796,0.001946,0.001645,0.006400
53.000000,0.000602,0.002677,0.002365,0.001188,-0.006814
54.000000,0.002098,0.002854,0.002314,0.001801,0.012355
55.000000,-0.000207,0.001127,0.001953,0.001105,-0.014325
56.000000,0.000785,0.002200,0.001897,0.001354,0.006312
57.000000,0.000185,0.001732,0.002073,0.001296,0.003398
58.000000,0.001198,0.000900,0.002211,0.000965,-0.001749
59.000000,-0.005666,-0.001784,0.001436,0.000378,-0.021967
60.000000,-0.003603,-0.001905,0.001420,0.000244,-0.004008
61.000000,-0.007076,-0.003145,0.000257,-0.000418,-0.011052
62.000000,-0.004386,-0.002100,0.000848,0.000597,0.016848
63.000000,-0.004878,-0.001840,0.000419,0.000963,-0.004212
64.000000,-0.001182,-0.003424,-0.000285,0.000401,-0.003488
65.000000,-0.000826,-0.002214,-0.000544,0.000564,-0.002226
66.000000,0.004376,-0.001350,0.000425,0.000815,0.014957
67.000000,0.001382,-0.001502,0.000115,0.000881,0.001880
68.000000,0.001849,-0.001515,-0.000307,0.000969,-0.001880
69.000000,-0.002172,-0.001677,-0.001731,0.000398,-0.023590
70.000000,0.000868,0.000021,-0.000942,0.000954,0.012975
71.000000,-0.005834,-0.000729,-0.001937,-0.000072,-0.018557
72.000000,-0.008288,-0.003453,-0.002777,-0.000586,-0.010387
73.000000,-0.005168,-0.001660,-0.001750,-0.000274,0.013719
74.000000,-0.000686,-0.001429,-0.002427,-0.000666,-0.001181
75.000000,-0.003195,-0.001163,-0.001689,-0.000750,0.000430
76.000000,0.000709,-0.002563,-0.001956,-0.000571,0.000966
77.000000,0.003344,-0.002472,-0.001987,-0.000747,0.002785
78.000000,0.000643,-0.002263,-0.001889,-0.000959,0.000214
79.000000,0.003408,0.001361,-0.000158,-0.000700,0.012646
80.000000,0.005966,0.001385,0.000703,-0.000166,0.013217
81.000000,0.000107,0.000408,-0.000161,-0.001155,-0.028326
82.000000,0.003562,0.003453,0.000000,-0.000700,0.020059
83.000000,0.006419,0.003531,0.000936,0.000010,0.014500
84.000000,0.003828,0.003618,0.001094,-0.000412,-0.000311
85.000000,0.002917,0.004441,0.001639,0.000354,0.008664
86.000000,0.008233,0.004170,0.000804,0.000086,-0.001747
87.000000,0.004509,0.004036,0.000782,0.000021,0.001439
88.000000,0.002756,0.004588,0.001163,0.000270,0.005737
89.000000,0.001794,0.002811,0.002086,0.000832,-0.005120
90.000000,0.001269,0.002093,0.001739,0.001167,0.006039
91.000000,0.003184,0.005709,0.003058,0.001796,0.007827
92.000000,0.001311,0.002910,0.003181,0.000970,-0.007929
93.000000,0.003584,0.003170,0.003350,0.001680,0.017101
94.000000,0.005708,0.003751,0.003685,0.001980,0.005503
95.000000,0.009350,0.005310,0.004876,0.002863,0.024250
96.000000,0.004723,0.003954,0.004062,0.001854,-0.015309
97.000000,0.004880,0.003095,0.003565,0.001553,-0.007146
98.000000,-0.000241,0.001671,0.003130,0.001332,-0.008502
99.000000,-0.001502,0.002103,0.002457,0.002092,-0.000804
100.000000,-0.006654,0.001348,0.001721,0.001609,-0.001509
101.000000,-0.000455,0.002134,0.003921,0.002750,0.015684
102.000000,0.000060,0.002470,0.002690,0.002944,-0.004570
103.000000,-0.002629,-0.001435,0.000868,0.001755,-0.021946
104.000000,-0.005132,-0.003317,0.000217,0.001351,-0.013320
105.000000,-0.005223,-0.005938,-0.000314,0.001271,-0.001962
106.000000,-0.007967,-0.004211,-0.000129,0.001304,0.001962
107.000000,-0.004817,-0.002379,0.000358,0.001584,0.011180
108.000000,-0.001533,-0.002081,-0.000205,0.001393,-0.005523
109.000000,-0.001636,-0.003384,-0.000641,0.000510,-0.013839
110.000000,-0.001452,-0.003337,-0.000995,0.000035,-0.001040
111.000000,0.001787,-0.003090,-0.000478,0.001584,0.018156
112.000000,0.000875,-0.001971,0.000249,0.001136,0.006623
113.000000,0.003053,0.000760,-0.000337,0.000832,0.005368
114.000000,0.007911,0.003137,-0.000090,0.001191,0.010450
115.000000,0.007077,0.002812,-0.001563,0.000728,-0.005211
116.000000,0.000306,0.001047,-0.001582,0.000263,-0.015697
117.000000,-0.002782,-0.000953,-0.001666,-0.000079,-0.008817
118.000000,-0.006509,-0.001728,-0.001904,-0.000712,-0.013269
119.000000,-0.008536,-0.000312,-0.001848,-0.000531,0.000313
120.000000,-0.006225,0.000426,-0.001456,-0.000521,0.006343
121.000000,0.001201,0.000754,-0.001168,-0.000068,0.021433
122.000000,0.003855,0.000537,-0.000717,0.000345,0.004454
123.000000,0.010707,0.002099,0.001430,0.000475,0.020990
124.000000,0.010882,0.001173,0.002155,0.000331,0.001186
125.000000,0.008404,0.001089,0.001951,-0.000679,-0.006045
126.000000,0.006292,0.003746,0.002397,0.000194,0.010874
127.000000,0.006831,0.005343,0.002195,0.000671,0.007152
128.000000,0.004576,0.007642,0.002957,0.001278,0.009714
129.000000,0.005092,0.007987,0.003837,0.001430,0.003763
130.000000,0.008160,0.008282,0.004354,0.001790,0.009299
131.000000,0.005125,0.005709,0.003231,0.001124,-0.004303
132.000000,0.003733,0.005282,0.002910,0.001283,0.000192
133.000000,-0.000058,0.002259,0.002179,0.001706,-0.009241
134.000000,-0.001178,0.001957,0.001565,0.002089,-0.001839
135.000000,0.002541,0.005351,0.003220,0.003084,0.027896
136.000000,0.003872,0.004499,0.004123,0.003097,0.002353
137.000000,0.005463,0.004598,0.004971,0.002996,0.008144
138.000000,0.007925,0.003934,0.005788,0.003283,0.003072
139.000000,0.008349,0.003585,0.005786,0.003753,0.000279
140.000000,0.002918,0.002730,0.005506,0.003813,0.000743
141.000000,0.000919,0.002396,0.004052,0.002953,-0.007643
142.000000,-0.001310,0.002077,0.003679,0.002632,-0.002999
143.000000,-0.001624,0.003151,0.002705,0.002503,0.001500
144.000000,-0.000502,0.003923,0.002940,0.002351,0.005886
145.000000,0.005856,0.004387,0.004869,0.003609,0.032534
146.000000,0.005336,0.003128,0.003813,0.003791,-0.010242
147.000000,0.005206,0.001948,0.003273,0.003963,-0.003651
148.000000,0.003382,0.000879,0.002406,0.004151,-0.007618
149.000000,0.000316,-0.000093,0.001746,0.003826,-0.009442
150.000000,-0.005022,0.000417,0.001573,0.003810,0.005842
151.000000,-0.002346,0.001495,0.001945,0.003200,0.003139
152.000000,-0.001782,0.001712,0.001894,0.003024,-0.000830
153.000000,0.001542,0.002462,0.002806,0.002624,0.009000
154.000000,0.003357,0.001837,0.002880,0.002572,-0.000366
155.000000,-0.002981,-0.004001,0.000193,0.001912,-0.025848
156.000000,-0.003966,-0.003156,-0.000014,0.001490,-0.001785
157.000000,-0.005291,-0.003536,-0.000794,0.001003,-0.007455
158.000000,-0.006807,-0.002632,-0.000877,0.000727,0.001420
159.000000,-0.008596,-0.002620,-0.001356,0.000291,-0.009313
160.000000,-0.002436,-0.002709,-0.001146,0.000146,0.004952
161.000000,-0.002193,-0.003079,-0.000792,0.000270,-0.000570
162.000000,-0.001159,-0.003225,-0.000756,0.000188,-0.002284
163.000000,-0.005952,-0.006380,-0.001959,-0.000256,-0.022546
164.000000,-0.002788,-0.005692,-0.001928,0.000023,0.006508
165.000000,-0.003585,-0.003011,-0.003506,-0.000875,0.000968
166.000000,-0.007437,-0.004815,-0.003985,-0.001614,-0.019830
167.000000,-0.010423,-0.005791,-0.004664,-0.002460,-0.017215
168.000000,-0.003381,-0.004666,-0.003649,-0.002140,0.012667
169.000000,-0.003260,-0.003024,-0.002822,-0.001912,0.007110
170.000000,-0.004045,-0.003815,-0.003262,-0.002036,-0.002957
171.000000,0.003966,-0.001736,-0.002407,-0.001107,0.020224
172.000000,0.008528,-0.000948,-0.002086,-0.000820,0.005594
173.000000,0.005956,0.001288,-0.002546,-0.000877,-0.000192
174.000000,0.005206,0.000973,-0.002360,-0.000961,0.003361
175.000000,0.005644,0.000800,-0.001106,-0.002071,-0.000767
176.000000,0.001580,0.002773,-0.001021,-0.001733,-0.000096
177.000000,0.003225,0.005876,0.000043,-0.001150,0.013818
178.000000,0.004828,0.005392,0.000363,-0.000636,0.007825
179.000000,0.004081,0.004644,0.000810,-0.000333,-0.000376
180.000000,0.001891,0.003767,-0.000024,-0.000919,-0.011717
181.000000,0.000671,0.001125,-0.000305,-0.001230,-0.006197
182.000000,-0.001615,0.000805,-0.000072,-0.001123,0.002388
183.000000,-0.001111,0.001859,0.001573,-0.001078,0.010346
184.000000,-0.002229,0.000926,0.000949,-0.001264,-0.005967
185.000000,-0.001680,0.000105,0.000453,-0.000702,-0.008970
186.000000,0.000344,0.000507,0.001640,-0.000512,0.003922
187.000000,0.002315,0.000350,0.003113,0.000145,0.012241
188.000000,-0.000662,-0.000887,0.002253,-0.000054,-0.004537
189.000000,-0.001507,-0.001868,0.001388,-0.000083,-0.010189
190.000000,0.001452,-0.000114,0.001827,-0.000054,0.005821
191.000000,-0.001130,-0.000393,0.000366,-0.000334,-0.008985
192.000000,-0.007789,-0.002737,-0.000966,-0.000960,-0.021055
193.000000,-0.007805,-0.004234,-0.001188,-0.000363,-0.004619
194.000000,-0.000575,-0.001041,-0.000058,0.000286,0.025963
195.000000,0.000399,0.000925,0.000515,0.000610,0.010693
196.000000,0.002348,0.000609,0.000558,0.001296,0.000759
197.000000,0.001874,-0.002958,-0.001304,0.001089,-0.023427
198.000000,0.001765,-0.003020,-0.001953,0.000495,-0.005162
199.000000,0.004217,0.001821,-0.000023,0.001532,0.038221
200.000000,0.002548,0.001474,0.000680,0.001709,0.002347
201.000000,0.003425,0.002886,0.001247,0.001206,0.005144
202.000000,0.011330,0.006602,0.001932,0.001556,0.016101
203.000000,0.010944,0.006355,0.001060,0.001326,-0.007093
204.000000,0.001218,0.002718,0.000838,0.000867,-0.010408
205.000000,0.002423,0.002485,0.001705,0.001172,0.008372
206.000000,0.000075,0.001750,0.001179,0.000955,-0.006599
207.000000,-0.001345,0.004993,0.001018,0.000795,0.009004
208.000000,-0.000148,0.005398,0.001189,0.000497,-0.001110
209.000000,0.000913,0.001066,0.001443,0.000340,-0.005101
210.000000,-0.001040,0.000691,0.001082,0.000684,-0.001396
211.000000,0.000726,0.000400,0.001643,0.000965,0.002232
212.000000,-0.004580,-0.002962,0.001820,0.000301,-0.017527
213.000000,-0.003340,-0.001744,0.002305,0.000126,0.005093
214.000000,-0.004438,-0.001762,0.000478,-0.000029,-0.010592
215.000000,-0.002040,-0.001540,0.000473,0.000624,0.010592
216.000000,-0.001604,-0.000439,0.000655,0.000640,0.004412
217.000000,0.003375,-0.000602,0.002195,0.000478,0.007372
218.000000,0.004300,0.000480,0.002939,0.000953,0.009715
219.000000,0.005736,0.000649,0.000857,0.001179,-0.003413
220.000000,0.005530,0.001745,0.001218,0.001303,0.009562
221.000000,0.004666,0.001531,0.000965,0.001606,0.000092
222.000000,0.002513,0.002944,-0.000009,0.002195,-0.003391
223.000000,-0.001664,0.001318,-0.000213,0.001976,-0.011171
224.000000,-0.001112,0.002312,0.000275,0.001089,-0.000650
225.000000,-0.001617,0.001956,0.000208,0.000967,0.007036
226.000000,-0.001138,0.001764,0.000662,0.001025,0.002488
227.000000,-0.001142,0.000686,0.000042,0.001692,-0.003411
228.000000,0.001775,0.000055,0.000268,0.001978,0.003411
229.000000,0.000501,-0.000305,0.000172,0.000470,-0.007018
230.000000,-0.002170,-0.001894,-0.000075,0.000181,-0.006321
231.000000,-0.004015,-0.002577,-0.000523,-0.000215,-0.006737
232.000000,-0.004067,-0.002604,0.000170,-0.000874,-0.003668
233.000000,-0.004749,-0.001487,-0.000085,-0.000638,0.000000
234.000000,-0.000315,0.000093,0.001202,0.000214,0.015150
235.000000,0.001986,-0.000092,0.000932,0.000108,0.005184
236.000000,0.002463,-0.000776,0.000494,0.000183,-0.004349
237.000000,-0.000699,-0.002383,-0.000849,-0.000767,-0.019478
238.000000,0.000433,-0.002158,-0.001051,-0.000541,0.005658
239.000000,-0.003237,-0.001776,-0.001041,-0.000478,-0.003202
240.000000,-0.004576,-0.001295,-0.001595,-0.000481,-0.001510
241.000000,-0.005319,-0.001428,-0.002002,-0.000825,-0.008063
242.000000,0.000113,-0.000293,-0.001448,0.000016,0.007685
243.000000,0.001088,0.000760,-0.000363,0.000197,0.010529
244.000000,0.001672,-0.000783,-0.000345,0.000541,-0.000281
245.000000,0.004281,-0.000148,-0.000120,0.000572,0.011533
246.000000,0.007936,0.001308,0.000266,0.000765,0.010212
247.000000,0.004947,0.002530,0.000074,0.000278,-0.007257
248.000000,0.003835,0.002461,0.000152,0.000119,0.004966
249.000000,0.003744,0.002708,0.000466,0.000209,-0.000734
250.000000,0.001401,0.002841,0.000773,-0.000116,-0.000184
251.000000,-0.002672,0.002632,0.000602,-0.000458,-0.010152
252.000000,-0.002449,0.001249,0.000478,-0.000549,-0.006141
253.000000,-0.003648,0.000093,0.000427,-0.000211,-0.001027
254.000000,-0.000404,0.001670,0.000444,0.000327,0.015483
255.000000,0.000989,0.001195,0.000524,0.000318,0.006785
256.000000,0.014714,0.006021,0.003665,0.002184,0.058472
257.000000,0.017436,0.007494,0.005012,0.002547,0.007470
258.000000,0.016871,0.006611,0.004536,0.002305,-0.003857
259.000000,0.013980,0.006788,0.004748,0.002573,0.001030
260.000000,0.017152,0.009071,0.005956,0.003539,0.022646
261.000000,0.005408,0.010061,0.006346,0.003755,-0.000252
262.000000,0.003191,0.010314,0.005781,0.003757,-0.003614
263.000000,0.004752,0.010811,0.005452,0.003888,0.003949
264.000000,0.004982,0.009481,0.005575,0.003456,0.002178
265.000000,-0.002023,0.007565,0.004380,0.002871,-0.012376
266.000000,-0.007034,-0.000813,0.002604,0.002172,-0.025309
267.000000,-0.009482,-0.003146,0.002174,0.002293,-0.015852
268.000000,-0.005526,-0.000387,0.003112,0.002895,0.023728
269.000000,-0.007798,-0.001408,0.002690,0.002696,-0.009180
270.000000,-0.001207,-0.001615,0.003728,0.003432,0.020580
271.000000,0.002830,-0.002102,0.003979,0.003530,-0.005127
272.000000,-0.001204,-0.005343,0.002485,0.002073,-0.036022
273.000000,-0.005028,-0.005277,0.002767,0.001876,0.004607
274.000000,-0.000750,-0.004274,0.002604,0.002292,0.012213
275.000000,-0.000769,-0.000988,0.003289,0.002591,0.020486
276.000000,0.002790,0.002810,0.000998,0.002673,0.012668
277.000000,0.009369,0.004082,0.000468,0.002810,-0.003131
278.000000,0.011074,0.003023,0.001318,0.003082,0.013134
279.000000,0.008899,0.004075,0.001333,0.003151,0.001337
280.000000,0.005635,0.002433,0.000409,0.003296,0.004168
281.000000,0.004048,0.003419,0.000658,0.003793,0.004730
282.000000,0.004226,0.006797,0.000727,0.003923,-0.002238
283.000000,-0.002728,0.004173,-0.000552,0.003236,-0.021640
284.000000,0.002028,0.005463,0.000595,0.003557,0.025119
285.000000,-0.002124,0.001756,0.000384,0.002778,-0.016591
286.000000,-0.002533,0.000757,0.001784,0.000918,0.002687
287.000000,-0.002404,0.000911,0.002497,0.000616,-0.001594
288.000000,0.003763,0.000517,0.001770,0.001051,0.009195
289.000000,-0.002731,-0.000351,0.001862,0.000772,-0.007349
290.000000,0.000990,-0.000567,0.000933,0.000084,0.002010
291.000000,0.000352,-0.001090,0.001164,0.000075,-0.000502
292.000000,0.002570,0.000083,0.003440,0.000512,0.009496
293.000000,-0.000150,0.001807,0.002990,0.000234,-0.004404
294.000000,0.002134,-0.000298,0.002583,0.000297,0.004072
295.000000,0.003071,0.002031,0.001893,0.000933,0.006695
296.000000,0.001152,0.000752,0.000755,0.001440,-0.010101
297.000000,-0.002452,0.000059,0.000485,0.001684,-0.008524
298.000000,-0.002093,-0.001121,-0.000302,0.000806,-0.002605
299.000000,-0.003784,-0.000825,-0.000588,0.000966,-0.004385
300.000000,-0.005783,-0.001356,-0.000962,0.000170,-0.003302
301.000000,-0.001571,-0.000209,-0.000650,0.000706,0.010963
302.000000,0.000520,-0.000966,-0.000442,0.001971,0.001927
303.000000,0.003602,0.000755,0.001281,0.002245,0.012809
304.000000,0.004082,0.000149,-0.000074,0.001771,-0.001985
305.000000,0.003096,-0.001344,0.000344,0.000814,-0.008232
306.000000,-0.000201,-0.000886,-0.000067,0.000208,-0.005526
307.000000,0.000835,0.000678,0.000368,0.000549,0.007111
308.000000,-0.007083,-0.001740,-0.001431,-0.000781,-0.026781
309.000000,-0.006823,-0.001370,-0.001097,-0.000849,-0.000685
310.000000,-0.003487,-0.000195,-0.000776,-0.000706,0.008447
311.000000,0.001272,0.000535,0.000163,-0.000255,0.018269
312.000000,0.000167,0.000501,-0.000233,-0.000127,0.001584
313.000000,0.006205,-0.000439,0.000158,0.000707,0.003409
314.000000,0.005160,-0.000832,-0.000341,-0.000327,-0.005911
315.000000,0.001118,-0.001184,-0.001264,-0.000166,-0.011759
316.000000,-0.006822,-0.002775,-0.001831,-0.000970,-0.021435
317.000000,-0.007813,-0.003823,-0.001573,-0.001029,-0.003372
318.000000,-0.007562,-0.000679,-0.001209,-0.001180,0.004666
319.000000,-0.009525,-0.002183,-0.001776,-0.001459,-0.015726
320.000000,-0.009145,-0.004013,-0.002104,-0.001855,-0.009857
321.000000,-0.004240,-0.005531,-0.002498,-0.001735,0.003091
322.000000,-0.001792,-0.004803,-0.002151,-0.001756,0.008866
323.000000,-0.001367,-0.004464,-0.002452,-0.001383,0.006793
324.000000,0.004930,-0.002297,-0.001564,-0.000993,0.015759
325.000000,0.007686,-0.000729,-0.000957,-0.001086,0.003923
326.000000,0.008019,0.001890,-0.000443,-0.000590,0.004755
327.000000,0.004031,0.001120,-0.001352,-0.000675,-0.011072
328.000000,0.004344,0.001489,0.000405,-0.000310,0.008358
329.000000,-0.000411,0.002260,0.000039,-0.000431,-0.008016
330.000000,-0.000648,0.003519,-0.000247,-0.000230,0.002736
331.000000,-0.001223,0.003398,-0.001067,-0.000533,0.001877
332.000000,0.001638,0.002835,-0.000984,-0.000489,0.003233
333.000000,0.000068,0.002206,-0.001129,-0.000899,0.000510
334.000000,0.000837,0.000213,-0.001042,-0.000972,-0.004169
335.000000,0.000495,-0.000077,-0.000403,-0.000663,0.001023
336.000000,-0.001197,-0.001210,0.000340,-0.000699,-0.006580
337.000000,0.001253,0.001445,0.001283,-0.000419,0.015483
338.000000,-0.001329,-0.000630,0.000429,0.000060,-0.012401
339.000000,-0.000495,0.000171,0.001216,0.000083,0.000000
340.000000,-0.000187,0.000154,0.001836,-0.000113,0.002561
341.000000,-0.000120,-0.000658,0.001370,-0.000931,-0.006243
342.000000,-0.004680,-0.001714,0.000561,-0.001227,-0.007318
343.000000,-0.003083,-0.002206,0.000000,-0.001488,-0.004417
344.000000,-0.000428,-0.000461,-0.000124,-0.000848,0.013278
345.000000,-0.001369,-0.000778,-0.000427,-0.000528,-0.002144
346.000000,-0.002330,-0.001225,-0.001217,-0.000182,-0.011048
347.000000,-0.000121,-0.002401,-0.000478,0.000055,0.003725
348.000000,0.000849,-0.001117,-0.000874,-0.000086,0.000432
349.000000,-0.000274,-0.000351,-0.000090,0.000693,0.007663
350.000000,0.001522,0.000077,0.000115,0.001250,0.006838
351.000000,0.001367,-0.000482,-0.000570,0.000753,-0.011825
352.000000,0.002287,0.001083,-0.000315,0.000735,0.008327
353.000000,0.002235,0.001542,-0.000332,0.000514,0.000171
354.000000,0.001504,0.000615,0.000077,0.000122,0.004009
355.000000,0.000782,0.001152,0.000187,0.000099,0.003230
356.000000,0.003300,0.002333,0.000554,-0.000034,0.000763
357.000000,0.003138,0.002713,0.000156,0.000586,0.007518
358.000000,0.003440,0.002837,0.000860,0.000363,0.001682
359.000000,0.008255,0.004879,0.002264,0.001566,0.028082
360.000000,0.012036,0.006409,0.003243,0.002213,0.022135
361.000000,0.006818,0.005059,0.002289,0.001306,-0.025326
362.000000,0.003586,0.003362,0.002223,0.000911,-0.008642
363.000000,0.004864,0.004152,0.002847,0.001162,0.008068
364.000000,-0.000327,0.003964,0.002289,0.001372,0.002130
365.000000,-0.004068,0.003984,0.002568,0.001453,0.003431
366.000000,0.000997,0.003908,0.003120,0.001672,0.000000
367.000000,0.002448,0.003017,0.002865,0.001110,-0.001387
368.000000,0.001422,0.003143,0.002990,0.001621,0.002935
369.000000,0.000882,0.000277,0.002578,0.001602,-0.000570
370.000000,0.000179,-0.001944,0.002232,0.001514,-0.000081
371.000000,0.000065,0.000531,0.002795,0.001703,-0.000570
372.000000,0.000457,0.001452,0.002407,0.001966,0.000570
373.000000,-0.000293,0.000564,0.002358,0.002086,-0.000815
374.000000,0.000634,0.000758,0.002361,0.001779,0.004068
375.000000,0.001348,0.000764,0.002374,0.001967,0.003486
376.000000,0.000212,0.000139,0.002023,0.002127,-0.006250
377.000000,0.000586,0.000521,0.001769,0.002084,0.002440
378.000000,-0.001161,-0.000727,0.001208,0.001751,-0.009549
379.000000,-0.002369,-0.000867,-0.000295,0.001430,-0.001970
380.000000,-0.001935,-0.000294,-0.001119,0.001390,0.005654
381.000000,-0.003997,-0.001893,-0.000681,0.001233,-0.016559
382.000000,-0.004452,-0.001933,-0.000240,0.000961,0.000166
383.000000,-0.002392,-0.001777,-0.000606,0.000980,0.000747
384.000000,-0.002364,-0.002366,-0.000804,0.000785,-0.001828
385.000000,-0.003378,-0.002657,-0.000947,0.000697,0.000582
386.000000,-0.001233,-0.002615,-0.001238,0.000477,-0.005834
387.000000,0.002164,-0.001144,-0.000311,0.000798,0.017154
388.000000,0.001867,-0.000263,-0.000495,0.000718,-0.000740
389.000000,0.006237,0.001937,0.000535,0.000449,0.020025
390.000000,0.003640,0.000131,-0.000082,-0.000702,-0.012407
391.000000,0.004087,0.001427,-0.000233,0.000022,-0.003597
392.000000,0.000099,0.001131,-0.000401,0.000217,-0.002788
393.000000,-0.001138,0.000365,-0.000706,-0.000283,-0.006922
394.000000,-0.007371,-0.000567,-0.001467,-0.000725,-0.011143
395.000000,-0.005158,-0.000759,-0.001708,-0.000884,-0.001339
396.000000,-0.008652,-0.002283,-0.002449,-0.001586,-0.021069
397.000000,-0.009106,-0.004504,-0.002824,-0.001709,-0.005058
398.000000,-0.005041,-0.003090,-0.001676,-0.001360,0.013404
399.000000,-0.003135,-0.005253,-0.001658,-0.001395,-0.001613
400.000000,-0.002799,-0.003979,-0.001924,-0.001381,0.000340
401.000000,0.000598,-0.004027,-0.001300,-0.001498,-0.004084
402.000000,0.003746,-0.002680,-0.000774,-0.001160,0.010685
403.000000,0.000508,-0.002266,-0.000951,-0.001226,-0.002788
404.000000,0.001169,-0.000983,-0.000775,-0.001306,0.001690
405.000000,0.002531,-0.000134,-0.000447,-0.001183,0.007152
406.000000,0.004652,0.002625,0.000171,-0.000758,0.006518
407.000000,0.002598,0.003172,-0.000666,-0.000825,0.000416
408.000000,0.006114,0.003311,0.000111,-0.000014,0.014794
409.000000,0.006366,0.003767,-0.000743,0.000150,0.002949
410.000000,0.004559,0.003545,-0.000217,-0.000101,-0.001883
411.000000,0.002681,0.003666,-0.000180,0.000355,-0.002873
412.000000,0.002515,0.002557,-0.000062,0.000336,-0.000411
413.000000,0.000459,0.003287,0.000510,0.000462,0.004512
414.000000,-0.000459,0.002954,0.000985,0.000468,-0.001638
415.000000,-0.000739,0.001910,0.000888,0.000339,-0.003285
416.000000,-0.001518,0.000581,0.001603,0.000308,-0.006768
417.000000,-0.001188,0.000664,0.001918,-0.000223,0.001241
418.000000,-0.002073,-0.000807,0.001252,-0.000195,0.000083
419.000000,-0.002558,-0.001508,0.001130,-0.000998,-0.004061
420.000000,-0.002466,-0.001603,0.000971,-0.000679,-0.002827
421.000000,-0.001296,-0.001407,0.001130,-0.000589,-0.000916
422.000000,-0.001728,-0.001458,0.000549,-0.000527,-0.000917
423.000000,-0.003185,-0.002629,0.000329,-0.000536,-0.007201
424.000000,-0.001216,-0.001887,0.000533,0.000028,0.005782
425.000000,0.000715,-0.000876,0.000517,0.000300,0.006828
426.000000,-0.001472,-0.001384,-0.000401,0.000607,-0.011853
427.000000,-0.001491,-0.001609,-0.000473,0.000742,-0.001008
428.000000,0.008522,0.002669,0.000931,0.001724,0.042861
429.000000,0.007912,0.003348,0.000920,0.001869,0.002734
430.000000,0.009560,0.005137,0.001767,0.002360,0.015064
431.000000,0.011423,0.004975,0.001784,0.002412,-0.002535
432.000000,0.008153,0.003331,0.000937,0.001477,-0.017360
433.000000,-0.001017,0.003752,0.000562,0.001470,-0.002990
434.000000,-0.001726,0.003093,0.000603,0.001387,-0.000810
435.000000,-0.008039,0.000761,-0.000058,0.000598,-0.016498
436.000000,-0.006529,0.002447,0.000531,0.000548,0.005011
437.000000,-0.003156,0.002499,0.000445,0.000518,-0.000492
438.000000,-0.004949,-0.002983,-0.000157,-0.000374,-0.011958
439.000000,-0.005236,-0.003481,-0.000066,-0.000547,-0.002243
440.000000,0.000855,-0.003592,0.000773,-0.000019,0.013955
441.000000,0.000899,-0.002815,0.001080,0.000251,0.005234
442.000000,-0.001184,-0.002170,0.000581,-0.000099,-0.010908
443.000000,0.004561,-0.000194,0.001779,0.000310,0.016765
444.000000,0.006447,0.000606,0.001849,0.000604,0.007192
445.000000,-0.023372,-0.011259,-0.005249,-0.003791,-0.135143
446.000000,-0.027390,-0.013246,-0.005399,-0.004061,-0.014856
447.000000,-0.033615,-0.017399,-0.007450,-0.005503,-0.042031
448.000000,-0.037574,-0.016506,-0.009745,-0.005607,-0.003029
449.000000,-0.040013,-0.016783,-0.010132,-0.005639,-0.005003
450.000000,-0.008818,-0.016095,-0.009844,-0.004850,0.020828
451.000000,-0.002428,-0.014909,-0.008862,-0.004250,0.017094
452.000000,0.006205,-0.013705,-0.007937,-0.004181,0.001136
453.000000,0.010299,-0.013637,-0.006916,-0.003360,0.017439
454.000000,0.010610,-0.014701,-0.007048,-0.003667,-0.003445
455.000000,0.006873,-0.000972,-0.006116,-0.003824,0.002143
456.000000,0.004938,0.001255,-0.005995,-0.003181,0.007418
457.000000,0.000736,0.003471,-0.006964,-0.003810,-0.019873
458.000000,0.001408,0.005853,-0.005327,-0.004546,0.020796
459.000000,0.003366,0.006988,-0.004897,-0.004425,0.006348
460.000000,0.003121,0.004997,-0.005549,-0.004897,0.000917
461.000000,0.009313,0.007126,-0.003892,-0.003533,0.038378
462.000000,0.010088,0.005412,-0.004146,-0.003488,-0.015999
463.000000,0.004454,0.002931,-0.005353,-0.003634,-0.007374
464.000000,0.003959,0.003663,-0.005519,-0.003478,0.003874
465.000000,0.004117,0.003619,0.001323,-0.002871,0.001707
466.000000,-0.003397,0.002958,0.002107,-0.003011,0.000808
467.000000,0.000340,0.005214,0.004342,-0.002905,0.002687
468.000000,0.002868,0.003661,0.004757,-0.002331,0.005263
469.000000,0.002360,0.003159,0.005074,-0.002212,0.001334
470.000000,-0.000162,0.001978,0.003488,-0.003040,-0.010900
471.000000,-0.002237,-0.002817,0.002154,-0.003533,-0.009568
472.000000,-0.001887,-0.000774,0.002319,-0.003022,0.004434
473.000000,-0.004754,-0.000943,0.000994,-0.003883,-0.009070
474.000000,-0.006154,-0.001897,0.000883,-0.004312,-0.005665
475.000000,-0.003901,-0.002031,0.000794,0.000205,0.000366
476.000000,-0.001073,-0.001655,0.000652,0.000853,0.004570
477.000000,-0.001377,-0.001632,0.001791,0.002351,0.002914
478.000000,-0.000657,-0.002706,0.000478,0.002270,-0.005470
479.000000,-0.001139,-0.003647,-0.000244,0.002167,-0.008077
480.000000,-0.004390,-0.004145,-0.001084,0.000943,-0.015884
481.000000,-0.004295,-0.002684,-0.002750,0.000542,0.005043
482.000000,-0.002912,-0.002145,-0.001459,0.000831,0.009827
483.000000,0.000839,0.000091,-0.000426,0.000693,0.013288
484.000000,0.000534,-0.000303,-0.001100,0.000488,-0.009604
485.000000,0.003195,-0.000597,-0.001314,0.000330,-0.002577
486.000000,-0.001327,-0.002811,-0.002233,-0.000503,-0.017570
487.000000,0.000055,-0.001428,-0.001530,0.000718,0.016740
488.000000,-0.008309,-0.003735,-0.003220,-0.000926,-0.028532
489.000000,-0.008813,-0.004139,-0.003893,-0.001542,-0.012125
490.000000,-0.010771,-0.003788,-0.003967,-0.001985,-0.012371
491.000000,-0.009822,-0.005575,-0.004129,-0.003692,-0.012821
492.000000,-0.013327,-0.006636,-0.004390,-0.003185,-0.000788
493.000000,-0.002099,-0.005204,-0.002556,-0.002019,0.027612
494.000000,0.005495,-0.001659,-0.000981,-0.001286,0.025843
495.000000,0.009050,-0.000861,-0.000729,-0.001163,0.005405
496.000000,0.012579,0.001378,-0.000716,-0.001029,0.004822
497.000000,0.013383,0.000028,-0.000700,-0.001011,0.003232
498.000000,0.008597,0.003249,-0.000243,-0.001064,0.003681
499.000000,0.003575,0.004535,0.000198,-0.001084,0.000735
500.000000,0.001795,0.005423,0.000817,-0.000837,-0.003494
501.000000,0.000351,0.006465,0.000445,-0.000598,-0.002398
502.000000,-0.003029,0.005177,-0.000729,-0.001201,-0.013666
503.000000,-0.002459,0.003069,-0.001067,-0.000681,0.006531
504.000000,-0.008169,-0.002297,-0.001978,-0.001420,-0.027818
505.000000,-0.011274,-0.004739,-0.002800,-0.002066,-0.019017
506.000000,-0.010755,-0.005202,-0.001912,-0.002212,0.000195
507.000000,-0.002468,-0.002748,-0.001360,-0.001383,0.027770
508.000000,-0.001587,-0.002023,0.000613,-0.000836,0.010933
509.000000,0.002565,-0.002802,0.000867,-0.000802,-0.007055
510.000000,0.006123,-0.002575,0.001424,-0.000314,-0.001228
511.000000,0.003343,-0.003706,0.001380,-0.000938,-0.013704
512.000000,-0.003191,-0.002829,0.001174,-0.001429,-0.004899
513.000000,-0.003804,-0.002696,0.000187,-0.001610,0.007865
514.000000,-0.001802,0.000382,-0.000958,-0.001191,0.002957
515.000000,0.002181,0.004152,-0.000294,-0.000483,0.018685
516.000000,0.008370,0.005856,0.000327,0.000678,0.017240
517.000000,0.005939,0.001374,-0.000687,-0.000449,-0.017053
518.000000,0.005670,0.000933,-0.000545,0.000720,0.006522
519.000000,0.003344,0.000771,-0.001015,0.000835,-0.008674
520.000000,-0.004558,-0.001189,-0.001882,0.000553,-0.020824
521.000000,-0.000589,0.003890,0.000092,0.002216,0.037085
522.000000,-0.001765,0.002087,-0.000371,0.001478,-0.022934
523.000000,0.002088,0.003879,0.000592,0.001417,0.025787
524.000000,0.007916,0.005630,0.003006,0.001238,0.020467
525.000000,0.011142,0.003292,0.003722,0.000902,-0.004693
526.000000,0.004628,0.002020,0.003938,0.000891,0.004513
527.000000,0.011275,0.004755,0.003065,0.001127,0.010303
528.000000,0.006261,0.004174,0.002554,0.001028,0.000713
529.000000,0.004980,0.006448,0.003610,0.001472,0.014063
530.000000,0.005778,0.008460,0.003636,0.001565,-0.000703
531.000000,0.006765,0.005696,0.004793,0.001960,0.009447
532.000000,0.005659,0.008467,0.005277,0.002575,0.004777
533.000000,0.003706,0.004984,0.004431,0.002056,-0.009052
534.000000,0.000193,0.002586,0.004108,0.002866,-0.003504
535.000000,0.000299,0.003038,0.003165,0.003494,-0.000176
536.000000,0.002182,0.004473,0.003246,0.004116,0.018864
537.000000,0.000916,0.003288,0.004022,0.003139,-0.001551
538.000000,0.003330,0.003518,0.003846,0.002875,0.003014
539.000000,0.002979,0.001586,0.004017,0.002935,-0.005259
540.000000,0.000858,0.000578,0.004519,0.002617,-0.010777
541.000000,-0.004036,-0.000927,0.002385,0.002887,-0.005608
542.000000,-0.003990,-0.001537,0.003465,0.003006,-0.001319
543.000000,-0.006449,-0.001560,0.001712,0.002434,-0.009282
544.000000,-0.009344,-0.003183,-0.000298,0.001678,-0.019732
545.000000,-0.007478,-0.003310,-0.000136,0.001007,-0.001450
546.000000,-0.007011,-0.005524,-0.000525,0.000323,-0.003271
547.000000,-0.005495,-0.004742,-0.000727,0.001100,0.006260
548.000000,-0.007935,-0.007192,-0.001837,0.000167,-0.021483
549.000000,-0.003177,-0.006260,-0.002337,0.000591,0.004058
550.000000,-0.002171,-0.004824,-0.002123,0.001405,0.003583
551.000000,-0.002897,-0.004954,-0.002940,-0.000062,-0.006901
552.000000,-0.001726,-0.003610,-0.002574,0.001107,0.012115
553.000000,0.002315,-0.002810,-0.002185,0.000205,-0.001278
554.000000,0.002451,-0.000363,-0.001773,-0.000320,0.004738
555.000000,0.001826,-0.000172,-0.001741,-0.000148,0.000454
556.000000,0.005662,0.001383,-0.002070,0.000111,0.012282
557.000000,0.001690,-0.000018,-0.002380,-0.000491,-0.007749
558.000000,0.001619,0.001967,-0.002612,-0.000569,-0.001630
559.000000,-0.001094,0.000679,-0.002791,-0.001332,-0.008827
560.000000,-0.000637,0.000594,-0.002115,-0.001217,0.002738
561.000000,-0.003532,0.001065,-0.001944,-0.001605,-0.002190
562.000000,-0.000907,0.000391,-0.001609,-0.001585,0.005376
563.000000,-0.001364,0.000128,-0.001341,-0.001414,-0.003915
564.000000,-0.001376,-0.001235,-0.000799,-0.001593,-0.008888
565.000000,-0.001611,-0.001124,-0.000648,-0.001535,0.001563
566.000000,-0.000219,-0.001875,-0.000246,-0.002005,0.004767
567.000000,-0.001148,-0.001027,-0.000523,-0.001929,0.000731
568.000000,0.000674,-0.000345,0.000811,-0.001857,0.005196
569.000000,0.004244,0.001434,0.001056,-0.001383,0.008961
570.000000,0.003516,0.000953,0.000773,-0.001093,-0.002075
571.000000,0.001893,0.000837,0.000951,-0.001017,-0.003346
572.000000,0.002236,0.000544,0.000468,-0.000892,0.002443
573.000000,0.000925,0.000800,0.000464,-0.000628,-0.001357
574.000000,-0.000162,0.002041,0.000403,0.000148,0.003523
575.000000,-0.000090,0.001713,0.000294,0.000139,-0.001715
576.000000,0.000000,0.000947,-0.000464,0.000151,-0.002895
577.000000,-0.000489,0.000874,-0.000077,-0.000057,0.000000
578.000000,-0.000562,0.000182,-0.000082,0.000601,-0.001723
579.000000,-0.001031,-0.000596,0.000419,0.000505,0.001179
580.000000,-0.002509,-0.001300,-0.000174,0.000082,-0.009106
581.000000,-0.002095,-0.001047,-0.000105,0.000285,-0.000824
582.000000,-0.000490,-0.000489,0.000027,0.000149,0.008024
583.000000,-0.000563,-0.000563,0.000118,0.000122,-0.002091
584.000000,-0.002720,-0.001875,0.000083,-0.000356,-0.009602
585.000000,0.000512,-0.000999,0.000357,-0.000137,0.007050
586.000000,0.001587,-0.000254,0.000346,-0.000394,0.004552
587.000000,-0.001495,-0.000992,-0.000059,-0.000382,-0.007384
588.000000,-0.002031,-0.001297,-0.000558,-0.000487,-0.004769
589.000000,0.000055,-0.001332,-0.000964,-0.000165,0.000827
590.000000,-0.000164,0.000174,-0.000563,-0.000058,0.005953
591.000000,-0.001038,0.000274,-0.000387,0.000021,0.000183
592.000000,-0.000348,-0.000921,-0.000705,-0.000289,-0.003934
593.000000,0.001940,-0.000046,-0.000304,0.000064,0.006669
594.000000,0.004900,0.002478,0.000301,0.000881,0.015629
595.000000,0.004032,0.001934,0.000468,0.000883,0.001612
596.000000,0.003350,0.001156,0.000451,0.000616,-0.003227
597.000000,0.004119,0.001885,0.000446,0.000589,-0.000090
598.000000,0.003126,0.002533,0.000618,0.000472,0.001705
599.000000,-0.001855,0.001522,0.000095,-0.000135,-0.009276
600.000000,-0.002612,0.000710,0.000442,-0.000139,-0.002174
601.000000,-0.002894,0.000228,0.000251,-0.000182,-0.004635
602.000000,-0.002931,0.000594,-0.000164,-0.000272,-0.000273
603.000000,-0.004441,-0.000658,-0.000352,-0.000422,-0.005849
604.000000,-0.004576,-0.003215,-0.000369,-0.000871,-0.009948
605.000000,-0.003107,-0.002860,-0.000463,-0.000641,0.005170
606.000000,-0.001628,-0.002261,-0.000553,-0.000453,0.002759
607.000000,-0.000146,-0.001538,0.000174,-0.000215,0.007138
608.000000,0.000128,-0.002156,0.000188,-0.000307,-0.004478
609.000000,0.003214,-0.000681,0.000421,-0.000164,0.005480
610.000000,0.001395,-0.000856,-0.000073,0.000009,-0.003925
611.000000,0.002935,0.000654,0.000441,0.000385,0.010462
612.000000,0.002411,0.001133,0.000863,0.000268,0.004515
613.000000,0.003198,0.001663,0.000503,0.000320,-0.000541
614.000000,0.001922,0.002568,-0.000324,0.000610,-0.000902
615.000000,0.001694,0.001544,-0.000658,0.000206,-0.005065
616.000000,-0.000380,0.001278,-0.000492,0.000057,0.000091
617.000000,-0.000234,0.001088,-0.000225,0.000478,0.005245
618.000000,0.000396,0.001797,-0.000180,0.000725,0.002612
619.000000,-0.000687,0.000618,-0.000032,0.000486,-0.006317
620.000000,0.000688,0.001191,0.000167,0.000348,0.001809
621.000000,0.000869,0.000244,0.000449,0.000375,0.000994
622.000000,-0.000850,-0.000542,0.000295,0.000395,-0.003346
623.000000,-0.001318,-0.000461,0.000601,0.000182,0.000272
624.000000,0.000939,0.000126,0.001347,-0.000174,0.004968
625.000000,-0.003390,-0.001351,0.000097,-0.000889,-0.019839
626.000000,-0.004547,-0.001839,-0.000281,-0.000941,-0.004791
627.000000,-0.003878,-0.002364,-0.000638,-0.000938,0.000000
628.000000,-0.004450,-0.002884,-0.000543,-0.001081,-0.002589
629.000000,-0.006558,-0.002809,-0.001096,-0.000958,-0.005571
630.000000,-0.001180,-0.002285,-0.000547,-0.000650,0.007051
631.000000,-0.003409,-0.003978,-0.001867,-0.001027,-0.015936
632.000000,-0.003296,-0.003587,-0.002065,-0.000999,0.000563
633.000000,-0.002104,-0.003277,-0.001869,-0.000691,0.003374
634.000000,0.001244,-0.002657,-0.001265,0.000012,0.011166
635.000000,0.000443,-0.000368,-0.000860,-0.000058,0.003049
636.000000,0.001814,-0.000797,-0.001318,-0.000453,-0.009082
637.000000,0.001366,-0.000965,-0.001664,-0.000747,-0.001677
638.000000,-0.000131,-0.001117,-0.002001,-0.000735,-0.004111
639.000000,-0.002795,-0.000776,-0.001793,-0.000989,-0.002156
640.000000,-0.005746,-0.002651,-0.002468,-0.001249,-0.011704
641.000000,-0.005608,-0.001897,-0.002937,-0.001877,-0.008390
642.000000,-0.001028,0.000169,-0.001709,-0.001320,0.021219
643.000000,-0.004680,-0.002405,-0.002841,-0.002048,-0.022368
644.000000,-0.006136,-0.004466,-0.003561,-0.002332,-0.009438
645.000000,-0.003023,-0.004384,-0.002376,-0.002035,0.003863
646.000000,0.001697,-0.001955,-0.001376,-0.001531,0.015209
647.000000,-0.003708,-0.002368,-0.001667,-0.001899,-0.005808
648.000000,0.000153,-0.002263,-0.001690,-0.002088,-0.003060
649.000000,0.000734,-0.002701,-0.001738,-0.002095,-0.006534
650.000000,0.001517,-0.000753,-0.001702,-0.001896,0.007778
651.000000,-0.000608,0.000544,-0.000676,-0.001777,0.004581
652.000000,-0.001534,-0.002621,-0.001226,-0.002013,-0.010433
653.000000,-0.000979,-0.000413,-0.001409,-0.002032,-0.000289
654.000000,0.003422,0.002078,-0.001194,-0.001682,0.015472
655.000000,-0.000287,0.000615,-0.001885,-0.001379,-0.010767
656.000000,-0.002221,-0.001415,-0.001685,-0.001389,-0.005090
657.000000,-0.001332,-0.001433,-0.001901,-0.001589,-0.005987
658.000000,-0.000752,-0.000866,-0.001564,-0.001415,0.002612
659.000000,-0.003499,-0.000039,-0.001370,-0.001172,0.001737
660.000000,-0.002061,-0.001174,-0.000963,-0.001526,-0.003575
661.000000,-0.003320,-0.002771,-0.001113,-0.001374,-0.011389
662.000000,-0.004962,-0.003147,-0.002884,-0.001866,-0.014197
663.000000,-0.009071,-0.004912,-0.002662,-0.002577,-0.017934
664.000000,-0.015808,-0.009653,-0.003788,-0.004014,-0.031944
665.000000,-0.016917,-0.009489,-0.004437,-0.004419,-0.009122
666.000000,-0.011276,-0.007298,-0.004357,-0.003556,0.016816
667.000000,-0.003951,-0.004457,-0.002945,-0.002753,0.022429
668.000000,-0.000770,-0.004921,-0.002893,-0.002683,-0.002028
669.000000,0.005883,-0.004962,-0.002501,-0.002567,0.001318
670.000000,0.004231,-0.006343,-0.003758,-0.002757,-0.017379
671.000000,0.001630,-0.004823,-0.003797,-0.002350,0.003808
672.000000,-0.002200,-0.003075,-0.003111,-0.002948,0.003282
673.000000,-0.005431,-0.003101,-0.004006,-0.002808,-0.018186
674.000000,-0.002632,0.001625,-0.004014,-0.001983,0.015315
675.000000,-0.001948,0.001142,-0.004174,-0.002577,-0.013960
676.000000,-0.005309,-0.001840,-0.004569,-0.003518,-0.012997
677.000000,-0.005334,-0.003767,-0.004112,-0.003219,0.003160
678.000000,-0.003790,-0.004610,-0.004766,-0.003466,-0.010466
679.000000,-0.004423,-0.003528,-0.004245,-0.002843,0.012147
680.000000,-0.000167,-0.001057,-0.003700,-0.002858,0.007322
681.000000,0.000632,-0.002339,-0.003581,-0.003311,-0.009003
682.000000,-0.011003,-0.008168,-0.005622,-0.004797,-0.055014
683.000000,-0.013132,-0.008461,-0.005781,-0.005491,-0.021110
684.000000,-0.020594,-0.012509,-0.005442,-0.006846,-0.025167
685.000000,-0.023554,-0.011860,-0.005359,-0.006736,-0.007476
686.000000,-0.023709,-0.011539,-0.006689,-0.006892,-0.009779
687.000000,-0.011338,-0.011170,-0.007468,-0.006464,0.006844
688.000000,-0.012068,-0.012600,-0.008605,-0.007377,-0.024763
689.000000,-0.006722,-0.013658,-0.008593,-0.007383,0.001566
690.000000,-0.000799,-0.012176,-0.006617,-0.006526,0.022138
691.000000,0.001862,-0.010924,-0.006631,-0.006028,0.003525
692.000000,0.002779,-0.004279,-0.006224,-0.005174,0.011430
693.000000,0.012997,0.000464,-0.003998,-0.003699,0.026323
694.000000,0.012954,0.003116,-0.004696,-0.002589,0.001355
695.000000,0.010144,0.004673,-0.003594,-0.002015,0.008089
696.000000,0.012570,0.007216,-0.002161,-0.002054,0.015654
697.000000,0.011689,0.007234,-0.001968,-0.002568,0.007025
698.000000,0.004003,0.008500,-0.002050,-0.002903,-0.012105
699.000000,0.001528,0.007241,-0.003208,-0.003315,-0.011022
700.000000,-0.002545,0.003800,-0.004188,-0.003145,-0.012277
701.000000,-0.004005,0.004282,-0.003321,-0.002993,0.008351
702.000000,-0.009911,0.000889,-0.001695,-0.003853,-0.022504
703.000000,-0.006573,-0.001285,-0.000410,-0.003094,0.004587
704.000000,-0.002501,-0.000486,0.001315,-0.003293,0.009338
705.000000,-0.001822,-0.002183,0.001245,-0.003124,-0.008881
706.000000,0.009589,0.002792,0.005004,-0.000510,0.065403
707.000000,0.015732,0.002911,0.005072,-0.000342,0.008215
708.000000,0.014985,0.004206,0.006353,0.000035,0.000850
709.000000,0.012543,0.005021,0.006131,-0.000465,-0.002870
710.000000,0.019158,0.008668,0.006234,0.000097,0.024191
711.000000,0.006119,0.007854,0.006068,0.000404,0.000208
712.000000,0.005719,0.010726,0.005807,0.002445,0.006214
713.000000,0.006948,0.010966,0.004841,0.003382,0.006997
714.000000,0.006061,0.009302,0.004408,0.003977,-0.007306
715.000000,0.000457,0.009807,0.003812,0.004099,-0.003829
716.000000,0.000374,0.003246,0.003019,0.004418,-0.000207
717.000000,-0.002118,0.001801,0.002356,0.003982,-0.006242
718.000000,-0.006143,0.000403,0.002304,0.004370,-0.013130
719.000000,-0.005444,0.000308,0.002665,0.004190,-0.003814
720.000000,-0.003177,-0.001360,0.003654,0.003703,0.007507
721.000000,-0.006171,-0.002899,0.002477,0.003079,-0.015178
722.000000,-0.000858,-0.001488,0.004619,0.003376,0.020327
723.000000,0.005671,-0.000236,0.005365,0.003149,0.019511
724.000000,0.003743,-0.000851,0.004226,0.002655,-0.013451
725.000000,0.006773,0.001798,0.005803,0.003141,0.022658
726.000000,0.008931,0.001380,0.002313,0.002473,-0.004388
727.000000,0.003964,0.001553,0.001677,0.002088,-0.004511
728.000000,0.000554,0.003112,0.001757,0.002574,0.002463
729.000000,0.005263,0.004503,0.002406,0.003278,0.010095
730.000000,0.002127,0.004450,0.001545,0.003919,0.006976
731.000000,0.003789,0.006360,0.001731,0.003772,0.003922
732.000000,0.003988,0.003976,0.001244,0.004405,-0.003519
733.000000,0.004640,0.002597,0.001180,0.004442,0.005724
734.000000,0.000486,0.002875,0.001012,0.003775,-0.010672
735.000000,-0.003169,-0.000521,0.000639,0.003695,-0.011298
736.000000,-0.003156,0.000317,0.000848,0.001648,0.003984
737.000000,-0.003700,0.000144,0.000848,0.001166,-0.006239
738.000000,-0.007926,-0.001643,0.000735,0.000624,-0.015405
739.000000,-0.007130,-0.003322,0.000591,0.000497,-0.006690
740.000000,-0.005185,-0.004177,0.000137,-0.000362,-0.001575
741.000000,-0.006887,-0.005022,0.000669,-0.000520,-0.004528
742.000000,-0.007165,-0.005432,-0.000728,-0.000981,-0.007627
743.000000,-0.005664,-0.006795,-0.002099,-0.001478,-0.007900
744.000000,-0.001199,-0.004164,-0.000645,-0.000713,0.015633
745.000000,-0.003882,-0.004534,-0.002527,-0.001085,-0.014990
746.000000,-0.005803,-0.006345,-0.003014,-0.001550,-0.014131
747.000000,0.000552,-0.003306,-0.001581,-0.000536,0.024149
748.000000,0.007737,0.001036,-0.000303,0.000835,0.028024
749.000000,0.011063,0.004932,0.000805,0.002038,0.032264
750.000000,0.016561,0.006340,0.001081,0.002204,0.012501
751.000000,0.019762,0.006979,0.000979,0.002773,0.001872
752.000000,0.017650,0.009101,0.001834,0.002548,0.013587
753.000000,0.012627,0.010182,0.001693,0.001995,0.002908
754.000000,0.001750,0.006406,0.001121,0.001706,-0.022121
755.000000,0.001101,0.008831,0.002149,0.001259,0.009260
756.000000,-0.002595,0.008583,0.001119,0.000852,-0.016611
757.000000,-0.008448,0.004601,0.000647,0.000479,-0.015676
758.000000,-0.016752,-0.002063,-0.000513,-0.000890,-0.038613
759.000000,-0.012517,-0.005384,-0.000226,-0.001258,-0.000948
760.000000,-0.020641,-0.009770,-0.001715,-0.002536,-0.031358
761.000000,-0.016668,-0.009631,-0.001326,-0.002558,0.003256
762.000000,-0.020726,-0.014587,-0.002743,-0.003639,-0.035966
763.000000,-0.009308,-0.013030,-0.001424,-0.003214,0.018476
764.000000,-0.012701,-0.012609,-0.003102,-0.003456,-0.017914
765.000000,-0.007736,-0.014189,-0.002679,-0.003297,-0.006533
766.000000,-0.012336,-0.014502,-0.002959,-0.004088,-0.019744
767.000000,-0.004017,-0.012371,-0.003885,-0.003692,0.005632
768.000000,-0.004980,-0.007144,-0.004603,-0.002723,0.013660
769.000000,-0.005301,-0.009001,-0.007193,-0.003151,-0.019522
770.000000,-0.001657,-0.004697,-0.007233,-0.002709,0.011691
771.000000,-0.001086,-0.006711,-0.008171,-0.003121,-0.016892
772.000000,0.002619,-0.000699,-0.007643,-0.002062,0.024158
773.000000,0.004428,-0.000276,-0.006653,-0.001041,0.022704
774.000000,0.007601,0.001150,-0.005730,-0.001684,-0.003656
775.000000,0.000455,-0.000601,-0.007395,-0.001986,-0.024038
776.000000,0.007863,0.003388,-0.005557,-0.000843,0.020146
777.000000,0.007722,0.005171,-0.003600,-0.000867,0.023455
778.000000,-0.000532,0.001948,-0.002598,-0.002420,-0.018565
779.000000,-0.000511,0.003545,-0.002728,-0.003613,-0.003554
780.000000,0.004497,0.002476,-0.001110,-0.003997,0.001001
781.000000,0.000111,0.003987,-0.001362,-0.004119,-0.001780
782.000000,-0.005562,0.001080,0.000191,-0.004735,-0.004912
783.000000,-0.000555,-0.000543,-0.000410,-0.004616,0.006470
784.000000,0.005531,0.002510,0.001830,-0.002983,0.026876
785.000000,0.006754,0.005625,0.002512,-0.003055,0.007118
786.000000,0.006809,0.003460,0.003424,-0.002551,-0.001506
787.000000,0.009165,0.001801,0.003486,-0.001800,0.006865
788.000000,0.012457,0.005951,0.003949,0.000252,0.022931
789.000000,0.007812,0.006671,0.005108,0.000405,0.003650
790.000000,0.007675,0.007214,0.004845,0.001665,0.006433
791.000000,0.010340,0.008575,0.006281,0.001950,0.011824
792.000000,0.011042,0.010103,0.005592,0.003495,0.010371
793.000000,0.007464,0.009961,0.004709,0.003047,0.005045
794.000000,0.009652,0.008732,0.005621,0.004130,0.014587
795.000000,0.010849,0.009262,0.007444,0.004762,0.012420
796.000000,0.007463,0.008902,0.006181,0.005250,-0.005107
797.000000,0.004422,0.007732,0.004766,0.004901,-0.004836
798.000000,0.004911,0.006188,0.006069,0.004696,0.007491
799.000000,-0.001833,0.003909,0.005290,0.004708,-0.019135
800.000000,-0.005986,0.002432,0.004823,0.004041,-0.008343
801.000000,-0.003576,0.001943,0.005259,0.004835,0.006941
802.000000,-0.001012,0.001705,0.005904,0.004296,0.007987
803.000000,-0.004168,0.000372,0.005166,0.003263,-0.008288
804.000000,0.001018,-0.000407,0.004162,0.003611,0.006795
805.000000,0.004491,-0.000747,0.004257,0.004713,0.009022
806.000000,0.005380,0.000902,0.004902,0.004421,0.011384
807.000000,0.004795,0.001892,0.004812,0.003808,0.005061
808.000000,0.006005,0.000919,0.003553,0.004352,-0.002236
809.000000,0.004140,0.002579,0.003244,0.004387,-0.002533
810.000000,-0.000771,0.001860,0.002146,0.003835,-0.015533
811.000000,-0.002989,0.001196,0.001570,0.003905,0.000297
812.000000,-0.002069,0.001363,0.001534,0.004390,0.009660
813.000000,0.001532,0.003768,0.002070,0.004700,0.015767
814.000000,0.005523,0.004831,0.002212,0.004385,0.017422
815.000000,0.009670,0.004449,0.001851,0.004321,0.005206
816.000000,0.013925,0.005468,0.003185,0.005091,0.021572
817.000000,0.008996,0.003464,0.002678,0.004362,-0.014986
818.000000,0.003712,0.002622,0.001770,0.003243,-0.010654
819.000000,0.001927,0.003725,0.003152,0.003404,0.008495
820.000000,0.001299,0.005484,0.003672,0.003259,0.002066
821.000000,-0.001428,0.006249,0.003722,0.003129,0.007941
822.000000,-0.000263,0.004367,0.002865,0.002478,-0.009161
823.000000,0.002393,0.003053,0.003411,0.002398,0.002626
824.000000,0.005030,0.003478,0.004155,0.002634,0.021680
825.000000,0.002997,0.002148,0.003299,0.001950,-0.008098
826.000000,0.002791,0.000681,0.003075,0.002350,0.006906
827.000000,0.005026,0.002382,0.002923,0.002579,0.002017
828.000000,0.003380,0.002887,0.002754,0.002142,-0.005602
829.000000,-0.001177,0.001927,0.002826,0.002743,-0.001106
830.000000,0.001491,0.002244,0.003864,0.003196,0.005241
831.000000,-0.001437,0.000677,0.003463,0.002707,-0.007733
832.000000,-0.003436,0.000795,0.002581,0.002175,-0.007980
833.000000,-0.002987,0.000196,0.001625,0.002339,-0.003359
834.000000,-0.003309,-0.002243,0.000618,0.002022,-0.002714
835.000000,-0.006468,-0.002488,-0.000170,0.001370,-0.010553
836.000000,-0.004562,-0.002999,-0.001159,0.001050,0.001798
837.000000,-0.002248,-0.002842,-0.000230,0.001001,0.003587
838.000000,-0.002124,-0.002556,0.000166,0.000984,-0.002736
839.000000,-0.004072,-0.003690,-0.000882,0.000654,-0.012453
840.000000,-0.000664,-0.003566,-0.000661,0.001388,0.006484
841.000000,-0.000398,-0.002480,-0.000901,0.001482,0.003131
842.000000,-0.003440,-0.002844,-0.001025,0.000772,-0.011626
843.000000,0.001506,-0.000309,-0.000056,0.000980,0.021993
844.000000,0.003358,-0.000357,-0.001300,0.000293,-0.003193
845.000000,0.002324,0.000830,-0.000829,0.000163,0.001316
846.000000,-0.002651,-0.001524,-0.002262,-0.001281,-0.021747
847.000000,0.001775,-0.000833,-0.001837,-0.000431,0.010505
848.000000,-0.003347,-0.000921,-0.001738,-0.000196,-0.003617
849.000000,-0.003186,0.000086,-0.001802,-0.000559,-0.002387
850.000000,-0.005524,-0.001600,-0.002583,-0.000974,-0.010376
851.000000,0.001225,-0.000713,-0.001596,-0.000839,0.011999
852.000000,-0.000476,0.000650,-0.001097,-0.000467,0.002002
853.000000,0.001122,-0.001113,-0.000711,-0.000408,0.004371
854.000000,0.003092,-0.000047,-0.000202,-0.000882,0.007462
855.000000,0.004280,-0.000622,0.000104,-0.000760,-0.004433
856.000000,0.002202,0.001713,0.000094,-0.000937,0.001606
857.000000,0.002385,0.000955,0.000061,-0.000907,0.002921
858.000000,0.000870,0.000996,0.000038,-0.000827,-0.003205
859.000000,-0.000811,0.001140,0.000613,-0.000821,-0.000944
860.000000,-0.002664,0.000808,-0.000396,-0.001453,-0.013700
861.000000,-0.000246,0.000978,0.000132,-0.000738,0.013700
862.000000,-0.000905,0.000740,0.000695,-0.000485,-0.000378
863.000000,0.000038,0.000454,-0.000329,-0.000322,0.001511
864.000000,-0.000208,-0.000509,-0.000278,-0.000304,-0.002173
865.000000,-0.003303,-0.002984,-0.001803,-0.000925,-0.029177
866.000000,-0.005402,-0.002824,-0.000555,-0.000878,0.003209
867.000000,-0.006436,-0.003671,-0.001358,-0.001183,-0.005549
868.000000,-0.007403,-0.003683,-0.001343,-0.001202,-0.003325
869.000000,-0.008147,-0.004178,-0.001519,-0.000984,-0.005894
870.000000,-0.003894,-0.003599,-0.001395,-0.001464,-0.007913
871.000000,-0.002069,-0.003735,-0.001379,-0.001157,0.012337
872.000000,-0.002021,-0.004228,-0.001744,-0.000946,-0.005311
873.000000,-0.000510,-0.003956,-0.001751,-0.001538,0.004231
874.000000,0.003612,-0.002267,-0.001388,-0.000941,0.014718
875.000000,0.000417,-0.001739,-0.002361,-0.001782,-0.023892
876.000000,-0.007556,-0.004813,-0.003818,-0.001974,-0.027528
877.000000,-0.005053,-0.003537,-0.003604,-0.002084,0.007206
878.000000,-0.000767,-0.000639,-0.002161,-0.001108,0.025659
879.000000,0.004061,0.003837,-0.000170,0.000267,0.038860
880.000000,0.008991,0.004704,0.000553,0.000638,0.000758
881.000000,0.011519,0.001981,-0.000877,-0.000259,-0.014890
882.000000,0.011133,0.003040,-0.000594,-0.000150,0.005275
883.000000,0.006784,0.003008,-0.000474,-0.000165,0.003914
884.000000,0.001116,0.002588,0.000161,-0.000063,0.010521
885.000000,0.001999,0.005495,0.001878,0.000257,0.005172
886.000000,0.003791,0.007655,0.001421,0.000006,-0.005927
887.000000,0.003132,0.007132,0.001798,-0.000025,0.001980
888.000000,0.003307,0.005046,0.002203,0.000241,0.004791
889.000000,0.001615,0.001365,0.002601,0.000342,0.002060
890.000000,0.000281,0.001140,0.002922,0.000748,-0.001498
891.000000,0.001016,0.002404,0.002193,0.000217,-0.002251
892.000000,0.000508,0.001820,0.002430,0.000210,-0.000563
893.000000,-0.001845,0.000731,0.001870,-0.000072,-0.006975
894.000000,-0.002485,-0.000435,0.001077,-0.000038,-0.001136
895.000000,-0.004854,-0.002287,0.001604,0.000490,-0.013346
896.000000,0.000000,0.000508,0.004082,0.001117,0.022021
897.000000,-0.000942,-0.000217,0.003458,0.001126,-0.005271
898.000000,0.000944,-0.000451,0.002297,0.001319,0.002451
899.000000,0.004180,0.000848,0.001106,0.002017,0.015043
900.000000,0.003463,-0.000696,0.000222,0.001716,-0.016928
901.000000,-0.003141,-0.001571,0.000417,0.000938,-0.011002
902.000000,-0.001649,-0.001295,0.000262,0.001188,0.002191
903.000000,-0.003265,-0.001161,-0.000215,0.000859,-0.005630
904.000000,-0.003933,0.000123,-0.000156,0.000759,0.011702
905.000000,-0.000434,0.001514,-0.000386,0.001574,0.000567
906.000000,0.001160,-0.000991,-0.000241,0.002391,-0.003029
907.000000,0.003172,0.000762,0.000272,0.002559,0.012250
908.000000,0.004635,0.000685,0.000117,0.001760,0.001684
909.000000,0.002220,-0.000857,-0.000005,0.000452,-0.000374
910.000000,0.002965,0.001265,0.000285,0.000570,0.004293
911.000000,0.002880,0.002020,0.000225,0.000951,-0.003452
912.000000,-0.000281,0.001445,0.000075,0.000657,-0.003558
913.000000,0.002158,0.003396,0.001118,0.000989,0.013878
914.000000,0.001844,0.002032,0.001077,0.000573,-0.001944
915.000000,0.000985,0.001975,0.001745,0.000401,0.000000
916.000000,0.002803,0.002842,0.000925,0.000786,0.005637
917.000000,0.001830,0.000774,0.000768,0.000440,-0.008422
918.000000,0.000000,0.001079,0.000882,0.000438,0.004729
919.000000,0.000037,0.000940,0.000042,0.000310,-0.001759
920.000000,0.000629,0.000807,0.001036,0.000459,0.002961
921.000000,-0.000148,0.001328,0.001674,0.000592,0.001754
922.000000,0.001315,0.001573,0.001509,0.000574,-0.001107
923.000000,0.000148,0.000074,0.001735,0.000770,-0.001109
924.000000,0.001606,0.000821,0.001427,0.000992,0.005530
925.000000,-0.000648,-0.000009,0.000983,0.001160,-0.008307
926.000000,-0.001983,-0.001065,0.000888,0.000262,-0.004925
927.000000,-0.002864,-0.000774,0.000000,0.000254,-0.005511
928.000000,-0.008400,-0.004126,-0.001524,-0.000787,-0.028789
929.000000,-0.007454,-0.002924,-0.000992,-0.000947,0.010261
930.000000,-0.009083,-0.004865,-0.002029,-0.000931,-0.016450
931.000000,-0.010008,-0.005996,-0.002334,-0.000883,-0.009551
932.000000,-0.007093,-0.004978,-0.001703,-0.000653,0.009066
933.000000,-0.001937,-0.005169,-0.002547,-0.000566,-0.003013
934.000000,-0.002361,-0.004908,-0.002043,-0.000685,0.008143
935.000000,-0.000583,-0.004833,-0.002421,-0.000956,-0.007559
936.000000,0.005219,-0.002394,-0.001730,-0.000206,0.019459
937.000000,0.007934,0.000421,-0.000177,0.000140,0.022638
938.000000,0.006380,0.002221,-0.000952,-0.000275,-0.010784
939.000000,0.004279,0.000959,-0.000983,-0.000342,-0.002360
940.000000,0.007466,0.003442,-0.000712,-0.000206,0.008375
941.000000,0.006162,0.005691,-0.000152,0.000341,0.012942
942.000000,-0.001141,0.003396,-0.000791,-0.000003,-0.013879
943.000000,0.003124,0.004752,-0.000208,-0.000114,0.010544
944.000000,0.001037,0.002658,-0.001125,-0.000476,-0.012797
945.000000,-0.002565,0.002450,-0.001191,-0.000797,-0.009635
946.000000,-0.004699,0.000732,-0.000831,-0.000909,0.002276
947.000000,-0.002150,-0.001646,-0.000613,-0.000666,-0.001137
948.000000,-0.006759,-0.001817,0.000202,-0.001241,-0.012498
949.000000,-0.004122,-0.001543,-0.000292,-0.001169,0.000384
950.000000,-0.004920,-0.003743,-0.000151,-0.001722,-0.013624
951.000000,-0.005550,-0.005124,0.000283,-0.001810,-0.000876
952.000000,-0.007575,-0.004863,-0.000733,-0.002148,-0.011261
953.000000,-0.001271,-0.004015,0.000369,-0.001477,0.019020
954.000000,-0.001832,-0.002977,-0.000160,-0.001742,-0.002418
955.000000,0.000874,-0.002023,0.000214,-0.001469,-0.000097
956.000000,0.002439,-0.001556,-0.000412,-0.001073,0.006950
957.000000,0.004460,-0.001558,-0.001602,-0.000928,-0.001155
958.000000,0.002114,0.000422,-0.000698,0.000275,0.007292
959.000000,0.003133,0.000650,-0.000446,0.000022,0.002673
960.000000,0.003038,0.001956,-0.000894,0.000552,-0.000572
961.000000,0.002371,0.002405,-0.001360,0.000990,0.003619
962.000000,0.002069,0.003265,-0.000799,0.000599,-0.002665
963.000000,0.000000,0.001057,-0.001479,0.000598,-0.003055
964.000000,-0.000688,0.001223,-0.000877,0.000301,-0.000765
965.000000,-0.002457,0.000290,-0.000867,0.000239,-0.009420
966.000000,-0.005904,-0.001766,-0.001661,-0.000863,-0.013614
967.000000,-0.004414,-0.001172,-0.001365,-0.001458,0.004786
968.000000,-0.002753,-0.001377,-0.000478,-0.000924,0.005248
969.000000,0.001677,0.000495,0.000573,-0.000133,0.021385
970.000000,0.003788,0.000666,0.001311,-0.000374,0.001138
971.000000,0.011860,0.002978,0.002692,0.000086,0.026743
972.000000,0.014360,0.004973,0.004119,0.001125,0.017288
973.000000,0.013601,0.005424,0.003241,0.000822,0.001450
974.000000,0.012504,0.007090,0.004156,0.001779,0.015901
975.000000,0.011777,0.007783,0.004036,0.002017,-0.002499
976.000000,0.006303,0.009081,0.003658,0.001920,-0.000626
977.000000,0.002039,0.008200,0.003514,0.001823,-0.004031
978.000000,0.000199,0.006900,0.002762,0.001982,-0.007750
979.000000,-0.001826,0.005339,0.002917,0.002161,0.005773
980.000000,0.001389,0.006583,0.003624,0.003068,0.013579
981.000000,0.002081,0.004192,0.003585,0.003192,0.002835
982.000000,0.003170,0.002605,0.003789,0.003614,0.001415
983.000000,0.001658,0.000928,0.003176,0.002470,-0.015314
984.000000,0.000485,-0.000671,0.003210,0.002547,-0.000090
985.000000,-0.000747,0.000321,0.004052,0.002798,0.007420
986.000000,-0.000443,0.000819,0.004950,0.002711,0.004355
987.000000,-0.000053,0.001559,0.004879,0.002862,0.003364
988.000000,0.003944,0.002801,0.004850,0.002775,0.004673
989.000000,0.003804,0.002144,0.003742,0.002659,-0.000792
990.000000,0.004631,0.001942,0.004262,0.003063,0.011554
991.000000,0.003481,0.001519,0.002856,0.002896,-0.001393
992.000000,0.005406,0.002676,0.002641,0.003418,0.012987
993.000000,0.005381,0.004663,0.002795,0.003672,0.004549
994.000000,0.005950,0.004877,0.002103,0.003766,0.002053
995.000000,0.001059,0.002845,0.001583,0.003650,-0.012901
996.000000,0.001060,0.002271,0.001545,0.004057,-0.001386
997.000000,0.001286,0.003346,0.002452,0.004368,0.014116
998.000000,-0.000086,0.002648,0.002724,0.004116,-0.002310
999.000000,0.002581,0.004265,0.003205,0.003916,0.015387
1000.000000,0.003977,0.002518,0.002230,0.003681,-0.005923
1001.000000,0.004203,0.002632,0.002075,0.002781,-0.000255
1002.000000,0.001990,0.001638,0.002157,0.002306,0.003051
1003.000000,0.002976,0.001445,0.003054,0.002345,0.002620
1004.000000,-0.002393,0.000094,0.002485,0.001433,-0.011460
1005.000000,-0.000816,0.001580,0.002213,0.001582,0.001962
1006.000000,-0.001893,0.001155,0.001713,0.001415,-0.005640
1007.000000,-0.000899,0.000546,0.001946,0.001817,0.008023
1008.000000,0.000253,0.001615,0.002131,0.002354,0.008380
1009.000000,0.001785,-0.000304,0.001981,0.002035,-0.003801
1010.000000,0.001832,0.000508,0.001513,0.001656,0.002198
1011.000000,-0.000137,-0.001015,0.000808,0.001045,-0.015486
1012.000000,-0.000289,-0.000594,0.000522,0.001240,0.007262
1013.000000,-0.000084,0.000084,0.000765,0.002064,0.009405
1014.000000,0.000490,0.001138,0.000616,0.002036,-0.000928
1015.000000,0.002050,0.001941,0.001761,0.002122,0.009995
1016.000000,0.001895,0.000879,0.001017,0.001435,-0.016261
1017.000000,0.000425,0.000068,0.000307,0.001320,-0.000085
1018.000000,-0.001116,-0.000600,0.000507,0.001221,0.001698
1019.000000,-0.001423,-0.000466,-0.000385,0.001165,-0.002462
1020.000000,-0.003575,-0.000763,-0.000127,0.000754,-0.000765
1021.000000,0.001675,0.001785,0.000385,0.001134,0.009989
1022.000000,0.002381,0.001403,0.000405,0.000816,0.003448
1023.000000,0.001319,0.000101,0.000093,0.000544,-0.003616
1024.000000,0.001305,-0.000059,0.000539,0.000391,-0.002531
1025.000000,0.000459,-0.001558,0.000191,0.000654,-0.004996
1026.000000,0.005582,0.003628,0.002254,0.001887,0.035603
1027.000000,0.005056,0.003719,0.001893,0.001444,0.000819
1028.000000,0.005714,0.003516,0.001458,0.001510,-0.000327
1029.000000,0.012030,0.006667,0.003100,0.001966,0.029048
1030.000000,0.011030,0.005745,0.002491,0.001830,-0.009991
1031.000000,0.002507,0.004044,0.002915,0.001605,-0.007013
1032.000000,0.000817,0.002936,0.002170,0.001249,-0.007633
1033.000000,0.001192,0.003453,0.001777,0.001213,0.001548
1034.000000,-0.004650,0.003690,0.001815,0.001589,-0.000163
1035.000000,-0.002848,0.004091,0.001267,0.001491,-0.000977
1036.000000,-0.001951,0.000278,0.001953,0.001595,-0.002529
1037.000000,-0.000114,0.000351,0.002035,0.001379,0.001551
1038.000000,-0.001208,-0.000008,0.001754,0.000969,-0.003923
1039.000000,-0.001045,-0.002848,0.001910,0.001118,0.000655
1040.000000,0.001105,-0.000871,0.002437,0.001370,0.009771
1041.000000,-0.001640,-0.001796,0.001124,0.001344,-0.016257
1042.000000,-0.003455,-0.001785,0.000576,0.000852,-0.007523
1043.000000,-0.002986,-0.002097,0.000678,0.000486,-0.001578
1044.000000,-0.002354,-0.001699,0.000995,0.000644,0.003816
1045.000000,-0.007917,-0.003406,0.000343,-0.000291,-0.018046
1046.000000,0.000428,-0.000606,-0.000164,0.001100,0.025470
1047.000000,0.000464,-0.001496,-0.000572,0.000858,-0.007341
1048.000000,0.000780,-0.001103,-0.000556,0.000802,0.000000
1049.000000,0.001320,-0.000517,-0.001682,0.001101,0.006519
1050.000000,0.003294,-0.002312,-0.001591,0.000854,-0.008176
1051.000000,-0.002497,-0.001035,-0.001415,0.000405,-0.003489
1052.000000,-0.002248,-0.000892,-0.001338,0.000087,-0.006093
1053.000000,0.000000,0.000390,-0.000854,0.000582,0.011239
1054.000000,-0.000989,0.000165,-0.000767,0.000719,0.001572
1055.000000,-0.002117,0.000588,-0.001409,0.000425,-0.013816
1056.000000,0.003154,0.000328,-0.000139,0.000000,0.022868
1057.000000,0.002248,0.000000,-0.000748,-0.000381,-0.010623
1058.000000,-0.000564,-0.000282,-0.000693,-0.000464,-0.002819
1059.000000,-0.002646,-0.001818,-0.001167,-0.001727,-0.008839
1060.000000,-0.003227,-0.002672,-0.002492,-0.001952,-0.016723
1061.000000,-0.006883,-0.001865,-0.001450,-0.001565,0.004589
1062.000000,-0.003862,-0.000807,-0.000849,-0.001161,0.004483
1063.000000,-0.004704,-0.002634,-0.001122,-0.001447,-0.007030
1064.000000,-0.003396,-0.003021,-0.001428,-0.001518,-0.002298
1065.000000,0.001983,-0.000622,-0.000017,-0.001147,0.010171
1066.000000,0.002024,-0.002429,-0.001051,-0.000902,0.004795
1067.000000,0.003198,-0.000332,-0.000166,-0.000609,0.010353
1068.000000,0.004039,-0.000333,-0.000307,-0.000573,-0.002828
1069.000000,0.004865,0.000734,-0.000542,-0.000533,0.001831
1070.000000,-0.000456,0.000764,-0.000954,-0.001407,-0.016431
1071.000000,-0.004516,-0.001246,-0.001555,-0.001382,-0.015503
1072.000000,-0.003097,0.000051,-0.000378,-0.000549,0.017445
1073.000000,-0.001186,0.001426,-0.000604,-0.000273,0.006726
1074.000000,-0.000700,0.002082,-0.000469,-0.000258,0.004264
1075.000000,0.002637,0.001090,0.000234,0.000352,0.000250
1076.000000,0.002406,-0.001055,-0.001742,-0.001052,-0.016654
1077.000000,-0.002701,-0.002899,-0.001615,-0.001077,-0.008090
1078.000000,-0.001345,-0.001266,-0.000799,-0.000627,0.013504
1079.000000,-0.002654,-0.001677,-0.000471,-0.000920,-0.002280
1080.000000,-0.002569,0.000034,0.000399,-0.000625,0.000676
1081.000000,0.001740,0.002073,0.000414,-0.000346,0.004889
1082.000000,0.003475,0.000387,0.000219,-0.000123,0.000588
1083.000000,0.004982,0.001818,0.001622,0.000204,0.021038
1084.000000,-0.001937,-0.002296,-0.000107,-0.001078,-0.036877
1085.000000,-0.007244,-0.004907,-0.001908,-0.001479,-0.025859
1086.000000,-0.006947,-0.002604,-0.001829,-0.002029,0.006375
1087.000000,-0.010117,-0.003321,-0.003110,-0.002184,-0.015263
1088.000000,-0.014803,-0.004910,-0.003088,-0.002170,-0.002389
1089.000000,-0.006861,-0.004399,-0.003038,-0.001781,0.002831
1090.000000,-0.002593,-0.004918,-0.002442,-0.001374,-0.004516
1091.000000,-0.004846,-0.005897,-0.001912,-0.001690,-0.004893
1092.000000,-0.000637,-0.005377,-0.002495,-0.001646,0.005781
1093.000000,-0.000657,-0.007730,-0.002956,-0.001495,-0.002486
1094.000000,0.001987,-0.002437,-0.002366,-0.000883,0.016050
1095.000000,0.003763,0.000585,-0.002161,-0.001077,0.004365
1096.000000,0.002253,-0.001297,-0.001950,-0.001652,-0.012445
1097.000000,-0.002894,-0.001766,-0.002543,-0.002662,-0.019953
1098.000000,-0.000855,-0.000756,-0.002833,-0.002311,0.007708
1099.000000,-0.003905,-0.000959,-0.002679,-0.002345,0.000803
1100.000000,-0.006948,-0.001592,-0.003255,-0.002159,-0.010853
1101.000000,-0.002932,-0.000339,-0.003118,-0.001388,0.007636
1102.000000,0.005362,0.001234,-0.002072,-0.001252,0.021514
1103.000000,0.004485,0.001815,-0.002957,-0.001366,0.003323
1104.000000,0.005247,0.000671,-0.000883,-0.001354,0.004616
1105.000000,0.009630,0.001341,0.000963,-0.000993,0.011061
1106.000000,0.009131,0.003100,0.000902,-0.000267,0.005143
1107.000000,0.005153,0.005257,0.001746,0.000057,0.001623
1108.000000,0.001963,0.003224,0.001234,-0.000814,-0.012627
1109.000000,0.001437,0.003342,0.001192,-0.000672,0.001986
1110.000000,0.001285,0.005457,0.001933,-0.000351,0.010300
1111.000000,0.001550,0.005341,0.002501,-0.000298,0.006469
1112.000000,0.001124,0.003138,0.002186,-0.000335,-0.000509
1113.000000,0.002252,0.002108,0.001961,-0.001269,-0.006985
1114.000000,0.001478,0.001458,0.001065,-0.000103,-0.001882
1115.000000,0.001616,0.001450,0.001396,0.001126,0.010987
1116.000000,0.001891,0.001721,0.002410,0.001175,0.007846
1117.000000,0.003217,0.002170,0.003714,0.001887,0.006116
1118.000000,0.004363,0.003307,0.003266,0.001925,-0.001254
1119.000000,0.004186,0.002832,0.003087,0.001739,-0.002764
1120.000000,0.001435,0.001525,0.003491,0.001797,-0.002771
1121.000000,-0.002537,-0.000323,0.002509,0.001559,-0.012014
1122.000000,-0.004528,-0.000656,0.001241,0.001239,-0.003837
1123.000000,-0.008491,-0.002064,0.000022,0.000619,-0.021068
1124.000000,-0.011193,-0.003503,-0.001023,-0.000458,-0.016275
1125.000000,-0.011225,-0.004895,-0.001722,-0.000701,-0.002931
1126.000000,-0.008006,-0.005271,-0.001775,-0.000150,0.004083
1127.000000,-0.007132,-0.005830,-0.001830,0.000533,0.000531
1128.000000,-0.004197,-0.006344,-0.001518,0.000062,-0.006395
1129.000000,-0.001174,-0.006184,-0.001676,-0.000003,-0.001159
1130.000000,-0.000231,-0.005728,-0.002101,0.000418,0.001783
1131.000000,0.000513,-0.003746,-0.002035,0.000424,0.007806
1132.000000,0.000989,-0.003071,-0.001864,-0.000196,0.002912
1133.000000,0.002691,-0.000753,-0.001409,-0.000237,0.002112
1134.000000,0.001387,0.000106,-0.001698,-0.000646,-0.007678
1135.000000,0.003496,0.001632,-0.001631,-0.000604,0.012327
1136.000000,0.001602,0.001057,-0.002107,-0.000831,-0.001664
1137.000000,0.002713,0.001851,-0.001989,-0.000603,0.008467
1138.000000,0.002029,0.002360,-0.001992,-0.000226,-0.001305
1139.000000,0.003878,0.002633,-0.001776,-0.000240,0.001565
1140.000000,0.002556,0.003026,-0.001351,-0.000392,0.005719
1141.000000,0.003148,0.002375,-0.000686,-0.000565,0.001295
1142.000000,0.001317,0.002015,-0.000528,-0.000571,-0.000691
1143.000000,0.003793,0.002911,0.001079,0.000031,0.011077
1144.000000,0.003566,0.003722,0.001914,0.000108,0.000427
1145.000000,0.000656,0.001606,0.001619,-0.000552,-0.008831
1146.000000,0.000724,0.001936,0.001497,-0.000759,0.001635
1147.000000,0.008189,0.004753,0.003302,0.000258,0.036635
1148.000000,0.002124,0.002958,0.002659,-0.000342,-0.019247
1149.000000,0.003805,0.003685,0.003159,0.000045,0.008833
1150.000000,0.005738,0.003197,0.003112,0.000165,0.000837
1151.000000,0.004220,0.002472,0.002423,0.000367,-0.005959
1152.000000,-0.005240,0.001474,0.001745,0.000139,-0.010664
1153.000000,0.001834,0.001979,0.002445,0.001379,0.016121
1154.000000,-0.000335,0.001735,0.002728,0.001854,-0.002011
1155.000000,-0.000369,0.002685,0.002145,0.001974,0.000671
1156.000000,0.000404,0.002312,0.002124,0.001768,-0.002098
1157.000000,0.001238,-0.002001,0.001376,0.001534,-0.006490
1158.000000,-0.002528,-0.000347,0.001306,0.001657,-0.002710
1159.000000,-0.006255,-0.003295,0.000195,0.001008,-0.020646
1160.000000,-0.007274,-0.003821,-0.000312,0.000801,-0.004424
1161.000000,-0.006264,-0.002930,-0.000229,0.000639,0.002952
1162.000000,-0.007355,-0.003058,-0.000792,0.000144,-0.011947
1163.000000,-0.006515,-0.004521,-0.001271,0.000123,0.001490
1164.000000,-0.006028,-0.006141,-0.002203,-0.000228,-0.018210
1165.000000,-0.005947,-0.006610,-0.001963,-0.000773,-0.004022
1166.000000,-0.009406,-0.007835,-0.002762,-0.001196,-0.014343
1167.000000,-0.005713,-0.006534,-0.004267,-0.001261,0.006521
1168.000000,-0.007624,-0.007070,-0.003708,-0.001486,-0.008066
1169.000000,-0.003819,-0.004923,-0.004109,-0.001511,0.000819
1170.000000,-0.002125,-0.004036,-0.003929,-0.001553,0.004445
1171.000000,0.000418,-0.004494,-0.003712,-0.001651,-0.001631
1172.000000,0.000451,-0.002631,-0.002845,-0.001405,0.006687
1173.000000,0.003911,-0.001857,-0.003189,-0.001466,0.009234
1174.000000,0.005046,0.000614,-0.002764,-0.001264,0.006493
1175.000000,0.004157,0.001016,-0.002797,-0.000970,0.000000
1176.000000,0.001805,0.001111,-0.003362,-0.001471,-0.013388
1177.000000,0.000090,0.000270,-0.003132,-0.002755,-0.001889
1178.000000,-0.003602,0.000155,-0.003458,-0.002421,-0.009225
1179.000000,-0.001495,0.001775,-0.001574,-0.002148,0.017027
1180.000000,0.000301,0.002229,-0.000904,-0.001876,0.008981
1181.000000,0.006245,0.004025,-0.000235,-0.001133,0.016332
1182.000000,0.006832,0.003461,0.000415,-0.000743,0.001045
1183.000000,0.005272,0.000835,-0.000511,-0.001848,-0.017022
1184.000000,0.003208,0.000856,0.000735,-0.001557,0.006703
1185.000000,0.001798,0.001050,0.001033,-0.001515,0.001932
1186.000000,-0.003621,0.001312,0.001212,-0.001804,-0.010761
1187.000000,-0.002857,0.001988,0.001129,-0.001425,0.004866
1188.000000,0.000530,0.002901,0.001528,-0.001338,-0.000088
1189.000000,0.000334,0.001771,0.001773,-0.000459,0.005721
1190.000000,0.000053,0.000925,0.001577,-0.000294,0.000526
1191.000000,0.003778,0.000078,0.002052,-0.000130,0.007863
1192.000000,0.004330,0.000737,0.002099,0.000522,0.007629
1193.000000,0.004469,0.002499,0.001667,0.000493,0.000604
1194.000000,0.003601,0.001967,0.001412,0.001146,0.001380
1195.000000,0.005553,0.002803,0.001926,0.001623,0.010290
1196.000000,0.004526,0.004152,0.002732,0.002192,0.002726
1197.000000,0.004171,0.004250,0.003119,0.002170,0.005853
1198.000000,0.003236,0.003852,0.003377,0.002303,-0.004068
1199.000000,0.001939,0.002770,0.002270,0.002105,-0.005109
1200.000000,-0.001868,0.001842,0.001384,0.001666,-0.008745
1201.000000,-0.002603,0.000961,0.000520,0.001688,-0.000948
1202.000000,-0.004171,0.000000,0.000368,0.001399,-0.001984
1203.000000,-0.001637,0.000799,0.001649,0.001378,0.008599
1204.000000,0.001531,0.001735,0.001851,0.001519,0.010731
1205.000000,0.006122,0.002127,0.002465,0.001993,0.014214
1206.000000,0.004870,0.001134,0.002643,0.002199,-0.007208
1207.000000,0.007409,0.001619,0.002935,0.002619,0.010710
1208.000000,0.006801,0.002582,0.003217,0.003112,0.005560
1209.000000,0.008329,0.004930,0.003850,0.003157,0.018369
1210.000000,0.002622,0.004372,0.003107,0.002380,-0.014322
1211.000000,0.010599,0.007735,0.004348,0.002925,0.032678
1212.000000,0.009476,0.008442,0.004221,0.003060,0.005093
1213.000000,0.008633,0.007717,0.004258,0.003672,0.001348
1214.000000,0.004595,0.006462,0.004098,0.003388,-0.001825
1215.000000,0.006168,0.004395,0.003261,0.003108,-0.006453
1216.000000,0.000748,0.005674,0.003404,0.003653,0.005579
1217.000000,0.000270,0.004873,0.003246,0.003581,0.002699
1218.000000,0.000048,0.004340,0.003461,0.003592,0.000238
1219.000000,-0.001291,0.001652,0.003291,0.003117,-0.008515
1220.000000,0.000686,0.003427,0.003900,0.003214,0.003431
1221.000000,-0.001933,-0.000592,0.003571,0.002701,-0.007515
1222.000000,-0.004132,-0.001931,0.003256,0.002170,-0.008300
1223.000000,-0.005137,-0.002545,0.002586,0.001991,-0.004786
1224.000000,-0.004069,-0.002680,0.001891,0.001839,-0.003176
1225.000000,-0.006130,-0.002722,0.000836,0.001267,-0.006875
1226.000000,-0.005170,-0.003551,0.001061,0.001085,-0.002714
1227.000000,-0.006497,-0.005315,-0.000221,0.000392,-0.014934
1228.000000,-0.004423,-0.004780,-0.000220,0.000714,0.005585
1229.000000,-0.004537,-0.004303,-0.001326,0.000760,-0.003748
1230.000000,-0.002163,-0.004147,-0.000360,0.001217,0.004994
1231.000000,-0.002103,-0.003636,-0.002114,0.001169,-0.002411
1232.000000,0.002277,-0.002110,-0.002021,0.001467,0.006966
1233.000000,0.000249,-0.002087,-0.002316,0.001029,-0.004556
1234.000000,0.002389,-0.001074,-0.001877,0.000903,0.006950
1235.000000,0.009152,0.003494,0.000386,0.001722,0.038812
1236.000000,0.009031,0.003464,-0.000044,0.001862,-0.003018
1237.000000,0.007765,0.005021,-0.000147,0.001526,0.000636
1238.000000,0.006357,0.003303,-0.000738,0.000955,-0.011594
1239.000000,0.011222,0.006805,0.001251,0.001385,0.031274
1240.000000,0.001013,0.005082,0.000468,0.001454,-0.012234
1241.000000,0.002985,0.006008,0.001186,0.000593,0.006842
1242.000000,0.007796,0.007780,0.002835,0.001246,0.024693
1243.000000,0.010053,0.008205,0.003059,0.001191,-0.000306
